id,source,dest,submit_tick,pickup_tick,dropoff_tick,wait_time,travel_time,total_time,elevator
passenger1,16,1,0,277,296,277,19,296,6
passenger2,6,1,0,5,22,5,17,22,0
passenger3,8,1,0,9,22,9,13,22,1
passenger4,7,1,0,6,25,6,19,25,2
passenger5,10,1,1,9,42,8,33,41,6
passenger6,17,1,1,1059,1077,1058,18,1076,6
passenger7,11,1,1,12,42,11,30,41,6
passenger8,9,1,1,10,22,9,12,21,0
passenger9,14,1,2,101,122,99,21,120,6
passenger10,16,1,2,277,296,275,19,294,6
passenger11,2,1,2,3,6,1,3,4,3
passenger12,23,1,2,1415,1443,1413,28,1441,11
passenger13,23,1,2,34,62,32,28,60,12
passenger14,16,1,3,313,332,310,19,329,6
passenger15,15,1,4,148,168,144,20,164,6
passenger16,18,1,4,19,62,15,43,58,11
passenger17,12,1,4,17,42,13,25,38,6
passenger18,10,1,4,9,42,5,33,38,6
passenger19,10,1,4,9,42,5,33,38,6
passenger20,5,1,4,4,22,0,18,18,1
passenger21,22,1,4,29,62,25,33,58,12
passenger22,9,1,5,13,25,8,12,20,2
passenger23,8,1,6,10,25,4,15,19,2
passenger24,25,1,6,1889,1915,1883,26,1909,11
passenger25,14,1,6,101,122,95,21,116,6
passenger26,16,1,6,313,332,307,19,326,6
passenger27,7,1,7,7,25,0,18,18,2
passenger28,8,1,7,10,25,3,15,18,2
passenger29,19,1,8,22,62,14,40,54,12
passenger30,12,1,8,17,42,9,25,34,6
passenger31,5,1,9,19,25,10,6,16,2
passenger32,22,1,9,1204,1233,1195,29,1224,11
passenger33,11,1,9,12,42,3,30,33,6
passenger34,18,1,9,19,62,10,43,53,12
passenger35,10,1,9,9,42,0,33,33,6
passenger36,15,1,10,189,209,179,20,199,6
passenger37,20,1,10,23,62,13,39,52,11
passenger38,23,1,10,34,62,24,28,52,12
passenger39,6,1,10,13,22,3,9,12,1
passenger40,18,1,11,19,62,8,43,51,11
passenger41,23,1,12,34,62,22,28,50,12
passenger42,17,1,12,1059,1077,1047,18,1065,6
passenger43,5,1,12,16,22,4,6,10,1
passenger44,6,1,12,13,22,1,9,10,1
passenger45,6,1,12,13,22,1,9,10,1
passenger46,4,1,12,15,22,3,7,10,3
passenger47,20,1,13,23,62,10,39,49,11
passenger48,25,1,13,1991,2017,1978,26,2004,12
passenger49,14,1,14,101,122,87,21,108,6
passenger50,16,1,14,313,332,299,19,318,6
passenger51,20,1,14,23,62,9,39,48,11
passenger52,11,1,14,14,42,0,28,28,6
passenger53,13,1,14,20,42,6,22,28,6
passenger54,16,1,16,313,332,297,19,316,6
passenger55,9,1,16,44,54,28,10,38,2
passenger56,3,1,17,18,22,1,4,5,3
passenger57,15,1,17,189,209,172,20,192,6
passenger58,21,1,18,26,62,8,36,44,12
passenger59,3,1,18,18,22,0,4,4,0
passenger60,7,1,18,37,54,19,17,36,2
passenger61,8,1,19,41,54,22,13,35,2
passenger62,21,1,19,32,62,13,30,43,11
passenger63,14,1,19,101,122,82,21,103,6
passenger64,14,1,19,101,122,82,21,103,6
passenger65,17,1,21,1059,1077,1038,18,1056,6
passenger66,8,1,21,41,54,20,13,33,2
passenger67,19,1,22,22,62,0,40,40,12
passenger68,2,1,22,23,48,1,25,26,4
passenger69,4,1,23,30,54,7,24,31,2
passenger70,21,1,23,32,62,9,30,39,11
passenger71,17,1,23,1059,1077,1036,18,1054,6
passenger72,6,1,24,31,48,7,17,24,4
passenger73,12,1,24,59,82,35,23,58,6
passenger74,3,1,25,26,48,1,22,23,4
passenger75,18,1,25,81,118,56,37,93,12
passenger76,20,1,25,25,62,0,37,37,11
passenger77,8,1,25,59,74,34,15,49,4
passenger78,10,1,26,53,82,27,29,56,6
passenger79,7,1,26,34,48,8,14,22,4
passenger80,11,1,26,56,82,30,26,56,6
passenger81,8,1,26,59,74,33,15,48,4
passenger82,7,1,26,34,48,8,14,22,4
passenger83,12,1,27,59,82,32,23,55,6
passenger84,22,1,27,29,62,2,33,35,12
passenger85,20,1,27,27,62,0,35,35,11
passenger86,9,1,28,62,74,34,12,46,4
passenger87,24,1,28,1728,1755,1700,27,1727,12
passenger88,7,1,28,34,48,6,14,20,4
passenger89,23,1,28,1465,1493,1437,28,1465,12
passenger90,9,1,29,62,74,33,12,45,4
passenger91,14,1,29,101,122,72,21,93,6
passenger92,6,1,29,31,48,2,17,19,4
passenger93,20,1,29,29,62,0,33,33,11
passenger94,9,1,30,62,74,32,12,44,4
passenger95,22,1,31,31,62,0,31,31,12
passenger96,3,1,31,58,86,27,28,55,2
passenger97,14,1,32,101,122,69,21,90,6
passenger98,5,1,32,33,54,1,21,22,2
passenger99,23,1,33,1465,1493,1432,28,1460,12
passenger100,12,1,33,59,82,26,23,49,6
passenger101,18,1,33,81,121,48,40,88,11
passenger102,23,1,33,1465,1493,1432,28,1460,12
passenger103,14,1,34,101,122,67,21,88,6
passenger104,3,1,34,36,50,2,14,16,0
passenger105,7,1,34,34,48,0,14,14,4
passenger106,7,1,35,35,48,0,13,13,4
passenger107,23,1,35,1465,1493,1430,28,1458,12
passenger108,23,1,35,1465,1493,1430,28,1458,12
passenger109,13,1,35,98,122,63,24,87,6
passenger110,23,1,35,1465,1493,1430,28,1458,12
passenger111,7,1,36,36,48,0,12,12,4
passenger112,18,1,36,81,121,45,40,85,11
passenger113,11,1,36,56,82,20,26,46,6
passenger114,7,1,37,37,54,0,17,17,2
passenger115,8,1,37,41,54,4,13,17,2
passenger116,12,1,37,95,122,58,27,85,6
passenger117,10,1,37,53,82,16,29,45,6
passenger118,7,1,38,38,54,0,16,16,2
passenger119,10,1,38,53,82,15,29,44,6
passenger120,5,1,38,42,50,4,8,12,0
passenger121,25,1,38,1889,1915,1851,26,1877,11
passenger122,11,1,38,56,82,18,26,44,6
passenger123,4,1,39,39,50,0,11,11,0
passenger124,15,1,39,189,209,150,20,170,6
passenger125,23,1,40,1415,1443,1375,28,1403,11
passenger126,10,1,40,53,82,13,29,42,6
passenger127,22,1,40,1204,1233,1164,29,1193,11
passenger128,16,1,40,313,332,273,19,292,6
passenger129,19,1,41,84,121,43,37,80,11
passenger130,9,1,41,44,54,3,10,13,2
passenger131,2,1,41,42,45,1,3,4,1
passenger132,10,1,42,51,82,9,31,40,7
passenger133,24,1,42,1678,1705,1636,27,1663,11
passenger134,20,1,43,87,118,44,31,75,12
passenger135,20,1,43,90,121,47,31,78,11
passenger136,23,1,43,1465,1493,1422,28,1450,12
passenger137,10,1,43,51,82,8,31,39,7
passenger138,9,1,43,74,86,31,12,43,2
passenger139,24,1,43,1678,1705,1635,27,1662,11
passenger140,15,1,43,106,126,63,20,83,7
passenger141,9,1,44,74,86,30,12,42,2
passenger142,8,1,44,71,86,27,15,42,2
passenger143,23,1,44,1465,1493,1421,28,1449,12
passenger144,3,1,45,46,50,1,4,5,0
passenger145,3,1,45,46,50,1,4,5,0
passenger146,19,1,45,84,121,39,37,76,11
passenger147,2,1,46,48,51,2,3,5,1
passenger148,6,1,46,59,70,13,11,24,0
passenger149,25,1,47,1991,2017,1944,26,1970,12
passenger150,12,1,47,59,82,12,23,35,7
passenger151,19,1,47,84,121,37,37,74,11
passenger152,13,1,48,100,126,52,26,78,7
passenger153,4,1,48,55,70,7,15,22,0
passenger154,6,1,48,67,86,19,19,38,2
passenger155,20,1,48,143,174,95,31,126,12
passenger156,4,1,50,61,86,11,25,36,2
passenger157,16,1,51,149,168,98,19,117,7
passenger158,10,1,51,51,82,0,31,31,7
passenger159,10,1,52,52,82,0,30,30,7
passenger160,24,1,52,1678,1705,1626,27,1653,11
passenger161,16,1,52,149,168,97,19,116,7
passenger162,16,1,52,149,168,97,19,116,7
passenger163,10,1,53,53,82,0,29,29,7
passenger164,11,1,53,56,82,3,26,29,7
passenger165,18,1,54,81,118,27,37,64,12
passenger166,2,1,54,55,58,1,3,4,1
passenger167,7,1,54,56,74,2,18,20,4
passenger168,16,1,54,235,254,181,19,200,7
passenger169,16,1,55,235,254,180,19,199,7
passenger170,4,1,55,55,70,0,15,15,0
passenger171,20,1,55,148,179,93,31,124,11
passenger172,15,1,56,106,126,50,20,70,7
passenger173,7,1,56,56,74,0,18,18,4
passenger174,20,1,57,143,174,86,31,117,12
passenger175,25,1,57,1889,1915,1832,26,1858,11
passenger176,12,1,57,59,82,2,23,25,7
passenger177,8,1,58,59,74,1,15,16,4
passenger178,9,1,58,62,74,4,12,16,4
passenger179,16,1,58,495,514,437,19,456,7
passenger180,3,1,58,58,86,0,28,28,2
passenger181,13,1,59,100,126,41,26,67,7
passenger182,2,1,59,61,68,2,7,9,1
passenger183,2,1,59,60,67,1,7,8,3
passenger184,12,1,60,60,82,0,22,22,7
passenger185,19,1,60,84,118,24,34,58,12
passenger186,23,1,60,1415,1443,1355,28,1383,11
passenger187,4,1,60,61,86,1,25,26,2
passenger188,7,1,60,62,70,2,8,10,0
passenger189,12,1,61,61,82,0,21,21,7
passenger190,15,1,61,146,168,85,22,107,7
passenger191,25,1,61,1991,2017,1930,26,1956,12
passenger192,18,1,61,81,121,20,40,60,11
passenger193,14,1,62,145,168,83,23,106,6
passenger194,3,1,62,64,68,2,4,6,1
passenger195,3,1,62,63,67,1,4,5,3
passenger196,5,1,63,64,86,1,22,23,2
passenger197,17,1,64,1059,1077,995,18,1013,6
passenger198,9,1,64,64,74,0,10,10,4
passenger199,7,1,65,78,90,13,12,25,0
passenger200,18,1,65,81,118,16,37,53,12
passenger201,21,1,66,941,971,875,30,905,11
passenger202,12,1,67,97,126,30,29,59,7
passenger203,23,1,68,1465,1493,1397,28,1425,12
passenger204,19,1,69,84,121,15,37,52,11
passenger205,19,1,70,84,118,14,34,48,12
passenger206,22,1,70,1204,1233,1134,29,1163,11
passenger207,6,1,70,79,86,9,7,16,2
passenger208,20,1,71,143,174,72,31,103,12
passenger209,24,1,71,1678,1705,1607,27,1634,11
passenger210,25,1,72,1991,2017,1919,26,1945,12
passenger211,15,1,73,146,168,73,22,95,7
passenger212,20,1,73,148,179,75,31,106,11
passenger213,23,1,73,1517,1545,1444,28,1472,12
passenger214,22,1,74,1204,1233,1130,29,1159,11
passenger215,23,1,74,1517,1545,1443,28,1471,12
passenger216,21,1,75,941,971,866,30,896,11
passenger217,11,1,76,94,126,18,32,50,7
passenger218,19,1,76,84,118,8,34,42,12
passenger219,11,1,76,94,126,18,32,50,7
passenger220,21,1,76,941,971,865,30,895,11
passenger221,21,1,76,262,292,186,30,216,12
passenger222,24,1,76,1678,1705,1602,27,1629,11
passenger223,16,1,77,495,514,418,19,437,7
passenger224,13,1,77,100,126,23,26,49,7
passenger225,5,1,77,82,90,5,8,13,0
passenger226,17,1,78,581,599,503,18,521,7
passenger227,15,1,78,146,168,68,22,90,7
passenger228,14,1,78,103,126,25,23,48,7
passenger229,18,1,78,81,118,3,37,40,12
passenger230,22,1,78,1204,1233,1126,29,1155,11
passenger231,5,1,79,98,116,19,18,37,2
passenger232,12,1,79,97,126,18,29,47,7
passenger233,19,1,80,84,118,4,34,38,12
passenger234,21,1,80,941,971,861,30,891,11
passenger235,20,1,81,143,174,62,31,93,12
passenger236,21,1,81,941,971,860,30,890,11
passenger237,22,1,81,1150,1179,1069,29,1098,12
passenger238,25,1,82,1889,1915,1807,26,1833,11
passenger239,16,1,82,107,126,25,19,44,8
passenger240,7,1,82,105,119,23,14,37,0
passenger241,15,1,82,103,125,21,22,43,9
passenger242,19,1,82,84,118,2,34,36,12
passenger243,4,1,82,85,90,3,5,8,0
passenger244,20,1,83,148,179,65,31,96,11
passenger245,15,1,83,104,126,21,22,43,8
passenger246,24,1,83,1728,1755,1645,27,1672,12
passenger247,7,1,83,105,119,22,14,36,0
passenger248,23,1,83,1415,1443,1332,28,1360,11
passenger249,12,1,84,93,125,9,32,41,9
passenger250,15,1,84,104,126,20,22,42,8
passenger251,17,1,84,107,125,23,18,41,9
passenger252,15,1,85,104,126,19,22,41,8
passenger253,23,1,85,1517,1545,1432,28,1460,12
passenger254,6,1,86,102,119,16,17,33,0
passenger255,19,1,86,86,121,0,35,35,11
passenger256,25,1,86,2043,2069,1957,26,1983,12
passenger257,7,1,86,105,119,19,14,33,0
passenger258,8,1,86,108,119,22,11,33,0
passenger259,13,1,87,96,125,9,29,38,9
passenger260,19,1,87,87,121,0,34,34,11
passenger261,25,1,87,2043,2069,1956,26,1982,12
passenger262,21,1,87,262,292,175,30,205,12
passenger263,21,1,88,262,292,174,30,204,12
passenger264,12,1,88,93,126,5,33,38,8
passenger265,17,1,88,107,125,19,18,37,9
passenger266,7,1,89,106,116,17,10,27,2
passenger267,13,1,89,98,126,9,28,37,8
passenger268,6,1,89,103,116,14,13,27,2
passenger269,2,1,89,89,116,0,27,27,2
passenger270,22,1,89,1150,1179,1061,29,1090,12
passenger271,21,1,90,262,292,172,30,202,12
passenger272,14,1,90,100,125,10,25,35,9
passenger273,2,1,91,91,116,0,25,25,2
passenger274,4,1,91,95,116,4,21,25,2
passenger275,4,1,92,95,116,3,21,24,2
passenger276,19,1,92,145,179,53,34,87,11
passenger277,6,1,92,103,116,11,13,24,2
passenger278,8,1,92,137,148,45,11,56,2
passenger279,22,1,92,1150,1179,1058,29,1087,12
passenger280,23,1,93,1517,1545,1424,28,1452,12
passenger281,20,1,93,205,236,112,31,143,11
passenger282,9,1,94,168,178,74,10,84,0
passenger283,15,1,94,104,126,10,22,32,8
passenger284,6,1,94,102,119,8,17,25,0
passenger285,22,1,95,1256,1285,1161,29,1190,11
passenger286,4,1,95,95,119,0,24,24,0
passenger287,19,1,95,145,179,50,34,84,11
passenger288,14,1,95,100,125,5,25,30,9
passenger289,20,1,95,205,236,110,31,141,11
passenger290,12,1,95,95,126,0,31,31,8
passenger291,5,1,95,98,119,3,21,24,0
passenger292,20,1,96,143,174,47,31,78,12
passenger293,17,1,96,107,125,11,18,29,9
passenger294,13,1,96,96,125,0,29,29,9
passenger295,10,1,96,137,168,41,31,72,7
passenger296,10,1,97,137,169,40,32,72,8
passenger297,13,1,97,97,125,0,28,28,9
passenger298,8,1,98,138,149,40,11,51,0
passenger299,8,1,98,137,148,39,11,50,2
passenger300,8,1,98,138,149,40,11,51,0
passenger301,2,1,98,99,102,1,3,4,1
passenger302,24,1,99,1730,1757,1631,27,1658,11
passenger303,7,1,99,106,116,7,10,17,2
passenger304,5,1,99,99,119,0,20,20,0
passenger305,5,1,100,100,116,0,16,16,2
passenger306,25,1,100,1889,1915,1789,26,1815,11
passenger307,13,1,100,100,126,0,26,26,8
passenger308,9,1,100,168,178,68,10,78,0
passenger309,11,1,101,140,169,39,29,68,8
passenger310,4,1,101,123,148,22,25,47,2
passenger311,9,1,101,168,178,67,10,77,0
passenger312,7,1,102,105,119,3,14,17,0
passenger313,21,1,103,941,971,838,30,868,11
passenger314,3,1,104,106,110,2,4,6,1
passenger315,12,1,104,141,168,37,27,64,7
passenger316,20,1,104,205,236,101,31,132,11
passenger317,22,1,104,1256,1285,1152,29,1181,11
passenger318,14,1,106,111,126,5,15,20,8
passenger319,7,1,107,134,148,27,14,41,2
passenger320,10,1,107,137,168,30,31,61,7
passenger321,7,1,107,134,148,27,14,41,2
passenger322,17,1,108,153,171,45,18,63,9
passenger323,9,1,108,196,208,88,12,100,0
passenger324,17,1,108,153,171,45,18,63,9
passenger325,17,1,108,243,261,135,18,153,9
passenger326,24,1,108,1730,1757,1622,27,1649,11
passenger327,10,1,109,133,168,24,35,59,6
passenger328,25,1,110,1889,1915,1779,26,1805,11
passenger329,11,1,110,136,168,26,32,58,6
passenger330,18,1,110,140,179,30,39,69,11
passenger331,17,1,110,581,599,471,18,489,7
passenger332,21,1,111,941,971,830,30,860,11
passenger333,13,1,111,147,169,36,22,58,8
passenger334,21,1,112,941,971,829,30,859,11
passenger335,10,1,112,133,168,21,35,56,6
passenger336,13,1,112,147,169,35,22,57,8
passenger337,13,1,113,139,171,26,32,58,9
passenger338,18,1,114,140,179,26,39,65,11
passenger339,16,1,114,415,434,301,19,320,8
passenger340,3,1,114,120,148,6,28,34,2
passenger341,21,1,115,941,971,826,30,856,11
passenger342,20,1,115,265,296,150,31,181,11
passenger343,4,1,115,124,149,9,25,34,0
passenger344,25,1,115,1889,1915,1774,26,1800,11
passenger345,17,1,116,716,734,600,18,618,8
passenger346,4,1,116,124,149,8,25,33,0
passenger347,13,1,116,147,169,31,22,53,8
passenger348,22,1,117,1256,1285,1139,29,1168,11
passenger349,8,1,117,165,178,48,13,61,0
passenger350,24,1,117,1730,1757,1613,27,1640,11
passenger351,12,1,117,143,169,26,26,52,8
passenger352,7,1,118,135,149,17,14,31,0
passenger353,10,1,118,137,169,19,32,51,8
passenger354,14,1,118,194,215,76,21,97,8
passenger355,18,1,119,140,179,21,39,60,11
passenger356,24,1,120,1730,1757,1610,27,1637,11
passenger357,6,1,120,131,148,11,17,28,2
passenger358,25,1,120,1889,1915,1769,26,1795,11
passenger359,14,1,120,194,215,74,21,95,8
passenger360,5,1,121,128,148,7,20,27,2
passenger361,24,1,121,1780,1807,1659,27,1686,12
passenger362,10,1,121,137,169,16,32,48,8
passenger363,16,1,123,415,434,292,19,311,8
passenger364,18,1,123,137,174,14,37,51,12
passenger365,2,1,124,125,128,1,3,4,1
passenger366,7,1,124,134,148,10,14,24,2
passenger367,18,1,124,137,174,13,37,50,12
passenger368,9,1,124,191,204,67,13,80,2
passenger369,2,1,124,125,128,1,3,4,3
passenger370,2,1,125,125,128,0,3,3,1
passenger371,21,1,125,939,969,814,30,844,12
passenger372,5,1,125,129,149,4,20,24,0
passenger373,4,1,125,125,148,0,23,23,2
passenger374,15,1,126,189,209,63,20,83,6
passenger375,4,1,126,126,149,0,23,23,0
passenger376,17,1,126,1059,1077,933,18,951,6
passenger377,15,1,126,189,209,63,20,83,6
passenger378,17,1,126,1059,1077,933,18,951,6
passenger379,13,1,126,142,168,16,26,42,6
passenger380,20,1,126,143,174,17,31,48,12
passenger381,17,1,127,1095,1113,968,18,986,6
passenger382,11,1,127,136,168,9,32,41,6
passenger383,2,1,128,129,137,1,8,9,4
passenger384,8,1,128,162,174,34,12,46,2
passenger385,5,1,129,129,149,0,20,20,0
passenger386,2,1,129,129,137,0,8,8,4
passenger387,8,1,130,162,174,32,12,44,2
passenger388,6,1,130,132,149,2,17,19,0
passenger389,3,1,131,132,137,1,5,6,4
passenger390,9,1,131,191,204,60,13,73,2
passenger391,14,1,131,145,168,14,23,37,6
passenger392,6,1,132,132,149,0,17,17,0
passenger393,8,1,132,162,174,30,12,42,2
passenger394,2,1,133,134,137,1,3,4,1
passenger395,3,1,133,133,137,0,4,4,4
passenger396,5,1,133,160,178,27,18,45,0
passenger397,12,1,133,139,168,6,29,35,6
passenger398,17,1,133,1095,1113,962,18,980,6
passenger399,20,1,133,143,174,10,31,41,12
passenger400,17,1,134,1095,1113,961,18,979,6
passenger401,16,1,135,313,332,178,19,197,6
passenger402,24,1,135,1780,1807,1645,27,1672,12
passenger403,8,1,136,162,174,26,12,38,2
passenger404,21,1,136,939,969,803,30,833,12
passenger405,24,1,136,1780,1807,1644,27,1671,12
passenger406,15,1,136,189,209,53,20,73,6
passenger407,22,1,136,1150,1179,1014,29,1043,12
passenger408,5,1,136,160,178,24,18,42,0
passenger409,23,1,137,1517,1545,1380,28,1408,12
passenger410,15,1,137,143,171,6,28,34,9
passenger411,7,1,138,158,174,20,16,36,2
passenger412,3,1,138,141,164,3,23,26,1
passenger413,19,1,138,140,174,2,34,36,12
passenger414,12,1,139,139,168,0,29,29,6
passenger415,9,1,139,196,208,57,12,69,0
passenger416,11,1,140,140,169,0,29,29,8
passenger417,25,1,140,2043,2069,1903,26,1929,12
passenger418,12,1,141,141,168,0,27,27,7
passenger419,3,1,141,141,164,0,23,23,1
passenger420,8,1,142,165,178,23,13,36,0
passenger421,5,1,142,147,164,5,17,22,1
passenger422,18,1,142,142,179,0,37,37,11
passenger423,21,1,142,939,969,797,30,827,12
passenger424,22,1,142,1150,1179,1008,29,1037,12
passenger425,17,1,143,500,518,357,18,375,9
passenger426,20,1,144,201,232,57,31,88,12
passenger427,12,1,144,144,169,0,25,25,8
passenger428,17,1,144,542,560,398,18,416,9
passenger429,4,1,144,144,164,0,20,20,1
passenger430,14,1,144,194,215,50,21,71,9
passenger431,15,1,145,145,171,0,26,26,9
passenger432,2,1,145,146,149,1,3,4,3
passenger433,15,1,145,145,171,0,26,26,9
passenger434,19,1,145,145,179,0,34,34,11
passenger435,10,1,145,180,215,35,35,70,8
passenger436,15,1,146,146,171,0,25,25,9
passenger437,8,1,146,152,164,6,12,18,1
passenger438,8,1,147,152,164,5,12,17,1
passenger439,5,1,147,147,164,0,17,17,1
passenger440,9,1,147,218,228,71,10,81,1
passenger441,21,1,148,993,1023,845,30,875,11
passenger442,24,1,149,1780,1807,1631,27,1658,12
passenger443,17,1,149,542,560,393,18,411,9
passenger444,16,1,149,149,171,0,22,22,9
passenger445,16,1,149,149,171,0,22,22,9
passenger446,13,1,150,191,215,41,24,65,8
passenger447,12,1,150,186,215,36,29,65,8
passenger448,16,1,150,150,171,0,21,21,9
passenger449,20,1,150,265,296,115,31,146,11
passenger450,11,1,150,183,215,33,32,65,8
passenger451,15,1,151,279,299,128,20,148,8
passenger452,13,1,151,191,215,40,24,64,8
passenger453,8,1,151,152,164,1,12,13,1
passenger454,8,1,151,152,164,1,12,13,1
passenger455,3,1,151,152,174,1,22,23,2
passenger456,12,1,151,186,215,35,29,64,8
passenger457,19,1,152,202,236,50,34,84,11
passenger458,18,1,152,198,236,46,38,84,11
passenger459,25,1,152,2043,2069,1891,26,1917,12
passenger460,2,1,152,152,178,0,26,26,0
passenger461,20,1,152,323,354,171,31,202,11
passenger462,21,1,152,993,1023,841,30,871,11
passenger463,12,1,153,185,212,32,27,59,7
passenger464,8,1,153,153,164,0,11,11,1
passenger465,10,1,153,179,212,26,33,59,7
passenger466,18,1,155,193,232,38,39,77,12
passenger467,22,1,155,1202,1231,1047,29,1076,12
passenger468,17,1,155,586,604,431,18,449,9
passenger469,14,1,155,191,212,36,21,57,7
passenger470,17,1,155,586,604,431,18,449,9
passenger471,3,1,155,155,178,0,23,23,0
passenger472,16,1,155,240,261,85,21,106,9
passenger473,3,1,156,156,178,0,22,22,0
passenger474,25,1,156,1889,1915,1733,26,1759,11
passenger475,23,1,156,1415,1443,1259,28,1287,11
passenger476,14,1,156,236,257,80,21,101,8
passenger477,10,1,157,179,212,22,33,55,7
passenger478,19,1,158,196,232,38,36,74,12
passenger479,17,1,158,586,604,428,18,446,9
passenger480,18,1,158,193,232,35,39,74,12
passenger481,14,1,159,234,261,75,27,102,9
passenger482,7,1,159,159,174,0,15,15,2
passenger483,3,1,159,182,208,23,26,49,0
passenger484,8,1,160,162,174,2,12,14,2
passenger485,14,1,160,234,261,74,27,101,9
passenger486,12,1,160,188,215,28,27,55,9
passenger487,14,1,161,234,261,73,27,100,9
passenger488,8,1,161,162,174,1,12,13,2
passenger489,24,1,162,1730,1757,1568,27,1595,11
passenger490,10,1,162,182,215,20,33,53,9
passenger491,22,1,162,1256,1285,1094,29,1123,11
passenger492,11,1,162,185,215,23,30,53,9
passenger493,12,1,163,188,215,25,27,52,9
passenger494,16,1,163,240,261,77,21,98,9
passenger495,8,1,163,163,174,0,11,11,2
passenger496,7,1,163,185,204,22,19,41,2
passenger497,11,1,164,185,215,21,30,51,9
passenger498,21,1,164,993,1023,829,30,859,11
passenger499,5,1,165,186,208,21,22,43,0
passenger500,12,1,166,188,215,22,27,49,9
passenger501,18,1,166,198,236,32,38,70,11
passenger502,18,1,166,198,236,32,38,70,11
passenger503,12,1,166,188,215,22,27,49,9
passenger504,3,1,166,170,174,4,4,8,3
passenger505,2,1,167,167,196,0,29,29,1
passenger506,13,1,167,191,215,24,24,48,9
passenger507,21,1,167,993,1023,826,30,856,11
passenger508,2,1,167,167,174,0,7,7,3
passenger509,23,1,167,1467,1495,1300,28,1328,11
passenger510,18,1,167,198,236,31,38,69,11
passenger511,2,1,168,168,196,0,28,28,1
passenger512,10,1,169,182,215,13,33,46,9
passenger513,7,1,171,190,208,19,18,37,0
passenger514,24,1,171,1730,1757,1559,27,1586,11
passenger515,15,1,171,232,254,61,22,83,7
passenger516,9,1,172,196,208,24,12,36,0
passenger517,8,1,172,193,208,21,15,36,0
passenger518,15,1,172,232,254,60,22,82,7
passenger519,2,1,172,173,176,1,3,4,4
passenger520,8,1,172,193,208,21,15,36,0
passenger521,5,1,173,173,196,0,23,23,1
passenger522,16,1,173,495,514,322,19,341,7
passenger523,18,1,173,198,236,25,38,63,11
passenger524,13,1,173,188,212,15,24,39,7
passenger525,5,1,173,173,196,0,23,23,1
passenger526,10,1,174,179,212,5,33,38,7
passenger527,22,1,174,1256,1285,1082,29,1111,11
passenger528,6,1,175,181,196,6,15,21,1
passenger529,5,1,175,175,196,0,21,21,1
passenger530,4,1,176,201,228,25,27,52,1
passenger531,21,1,176,993,1023,817,30,847,11
passenger532,4,1,176,201,228,25,27,52,1
passenger533,15,1,176,232,254,56,22,78,7
passenger534,25,1,176,1941,1967,1765,26,1791,11
passenger535,17,1,176,625,643,449,18,467,7
passenger536,11,1,177,182,212,5,30,35,7
passenger537,6,1,177,181,196,4,15,19,1
passenger538,2,1,177,177,204,0,27,27,2
passenger539,5,1,177,177,196,0,19,19,1
passenger540,24,1,177,1730,1757,1553,27,1580,11
passenger541,5,1,178,178,196,0,18,18,1
passenger542,2,1,178,178,204,0,26,26,2
passenger543,21,1,178,939,969,761,30,791,12
passenger544,12,1,178,185,212,7,27,34,7
passenger545,10,1,179,179,212,0,33,33,7
passenger546,19,1,179,196,232,17,36,53,12
passenger547,14,1,180,186,209,6,23,29,6
passenger548,23,1,181,1517,1545,1336,28,1364,12
passenger549,13,1,181,182,209,1,27,28,6
passenger550,19,1,181,196,232,15,36,51,12
passenger551,23,1,182,1517,1545,1335,28,1363,12
passenger552,13,1,183,183,209,0,26,26,6
passenger553,8,1,184,185,196,1,11,12,1
passenger554,25,1,184,2043,2069,1859,26,1885,12
passenger555,7,1,185,185,204,0,19,19,2
passenger556,2,1,186,187,190,1,3,4,3
passenger557,15,1,186,189,209,3,20,23,6
passenger558,25,1,187,2043,2069,1856,26,1882,12
passenger559,4,1,187,213,226,26,13,39,0
passenger560,22,1,187,1202,1231,1015,29,1044,12
passenger561,21,1,188,939,969,751,30,781,12
passenger562,24,1,188,1780,1807,1592,27,1619,12
passenger563,12,1,188,188,215,0,27,27,8
passenger564,8,1,188,188,204,0,16,16,2
passenger565,14,1,189,191,212,2,21,23,7
passenger566,5,1,189,216,226,27,10,37,0
passenger567,22,1,189,1202,1231,1013,29,1042,12
passenger568,17,1,190,1095,1113,905,18,923,6
passenger569,13,1,191,191,215,0,24,24,8
passenger570,14,1,191,229,254,38,25,63,7
passenger571,19,1,193,196,232,3,36,39,12
passenger572,14,1,193,229,254,36,25,61,7
passenger573,22,1,194,1202,1231,1008,29,1037,12
passenger574,24,1,195,1780,1807,1585,27,1612,12
passenger575,24,1,195,1780,1807,1585,27,1612,12
passenger576,16,1,196,538,557,342,19,361,7
passenger577,19,1,196,196,232,0,36,36,12
passenger578,9,1,196,196,208,0,12,12,0
passenger579,2,1,197,198,201,1,3,4,3
passenger580,11,1,197,224,254,27,30,57,6
passenger581,22,1,197,1202,1231,1005,29,1034,12
passenger582,5,1,197,197,204,0,7,7,2
passenger583,15,1,197,279,299,82,20,102,8
passenger584,6,1,198,213,232,15,19,34,2
passenger585,12,1,198,227,254,29,27,56,6
passenger586,5,1,198,198,204,0,6,6,2
passenger587,19,1,198,198,232,0,34,34,12
passenger588,21,1,198,991,1021,793,30,823,12
passenger589,20,1,198,201,232,3,31,34,12
passenger590,18,1,199,199,236,0,37,37,11
passenger591,7,1,199,200,208,1,8,9,0
passenger592,14,1,199,229,254,30,25,55,7
passenger593,4,1,200,201,228,1,27,28,1
passenger594,10,1,202,223,254,21,31,52,7
passenger595,14,1,203,236,257,33,21,54,8
passenger596,18,1,203,255,296,52,41,93,11
passenger597,4,1,203,203,228,0,25,25,1
passenger598,21,1,203,991,1021,788,30,818,12
passenger599,13,1,204,233,257,29,24,53,8
passenger600,23,1,204,1517,1545,1313,28,1341,12
passenger601,14,1,204,236,257,32,21,53,8
passenger602,15,1,205,279,299,74,20,94,8
passenger603,18,1,205,255,296,50,41,91,11
passenger604,21,1,205,993,1023,788,30,818,11
passenger605,5,1,205,206,228,1,22,23,1
passenger606,14,1,207,276,299,69,23,92,8
passenger607,2,1,207,207,232,0,25,25,2
passenger608,13,1,207,233,257,26,24,50,8
passenger609,21,1,207,993,1023,786,30,816,11
passenger610,22,1,207,1202,1231,995,29,1024,12
passenger611,8,1,208,215,228,7,13,20,1
passenger612,11,1,208,227,257,19,30,49,8
passenger613,15,1,209,237,261,28,24,52,9
passenger614,11,1,209,227,257,18,30,48,8
passenger615,6,1,209,209,228,0,19,19,1
passenger616,9,1,209,240,257,31,17,48,1
passenger617,11,1,210,227,261,17,34,51,9
passenger618,14,1,210,276,299,66,23,89,8
passenger619,24,1,210,1780,1807,1570,27,1597,12
passenger620,15,1,211,237,261,26,24,50,9
passenger621,11,1,211,227,257,16,30,46,8
passenger622,17,1,211,586,604,375,18,393,9
passenger623,20,1,211,259,292,48,33,81,12
passenger624,12,1,211,230,257,19,27,46,8
passenger625,13,1,212,231,261,19,30,49,9
passenger626,7,1,212,212,228,0,16,16,1
passenger627,22,1,212,1202,1231,990,29,1019,12
passenger628,22,1,212,1202,1231,990,29,1019,12
passenger629,6,1,213,213,232,0,19,19,2
passenger630,10,1,213,220,254,7,34,41,6
passenger631,8,1,213,215,228,2,13,15,1
passenger632,24,1,214,1730,1757,1516,27,1543,11
passenger633,3,1,214,222,226,8,4,12,0
passenger634,6,1,214,214,232,0,18,18,2
passenger635,9,1,215,240,257,25,17,42,1
passenger636,15,1,215,274,296,59,22,81,6
passenger637,7,1,216,217,232,1,15,16,2
passenger638,14,1,216,233,254,17,21,38,6
passenger639,19,1,216,258,296,42,38,80,11
passenger640,21,1,216,993,1023,777,30,807,11
passenger641,4,1,216,219,226,3,7,10,0
passenger642,5,1,216,216,226,0,10,10,0
passenger643,4,1,217,219,226,2,7,9,0
passenger644,23,1,217,1467,1495,1250,28,1278,11
passenger645,17,1,217,1095,1113,878,18,896,6
passenger646,14,1,217,233,254,16,21,37,6
passenger647,20,1,217,323,354,106,31,137,11
passenger648,16,1,218,313,332,95,19,114,6
passenger649,7,1,218,218,232,0,14,14,2
passenger650,14,1,218,271,296,53,25,78,6
passenger651,18,1,218,255,296,37,41,78,11
passenger652,2,1,219,220,228,1,8,9,3
passenger653,16,1,220,313,332,93,19,112,6
passenger654,13,1,220,230,254,10,24,34,6
passenger655,3,1,220,223,228,3,5,8,3
passenger656,8,1,220,221,232,1,11,12,2
passenger657,12,1,220,227,254,7,27,34,6
passenger658,10,1,221,221,254,0,33,33,6
passenger659,8,1,221,221,232,0,11,11,2
passenger660,17,1,221,1095,1113,874,18,892,6
passenger661,11,1,221,224,254,3,30,33,6
passenger662,13,1,221,230,254,9,24,33,6
passenger663,21,1,222,993,1023,771,30,801,11
passenger664,4,1,222,231,258,9,27,36,0
passenger665,10,1,223,223,254,0,31,31,7
passenger666,3,1,224,224,228,0,4,4,3
passenger667,24,1,224,1730,1757,1506,27,1533,11
passenger668,6,1,224,225,232,1,7,8,2
passenger669,21,1,224,993,1023,769,30,799,11
passenger670,6,1,225,225,232,0,7,7,2
passenger671,9,1,225,305,315,80,10,90,2
passenger672,16,1,225,313,332,88,19,107,6
passenger673,21,1,226,1045,1075,819,30,849,11
passenger674,6,1,226,248,261,22,13,35,2
passenger675,7,1,227,273,285,46,12,58,2
passenger676,23,1,228,1467,1495,1239,28,1267,11
passenger677,9,1,228,305,315,77,10,87,2
passenger678,7,1,228,273,285,45,12,57,2
passenger679,19,1,228,258,296,30,38,68,11
passenger680,4,1,229,239,261,10,22,32,2
passenger681,22,1,229,1256,1285,1027,29,1056,11
passenger682,23,1,229,1467,1495,1238,28,1266,11
passenger683,22,1,229,1256,1285,1027,29,1056,11
passenger684,9,1,230,242,258,12,16,28,0
passenger685,4,1,230,231,258,1,27,28,0
passenger686,12,1,230,230,257,0,27,27,8
passenger687,10,1,230,272,302,42,30,72,9
passenger688,25,1,231,1941,1967,1710,26,1736,11
passenger689,17,1,231,625,643,394,18,412,7
passenger690,24,1,232,1730,1757,1498,27,1525,11
passenger691,20,1,232,323,354,91,31,122,11
passenger692,19,1,232,258,296,26,38,64,11
passenger693,4,1,233,233,257,0,24,24,1
passenger694,3,1,234,250,257,16,7,23,1
passenger695,3,1,234,250,257,16,7,23,1
passenger696,16,1,234,538,557,304,19,323,7
passenger697,6,1,234,235,258,1,23,24,0
passenger698,25,1,235,2043,2069,1808,26,1834,12
passenger699,5,1,235,250,258,15,8,23,0
passenger700,24,1,235,1780,1807,1545,27,1572,12
passenger701,18,1,236,251,292,15,41,56,12
passenger702,4,1,236,247,257,11,10,21,1
passenger703,3,1,236,236,261,0,25,25,2
passenger704,11,1,237,271,299,34,28,62,8
passenger705,10,1,237,268,299,31,31,62,8
passenger706,9,1,238,242,258,4,16,20,0
passenger707,14,1,238,276,299,38,23,61,8
passenger708,5,1,239,244,261,5,17,22,2
passenger709,5,1,239,244,261,5,17,22,2
passenger710,18,1,239,251,292,12,41,53,12
passenger711,25,1,239,2043,2069,1804,26,1830,12
passenger712,8,1,239,239,258,0,19,19,0
passenger713,24,1,240,1780,1807,1540,27,1567,12
passenger714,10,1,241,265,294,24,29,53,7
passenger715,10,1,241,265,294,24,29,53,7
passenger716,4,1,241,241,261,0,20,20,2
passenger717,12,1,241,271,294,30,23,53,7
passenger718,13,1,241,359,382,118,23,141,7
passenger719,17,1,241,716,734,475,18,493,8
passenger720,5,1,242,244,261,2,17,19,2
passenger721,6,1,242,248,261,6,13,19,2
passenger722,12,1,243,271,294,28,23,51,7
passenger723,3,1,243,265,285,22,20,42,2
passenger724,5,1,243,244,261,1,17,18,2
passenger725,17,1,243,586,604,343,18,361,9
passenger726,24,1,244,1832,1859,1588,27,1615,12
passenger727,15,1,244,279,299,35,20,55,8
passenger728,5,1,245,245,261,0,16,16,2
passenger729,25,1,245,2043,2069,1798,26,1824,12
passenger730,14,1,246,366,387,120,21,141,9
passenger731,19,1,246,254,292,8,38,46,12
passenger732,6,1,246,271,286,25,15,40,1
passenger733,15,1,246,409,429,163,20,183,9
passenger734,3,1,247,250,257,3,7,10,1
passenger735,17,1,247,631,649,384,18,402,9
passenger736,6,1,247,247,258,0,11,11,0
passenger737,23,1,247,1517,1545,1270,28,1298,12
passenger738,3,1,248,250,257,2,7,9,1
passenger739,17,1,248,631,649,383,18,401,9
passenger740,5,1,249,250,258,1,8,9,0
passenger741,18,1,249,251,292,2,41,43,12
passenger742,13,1,249,280,302,31,22,53,9
passenger743,25,1,249,2043,2069,1794,26,1820,12
passenger744,17,1,249,631,649,382,18,400,9
passenger745,10,1,250,268,299,18,31,49,8
passenger746,4,1,250,253,258,3,5,8,0
passenger747,16,1,250,452,471,202,19,221,9
passenger748,12,1,251,276,302,25,26,51,9
passenger749,3,1,251,251,257,0,6,6,1
passenger750,15,1,252,409,429,157,20,177,9
passenger751,7,1,252,273,285,21,12,33,2
passenger752,7,1,253,273,285,20,12,32,2
passenger753,2,1,253,254,257,1,3,4,3
passenger754,10,1,253,272,302,19,30,49,9
passenger755,7,1,253,273,285,20,12,32,2
passenger756,3,1,253,253,257,0,4,4,1
passenger757,12,1,254,276,302,22,26,48,9
passenger758,7,1,254,273,285,19,12,31,2
passenger759,5,1,254,270,294,16,24,40,0
passenger760,13,1,254,280,302,26,22,48,9
passenger761,3,1,254,261,286,7,25,32,1
passenger762,25,1,255,2095,2121,1840,26,1866,12
passenger763,13,1,255,280,302,25,22,47,9
passenger764,25,1,256,2095,2121,1839,26,1865,12
passenger765,23,1,256,1517,1545,1261,28,1289,12
passenger766,25,1,256,2095,2121,1839,26,1865,12
passenger767,15,1,256,409,429,153,20,173,9
passenger768,12,1,256,276,302,20,26,46,9
passenger769,19,1,256,256,292,0,36,36,12
passenger770,3,1,257,264,294,7,30,37,0
passenger771,22,1,257,1202,1231,945,29,974,12
passenger772,9,1,257,305,315,48,10,58,2
passenger773,2,1,257,261,294,4,33,37,0
passenger774,7,1,257,273,285,16,12,28,2
passenger775,7,1,258,273,285,15,12,27,2
passenger776,2,1,258,260,263,2,3,5,3
passenger777,18,1,258,315,354,57,39,96,11
passenger778,4,1,258,268,285,10,17,27,2
passenger779,22,1,259,1202,1231,943,29,972,12
passenger780,12,1,259,271,294,12,23,35,7
passenger781,19,1,260,260,296,0,36,36,11
passenger782,10,1,260,265,294,5,29,34,7
passenger783,5,1,261,265,286,4,21,25,1
passenger784,6,1,262,271,286,9,15,24,1
passenger785,17,1,262,625,643,363,18,381,7
passenger786,19,1,262,262,296,0,34,34,11
passenger787,8,1,263,302,315,39,13,52,1
passenger788,10,1,263,265,294,2,29,31,7
passenger789,24,1,264,1832,1859,1568,27,1595,12
passenger790,22,1,265,1254,1283,989,29,1018,12
passenger791,11,1,265,268,294,3,26,29,7
passenger792,7,1,265,274,286,9,12,21,1
passenger793,9,1,266,329,339,63,10,73,1
passenger794,14,1,266,271,296,5,25,30,6
passenger795,15,1,266,274,296,8,22,30,6
passenger796,6,1,266,271,286,5,15,20,1
passenger797,3,1,266,266,294,0,28,28,0
passenger798,13,1,267,268,296,1,28,29,6
passenger799,21,1,267,1045,1075,778,30,808,11
passenger800,5,1,267,267,286,0,19,19,1
passenger801,11,1,267,268,294,1,26,27,7
passenger802,5,1,268,268,286,0,18,18,1
passenger803,7,1,268,299,315,31,16,47,1
passenger804,16,1,268,313,332,45,19,64,6
passenger805,8,1,268,302,315,34,13,47,1
passenger806,8,1,268,302,315,34,13,47,1
passenger807,25,1,268,2095,2121,1827,26,1853,12
passenger808,6,1,269,271,286,2,15,17,1
passenger809,6,1,269,271,286,2,15,17,1
passenger810,24,1,269,1832,1859,1563,27,1590,12
passenger811,15,1,269,274,296,5,22,27,6
passenger812,3,1,270,289,315,19,26,45,2
passenger813,12,1,270,271,294,1,23,24,7
passenger814,15,1,270,274,296,4,22,26,6
passenger815,8,1,270,275,294,5,19,24,0
passenger816,15,1,270,274,296,4,22,26,6
passenger817,17,1,270,1095,1113,825,18,843,6
passenger818,8,1,270,275,294,5,19,24,0
passenger819,21,1,270,1045,1075,775,30,805,11
passenger820,12,1,270,310,335,40,25,65,7
passenger821,25,1,271,1941,1967,1670,26,1696,11
passenger822,4,1,271,299,325,28,26,54,0
passenger823,9,1,272,331,345,59,14,73,2
passenger824,19,1,272,314,349,42,35,77,12
passenger825,23,1,272,1467,1495,1195,28,1223,11
passenger826,7,1,273,299,315,26,16,42,2
passenger827,25,1,273,1941,1967,1668,26,1694,11
passenger828,6,1,274,285,294,11,9,20,0
passenger829,11,1,274,313,344,39,31,70,8
passenger830,9,1,274,280,294,6,14,20,0
passenger831,12,1,275,316,344,41,28,69,8
passenger832,23,1,275,1467,1495,1192,28,1220,11
passenger833,19,1,276,314,349,38,35,73,12
passenger834,21,1,276,1045,1075,769,30,799,11
passenger835,8,1,277,277,294,0,17,17,0
passenger836,24,1,277,1782,1809,1505,27,1532,11
passenger837,12,1,277,277,302,0,25,25,9
passenger838,17,1,277,714,732,437,18,455,7
passenger839,18,1,278,315,354,37,39,76,11
passenger840,17,1,278,714,732,436,18,454,7
passenger841,16,1,279,538,557,259,19,278,7
passenger842,13,1,279,280,302,1,22,23,9
passenger843,17,1,279,714,732,435,18,453,7
passenger844,23,1,279,1467,1495,1188,28,1216,11
passenger845,11,1,280,318,346,38,28,66,9
passenger846,14,1,280,323,344,43,21,64,8
passenger847,6,1,280,296,315,16,19,35,2
passenger848,10,1,280,313,346,33,33,66,9
passenger849,20,1,280,382,413,102,31,133,11
passenger850,17,1,280,1095,1113,815,18,833,6
passenger851,7,1,280,299,315,19,16,35,1
passenger852,15,1,281,368,388,87,20,107,8
passenger853,21,1,281,1045,1075,764,30,794,11
passenger854,4,1,281,292,315,11,23,34,2
passenger855,3,1,282,289,315,7,26,33,2
passenger856,11,1,282,306,335,24,29,53,7
passenger857,17,1,283,716,734,433,18,451,8
passenger858,9,1,283,314,325,31,11,42,0
passenger859,21,1,283,1045,1075,762,30,792,11
passenger860,22,1,283,1256,1285,973,29,1002,11
passenger861,14,1,283,366,387,83,21,104,9
passenger862,11,1,283,306,335,23,29,52,7
passenger863,3,1,284,290,315,6,25,31,1
passenger864,21,1,284,1045,1075,761,30,791,11
passenger865,23,1,284,1467,1495,1183,28,1211,11
passenger866,12,1,284,310,335,26,25,51,7
passenger867,14,1,285,323,344,38,21,59,8
passenger868,20,1,285,382,413,97,31,128,11
passenger869,18,1,286,315,354,29,39,68,11
passenger870,5,1,287,288,294,1,6,7,0
passenger871,18,1,288,315,354,27,39,66,11
passenger872,24,1,288,1782,1809,1494,27,1521,11
passenger873,20,1,289,382,413,93,31,124,11
passenger874,13,1,289,324,346,35,22,57,9
passenger875,14,1,289,366,387,77,21,98,9
passenger876,8,1,290,311,325,21,14,35,0
passenger877,17,1,290,676,694,386,18,404,9
passenger878,7,1,290,308,325,18,17,35,0
passenger879,10,1,290,310,344,20,34,54,8
passenger880,8,1,291,311,325,20,14,34,0
passenger881,10,1,291,310,344,19,34,53,8
passenger882,10,1,291,310,344,19,34,53,8
passenger883,3,1,291,291,315,0,24,24,1
passenger884,19,1,292,318,354,26,36,62,11
passenger885,12,1,292,321,346,29,25,54,9
passenger886,24,1,292,1782,1809,1490,27,1517,11
passenger887,6,1,293,296,315,3,19,22,2
passenger888,18,1,293,315,354,22,39,61,11
passenger889,6,1,294,296,315,2,19,21,1
passenger890,15,1,295,409,429,114,20,134,9
passenger891,13,1,295,324,346,29,22,51,9
passenger892,12,1,295,321,346,26,25,51,9
passenger893,17,1,295,676,694,381,18,399,9
passenger894,21,1,296,991,1021,695,30,725,12
passenger895,9,1,296,329,339,33,10,43,1
passenger896,22,1,296,1254,1283,958,29,987,12
passenger897,6,1,296,296,315,0,19,19,1
passenger898,9,1,296,331,345,35,14,49,2
passenger899,9,1,296,329,339,33,10,43,1
passenger900,24,1,297,1832,1859,1535,27,1562,12
passenger901,4,1,297,299,325,2,26,28,0
passenger902,11,1,298,318,346,20,28,48,9
passenger903,12,1,298,321,346,23,25,48,9
passenger904,21,1,298,991,1021,693,30,723,12
passenger905,13,1,298,363,387,65,24,89,9
passenger906,25,1,298,2095,2121,1797,26,1823,12
passenger907,19,1,300,314,349,14,35,49,12
passenger908,18,1,300,311,349,11,38,49,12
passenger909,20,1,300,318,349,18,31,49,12
passenger910,5,1,301,302,325,1,23,24,0
passenger911,12,1,301,310,335,9,25,34,7
passenger912,16,1,301,538,557,237,19,256,7
passenger913,7,1,301,301,315,0,14,14,2
passenger914,4,1,302,330,353,28,23,51,0
passenger915,5,1,302,302,325,0,23,23,0
passenger916,20,1,302,318,349,16,31,47,12
passenger917,17,1,302,714,732,412,18,430,7
passenger918,8,1,304,304,315,0,11,11,1
passenger919,19,1,304,314,349,10,35,45,12
passenger920,18,1,304,311,349,7,38,45,12
passenger921,21,1,305,991,1021,686,30,716,12
passenger922,23,1,305,1569,1597,1264,28,1292,12
passenger923,23,1,305,1569,1597,1264,28,1292,12
passenger924,6,1,305,305,325,0,20,20,0
passenger925,20,1,306,318,349,12,31,43,12
passenger926,11,1,306,306,335,0,29,29,7
passenger927,11,1,307,307,335,0,28,28,7
passenger928,17,1,307,714,732,407,18,425,7
passenger929,16,1,308,665,684,357,19,376,6
passenger930,12,1,308,310,335,2,25,27,7
passenger931,25,1,309,2095,2121,1786,26,1812,12
passenger932,6,1,309,334,353,25,19,44,0
passenger933,4,1,310,322,345,12,23,35,2
passenger934,2,1,311,312,342,1,30,31,3
passenger935,21,1,311,991,1021,680,30,710,12
passenger936,11,1,311,313,344,2,31,33,8
passenger937,12,1,312,312,335,0,23,23,7
passenger938,17,1,312,1095,1113,783,18,801,6
passenger939,12,1,312,312,335,0,23,23,7
passenger940,15,1,313,397,417,84,20,104,6
passenger941,3,1,313,319,339,6,20,26,1
passenger942,5,1,314,319,342,5,23,28,3
passenger943,24,1,314,1832,1859,1518,27,1545,12
passenger944,12,1,314,354,382,40,28,68,7
passenger945,6,1,314,334,353,20,19,39,0
passenger946,10,1,314,314,346,0,32,32,9
passenger947,10,1,315,315,346,0,31,31,9
passenger948,8,1,315,338,353,23,15,38,0
passenger949,9,1,315,315,325,0,10,10,0
passenger950,19,1,315,315,349,0,34,34,12
passenger951,4,1,315,316,342,1,26,27,3
passenger952,9,1,316,341,353,25,12,37,0
passenger953,13,1,316,319,344,3,25,28,8
passenger954,14,1,316,407,428,91,21,112,7
passenger955,23,1,316,1569,1597,1253,28,1281,12
passenger956,24,1,316,1832,1859,1516,27,1543,12
passenger957,9,1,317,341,353,24,12,36,0
passenger958,14,1,317,449,470,132,21,153,7
passenger959,2,1,318,318,345,0,27,27,2
passenger960,16,1,319,538,557,219,19,238,7
passenger961,5,1,319,319,342,0,23,23,3
passenger962,3,1,319,319,339,0,20,20,1
passenger963,18,1,319,373,413,54,40,94,11
passenger964,6,1,320,334,353,14,19,33,0
passenger965,13,1,320,320,344,0,24,24,8
passenger966,4,1,320,337,342,17,5,22,3
passenger967,19,1,320,320,354,0,34,34,11
passenger968,20,1,320,493,524,173,31,204,12
passenger969,15,1,321,492,514,171,22,193,7
passenger970,22,1,321,1254,1283,933,29,962,12
passenger971,12,1,321,347,376,26,29,55,6
passenger972,6,1,321,322,342,1,20,21,3
passenger973,5,1,322,325,345,3,20,23,2
passenger974,7,1,322,326,342,4,16,20,3
passenger975,6,1,323,323,342,0,19,19,3
passenger976,9,1,323,330,342,7,12,19,3
passenger977,7,1,324,325,339,1,14,15,1
passenger978,16,1,324,542,561,218,19,237,8
passenger979,5,1,324,325,345,1,20,21,2
passenger980,16,1,325,542,561,217,19,236,8
passenger981,10,1,325,346,382,21,36,57,7
passenger982,18,1,325,373,413,48,40,88,11
passenger983,14,1,325,365,388,40,23,63,8
passenger984,23,1,326,1569,1597,1243,28,1271,12
passenger985,12,1,326,359,387,33,28,61,9
passenger986,9,1,326,329,339,3,10,13,1
passenger987,16,1,326,542,561,216,19,235,8
passenger988,17,1,328,762,780,434,18,452,8
passenger989,12,1,328,359,387,31,28,59,9
passenger990,15,1,329,412,434,83,22,105,8
passenger991,13,1,329,362,388,33,26,59,8
passenger992,9,1,329,329,339,0,10,10,1
passenger993,9,1,329,329,339,0,10,10,1
passenger994,23,1,330,1467,1495,1137,28,1165,11
passenger995,18,1,330,368,407,38,39,77,12
passenger996,4,1,330,330,353,0,23,23,0
passenger997,25,1,330,1941,1967,1611,26,1637,11
passenger998,19,1,331,373,407,42,34,76,12
passenger999,3,1,332,357,386,25,29,54,0
passenger1000,19,1,332,373,407,41,34,75,12
passenger1001,16,1,332,452,471,120,19,139,9
passenger1002,23,1,332,1467,1495,1135,28,1163,11
passenger1003,13,1,332,362,388,30,26,56,8
passenger1004,14,1,332,365,388,33,23,56,8
passenger1005,9,1,333,333,345,0,12,12,2
passenger1006,9,1,333,333,345,0,12,12,2
passenger1007,16,1,333,452,471,119,19,138,9
passenger1008,21,1,334,1045,1075,711,30,741,11
passenger1009,23,1,334,1519,1547,1185,28,1213,11
passenger1010,20,1,334,495,526,161,31,192,11
passenger1011,16,1,334,452,471,118,19,137,9
passenger1012,14,1,334,366,387,32,21,53,9
passenger1013,10,1,334,355,388,21,33,54,8
passenger1014,20,1,335,495,526,160,31,191,11
passenger1015,9,1,336,361,373,25,12,37,2
passenger1016,8,1,336,336,345,0,9,9,2
passenger1017,22,1,336,1256,1285,920,29,949,11
passenger1018,16,1,336,452,471,116,19,135,9
passenger1019,10,1,336,355,388,19,33,52,8
passenger1020,22,1,337,1256,1285,919,29,948,11
passenger1021,25,1,337,1941,1967,1604,26,1630,11
passenger1022,9,1,337,361,373,24,12,36,2
passenger1023,14,1,338,366,387,28,21,49,9
passenger1024,13,1,338,363,387,25,24,49,9
passenger1025,18,1,338,373,413,35,40,75,11
passenger1026,24,1,339,1782,1809,1443,27,1470,11
passenger1027,15,1,339,409,429,70,20,90,9
passenger1028,21,1,339,1045,1075,706,30,736,11
passenger1029,16,1,340,948,967,608,19,627,6
passenger1030,23,1,340,1519,1547,1179,28,1207,11
passenger1031,11,1,341,344,376,3,32,35,6
passenger1032,11,1,341,344,376,3,32,35,6
passenger1033,12,1,341,347,376,6,29,35,6
passenger1034,25,1,341,1941,1967,1600,26,1626,11
passenger1035,16,1,342,948,967,606,19,625,6
passenger1036,5,1,342,353,373,11,20,31,2
passenger1037,2,1,342,343,346,1,3,4,1
passenger1038,14,1,342,355,376,13,21,34,6
passenger1039,21,1,342,1045,1075,703,30,733,11
passenger1040,13,1,343,350,376,7,26,33,6
passenger1041,15,1,343,397,417,54,20,74,6
passenger1042,21,1,343,1097,1127,754,30,784,11
passenger1043,14,1,344,355,376,11,21,32,6
passenger1044,23,1,344,1519,1547,1175,28,1203,11
passenger1045,17,1,344,1095,1113,751,18,769,6
passenger1046,19,1,345,379,413,34,34,68,11
passenger1047,20,1,345,551,582,206,31,237,11
passenger1048,17,1,345,1131,1149,786,18,804,6
passenger1049,3,1,346,348,360,2,12,14,3
passenger1050,12,1,346,347,376,1,29,30,6
passenger1051,5,1,346,347,353,1,6,7,0
passenger1052,14,1,346,355,376,9,21,30,6
passenger1053,5,1,347,347,353,0,6,6,0
passenger1054,14,1,347,393,417,46,24,70,6
passenger1055,10,1,348,348,382,0,34,34,7
passenger1056,2,1,348,348,373,0,25,25,2
passenger1057,4,1,348,354,360,6,6,12,3
passenger1058,14,1,349,393,417,44,24,68,6
passenger1059,3,1,349,349,360,0,11,11,3
passenger1060,22,1,349,1308,1337,959,29,988,11
passenger1061,20,1,349,551,582,202,31,233,11
passenger1062,19,1,350,379,413,29,34,63,11
passenger1063,6,1,350,362,386,12,24,36,0
passenger1064,21,1,350,1097,1127,747,30,777,11
passenger1065,17,1,350,1131,1149,781,18,799,6
passenger1066,11,1,350,351,382,1,31,32,7
passenger1067,2,1,351,352,360,1,8,9,1
passenger1068,14,1,351,393,417,42,24,66,6
passenger1069,21,1,351,1097,1127,746,30,776,11
passenger1070,2,1,351,352,357,1,5,6,4
passenger1071,3,1,351,351,360,0,9,9,3
passenger1072,11,1,351,351,382,0,31,31,7
passenger1073,14,1,352,393,417,41,24,65,6
passenger1074,13,1,352,352,376,0,24,24,6
passenger1075,12,1,353,354,382,1,28,29,7
passenger1076,8,1,353,358,373,5,15,20,2
passenger1077,3,1,354,355,360,1,5,6,1
passenger1078,2,1,354,354,357,0,3,3,4
passenger1079,4,1,355,355,360,0,5,5,3
passenger1080,18,1,356,368,407,12,39,51,12
passenger1081,20,1,356,549,580,193,31,224,12
passenger1082,12,1,356,356,382,0,26,26,7
passenger1083,3,1,356,356,360,0,4,4,1
passenger1084,11,1,356,358,388,2,30,32,8
passenger1085,25,1,358,2095,2121,1737,26,1763,12
passenger1086,7,1,359,365,373,6,8,14,2
passenger1087,13,1,359,359,382,0,23,23,7
passenger1088,14,1,359,449,470,90,21,111,7
passenger1089,9,1,359,361,373,2,12,14,2
passenger1090,12,1,360,360,387,0,27,27,9
passenger1091,13,1,360,360,382,0,22,22,7
passenger1092,13,1,360,402,428,42,26,68,7
passenger1093,19,1,360,373,407,13,34,47,12
passenger1094,15,1,360,492,514,132,22,154,7
passenger1095,3,1,361,364,382,3,18,21,1
passenger1096,2,1,362,363,366,1,3,4,3
passenger1097,11,1,362,403,429,41,26,67,9
passenger1098,23,1,362,1569,1597,1207,28,1235,12
passenger1099,2,1,362,363,366,1,3,4,4
passenger1100,3,1,362,364,372,2,8,10,5
passenger1101,18,1,363,368,407,5,39,44,12
passenger1102,12,1,363,403,434,40,31,71,8
passenger1103,7,1,363,366,386,3,20,23,0
passenger1104,6,1,363,363,386,0,23,23,0
passenger1105,17,1,364,714,732,350,18,368,7
passenger1106,14,1,364,365,388,1,23,24,8
passenger1107,17,1,364,714,732,350,18,368,7
passenger1108,8,1,365,386,397,21,11,32,2
passenger1109,14,1,365,365,388,0,23,23,8
passenger1110,22,1,366,1254,1283,888,29,917,12
passenger1111,9,1,366,374,386,8,12,20,0
passenger1112,11,1,366,388,417,22,29,51,6
passenger1113,5,1,366,368,382,2,14,16,1
passenger1114,17,1,366,714,732,348,18,366,7
passenger1115,2,1,367,367,372,0,5,5,5
passenger1116,7,1,368,368,386,0,18,18,0
passenger1117,19,1,368,373,407,5,34,39,12
passenger1118,2,1,369,369,372,0,3,3,5
passenger1119,25,1,369,2095,2121,1726,26,1752,12
passenger1120,11,1,369,396,428,27,32,59,7
passenger1121,11,1,369,396,428,27,32,59,7
passenger1122,14,1,370,409,434,39,25,64,8
passenger1123,17,1,370,676,694,306,18,324,9
passenger1124,13,1,370,402,428,32,26,58,7
passenger1125,23,1,370,1569,1597,1199,28,1227,12
passenger1126,25,1,370,2095,2121,1725,26,1751,12
passenger1127,6,1,370,371,382,1,11,12,1
passenger1128,18,1,370,370,407,0,37,37,12
passenger1129,9,1,371,374,386,3,12,15,0
passenger1130,25,1,371,2095,2121,1724,26,1750,12
passenger1131,8,1,371,371,386,0,15,15,0
passenger1132,9,1,371,374,386,3,12,15,0
passenger1133,19,1,371,373,407,2,34,36,12
passenger1134,20,1,371,549,580,178,31,209,12
passenger1135,5,1,372,374,382,2,8,10,1
passenger1136,15,1,372,409,429,37,20,57,9
passenger1137,10,1,372,393,428,21,35,56,7
passenger1138,16,1,372,497,518,125,21,146,9
passenger1139,15,1,373,409,429,36,20,56,9
passenger1140,25,1,373,2147,2173,1774,26,1800,12
passenger1141,24,1,373,1832,1859,1459,27,1486,12
passenger1142,17,1,373,762,780,389,18,407,8
passenger1143,18,1,374,374,413,0,39,39,11
passenger1144,23,1,374,1569,1597,1195,28,1223,12
passenger1145,6,1,375,394,415,19,21,40,1
passenger1146,19,1,375,375,407,0,32,32,12
passenger1147,20,1,376,549,580,173,31,204,12
passenger1148,5,1,376,376,382,0,6,6,1
passenger1149,23,1,376,1569,1597,1193,28,1221,12
passenger1150,18,1,376,376,413,0,37,37,11
passenger1151,10,1,377,398,429,21,31,52,9
passenger1152,13,1,377,406,434,29,28,57,8
passenger1153,13,1,378,406,434,28,28,56,8
passenger1154,24,1,379,1832,1859,1453,27,1480,12
passenger1155,25,1,379,2147,2173,1768,26,1794,12
passenger1156,21,1,380,991,1021,611,30,641,12
passenger1157,17,1,380,935,953,555,18,573,8
passenger1158,4,1,380,389,415,9,26,35,1
passenger1159,23,1,380,1569,1597,1189,28,1217,12
passenger1160,5,1,380,380,386,0,6,6,0
passenger1161,6,1,380,380,397,0,17,17,2
passenger1162,3,1,381,386,415,5,29,34,1
passenger1163,24,1,381,1832,1859,1451,27,1478,12
passenger1164,13,1,382,406,434,24,28,52,8
passenger1165,7,1,382,383,397,1,14,15,2
passenger1166,3,1,382,384,399,2,15,17,3
passenger1167,11,1,383,400,434,17,34,51,8
passenger1168,19,1,384,436,468,52,32,84,11
passenger1169,25,1,384,2147,2173,1763,26,1789,12
passenger1170,15,1,385,397,417,12,20,32,6
passenger1171,16,1,385,948,967,563,19,582,6
passenger1172,22,1,385,1308,1337,923,29,952,11
passenger1173,23,1,385,1569,1597,1184,28,1212,12
passenger1174,8,1,385,386,397,1,11,12,2
passenger1175,25,1,386,1941,1967,1555,26,1581,11
passenger1176,14,1,386,393,417,7,24,31,6
passenger1177,24,1,386,1782,1809,1396,27,1423,11
passenger1178,4,1,386,387,399,1,12,13,3
passenger1179,4,1,386,387,399,1,12,13,3
passenger1180,23,1,386,1519,1547,1133,28,1161,11
passenger1181,18,1,388,426,464,38,38,76,12
passenger1182,6,1,388,392,399,4,7,11,3
passenger1183,23,1,388,1519,1547,1131,28,1159,11
passenger1184,4,1,388,388,399,0,11,11,3
passenger1185,18,1,389,426,464,37,38,75,12
passenger1186,6,1,389,390,397,1,7,8,2
passenger1187,3,1,390,424,446,34,22,56,1
passenger1188,21,1,390,1097,1127,707,30,737,11
passenger1189,22,1,390,1308,1337,918,29,947,11
passenger1190,4,1,390,390,415,0,25,25,1
passenger1191,4,1,390,390,415,0,25,25,1
passenger1192,16,1,390,948,967,558,19,577,6
passenger1193,2,1,390,391,416,1,25,26,0
passenger1194,19,1,391,432,464,41,32,73,12
passenger1195,23,1,391,1519,1547,1128,28,1156,11
passenger1196,20,1,391,551,582,160,31,191,11
passenger1197,7,1,391,411,425,20,14,34,2
passenger1198,6,1,392,392,399,0,7,7,3
passenger1199,18,1,393,432,468,39,36,75,11
passenger1200,3,1,393,394,416,1,22,23,0
passenger1201,14,1,394,394,417,0,23,23,6
passenger1202,12,1,394,399,428,5,29,34,7
passenger1203,19,1,394,436,468,42,32,74,11
passenger1204,6,1,395,395,415,0,20,20,1
passenger1205,20,1,395,551,582,156,31,187,11
passenger1206,18,1,395,432,468,37,36,73,11
passenger1207,7,1,396,398,415,2,17,19,1
passenger1208,10,1,396,439,470,43,31,74,7
passenger1209,3,1,396,396,416,0,20,20,0
passenger1210,12,1,397,399,428,2,29,31,7
passenger1211,8,1,397,401,415,4,14,18,1
passenger1212,4,1,397,399,416,2,17,19,0
passenger1213,15,1,398,441,461,43,20,63,6
passenger1214,15,1,398,441,461,43,20,63,6
passenger1215,4,1,398,399,416,1,17,18,0
passenger1216,6,1,398,429,446,31,17,48,1
passenger1217,3,1,399,412,416,13,4,17,0
passenger1218,18,1,400,432,468,32,36,68,11
passenger1219,10,1,400,400,429,0,29,29,9
passenger1220,3,1,401,401,425,0,24,24,2
passenger1221,6,1,401,403,416,2,13,15,0
passenger1222,25,1,401,1941,1967,1540,26,1566,11
passenger1223,8,1,402,402,415,0,13,13,1
passenger1224,18,1,402,432,468,30,36,66,11
passenger1225,13,1,402,402,428,0,26,26,7
passenger1226,6,1,403,403,416,0,13,13,0
passenger1227,9,1,403,405,415,2,10,12,1
passenger1228,2,1,404,405,408,1,3,4,3
passenger1229,19,1,404,436,468,32,32,64,11
passenger1230,10,1,404,440,471,36,31,67,9
passenger1231,13,1,404,404,428,0,24,24,7
passenger1232,5,1,404,405,425,1,20,21,2
passenger1233,21,1,404,1097,1127,693,30,723,11
passenger1234,7,1,404,406,416,2,10,12,0
passenger1235,15,1,405,486,506,81,20,101,6
passenger1236,22,1,405,1308,1337,903,29,932,11
passenger1237,19,1,405,436,468,31,32,63,11
passenger1238,16,1,406,542,561,136,19,155,8
passenger1239,23,1,407,1519,1547,1112,28,1140,11
passenger1240,6,1,407,408,425,1,17,18,2
passenger1241,25,1,407,1941,1967,1534,26,1560,11
passenger1242,15,1,407,492,514,85,22,107,7
passenger1243,11,1,407,429,461,22,32,54,6
passenger1244,8,1,408,433,446,25,13,38,1
passenger1245,19,1,408,491,526,83,35,118,11
passenger1246,25,1,409,1993,2019,1584,26,1610,11
passenger1247,18,1,409,432,468,23,36,59,11
passenger1248,2,1,409,411,414,2,3,5,3
passenger1249,13,1,409,453,475,44,22,66,8
passenger1250,19,1,411,432,464,21,32,53,12
passenger1251,11,1,411,446,475,35,29,64,8
passenger1252,20,1,411,605,636,194,31,225,12
passenger1253,18,1,412,426,464,14,38,52,12
passenger1254,3,1,412,412,416,0,4,4,0
passenger1255,15,1,412,412,434,0,22,22,8
passenger1256,6,1,412,414,425,2,11,13,2
passenger1257,13,1,413,453,475,40,22,62,8
passenger1258,11,1,413,446,475,33,29,62,8
passenger1259,21,1,413,991,1021,578,30,608,12
passenger1260,22,1,413,1254,1283,841,29,870,12
passenger1261,13,1,414,453,475,39,22,61,8
passenger1262,14,1,414,494,517,80,23,103,8
passenger1263,17,1,414,676,694,262,18,280,9
passenger1264,17,1,414,720,738,306,18,324,9
passenger1265,17,1,414,849,867,435,18,453,9
passenger1266,20,1,414,605,636,191,31,222,12
passenger1267,25,1,414,2147,2173,1733,26,1759,12
passenger1268,21,1,414,991,1021,577,30,607,12
passenger1269,5,1,414,417,425,3,8,11,2
passenger1270,13,1,415,446,470,31,24,55,7
passenger1271,13,1,416,446,470,30,24,54,7
passenger1272,14,1,416,448,471,32,23,55,9
passenger1273,14,1,416,448,471,32,23,55,9
passenger1274,19,1,416,432,464,16,32,48,12
passenger1275,12,1,417,443,470,26,27,53,7
passenger1276,8,1,417,440,457,23,17,40,2
passenger1277,12,1,417,443,470,26,27,53,7
passenger1278,22,1,417,1254,1283,837,29,866,12
passenger1279,9,1,417,443,457,26,14,40,2
passenger1280,2,1,418,418,446,0,28,28,1
passenger1281,25,1,418,2147,2173,1729,26,1755,12
passenger1282,6,1,418,434,457,16,23,39,2
passenger1283,16,1,418,587,606,169,19,188,8
passenger1284,21,1,418,991,1021,573,30,603,12
passenger1285,8,1,418,440,457,22,17,39,2
passenger1286,10,1,418,439,470,21,31,52,7
passenger1287,8,1,418,440,457,22,17,39,2
passenger1288,5,1,418,418,425,0,7,7,2
passenger1289,5,1,419,419,425,0,6,6,2
passenger1290,6,1,419,434,457,15,23,38,2
passenger1291,12,1,419,444,471,25,27,52,9
passenger1292,14,1,419,494,517,75,23,98,8
passenger1293,2,1,420,420,446,0,26,26,1
passenger1294,22,1,420,1254,1283,834,29,863,12
passenger1295,18,1,420,426,464,6,38,44,12
passenger1296,3,1,420,424,446,4,22,26,1
passenger1297,22,1,420,1254,1283,834,29,863,12
passenger1298,2,1,421,421,446,0,25,25,1
passenger1299,15,1,421,497,517,76,20,96,8
passenger1300,13,1,422,453,475,31,22,53,8
passenger1301,14,1,422,494,517,72,23,95,8
passenger1302,24,1,422,1832,1859,1410,27,1437,12
passenger1303,24,1,423,1884,1911,1461,27,1488,12
passenger1304,8,1,424,433,446,9,13,22,1
passenger1305,15,1,425,497,517,72,20,92,8
passenger1306,25,1,425,2147,2173,1722,26,1748,12
passenger1307,19,1,426,432,464,6,32,38,12
passenger1308,23,1,426,1621,1649,1195,28,1223,12
passenger1309,12,1,426,450,475,24,25,49,8
passenger1310,8,1,426,433,446,7,13,20,1
passenger1311,14,1,426,494,517,68,23,91,8
passenger1312,21,1,427,1043,1073,616,30,646,12
passenger1313,24,1,427,1884,1911,1457,27,1484,12
passenger1314,18,1,427,427,464,0,37,37,12
passenger1315,18,1,429,429,464,0,35,35,12
passenger1316,14,1,429,438,461,9,23,32,6
passenger1317,9,1,429,436,446,7,10,17,1
passenger1318,12,1,429,432,461,3,29,32,6
passenger1319,13,1,429,435,461,6,26,32,6
passenger1320,21,1,429,1043,1073,614,30,644,12
passenger1321,15,1,430,486,506,56,20,76,6
passenger1322,21,1,430,1043,1073,613,30,643,12
passenger1323,2,1,430,431,434,1,3,4,0
passenger1324,20,1,430,605,636,175,31,206,12
passenger1325,14,1,431,438,461,7,23,30,6
passenger1326,25,1,431,2147,2173,1716,26,1742,12
passenger1327,13,1,431,435,461,4,26,30,6
passenger1328,13,1,431,435,461,4,26,30,6
passenger1329,5,1,431,431,457,0,26,26,2
passenger1330,21,1,432,1043,1073,611,30,641,12
passenger1331,18,1,433,433,468,0,35,35,11
passenger1332,22,1,434,1254,1283,820,29,849,12
passenger1333,4,1,434,462,490,28,28,56,2
passenger1334,7,1,435,437,457,2,20,22,2
passenger1335,23,1,435,1621,1649,1186,28,1214,12
passenger1336,3,1,435,438,457,3,19,22,0
passenger1337,14,1,436,438,461,2,23,25,6
passenger1338,11,1,436,475,506,39,31,70,6
passenger1339,24,1,436,1884,1911,1448,27,1475,12
passenger1340,22,1,436,1254,1283,818,29,847,12
passenger1341,23,1,436,1621,1649,1185,28,1213,12
passenger1342,8,1,436,461,472,25,11,36,1
passenger1343,16,1,437,948,967,511,19,530,6
passenger1344,18,1,437,487,526,50,39,89,11
passenger1345,25,1,437,2147,2173,1710,26,1736,12
passenger1346,2,1,438,439,443,1,4,5,3
passenger1347,25,1,439,2147,2173,1708,26,1734,12
passenger1348,10,1,439,439,470,0,31,31,7
passenger1349,5,1,439,442,457,3,15,18,0
passenger1350,16,1,439,948,967,509,19,528,6
passenger1351,20,1,440,551,582,111,31,142,11
passenger1352,5,1,440,442,457,2,15,17,0
passenger1353,2,1,440,440,443,0,3,3,3
passenger1354,23,1,441,1519,1547,1078,28,1106,11
passenger1355,24,1,441,1884,1911,1443,27,1470,12
passenger1356,5,1,441,442,457,1,15,16,0
passenger1357,23,1,442,1519,1547,1077,28,1105,11
passenger1358,23,1,442,1519,1547,1077,28,1105,11
passenger1359,25,1,442,1993,2019,1551,26,1577,11
passenger1360,7,1,442,449,457,7,8,15,2
passenger1361,15,1,443,576,596,133,20,153,6
passenger1362,25,1,443,1993,2019,1550,26,1576,11
passenger1363,23,1,443,1571,1599,1128,28,1156,11
passenger1364,16,1,444,948,967,504,19,523,6
passenger1365,6,1,444,445,457,1,12,13,0
passenger1366,4,1,445,452,457,7,5,12,0
passenger1367,8,1,445,446,457,1,11,12,2
passenger1368,3,1,445,450,472,5,22,27,1
passenger1369,6,1,446,446,457,0,11,11,0
passenger1370,3,1,446,448,452,2,4,6,3
passenger1371,20,1,446,605,636,159,31,190,12
passenger1372,16,1,446,984,1003,538,19,557,6
passenger1373,14,1,446,449,470,3,21,24,7
passenger1374,21,1,446,1097,1127,651,30,681,11
passenger1375,11,1,447,447,475,0,28,28,8
passenger1376,11,1,447,447,475,0,28,28,8
passenger1377,6,1,447,447,457,0,10,10,0
passenger1378,12,1,447,450,475,3,25,28,8
passenger1379,6,1,448,448,457,0,9,9,0
passenger1380,16,1,448,497,518,49,21,70,9
passenger1381,25,1,448,1993,2019,1545,26,1571,11
passenger1382,14,1,448,448,471,0,23,23,9
passenger1383,9,1,448,478,490,30,12,42,2
passenger1384,18,1,448,483,524,35,41,76,12
passenger1385,21,1,449,1097,1127,648,30,678,11
passenger1386,13,1,450,491,517,41,26,67,8
passenger1387,8,1,451,474,490,23,16,39,2
passenger1388,19,1,451,491,526,40,35,75,11
passenger1389,6,1,451,464,471,13,7,20,0
passenger1390,25,1,452,1993,2019,1541,26,1567,11
passenger1391,9,1,452,478,490,26,12,38,2
passenger1392,10,1,452,472,506,20,34,54,6
passenger1393,19,1,453,491,526,38,35,73,11
passenger1394,2,1,453,455,464,2,9,11,3
passenger1395,6,1,453,468,490,15,22,37,2
passenger1396,5,1,453,465,490,12,25,37,2
passenger1397,11,1,454,487,517,33,30,63,8
passenger1398,15,1,454,494,518,40,24,64,9
passenger1399,6,1,454,455,472,1,17,18,1
passenger1400,10,1,454,472,506,18,34,52,6
passenger1401,20,1,454,551,582,97,31,128,11
passenger1402,24,1,454,1782,1809,1328,27,1355,11
passenger1403,2,1,455,455,464,0,9,9,3
passenger1404,17,1,455,933,951,478,18,496,9
passenger1405,2,1,456,456,464,0,8,8,3
passenger1406,14,1,456,494,517,38,23,61,8
passenger1407,23,1,456,1571,1599,1115,28,1143,11
passenger1408,21,1,456,1097,1127,641,30,671,11
passenger1409,7,1,456,458,472,2,14,16,1
passenger1410,8,1,456,461,472,5,11,16,1
passenger1411,20,1,456,607,638,151,31,182,11
passenger1412,21,1,457,1097,1127,640,30,670,11
passenger1413,8,1,457,461,472,4,11,15,1
passenger1414,2,1,457,457,464,0,7,7,3
passenger1415,12,1,457,487,514,30,27,57,7
passenger1416,16,1,457,587,606,130,19,149,8
passenger1417,12,1,457,487,514,30,27,57,7
passenger1418,24,1,457,1782,1809,1325,27,1352,11
passenger1419,21,1,458,1097,1127,639,30,669,11
passenger1420,20,1,458,607,638,149,31,180,11
passenger1421,2,1,459,459,464,0,5,5,3
passenger1422,22,1,459,1308,1337,849,29,878,11
passenger1423,20,1,459,607,638,148,31,179,11
passenger1424,11,1,459,484,514,25,30,55,7
passenger1425,16,1,459,713,734,254,21,275,8
passenger1426,21,1,460,1149,1179,689,30,719,11
passenger1427,23,1,461,1571,1599,1110,28,1138,11
passenger1428,15,1,461,497,517,36,20,56,8
passenger1429,2,1,461,461,464,0,3,3,3
passenger1430,16,1,462,713,734,251,21,272,8
passenger1431,18,1,462,487,526,25,39,64,11
passenger1432,3,1,463,494,498,31,4,35,2
passenger1433,21,1,463,1149,1179,686,30,716,11
passenger1434,6,1,464,464,471,0,7,7,0
passenger1435,23,1,465,1571,1599,1106,28,1134,11
passenger1436,15,1,467,539,561,72,22,94,8
passenger1437,9,1,467,494,504,27,10,37,0
passenger1438,3,1,467,468,472,1,4,5,1
passenger1439,2,1,468,469,480,1,11,12,3
passenger1440,19,1,469,488,524,19,36,55,12
passenger1441,11,1,469,475,506,6,31,37,6
passenger1442,22,1,470,1306,1335,836,29,865,12
passenger1443,7,1,470,471,490,1,19,20,2
passenger1444,24,1,470,1884,1911,1414,27,1441,12
passenger1445,24,1,471,1884,1911,1413,27,1440,12
passenger1446,4,1,471,475,480,4,5,9,3
passenger1447,17,1,471,1131,1149,660,18,678,6
passenger1448,24,1,471,1884,1911,1413,27,1440,12
passenger1449,9,1,471,478,490,7,12,19,2
passenger1450,3,1,472,472,480,0,8,8,3
passenger1451,23,1,472,1621,1649,1149,28,1177,12
passenger1452,13,1,472,479,506,7,27,34,6
passenger1453,2,1,474,474,504,0,30,30,0
passenger1454,22,1,474,1306,1335,832,29,861,12
passenger1455,18,1,475,483,524,8,41,49,12
passenger1456,3,1,475,478,504,3,26,29,0
passenger1457,8,1,475,475,490,0,15,15,2
passenger1458,2,1,475,475,504,0,29,29,0
passenger1459,24,1,475,1884,1911,1409,27,1436,12
passenger1460,2,1,475,475,504,0,29,29,0
passenger1461,21,1,476,1043,1073,567,30,597,12
passenger1462,14,1,476,482,506,6,24,30,6
passenger1463,15,1,476,618,638,142,20,162,6
passenger1464,21,1,477,1043,1073,566,30,596,12
passenger1465,23,1,477,1621,1649,1144,28,1172,12
passenger1466,5,1,478,492,502,14,10,24,3
passenger1467,2,1,478,479,482,1,3,4,1
passenger1468,4,1,478,489,502,11,13,24,3
passenger1469,18,1,479,483,524,4,41,45,12
passenger1470,15,1,480,618,638,138,20,158,6
passenger1471,4,1,480,481,504,1,23,24,0
passenger1472,7,1,481,482,490,1,8,9,2
passenger1473,14,1,481,482,506,1,24,25,6
passenger1474,19,1,481,488,524,7,36,43,12
passenger1475,10,1,481,481,514,0,33,33,7
passenger1476,24,1,481,1884,1911,1403,27,1430,12
passenger1477,25,1,482,2147,2173,1665,26,1691,12
passenger1478,20,1,482,716,747,234,31,265,12
passenger1479,12,1,482,484,518,2,34,36,9
passenger1480,23,1,482,1621,1649,1139,28,1167,12
passenger1481,19,1,482,488,524,6,36,42,12
passenger1482,14,1,483,483,506,0,23,23,6
passenger1483,12,1,483,484,518,1,34,35,9
passenger1484,21,1,484,1043,1073,559,30,589,12
passenger1485,15,1,484,618,638,134,20,154,6
passenger1486,6,1,484,485,504,1,19,20,0
passenger1487,25,1,484,2199,2225,1715,26,1741,12
passenger1488,3,1,484,484,502,0,18,18,3
passenger1489,18,1,485,485,524,0,39,39,12
passenger1490,17,1,485,1131,1149,646,18,664,6
passenger1491,16,1,486,984,1003,498,19,517,6
passenger1492,3,1,486,486,502,0,16,16,3
passenger1493,13,1,486,487,518,1,31,32,9
passenger1494,23,1,486,1621,1649,1135,28,1163,12
passenger1495,7,1,486,488,504,2,16,18,0
passenger1496,18,1,487,487,526,0,39,39,11
passenger1497,22,1,487,1308,1337,821,29,850,11
passenger1498,24,1,487,1782,1809,1295,27,1322,11
passenger1499,14,1,487,491,518,4,27,31,9
passenger1500,9,1,488,494,504,6,10,16,0
passenger1501,18,1,488,488,526,0,38,38,11
passenger1502,13,1,488,488,518,0,30,30,9
passenger1503,17,1,489,1131,1149,642,18,660,6
passenger1504,19,1,489,489,524,0,35,35,12
passenger1505,19,1,490,490,524,0,34,34,12
passenger1506,7,1,490,490,504,0,14,14,0
passenger1507,20,1,490,716,747,226,31,257,12
passenger1508,15,1,491,494,518,3,24,27,9
passenger1509,24,1,491,1782,1809,1291,27,1318,11
passenger1510,17,1,491,1131,1149,640,18,658,6
passenger1511,23,1,491,1571,1599,1080,28,1108,11
passenger1512,25,1,491,1993,2019,1502,26,1528,11
passenger1513,25,1,491,1993,2019,1502,26,1528,11
passenger1514,19,1,492,492,526,0,34,34,11
passenger1515,16,1,492,578,599,86,21,107,7
passenger1516,4,1,492,495,502,3,7,10,3
passenger1517,11,1,493,531,561,38,30,68,8
passenger1518,13,1,494,524,549,30,25,55,6
passenger1519,20,1,495,607,638,112,31,143,11
passenger1520,16,1,495,578,599,83,21,104,7
passenger1521,12,1,495,521,549,26,28,54,6
passenger1522,5,1,497,508,530,11,22,33,3
passenger1523,19,1,497,548,582,51,34,85,11
passenger1524,12,1,497,521,549,24,28,52,6
passenger1525,2,1,499,499,502,0,3,3,3
passenger1526,8,1,499,521,534,22,13,35,0
passenger1527,23,1,500,1571,1599,1071,28,1099,11
passenger1528,4,1,500,509,534,9,25,34,0
passenger1529,11,1,500,526,557,26,31,57,7
passenger1530,14,1,500,533,557,33,24,57,7
passenger1531,4,1,501,509,534,8,25,33,0
passenger1532,5,1,501,512,534,11,22,33,0
passenger1533,24,1,501,1782,1809,1281,27,1308,11
passenger1534,16,1,502,713,734,211,21,232,8
passenger1535,7,1,502,518,534,16,16,32,0
passenger1536,6,1,503,515,534,12,19,31,0
passenger1537,12,1,503,529,557,26,28,54,7
passenger1538,19,1,503,546,580,43,34,77,12
passenger1539,19,1,503,546,580,43,34,77,12
passenger1540,6,1,503,515,534,12,19,31,0
passenger1541,19,1,503,546,580,43,34,77,12
passenger1542,23,1,503,1571,1599,1068,28,1096,11
passenger1543,7,1,504,510,530,6,20,26,1
passenger1544,2,1,504,505,508,1,3,4,2
passenger1545,25,1,505,1993,2019,1488,26,1514,11
passenger1546,14,1,505,535,560,30,25,55,9
passenger1547,20,1,506,607,638,101,31,132,11
passenger1548,9,1,506,516,530,10,14,24,1
passenger1549,9,1,506,518,530,12,12,24,3
passenger1550,7,1,506,510,530,4,20,24,1
passenger1551,7,1,506,514,530,8,16,24,3
passenger1552,13,1,507,532,560,25,28,53,9
passenger1553,4,1,508,525,530,17,5,22,1
passenger1554,22,1,508,1308,1337,800,29,829,11
passenger1555,14,1,508,535,560,27,25,52,9
passenger1556,23,1,509,1571,1599,1062,28,1090,11
passenger1557,14,1,509,535,560,26,25,51,9
passenger1558,9,1,509,516,530,7,14,21,1
passenger1559,14,1,509,535,560,26,25,51,9
passenger1560,5,1,510,510,530,0,20,20,3
passenger1561,21,1,510,1149,1179,639,30,669,11
passenger1562,19,1,510,548,582,38,34,72,11
passenger1563,5,1,510,510,530,0,20,20,3
passenger1564,15,1,511,538,560,27,22,49,9
passenger1565,14,1,511,535,560,24,25,49,9
passenger1566,6,1,511,521,530,10,9,19,1
passenger1567,4,1,512,525,530,13,5,18,3
passenger1568,20,1,513,607,638,94,31,125,11
passenger1569,8,1,513,513,530,0,17,17,1
passenger1570,14,1,513,535,560,22,25,47,9
passenger1571,7,1,514,514,530,0,16,16,3
passenger1572,17,1,514,1131,1149,617,18,635,6
passenger1573,3,1,514,516,522,2,6,8,2
passenger1574,10,1,515,517,549,2,32,34,6
passenger1575,15,1,515,618,638,103,20,123,6
passenger1576,12,1,515,521,549,6,28,34,6
passenger1577,16,1,515,984,1003,469,19,488,6
passenger1578,6,1,515,515,534,0,19,19,0
passenger1579,12,1,516,521,549,5,28,33,6
passenger1580,20,1,516,775,806,259,31,290,11
passenger1581,10,1,517,517,549,0,32,32,6
passenger1582,5,1,517,526,534,9,8,17,0
passenger1583,22,1,518,1308,1337,790,29,819,11
passenger1584,20,1,518,775,806,257,31,288,11
passenger1585,18,1,518,545,582,27,37,64,11
passenger1586,21,1,518,1149,1179,631,30,661,11
passenger1587,20,1,519,775,806,256,31,287,11
passenger1588,19,1,519,548,582,29,34,63,11
passenger1589,14,1,519,528,549,9,21,30,6
passenger1590,2,1,519,519,522,0,3,3,2
passenger1591,16,1,520,984,1003,464,19,483,6
passenger1592,8,1,520,545,559,25,14,39,1
passenger1593,20,1,521,827,858,306,31,337,11
passenger1594,13,1,522,524,549,2,25,27,6
passenger1595,23,1,522,1571,1599,1049,28,1077,11
passenger1596,16,1,523,984,1003,461,19,480,6
passenger1597,15,1,524,618,638,94,20,114,6
passenger1598,24,1,525,1834,1861,1309,27,1336,11
passenger1599,13,1,525,525,549,0,24,24,6
passenger1600,11,1,526,526,557,0,31,31,7
passenger1601,10,1,526,568,599,42,31,73,7
passenger1602,23,1,527,1621,1649,1094,28,1122,12
passenger1603,20,1,528,716,747,188,31,219,12
passenger1604,5,1,528,528,534,0,6,6,0
passenger1605,13,1,528,569,596,41,27,68,6
passenger1606,10,1,528,528,561,0,33,33,8
passenger1607,17,1,528,1131,1149,603,18,621,6
passenger1608,3,1,529,534,558,5,24,29,3
passenger1609,19,1,529,546,580,17,34,51,12
passenger1610,19,1,529,546,580,17,34,51,12
passenger1611,7,1,529,544,566,15,22,37,0
passenger1612,5,1,529,540,566,11,26,37,0
passenger1613,17,1,529,1131,1149,602,18,620,6
passenger1614,8,1,530,547,566,17,19,36,0
passenger1615,24,1,530,1884,1911,1354,27,1381,12
passenger1616,20,1,530,768,799,238,31,269,12
passenger1617,24,1,531,1936,1963,1405,27,1432,12
passenger1618,14,1,531,572,596,41,24,65,6
passenger1619,24,1,531,1936,1963,1405,27,1432,12
passenger1620,2,1,533,533,559,0,26,26,1
passenger1621,8,1,533,545,558,12,13,25,3
passenger1622,2,1,533,533,559,0,26,26,1
passenger1623,18,1,533,543,580,10,37,47,12
passenger1624,14,1,534,534,557,0,23,23,7
passenger1625,8,1,534,545,558,11,13,24,3
passenger1626,9,1,535,548,558,13,10,23,3
passenger1627,17,1,535,1131,1149,596,18,614,6
passenger1628,6,1,536,539,559,3,20,23,1
passenger1629,14,1,536,536,561,0,25,25,8
passenger1630,16,1,536,713,734,177,21,198,8
passenger1631,7,1,536,542,559,6,17,23,1
passenger1632,7,1,537,542,558,5,16,21,3
passenger1633,10,1,537,560,596,23,36,59,6
passenger1634,16,1,537,578,599,41,21,62,7
passenger1635,8,1,538,545,559,7,14,21,1
passenger1636,11,1,538,563,596,25,33,58,6
passenger1637,15,1,539,539,561,0,22,22,8
passenger1638,6,1,539,539,558,0,19,19,3
passenger1639,15,1,539,539,561,0,22,22,8
passenger1640,5,1,540,540,566,0,26,26,0
passenger1641,5,1,540,540,566,0,26,26,0
passenger1642,7,1,540,542,559,2,17,19,1
passenger1643,8,1,540,545,558,5,13,18,3
passenger1644,2,1,540,541,552,1,11,12,2
passenger1645,25,1,541,2199,2225,1658,26,1684,12
passenger1646,9,1,541,548,559,7,11,18,1
passenger1647,21,1,541,1043,1073,502,30,532,12
passenger1648,23,1,542,1621,1649,1079,28,1107,12
passenger1649,21,1,542,1043,1073,501,30,531,12
passenger1650,21,1,542,1043,1073,501,30,531,12
passenger1651,4,1,543,545,552,2,7,9,2
passenger1652,10,1,544,568,599,24,31,55,7
passenger1653,19,1,544,546,580,2,34,36,12
passenger1654,15,1,545,582,604,37,22,59,9
passenger1655,2,1,545,546,549,1,3,4,4
passenger1656,15,1,546,582,604,36,22,58,9
passenger1657,21,1,546,1095,1125,549,30,579,12
passenger1658,21,1,546,1095,1125,549,30,579,12
passenger1659,11,1,546,571,599,25,28,53,7
passenger1660,7,1,547,558,566,11,8,19,0
passenger1661,9,1,547,550,566,3,16,19,0
passenger1662,9,1,548,548,558,0,10,10,3
passenger1663,10,1,548,568,599,20,31,51,7
passenger1664,9,1,549,549,559,0,10,10,1
passenger1665,12,1,549,573,604,24,31,55,9
passenger1666,2,1,549,549,552,0,3,3,2
passenger1667,8,1,550,553,566,3,13,16,0
passenger1668,9,1,550,550,566,0,16,16,0
passenger1669,5,1,550,558,566,8,8,16,2
passenger1670,23,1,551,1571,1599,1020,28,1048,11
passenger1671,18,1,551,601,638,50,37,87,11
passenger1672,23,1,551,1623,1651,1072,28,1100,11
passenger1673,15,1,552,584,606,32,22,54,8
passenger1674,4,1,552,555,566,3,11,14,4
passenger1675,23,1,552,1621,1649,1069,28,1097,12
passenger1676,12,1,554,576,606,22,30,52,8
passenger1677,18,1,554,601,638,47,37,84,11
passenger1678,11,1,554,573,606,19,33,52,8
passenger1679,13,1,555,580,606,25,26,51,8
passenger1680,13,1,555,580,606,25,26,51,8
passenger1681,8,1,555,555,566,0,11,11,0
passenger1682,15,1,555,584,606,29,22,51,8
passenger1683,19,1,556,604,638,48,34,82,11
passenger1684,2,1,556,557,560,1,3,4,5
passenger1685,5,1,556,558,566,2,8,10,4
passenger1686,22,1,557,1308,1337,751,29,780,11
passenger1687,15,1,557,618,638,61,20,81,6
passenger1688,25,1,558,1993,2019,1435,26,1461,11
passenger1689,16,1,558,984,1003,426,19,445,6
passenger1690,17,1,559,1167,1185,608,18,626,6
passenger1691,23,1,559,1623,1651,1064,28,1092,11
passenger1692,17,1,559,1167,1185,608,18,626,6
passenger1693,9,1,559,578,596,19,18,37,0
passenger1694,14,1,560,572,596,12,24,36,6
passenger1695,7,1,560,574,596,14,22,36,0
passenger1696,10,1,560,560,596,0,36,36,6
passenger1697,18,1,560,599,636,39,37,76,12
passenger1698,5,1,560,560,566,0,6,6,2
passenger1699,18,1,561,599,636,38,37,75,12
passenger1700,16,1,561,984,1003,423,19,442,6
passenger1701,9,1,561,578,596,17,18,35,0
passenger1702,3,1,561,562,566,1,4,5,4
passenger1703,18,1,562,599,636,37,37,74,12
passenger1704,21,1,562,1149,1179,587,30,617,11
passenger1705,19,1,562,602,636,40,34,74,12
passenger1706,12,1,563,566,596,3,30,33,6
passenger1707,17,1,563,1167,1185,604,18,622,6
passenger1708,11,1,563,563,596,0,33,33,6
passenger1709,10,1,563,607,638,44,31,75,6
passenger1710,9,1,563,580,591,17,11,28,2
passenger1711,7,1,563,576,591,13,15,28,2
passenger1712,25,1,563,1993,2019,1430,26,1456,11
passenger1713,17,1,564,1167,1185,603,18,621,6
passenger1714,6,1,564,575,582,11,7,18,4
passenger1715,22,1,564,1308,1337,744,29,773,11
passenger1716,5,1,564,572,591,8,19,27,2
passenger1717,16,1,565,984,1003,419,19,438,6
passenger1718,5,1,565,572,582,7,10,17,4
passenger1719,10,1,566,568,599,2,31,33,7
passenger1720,17,1,567,1167,1185,600,18,618,6
passenger1721,25,1,567,2045,2071,1478,26,1504,11
passenger1722,25,1,567,2045,2071,1478,26,1504,11
passenger1723,23,1,568,1623,1651,1055,28,1083,11
passenger1724,7,1,568,574,592,6,18,24,1
passenger1725,4,1,568,571,580,3,9,12,3
passenger1726,23,1,568,1623,1651,1055,28,1083,11
passenger1727,24,1,570,1834,1861,1264,27,1291,11
passenger1728,8,1,572,577,592,5,15,20,1
passenger1729,2,1,572,573,576,1,3,4,5
passenger1730,17,1,572,1167,1185,595,18,613,6
passenger1731,3,1,572,576,580,4,4,8,3
passenger1732,2,1,572,573,576,1,3,4,5
passenger1733,24,1,572,1834,1861,1262,27,1289,11
passenger1734,13,1,573,576,604,3,28,31,9
passenger1735,4,1,573,573,580,0,7,7,3
passenger1736,17,1,573,1167,1185,594,18,612,6
passenger1737,10,1,573,617,651,44,34,78,8
passenger1738,14,1,573,573,596,0,23,23,6
passenger1739,23,1,574,1623,1651,1049,28,1077,11
passenger1740,7,1,574,574,592,0,18,18,1
passenger1741,17,1,575,1167,1185,592,18,610,6
passenger1742,21,1,575,1149,1179,574,30,604,11
passenger1743,12,1,576,576,606,0,30,30,8
passenger1744,25,1,576,2045,2071,1469,26,1495,11
passenger1745,12,1,577,577,606,0,29,29,8
passenger1746,13,1,578,578,604,0,26,26,9
passenger1747,23,1,579,1623,1651,1044,28,1072,11
passenger1748,17,1,579,758,776,179,18,197,7
passenger1749,22,1,580,1360,1389,780,29,809,11
passenger1750,20,1,580,827,858,247,31,278,11
passenger1751,19,1,580,604,638,24,34,58,11
passenger1752,7,1,580,580,592,0,12,12,1
passenger1753,11,1,580,616,649,36,33,69,9
passenger1754,22,1,581,1360,1389,779,29,808,11
passenger1755,16,1,581,984,1003,403,19,422,6
passenger1756,8,1,581,581,596,0,15,15,0
passenger1757,9,1,581,581,591,0,10,10,2
passenger1758,20,1,581,827,858,246,31,277,11
passenger1759,6,1,582,583,592,1,9,10,1
passenger1760,4,1,583,587,592,4,5,9,1
passenger1761,20,1,583,768,799,185,31,216,12
passenger1762,8,1,583,583,596,0,13,13,0
passenger1763,20,1,584,768,799,184,31,215,12
passenger1764,14,1,584,671,694,87,23,110,8
passenger1765,25,1,584,2199,2225,1615,26,1641,12
passenger1766,14,1,585,618,643,33,25,58,7
passenger1767,22,1,586,1306,1335,720,29,749,12
passenger1768,22,1,586,1306,1335,720,29,749,12
passenger1769,7,1,586,586,596,0,10,10,0
passenger1770,25,1,587,2199,2225,1612,26,1638,12
passenger1771,19,1,587,602,636,15,34,49,12
passenger1772,4,1,587,587,592,0,5,5,1
passenger1773,2,1,588,589,595,1,6,7,3
passenger1774,8,1,589,616,633,27,17,44,0
passenger1775,2,1,589,589,595,0,6,6,3
passenger1776,10,1,589,610,643,21,33,54,7
passenger1777,25,1,589,2199,2225,1610,26,1636,12
passenger1778,13,1,589,615,643,26,28,54,7
passenger1779,2,1,590,590,595,0,5,5,3
passenger1780,13,1,590,622,649,32,27,59,9
passenger1781,7,1,590,611,633,21,22,43,0
passenger1782,22,1,591,1306,1335,715,29,744,12
passenger1783,4,1,591,591,596,0,5,5,0
passenger1784,20,1,592,768,799,176,31,207,12
passenger1785,12,1,592,619,649,27,30,57,9
passenger1786,2,1,592,592,595,0,3,3,3
passenger1787,18,1,593,599,636,6,37,43,12
passenger1788,12,1,593,619,649,26,30,56,9
passenger1789,20,1,593,768,799,175,31,206,12
passenger1790,16,1,596,713,734,117,21,138,8
passenger1791,20,1,596,768,799,172,31,203,12
passenger1792,13,1,597,626,651,29,25,54,8
passenger1793,2,1,597,598,626,1,28,29,1
passenger1794,5,1,598,603,626,5,23,28,1
passenger1795,13,1,598,626,651,28,25,53,8
passenger1796,11,1,599,620,651,21,31,52,8
passenger1797,21,1,599,1095,1125,496,30,526,12
passenger1798,11,1,599,620,651,21,31,52,8
passenger1799,22,1,600,1306,1335,706,29,735,12
passenger1800,6,1,600,608,633,8,25,33,0
passenger1801,11,1,601,620,651,19,31,50,8
passenger1802,20,1,601,827,858,226,31,257,11
passenger1803,4,1,601,601,633,0,32,32,0
passenger1804,9,1,601,619,633,18,14,32,0
passenger1805,20,1,601,827,858,226,31,257,11
passenger1806,16,1,601,713,734,112,21,133,8
passenger1807,20,1,602,768,799,166,31,197,12
passenger1808,14,1,602,671,694,69,23,92,8
passenger1809,22,1,602,1306,1335,704,29,733,12
passenger1810,23,1,602,1673,1701,1071,28,1099,12
passenger1811,25,1,602,2199,2225,1597,26,1623,12
passenger1812,4,1,603,603,633,0,30,30,0
passenger1813,16,1,603,984,1003,381,19,400,6
passenger1814,4,1,604,604,633,0,29,29,0
passenger1815,7,1,605,607,626,2,19,21,1
passenger1816,9,1,605,612,626,7,14,21,1
passenger1817,17,1,606,1167,1185,561,18,579,6
passenger1818,12,1,606,613,638,7,25,32,6
passenger1819,22,1,606,1306,1335,700,29,729,12
passenger1820,9,1,607,612,626,5,14,19,1
passenger1821,16,1,608,1020,1039,412,19,431,6
passenger1822,20,1,608,827,858,219,31,250,11
passenger1823,25,1,608,2199,2225,1591,26,1617,12
passenger1824,7,1,608,608,626,0,18,18,1
passenger1825,19,1,608,662,694,54,32,86,11
passenger1826,4,1,608,626,633,18,7,25,0
passenger1827,15,1,609,662,684,53,22,75,6
passenger1828,11,1,609,610,638,1,28,29,6
passenger1829,25,1,609,2199,2225,1590,26,1616,12
passenger1830,20,1,609,827,858,218,31,249,11
passenger1831,24,1,609,1936,1963,1327,27,1354,12
passenger1832,22,1,609,1306,1335,697,29,726,12
passenger1833,11,1,610,610,638,0,28,28,6
passenger1834,19,1,610,662,694,52,32,84,11
passenger1835,2,1,610,611,640,1,29,30,2
passenger1836,15,1,612,662,684,50,22,72,6
passenger1837,3,1,612,614,640,2,26,28,2
passenger1838,19,1,612,662,694,50,32,82,11
passenger1839,25,1,612,2199,2225,1587,26,1613,12
passenger1840,18,1,612,657,694,45,37,82,11
passenger1841,22,1,613,1360,1389,747,29,776,11
passenger1842,7,1,613,613,633,0,20,20,0
passenger1843,25,1,613,2045,2071,1432,26,1458,11
passenger1844,15,1,613,662,684,49,22,71,6
passenger1845,18,1,614,655,691,41,36,77,12
passenger1846,20,1,614,768,799,154,31,185,12
passenger1847,17,1,614,758,776,144,18,162,7
passenger1848,9,1,614,614,626,0,12,12,1
passenger1849,16,1,615,622,643,7,21,28,7
passenger1850,17,1,615,758,776,143,18,161,7
passenger1851,22,1,615,1306,1335,691,29,720,12
passenger1852,13,1,615,615,643,0,28,28,7
passenger1853,14,1,616,618,643,2,25,27,7
passenger1854,14,1,616,618,643,2,25,27,7
passenger1855,4,1,616,617,640,1,23,24,2
passenger1856,4,1,616,617,640,1,23,24,2
passenger1857,2,1,616,617,620,1,3,4,3
passenger1858,17,1,617,1167,1185,550,18,568,6
passenger1859,12,1,618,619,649,1,30,31,9
passenger1860,22,1,619,1360,1389,741,29,770,11
passenger1861,18,1,619,655,691,36,36,72,12
passenger1862,5,1,619,620,640,1,20,21,2
passenger1863,4,1,620,645,670,25,25,50,2
passenger1864,10,1,621,662,694,41,32,73,8
passenger1865,24,1,621,1834,1861,1213,27,1240,11
passenger1866,3,1,621,622,626,1,4,5,1
passenger1867,6,1,621,623,640,2,17,19,2
passenger1868,2,1,622,623,626,1,3,4,3
passenger1869,11,1,622,622,651,0,29,29,8
passenger1870,25,1,622,2045,2071,1423,26,1449,11
passenger1871,18,1,623,657,694,34,37,71,11
passenger1872,13,1,623,623,649,0,26,26,9
passenger1873,5,1,623,648,670,25,22,47,2
passenger1874,10,1,623,662,694,39,32,71,8
passenger1875,14,1,623,626,649,3,23,26,9
passenger1876,8,1,624,631,640,7,9,16,2
passenger1877,18,1,625,657,694,32,37,69,11
passenger1878,25,1,625,2045,2071,1420,26,1446,11
passenger1879,6,1,625,625,640,0,15,15,2
passenger1880,8,1,625,659,670,34,11,45,2
passenger1881,5,1,626,639,663,13,24,37,0
passenger1882,19,1,626,716,748,90,32,122,11
passenger1883,13,1,626,626,651,0,25,25,8
passenger1884,8,1,626,659,670,33,11,44,2
passenger1885,7,1,626,628,640,2,12,14,2
passenger1886,3,1,626,629,633,3,4,7,0
passenger1887,13,1,627,627,651,0,24,24,8
passenger1888,18,1,628,657,694,29,37,66,11
passenger1889,7,1,628,628,640,0,12,12,2
passenger1890,2,1,629,630,656,1,26,27,1
passenger1891,13,1,629,629,651,0,22,22,8
passenger1892,18,1,630,657,694,27,37,64,11
passenger1893,10,1,630,649,684,19,35,54,6
passenger1894,8,1,630,659,670,29,11,40,2
passenger1895,5,1,630,639,663,9,24,33,0
passenger1896,19,1,631,716,748,85,32,117,11
passenger1897,22,1,631,1360,1389,729,29,758,11
passenger1898,20,1,631,827,858,196,31,227,11
passenger1899,14,1,631,667,692,36,25,61,7
passenger1900,19,1,631,716,748,85,32,117,11
passenger1901,11,1,631,657,692,26,35,61,7
passenger1902,2,1,631,631,656,0,25,25,1
passenger1903,10,1,632,654,692,22,38,60,7
passenger1904,18,1,632,657,694,25,37,62,11
passenger1905,17,1,632,933,951,301,18,319,9
passenger1906,25,1,632,2045,2071,1413,26,1439,11
passenger1907,25,1,633,2045,2071,1412,26,1438,11
passenger1908,7,1,633,652,670,19,18,37,2
passenger1909,2,1,633,633,656,0,23,23,1
passenger1910,8,1,634,689,700,55,11,66,2
passenger1911,23,1,634,1623,1651,989,28,1017,11
passenger1912,21,1,635,1149,1179,514,30,544,11
passenger1913,4,1,635,637,656,2,19,21,1
passenger1914,5,1,635,648,670,13,22,35,2
passenger1915,15,1,636,672,694,36,22,58,9
passenger1916,17,1,636,935,953,299,18,317,8
passenger1917,25,1,636,2045,2071,1409,26,1435,11
passenger1918,20,1,636,827,858,191,31,222,11
passenger1919,7,1,637,642,656,5,14,19,1
passenger1920,2,1,638,639,642,1,3,4,3
passenger1921,17,1,638,971,989,333,18,351,8
passenger1922,15,1,639,674,694,35,20,55,8
passenger1923,24,1,639,1936,1963,1297,27,1324,12
passenger1924,15,1,639,674,694,35,20,55,8
passenger1925,14,1,639,671,694,32,23,55,8
passenger1926,9,1,639,647,663,8,16,24,0
passenger1927,4,1,641,658,663,17,5,22,0
passenger1928,23,1,641,1673,1701,1032,28,1060,12
passenger1929,21,1,641,1095,1125,454,30,484,12
passenger1930,5,1,642,653,663,11,10,21,0
passenger1931,18,1,642,655,691,13,36,49,12
passenger1932,10,1,642,662,694,20,32,52,8
passenger1933,12,1,642,666,694,24,28,52,8
passenger1934,22,1,642,1358,1387,716,29,745,12
passenger1935,22,1,642,1358,1387,716,29,745,12
passenger1936,6,1,642,642,663,0,21,21,0
passenger1937,9,1,643,646,656,3,10,13,1
passenger1938,21,1,644,1095,1125,451,30,481,12
passenger1939,24,1,644,1936,1963,1292,27,1319,12
passenger1940,3,1,646,674,700,28,26,54,2
passenger1941,22,1,646,1358,1387,712,29,741,12
passenger1942,13,1,647,656,684,9,28,37,6
passenger1943,16,1,647,1020,1039,373,19,392,6
passenger1944,3,1,647,674,700,27,26,53,2
passenger1945,18,1,647,655,691,8,36,44,12
passenger1946,18,1,647,655,691,8,36,44,12
passenger1947,17,1,648,1203,1221,555,18,573,6
passenger1948,20,1,648,768,799,120,31,151,12
passenger1949,24,1,649,1936,1963,1287,27,1314,12
passenger1950,22,1,649,1358,1387,709,29,738,12
passenger1951,19,1,649,658,691,9,33,42,12
passenger1952,25,1,649,2199,2225,1550,26,1576,12
passenger1953,18,1,649,655,691,6,36,42,12
passenger1954,18,1,650,655,691,5,36,41,12
passenger1955,15,1,651,662,684,11,22,33,6
passenger1956,20,1,651,768,799,117,31,148,12
passenger1957,3,1,652,654,658,2,4,6,3
passenger1958,14,1,652,659,684,7,25,32,6
passenger1959,12,1,652,653,684,1,31,32,6
passenger1960,23,1,652,1673,1701,1021,28,1049,12
passenger1961,3,1,652,654,658,2,4,6,4
passenger1962,17,1,652,1203,1221,551,18,569,6
passenger1963,6,1,653,677,690,24,13,37,0
passenger1964,23,1,653,1673,1701,1020,28,1048,12
passenger1965,22,1,653,1358,1387,705,29,734,12
passenger1966,7,1,653,653,670,0,17,17,2
passenger1967,22,1,653,1358,1387,705,29,734,12
passenger1968,13,1,653,656,684,3,28,31,6
passenger1969,25,1,653,2251,2277,1598,26,1624,12
passenger1970,19,1,654,658,691,4,33,37,12
passenger1971,2,1,654,655,658,1,3,4,5
passenger1972,6,1,654,677,690,23,13,36,0
passenger1973,11,1,654,657,692,3,35,38,7
passenger1974,7,1,655,655,670,0,15,15,2
passenger1975,5,1,655,655,663,0,8,8,0
passenger1976,25,1,656,2251,2277,1595,26,1621,12
passenger1977,22,1,656,1358,1387,702,29,731,12
passenger1978,12,1,656,704,727,48,23,71,6
passenger1979,7,1,656,656,670,0,14,14,2
passenger1980,6,1,656,677,690,21,13,34,0
passenger1981,23,1,657,1623,1651,966,28,994,11
passenger1982,9,1,657,720,730,63,10,73,2
passenger1983,2,1,658,659,662,1,3,4,1
passenger1984,11,1,658,658,692,0,34,34,7
passenger1985,12,1,658,661,692,3,31,34,7
passenger1986,16,1,658,1020,1039,362,19,381,6
passenger1987,10,1,658,703,732,45,29,74,7
passenger1988,24,1,658,1936,1963,1278,27,1305,12
passenger1989,17,1,658,1203,1221,545,18,563,6
passenger1990,25,1,659,2251,2277,1592,26,1618,12
passenger1991,10,1,659,660,694,1,34,35,9
passenger1992,17,1,659,1203,1221,544,18,562,6
passenger1993,10,1,659,660,694,1,34,35,9
passenger1994,18,1,659,659,694,0,35,35,11
passenger1995,19,1,659,659,691,0,32,32,12
passenger1996,9,1,659,720,730,61,10,71,2
passenger1997,24,1,659,1936,1963,1277,27,1304,12
passenger1998,22,1,660,1358,1387,698,29,727,12
passenger1999,23,1,660,1673,1701,1013,28,1041,12
passenger2000,7,1,661,684,700,23,16,39,2
passenger2001,19,1,661,713,747,52,34,86,12
passenger2002,4,1,661,668,690,7,22,29,0
passenger2003,4,1,662,668,690,6,22,28,0
passenger2004,25,1,662,2251,2277,1589,26,1615,12
passenger2005,5,1,662,673,690,11,17,28,0
passenger2006,22,1,663,1358,1387,695,29,724,12
passenger2007,12,1,663,663,692,0,29,29,7
passenger2008,9,1,663,720,730,57,10,67,2
passenger2009,3,1,663,666,670,3,4,7,1
passenger2010,18,1,664,713,748,49,35,84,11
passenger2011,19,1,664,716,748,52,32,84,11
passenger2012,13,1,664,665,694,1,29,30,9
passenger2013,21,1,664,1095,1125,431,30,461,12
passenger2014,9,1,664,744,760,80,16,96,2
passenger2015,15,1,665,829,849,164,20,184,6
passenger2016,8,1,665,689,700,24,11,35,2
passenger2017,15,1,665,829,849,164,20,184,6
passenger2018,5,1,666,678,700,12,22,34,2
passenger2019,13,1,666,666,694,0,28,28,9
passenger2020,15,1,666,829,849,163,20,183,6
passenger2021,15,1,667,670,692,3,22,25,7
passenger2022,12,1,667,667,694,0,27,27,8
passenger2023,17,1,667,1203,1221,536,18,554,6
passenger2024,14,1,667,667,692,0,25,25,7
passenger2025,8,1,668,703,714,35,11,46,0
passenger2026,7,1,668,700,714,32,14,46,0
passenger2027,17,1,668,1203,1221,535,18,553,6
passenger2028,24,1,668,1936,1963,1268,27,1295,12
passenger2029,20,1,668,827,858,159,31,190,11
passenger2030,17,1,669,1203,1221,534,18,552,6
passenger2031,24,1,669,1834,1861,1165,27,1192,11
passenger2032,23,1,669,1673,1701,1004,28,1032,12
passenger2033,14,1,669,669,694,0,25,25,9
passenger2034,4,1,670,670,690,0,20,20,0
passenger2035,17,1,670,758,776,88,18,106,7
passenger2036,16,1,670,673,692,3,19,22,7
passenger2037,8,1,670,703,714,33,11,44,0
passenger2038,22,1,670,1358,1387,688,29,717,12
passenger2039,22,1,671,1410,1439,739,29,768,12
passenger2040,9,1,671,730,747,59,17,76,0
passenger2041,13,1,671,712,738,41,26,67,9
passenger2042,6,1,672,677,690,5,13,18,0
passenger2043,6,1,672,677,690,5,13,18,0
passenger2044,8,1,673,703,714,30,11,41,0
passenger2045,10,1,673,695,727,22,32,54,6
passenger2046,8,1,674,703,714,29,11,40,0
passenger2047,5,1,674,674,690,0,16,16,0
passenger2048,12,1,674,704,727,30,23,53,6
passenger2049,16,1,674,711,732,37,21,58,7
passenger2050,9,1,675,730,747,55,17,72,0
passenger2051,14,1,675,709,734,34,25,59,8
passenger2052,8,1,675,703,714,28,11,39,0
passenger2053,18,1,676,713,748,37,35,72,11
passenger2054,17,1,676,933,951,257,18,275,9
passenger2055,25,1,677,2045,2071,1368,26,1394,11
passenger2056,3,1,677,704,730,27,26,53,2
passenger2057,22,1,677,1360,1389,683,29,712,11
passenger2058,10,1,678,695,727,17,32,49,6
passenger2059,3,1,678,680,688,2,8,10,1
passenger2060,18,1,679,713,748,34,35,69,11
passenger2061,6,1,679,697,714,18,17,35,0
passenger2062,6,1,680,681,700,1,19,20,2
passenger2063,25,1,680,2097,2123,1417,26,1443,11
passenger2064,7,1,680,700,714,20,14,34,0
passenger2065,15,1,681,716,738,35,22,57,9
passenger2066,6,1,681,681,700,0,19,19,2
passenger2067,4,1,682,683,688,1,5,6,1
passenger2068,2,1,683,684,687,1,3,4,3
passenger2069,2,1,683,684,687,1,3,4,4
passenger2070,13,1,683,712,738,29,26,55,9
passenger2071,12,1,684,709,738,25,29,54,9
passenger2072,2,1,684,684,687,0,3,3,3
passenger2073,10,1,684,705,738,21,33,54,9
passenger2074,8,1,684,689,700,5,11,16,2
passenger2075,15,1,684,716,738,32,22,54,9
passenger2076,25,1,684,2097,2123,1413,26,1439,11
passenger2077,18,1,684,713,748,29,35,64,11
passenger2078,24,1,684,1834,1861,1150,27,1177,11
passenger2079,6,1,685,697,714,12,17,29,0
passenger2080,7,1,686,686,700,0,14,14,2
passenger2081,20,1,686,883,917,197,34,231,11
passenger2082,9,1,686,744,760,58,16,74,2
passenger2083,22,1,686,1360,1389,674,29,703,11
passenger2084,13,1,686,712,738,26,26,52,9
passenger2085,6,1,687,713,730,26,17,43,2
passenger2086,22,1,687,1360,1389,673,29,702,11
passenger2087,15,1,688,716,738,28,22,50,9
passenger2088,21,1,688,1149,1179,461,30,491,11
passenger2089,12,1,688,709,738,21,29,50,9
passenger2090,5,1,688,710,730,22,20,42,2
passenger2091,18,1,689,713,748,24,35,59,11
passenger2092,4,1,690,693,702,3,9,12,1
passenger2093,17,1,690,933,951,243,18,261,9
passenger2094,12,1,691,704,727,13,23,36,6
passenger2095,20,1,691,883,917,192,34,226,11
passenger2096,22,1,691,1360,1389,669,29,698,11
passenger2097,11,1,691,698,727,7,29,36,6
passenger2098,23,1,691,1623,1651,932,28,960,11
passenger2099,4,1,692,693,702,1,9,10,1
passenger2100,4,1,692,693,702,1,9,10,1
passenger2101,25,1,693,2097,2123,1404,26,1430,11
passenger2102,15,1,693,829,849,136,20,156,6
passenger2103,12,1,693,704,727,11,23,34,6
passenger2104,5,1,693,696,702,3,6,9,1
passenger2105,8,1,693,717,730,24,13,37,2
passenger2106,18,1,693,713,748,20,35,55,11
passenger2107,21,1,693,1149,1179,456,30,486,11
passenger2108,23,1,693,1623,1651,930,28,958,11
passenger2109,11,1,694,698,727,4,29,33,6
passenger2110,12,1,695,742,765,47,23,70,6
passenger2111,5,1,696,696,702,0,6,6,1
passenger2112,3,1,696,698,714,2,16,18,3
passenger2113,12,1,697,742,765,45,23,68,6
passenger2114,15,1,698,829,849,131,20,151,6
passenger2115,4,1,698,701,714,3,13,16,3
passenger2116,11,1,700,700,727,0,27,27,6
passenger2117,17,1,700,1203,1221,503,18,521,6
passenger2118,21,1,700,1095,1125,395,30,425,12
passenger2119,24,1,701,1936,1963,1235,27,1262,12
passenger2120,10,1,701,738,765,37,27,64,6
passenger2121,11,1,701,701,727,0,26,26,6
passenger2122,22,1,702,1410,1439,708,29,737,12
passenger2123,18,1,702,710,747,8,37,45,12
passenger2124,8,1,702,703,714,1,11,12,0
passenger2125,18,1,702,710,747,8,37,45,12
passenger2126,5,1,702,704,714,2,10,12,3
passenger2127,12,1,702,742,765,40,23,63,6
passenger2128,9,1,703,730,747,27,17,44,0
passenger2129,25,1,703,2251,2277,1548,26,1574,12
passenger2130,2,1,704,705,709,1,4,5,1
passenger2131,22,1,704,1410,1439,706,29,735,12
passenger2132,8,1,704,727,747,23,20,43,0
passenger2133,2,1,704,705,708,1,3,4,4
passenger2134,17,1,704,1203,1221,499,18,517,6
passenger2135,18,1,706,710,747,4,37,41,12
passenger2136,5,1,706,706,714,0,8,8,3
passenger2137,2,1,706,706,709,0,3,3,1
passenger2138,4,1,707,707,730,0,23,23,2
passenger2139,11,1,707,744,776,37,32,69,7
passenger2140,5,1,708,708,714,0,6,6,3
passenger2141,18,1,709,710,747,1,37,38,12
passenger2142,3,1,709,734,760,25,26,51,2
passenger2143,20,1,709,826,857,117,31,148,12
passenger2144,22,1,709,1410,1439,701,29,730,12
passenger2145,19,1,710,713,747,3,34,37,12
passenger2146,24,1,710,1988,2017,1278,29,1307,12
passenger2147,24,1,710,1988,2017,1278,29,1307,12
passenger2148,3,1,710,713,717,3,4,7,1
passenger2149,10,1,710,749,776,39,27,66,9
passenger2150,20,1,710,882,913,172,31,203,12
passenger2151,10,1,711,749,776,38,27,65,9
passenger2152,19,1,711,713,747,2,34,36,12
passenger2153,20,1,712,882,913,170,31,201,12
passenger2154,25,1,712,2251,2277,1539,26,1565,12
passenger2155,9,1,713,744,760,31,16,47,2
passenger2156,10,1,713,749,776,36,27,63,9
passenger2157,2,1,714,715,718,1,3,4,4
passenger2158,8,1,714,717,730,3,13,16,2
passenger2159,8,1,715,717,730,2,13,15,2
passenger2160,12,1,716,742,765,26,23,49,6
passenger2161,12,1,716,742,765,26,23,49,6
passenger2162,22,1,717,1410,1439,693,29,722,12
passenger2163,20,1,718,882,913,164,31,195,12
passenger2164,19,1,719,772,806,53,34,87,11
passenger2165,2,1,719,720,723,1,3,4,1
passenger2166,13,1,719,750,776,31,26,57,7
passenger2167,19,1,721,772,806,51,34,85,11
passenger2168,7,1,721,722,747,1,25,26,0
passenger2169,12,1,722,751,780,29,29,58,8
passenger2170,19,1,722,772,806,50,34,84,11
passenger2171,21,1,722,1149,1179,427,30,457,11
passenger2172,22,1,722,1360,1389,638,29,667,11
passenger2173,12,1,722,747,776,25,29,54,7
passenger2174,11,1,723,746,780,23,34,57,8
passenger2175,11,1,723,744,776,21,32,53,7
passenger2176,18,1,723,767,806,44,39,83,11
passenger2177,12,1,723,751,780,28,29,57,8
passenger2178,11,1,724,746,780,22,34,56,8
passenger2179,6,1,724,756,780,32,24,56,0
passenger2180,13,1,724,797,821,73,24,97,9
passenger2181,7,1,724,724,747,0,23,23,0
passenger2182,14,1,725,800,821,75,21,96,9
passenger2183,23,1,725,1673,1701,948,28,976,12
passenger2184,20,1,725,882,913,157,31,188,12
passenger2185,13,1,726,797,821,71,24,95,9
passenger2186,25,1,726,2097,2123,1371,26,1397,11
passenger2187,25,1,726,2097,2123,1371,26,1397,11
passenger2188,12,1,727,753,776,26,23,49,9
passenger2189,20,1,727,936,969,209,33,242,12
passenger2190,10,1,728,749,776,21,27,48,9
passenger2191,23,1,729,1675,1705,946,30,976,11
passenger2192,10,1,729,749,776,20,27,47,9
passenger2193,8,1,730,734,747,4,13,17,0
passenger2194,5,1,730,738,753,8,15,23,1
passenger2195,22,1,731,1412,1443,681,31,712,11
passenger2196,9,1,731,731,747,0,16,16,0
passenger2197,21,1,731,1201,1233,470,32,502,11
passenger2198,4,1,731,735,753,4,18,22,1
passenger2199,14,1,731,800,821,69,21,90,9
passenger2200,12,1,732,753,776,21,23,44,9
passenger2201,12,1,732,753,776,21,23,44,9
passenger2202,6,1,732,741,753,9,12,21,1
passenger2203,3,1,732,732,753,0,21,21,1
passenger2204,10,1,733,749,776,16,27,43,9
passenger2205,13,1,734,783,805,49,22,71,6
passenger2206,21,1,735,1201,1233,466,32,498,11
passenger2207,13,1,735,783,805,48,22,70,6
passenger2208,7,1,735,739,747,4,8,12,0
passenger2209,8,1,736,736,747,0,11,11,0
passenger2210,16,1,736,1020,1039,284,19,303,6
passenger2211,12,1,737,742,765,5,23,28,6
passenger2212,23,1,737,1675,1705,938,30,968,11
passenger2213,12,1,737,742,765,5,23,28,6
passenger2214,15,1,737,909,929,172,20,192,6
passenger2215,3,1,737,749,753,12,4,16,1
passenger2216,6,1,738,739,760,1,21,22,2
passenger2217,22,1,738,1412,1443,674,31,705,11
passenger2218,10,1,738,738,765,0,27,27,6
passenger2219,12,1,740,742,765,2,23,25,6
passenger2220,16,1,740,1020,1039,280,19,299,6
passenger2221,3,1,740,742,748,2,6,8,3
passenger2222,14,1,740,826,849,86,23,109,6
passenger2223,10,1,741,776,805,35,29,64,6
passenger2224,5,1,741,745,753,4,8,12,1
passenger2225,12,1,741,780,805,39,25,64,6
passenger2226,12,1,742,780,805,38,25,63,6
passenger2227,6,1,742,742,753,0,11,11,1
passenger2228,15,1,743,909,929,166,20,186,6
passenger2229,19,1,743,772,806,29,34,63,11
passenger2230,8,1,744,747,760,3,13,16,2
passenger2231,25,1,744,2097,2123,1353,26,1379,11
passenger2232,16,1,744,1020,1039,276,19,295,6
passenger2233,20,1,744,883,917,139,34,173,11
passenger2234,3,1,744,744,748,0,4,4,3
passenger2235,20,1,744,883,917,139,34,173,11
passenger2236,10,1,744,787,820,43,33,76,7
passenger2237,19,1,744,772,806,28,34,62,11
passenger2238,21,1,745,1201,1233,456,32,488,11
passenger2239,8,1,745,747,760,2,13,15,2
passenger2240,8,1,746,747,760,1,13,14,2
passenger2241,3,1,747,752,756,5,4,9,3
passenger2242,16,1,747,1020,1039,273,19,292,6
passenger2243,20,1,747,883,917,136,34,170,11
passenger2244,11,1,748,748,780,0,32,32,8
passenger2245,5,1,748,763,769,15,6,21,1
passenger2246,9,1,748,776,792,28,16,44,2
passenger2247,11,1,748,748,780,0,32,32,8
passenger2248,23,1,749,1014,1042,265,28,293,13
passenger2249,4,1,749,758,769,9,11,20,1
passenger2250,10,1,749,749,776,0,27,27,9
passenger2251,17,1,750,1203,1221,453,18,471,6
passenger2252,7,1,750,750,760,0,10,10,2
passenger2253,23,1,750,1014,1042,264,28,292,13
passenger2254,23,1,750,1014,1042,264,28,292,13
passenger2255,11,1,751,792,822,41,30,71,8
passenger2256,19,1,751,769,810,18,41,59,13
passenger2257,20,1,751,773,810,22,37,59,13
passenger2258,18,1,752,766,810,14,44,58,13
passenger2259,6,1,752,753,760,1,7,8,2
passenger2260,3,1,752,752,756,0,4,4,3
passenger2261,10,1,752,787,821,35,34,69,9
passenger2262,5,1,752,753,780,1,27,28,0
passenger2263,9,1,753,776,792,23,16,39,2
passenger2264,17,1,753,758,776,5,18,23,7
passenger2265,16,1,753,755,776,2,21,23,7
passenger2266,7,1,754,768,792,14,24,38,2
passenger2267,2,1,754,755,762,1,7,8,4
passenger2268,7,1,754,768,792,14,24,38,2
passenger2269,12,1,755,791,821,36,30,66,9
passenger2270,20,1,755,773,810,18,37,55,13
passenger2271,10,1,756,776,805,20,29,49,6
passenger2272,8,1,756,765,780,9,15,24,0
passenger2273,15,1,756,756,780,0,24,24,8
passenger2274,3,1,756,758,762,2,4,6,4
passenger2275,7,1,757,759,780,2,21,23,0
passenger2276,2,1,758,759,763,1,4,5,3
passenger2277,14,1,758,801,822,43,21,64,8
passenger2278,12,1,758,795,822,37,27,64,8
passenger2279,15,1,758,758,780,0,22,22,8
passenger2280,16,1,759,846,867,87,21,108,9
passenger2281,11,1,759,792,822,33,30,63,8
passenger2282,22,1,760,959,988,199,29,228,13
passenger2283,24,1,760,1069,1096,309,27,336,13
passenger2284,4,1,760,760,769,0,9,9,1
passenger2285,24,1,760,1069,1096,309,27,336,13
passenger2286,6,1,760,773,780,13,7,20,0
passenger2287,7,1,760,760,780,0,20,20,0
passenger2288,14,1,760,801,822,41,21,62,8
passenger2289,2,1,760,760,763,0,3,3,3
passenger2290,10,1,761,776,805,15,29,44,6
passenger2291,6,1,761,773,780,12,7,19,0
passenger2292,13,1,761,794,820,33,26,59,7
passenger2293,21,1,762,780,810,18,30,48,13
passenger2294,24,1,762,1069,1096,307,27,334,13
passenger2295,7,1,762,762,780,0,18,18,0
passenger2296,15,1,763,802,820,39,18,57,7
passenger2297,13,1,763,794,820,31,26,57,7
passenger2298,11,1,764,790,820,26,30,56,7
passenger2299,17,1,764,971,989,207,18,225,8
passenger2300,25,1,764,1124,1150,360,26,386,13
passenger2301,11,1,765,790,820,25,30,55,7
passenger2302,3,1,765,796,822,31,26,57,2
passenger2303,23,1,766,1066,1096,300,30,330,13
passenger2304,24,1,766,1069,1096,303,27,330,13
passenger2305,9,1,767,768,780,1,12,13,0
passenger2306,14,1,767,801,822,34,21,55,8
passenger2307,22,1,767,1410,1439,643,29,672,12
passenger2308,14,1,767,841,864,74,23,97,8
passenger2309,13,1,767,798,822,31,24,55,8
passenger2310,24,1,767,1988,2017,1221,29,1250,12
passenger2311,21,1,767,1095,1125,328,30,358,12
passenger2312,14,1,767,841,864,74,23,97,8
passenger2313,5,1,768,800,822,32,22,54,2
passenger2314,12,1,769,795,822,26,27,53,8
passenger2315,18,1,769,769,806,0,37,37,11
passenger2316,8,1,769,773,792,4,19,23,2
passenger2317,14,1,769,841,864,72,23,95,8
passenger2318,17,1,770,971,989,201,18,219,8
passenger2319,4,1,770,774,779,4,5,9,1
passenger2320,15,1,770,844,864,74,20,94,8
passenger2321,19,1,770,770,810,0,40,40,13
passenger2322,7,1,770,770,792,0,22,22,2
passenger2323,15,1,770,929,953,159,24,183,8
passenger2324,19,1,770,770,810,0,40,40,13
passenger2325,3,1,770,772,779,2,7,9,3
passenger2326,17,1,771,971,989,200,18,218,8
passenger2327,8,1,772,773,792,1,19,20,2
passenger2328,11,1,773,792,822,19,30,49,8
passenger2329,17,1,773,971,989,198,18,216,8
passenger2330,2,1,773,774,777,1,3,4,4
passenger2331,2,1,773,774,777,1,3,4,5
passenger2332,12,1,773,795,822,22,27,49,8
passenger2333,24,1,773,1988,2017,1215,29,1244,12
passenger2334,2,1,774,774,777,0,3,3,4
passenger2335,20,1,774,774,810,0,36,36,13
passenger2336,3,1,774,774,779,0,5,5,3
passenger2337,13,1,775,783,805,8,22,30,6
passenger2338,12,1,775,780,805,5,25,30,6
passenger2339,13,1,775,783,805,8,22,30,6
passenger2340,3,1,775,775,779,0,4,4,3
passenger2341,20,1,776,776,810,0,34,34,13
passenger2342,8,1,776,781,792,5,11,16,2
passenger2343,20,1,777,777,810,0,33,33,13
passenger2344,17,1,778,1239,1257,461,18,479,6
passenger2345,15,1,778,909,929,131,20,151,6
passenger2346,9,1,778,778,792,0,14,14,2
passenger2347,17,1,779,1239,1257,460,18,478,6
passenger2348,25,1,779,2097,2123,1318,26,1344,11
passenger2349,24,1,780,1834,1861,1054,27,1081,11
passenger2350,23,1,780,1675,1705,895,30,925,11
passenger2351,7,1,780,784,792,4,8,12,2
passenger2352,16,1,780,1020,1039,240,19,259,6
passenger2353,11,1,782,817,849,35,32,67,6
passenger2354,25,1,782,2097,2123,1315,26,1341,11
passenger2355,24,1,782,1834,1861,1052,27,1079,11
passenger2356,22,1,783,1011,1042,228,31,259,13
passenger2357,5,1,783,800,822,17,22,39,2
passenger2358,9,1,783,836,853,53,17,70,2
passenger2359,19,1,784,823,857,39,34,73,12
passenger2360,19,1,784,823,857,39,34,73,12
passenger2361,10,1,784,787,820,3,33,36,7
passenger2362,5,1,785,800,822,15,22,37,2
passenger2363,5,1,785,800,822,15,22,37,2
passenger2364,18,1,785,818,857,33,39,72,12
passenger2365,12,1,785,820,849,35,29,64,6
passenger2366,13,1,786,823,849,37,26,63,6
passenger2367,21,1,786,1201,1233,415,32,447,11
passenger2368,2,1,787,788,791,1,3,4,0
passenger2369,20,1,787,883,917,96,34,130,11
passenger2370,8,1,788,809,822,21,13,34,2
passenger2371,24,1,788,1069,1096,281,27,308,13
passenger2372,24,1,789,1069,1096,280,27,307,13
passenger2373,14,1,789,826,849,37,23,60,6
passenger2374,9,1,789,836,853,47,17,64,2
passenger2375,7,1,789,806,822,17,16,33,2
passenger2376,6,1,789,803,822,14,19,33,2
passenger2377,25,1,790,1124,1150,334,26,360,13
passenger2378,6,1,791,803,822,12,19,31,2
passenger2379,12,1,792,792,821,0,29,29,9
passenger2380,13,1,792,797,821,5,24,29,9
passenger2381,18,1,792,829,870,37,41,78,13
passenger2382,22,1,792,1011,1042,219,31,250,13
passenger2383,15,1,792,909,929,117,20,137,6
passenger2384,20,1,793,837,870,44,33,77,13
passenger2385,15,1,793,945,967,152,22,174,6
passenger2386,12,1,794,794,821,0,27,27,9
passenger2387,5,1,794,802,808,8,6,14,0
passenger2388,7,1,794,804,826,10,22,32,1
passenger2389,12,1,794,794,821,0,27,27,9
passenger2390,3,1,795,796,808,1,12,13,0
passenger2391,9,1,796,810,826,14,16,30,1
passenger2392,13,1,796,796,820,0,24,24,7
passenger2393,13,1,796,796,820,0,24,24,7
passenger2394,21,1,797,840,870,43,30,73,13
passenger2395,25,1,798,1124,1150,326,26,352,13
passenger2396,19,1,798,832,870,34,38,72,13
passenger2397,3,1,798,798,808,0,10,10,0
passenger2398,11,1,798,836,867,38,31,69,7
passenger2399,19,1,798,832,870,34,38,72,13
passenger2400,16,1,799,849,867,50,18,68,7
passenger2401,12,1,799,836,867,37,31,68,9
passenger2402,12,1,799,836,867,37,31,68,9
passenger2403,11,1,799,833,867,34,34,68,9
passenger2404,15,1,799,846,867,47,21,68,7
passenger2405,6,1,799,799,826,0,27,27,1
passenger2406,14,1,799,799,820,0,21,21,7
passenger2407,6,1,801,801,826,0,25,25,1
passenger2408,18,1,802,829,870,27,41,68,13
passenger2409,22,1,803,1011,1042,208,31,239,13
passenger2410,14,1,803,841,864,38,23,61,8
passenger2411,11,1,803,834,864,31,30,61,8
passenger2412,24,1,804,1121,1150,317,29,346,13
passenger2413,17,1,804,933,951,129,18,147,9
passenger2414,12,1,805,839,867,34,28,62,7
passenger2415,2,1,805,806,809,1,3,4,3
passenger2416,2,1,806,806,809,0,3,3,3
passenger2417,7,1,806,806,826,0,20,20,1
passenger2418,7,1,806,806,826,0,20,20,1
passenger2419,19,1,806,823,857,17,34,51,12
passenger2420,14,1,807,843,867,36,24,60,7
passenger2421,25,1,807,2251,2277,1444,26,1470,12
passenger2422,14,1,807,843,867,36,24,60,7
passenger2423,23,1,808,1673,1701,865,28,893,12
passenger2424,15,1,809,929,953,120,24,144,8
passenger2425,10,1,809,831,867,22,36,58,7
passenger2426,19,1,810,823,857,13,34,47,12
passenger2427,12,1,810,836,867,26,31,57,9
passenger2428,8,1,811,811,822,0,11,11,2
passenger2429,13,1,811,838,864,27,26,53,8
passenger2430,17,1,811,971,989,160,18,178,8
passenger2431,11,1,811,833,867,22,34,56,9
passenger2432,18,1,811,818,857,7,39,46,12
passenger2433,25,1,812,2251,2277,1439,26,1465,12
passenger2434,11,1,812,834,864,22,30,52,8
passenger2435,9,1,813,845,857,32,12,44,1
passenger2436,11,1,813,834,864,21,30,51,8
passenger2437,22,1,813,1410,1439,597,29,626,12
passenger2438,6,1,813,815,826,2,11,13,1
passenger2439,25,1,813,2251,2277,1438,26,1464,12
passenger2440,11,1,814,834,864,20,30,50,8
passenger2441,22,1,815,1410,1439,595,29,624,12
passenger2442,20,1,815,936,969,121,33,154,12
passenger2443,20,1,816,936,969,120,33,153,12
passenger2444,23,1,817,1673,1701,856,28,884,12
passenger2445,6,1,817,817,826,0,9,9,1
passenger2446,16,1,818,1020,1039,202,19,221,6
passenger2447,4,1,818,827,853,9,26,35,2
passenger2448,9,1,819,845,857,26,12,38,1
passenger2449,2,1,819,820,845,1,25,26,0
passenger2450,18,1,819,819,857,0,38,38,12
passenger2451,16,1,820,1020,1039,200,19,219,6
passenger2452,19,1,820,823,857,3,34,37,12
passenger2453,6,1,820,838,857,18,19,37,1
passenger2454,9,1,820,845,857,25,12,37,1
passenger2455,18,1,820,820,857,0,37,37,12
passenger2456,21,1,820,1095,1125,275,30,305,12
passenger2457,23,1,820,1673,1701,853,28,881,12
passenger2458,3,1,821,823,845,2,22,24,0
passenger2459,11,1,822,861,889,39,28,67,6
passenger2460,2,1,823,823,826,0,3,3,1
passenger2461,21,1,824,1095,1125,271,30,301,12
passenger2462,4,1,824,826,845,2,19,21,0
passenger2463,21,1,824,1147,1179,323,32,355,12
passenger2464,5,1,825,829,845,4,16,20,0
passenger2465,2,1,826,827,831,1,4,5,3
passenger2466,23,1,826,1725,1755,899,30,929,12
passenger2467,12,1,826,864,889,38,25,63,6
passenger2468,12,1,826,864,889,38,25,63,6
passenger2469,17,1,827,1239,1257,412,18,430,6
passenger2470,8,1,827,833,853,6,20,26,2
passenger2471,18,1,827,829,870,2,41,43,13
passenger2472,12,1,827,864,889,37,25,62,6
passenger2473,8,1,828,836,845,8,9,17,0
passenger2474,11,1,828,861,889,33,28,61,6
passenger2475,2,1,828,828,831,0,3,3,3
passenger2476,9,1,828,836,853,8,17,25,2
passenger2477,16,1,828,1056,1077,228,21,249,6
passenger2478,5,1,829,829,845,0,16,16,0
passenger2479,4,1,830,831,857,1,26,27,1
passenger2480,17,1,831,1239,1257,408,18,426,6
passenger2481,12,1,831,839,867,8,28,36,7
passenger2482,5,1,831,831,845,0,14,14,0
passenger2483,19,1,831,832,870,1,38,39,13
passenger2484,20,1,831,837,870,6,33,39,13
passenger2485,2,1,832,834,841,2,7,9,3
passenger2486,6,1,832,844,853,12,9,21,2
passenger2487,10,1,833,833,867,0,34,34,7
passenger2488,19,1,834,834,870,0,36,36,13
passenger2489,3,1,834,837,841,3,4,7,3
passenger2490,21,1,834,956,988,122,32,154,13
passenger2491,9,1,834,836,853,2,17,19,2
passenger2492,5,1,834,834,857,0,23,23,1
passenger2493,22,1,834,1410,1439,576,29,605,12
passenger2494,4,1,835,852,857,17,5,22,1
passenger2495,5,1,835,835,857,0,22,22,1
passenger2496,24,1,835,1834,1861,999,27,1026,11
passenger2497,14,1,837,906,929,69,23,92,6
passenger2498,13,1,837,867,889,30,22,52,6
passenger2499,18,1,838,889,928,51,39,90,13
passenger2500,17,1,838,971,989,133,18,151,8
passenger2501,16,1,838,932,953,94,21,115,8
passenger2502,2,1,838,839,849,1,10,11,4
passenger2503,15,1,839,843,867,4,24,28,9
passenger2504,8,1,839,839,853,0,14,14,2
passenger2505,21,1,840,956,988,116,32,148,13
passenger2506,14,1,840,840,867,0,27,27,9
passenger2507,4,1,840,843,849,3,6,9,4
passenger2508,23,1,840,1066,1096,226,30,256,13
passenger2509,8,1,840,840,853,0,13,13,2
passenger2510,8,1,842,842,857,0,15,15,1
passenger2511,24,1,843,1121,1150,278,29,307,13
passenger2512,20,1,843,897,928,54,31,85,13
passenger2513,22,1,843,1011,1042,168,31,199,13
passenger2514,17,1,844,933,951,89,18,107,9
passenger2515,23,1,844,1066,1096,222,30,252,13
passenger2516,4,1,844,844,849,0,5,5,4
passenger2517,16,1,844,846,867,2,21,23,9
passenger2518,9,1,845,845,857,0,12,12,1
passenger2519,11,1,845,884,916,39,32,71,7
passenger2520,7,1,845,866,882,21,16,37,2
passenger2521,6,1,846,846,853,0,7,7,2
passenger2522,12,1,846,887,916,41,29,70,7
passenger2523,24,1,846,1121,1150,275,29,304,13
passenger2524,17,1,847,933,951,86,18,104,9
passenger2525,10,1,848,878,916,30,38,68,7
passenger2526,12,1,848,887,916,39,29,68,7
passenger2527,14,1,848,891,916,43,25,68,7
passenger2528,7,1,850,869,889,19,20,39,1
passenger2529,14,1,850,886,907,36,21,57,8
passenger2530,18,1,850,889,928,39,39,78,13
passenger2531,7,1,850,869,889,19,20,39,1
passenger2532,16,1,850,850,867,0,17,17,7
passenger2533,19,1,850,892,928,42,36,78,13
passenger2534,14,1,850,926,953,76,27,103,8
passenger2535,9,1,851,873,889,22,16,38,1
passenger2536,15,1,851,894,916,43,22,65,7
passenger2537,21,1,851,956,988,105,32,137,13
passenger2538,7,1,851,869,889,18,20,38,1
passenger2539,15,1,852,894,916,42,22,64,7
passenger2540,18,1,852,889,928,37,39,76,13
passenger2541,9,1,852,873,889,21,16,37,1
passenger2542,11,1,853,879,907,26,28,54,8
passenger2543,23,1,853,1066,1096,213,30,243,13
passenger2544,10,1,853,875,907,22,32,54,8
passenger2545,16,1,854,897,916,43,19,62,7
passenger2546,5,1,854,863,889,9,26,35,1
passenger2547,24,1,855,1121,1150,266,29,295,13
passenger2548,16,1,855,896,915,41,19,60,9
passenger2549,20,1,855,953,988,98,35,133,13
passenger2550,16,1,855,941,962,86,21,107,7
passenger2551,10,1,855,875,907,20,32,52,8
passenger2552,10,1,855,875,907,20,32,52,8
passenger2553,18,1,856,889,928,33,39,72,13
passenger2554,22,1,856,1011,1042,155,31,186,13
passenger2555,5,1,857,862,882,5,20,25,2
passenger2556,22,1,857,1011,1042,154,31,185,13
passenger2557,21,1,858,956,988,98,32,130,13
passenger2558,4,1,858,858,882,0,24,24,2
passenger2559,4,1,859,859,882,0,23,23,2
passenger2560,18,1,860,889,928,29,39,68,13
passenger2561,22,1,860,1011,1042,151,31,182,13
passenger2562,11,1,860,861,889,1,28,29,6
passenger2563,17,1,860,1239,1257,379,18,397,6
passenger2564,25,1,860,1124,1150,264,26,290,13
passenger2565,9,1,861,872,882,11,10,21,2
passenger2566,7,1,862,866,882,4,16,20,2
passenger2567,25,1,862,1124,1150,262,26,288,13
passenger2568,8,1,862,869,882,7,13,20,2
passenger2569,13,1,862,867,889,5,22,27,6
passenger2570,12,1,862,864,889,2,25,27,6
passenger2571,14,1,862,906,929,44,23,67,6
passenger2572,8,1,862,869,882,7,13,20,2
passenger2573,18,1,863,889,928,26,39,65,13
passenger2574,18,1,863,889,928,26,39,65,13
passenger2575,6,1,863,866,889,3,23,26,1
passenger2576,13,1,864,867,889,3,22,25,6
passenger2577,3,1,864,866,870,2,4,6,0
passenger2578,7,1,866,866,882,0,16,16,2
passenger2579,25,1,866,2251,2277,1385,26,1411,12
passenger2580,14,1,866,906,929,40,23,63,6
passenger2581,16,1,866,1056,1077,190,21,211,6
passenger2582,23,1,866,1725,1755,859,30,889,12
passenger2583,19,1,867,879,913,12,34,46,12
passenger2584,21,1,867,1147,1179,280,32,312,12
passenger2585,19,1,867,879,913,12,34,46,12
passenger2586,13,1,869,903,929,34,26,60,6
passenger2587,17,1,869,1239,1257,370,18,388,6
passenger2588,8,1,869,869,882,0,13,13,2
passenger2589,23,1,869,1725,1755,856,30,886,12
passenger2590,6,1,870,898,919,28,21,49,1
passenger2591,23,1,870,1725,1755,855,30,885,12
passenger2592,23,1,870,1725,1755,855,30,885,12
passenger2593,5,1,871,895,919,24,24,48,1
passenger2594,19,1,871,879,913,8,34,42,12
passenger2595,25,1,871,2303,2329,1432,26,1458,12
passenger2596,15,1,871,945,967,74,22,96,6
passenger2597,10,1,872,875,907,3,32,35,8
passenger2598,23,1,872,1725,1755,853,30,883,12
passenger2599,14,1,872,906,929,34,23,57,6
passenger2600,4,1,872,875,888,3,13,16,0
passenger2601,7,1,873,881,889,8,8,16,1
passenger2602,18,1,873,876,913,3,37,40,12
passenger2603,12,1,873,882,907,9,25,34,8
passenger2604,7,1,873,901,919,28,18,46,1
passenger2605,21,1,873,1147,1179,274,32,306,12
passenger2606,4,1,873,875,888,2,13,15,0
passenger2607,7,1,874,894,908,20,14,34,2
passenger2608,13,1,874,903,929,29,26,55,6
passenger2609,2,1,874,875,882,1,7,8,3
passenger2610,11,1,874,879,907,5,28,33,8
passenger2611,23,1,874,1725,1755,851,30,881,12
passenger2612,24,1,874,1988,2017,1114,29,1143,12
passenger2613,22,1,874,1410,1439,536,29,565,12
passenger2614,9,1,875,875,889,0,14,14,1
passenger2615,3,1,875,878,882,3,4,7,3
passenger2616,21,1,875,1147,1179,272,32,304,12
passenger2617,10,1,876,876,907,0,31,31,8
passenger2618,19,1,876,879,913,3,34,37,12
passenger2619,4,1,876,876,888,0,12,12,0
passenger2620,18,1,876,876,913,0,37,37,12
passenger2621,16,1,877,1056,1077,179,21,200,6
passenger2622,24,1,877,1834,1861,957,27,984,11
passenger2623,4,1,877,877,888,0,11,11,0
passenger2624,11,1,877,879,907,2,28,30,8
passenger2625,25,1,877,2097,2123,1220,26,1246,11
passenger2626,11,1,878,879,915,1,36,37,9
passenger2627,17,1,878,1239,1257,361,18,379,6
passenger2628,5,1,878,888,908,10,20,30,2
passenger2629,19,1,878,878,917,0,39,39,11
passenger2630,8,1,878,878,889,0,11,11,1
passenger2631,15,1,878,945,967,67,22,89,6
passenger2632,23,1,879,1675,1705,796,30,826,11
passenger2633,17,1,879,933,951,54,18,72,9
passenger2634,13,1,879,883,915,4,32,36,9
passenger2635,6,1,879,881,888,2,7,9,0
passenger2636,10,1,879,879,916,0,37,37,7
passenger2637,22,1,879,1412,1443,533,31,564,11
passenger2638,7,1,879,901,919,22,18,40,1
passenger2639,17,1,880,933,951,53,18,71,9
passenger2640,13,1,880,883,915,3,32,35,9
passenger2641,9,1,880,907,919,27,12,39,1
passenger2642,19,1,880,880,917,0,37,37,11
passenger2643,10,1,881,881,916,0,35,35,7
passenger2644,8,1,881,904,919,23,15,38,1
passenger2645,14,1,881,888,915,7,27,34,9
passenger2646,20,1,882,936,969,54,33,87,12
passenger2647,22,1,882,1462,1493,580,31,611,12
passenger2648,17,1,882,933,951,51,18,69,9
passenger2649,17,1,884,969,987,85,18,103,9
passenger2650,20,1,884,884,917,0,33,33,11
passenger2651,8,1,884,904,919,20,15,35,1
passenger2652,8,1,885,904,919,19,15,34,1
passenger2653,13,1,885,885,915,0,30,30,9
passenger2654,17,1,886,971,989,85,18,103,8
passenger2655,17,1,886,971,989,85,18,103,8
passenger2656,5,1,886,895,919,9,24,33,1
passenger2657,20,1,886,886,917,0,31,31,11
passenger2658,10,1,887,927,962,40,35,75,7
passenger2659,23,1,887,1725,1755,838,30,868,12
passenger2660,19,1,887,937,971,50,34,84,11
passenger2661,25,1,887,2303,2329,1416,26,1442,12
passenger2662,17,1,888,969,987,81,18,99,9
passenger2663,14,1,888,888,915,0,27,27,9
passenger2664,6,1,888,891,908,3,17,20,2
passenger2665,11,1,888,930,962,42,32,74,7
passenger2666,22,1,888,1412,1443,524,31,555,11
passenger2667,11,1,889,930,962,41,32,73,7
passenger2668,3,1,889,892,896,3,4,7,0
passenger2669,7,1,889,894,908,5,14,19,2
passenger2670,16,1,889,932,953,43,21,64,8
passenger2671,17,1,889,971,989,82,18,100,8
passenger2672,25,1,889,2303,2329,1414,26,1440,12
passenger2673,24,1,890,1988,2017,1098,29,1127,12
passenger2674,14,1,890,890,915,0,25,25,9
passenger2675,15,1,890,893,915,3,22,25,9
passenger2676,21,1,890,1201,1233,311,32,343,11
passenger2677,3,1,890,892,896,2,4,6,3
passenger2678,16,1,890,932,953,42,21,63,8
passenger2679,13,1,891,934,962,43,28,71,7
passenger2680,20,1,891,953,988,62,35,97,13
passenger2681,21,1,892,1147,1179,255,32,287,12
passenger2682,17,1,892,1007,1025,115,18,133,8
passenger2683,17,1,893,969,987,76,18,94,9
passenger2684,18,1,893,947,988,54,41,95,13
passenger2685,15,1,893,893,915,0,22,22,9
passenger2686,7,1,893,894,908,1,14,15,2
passenger2687,8,1,894,917,926,23,9,32,2
passenger2688,19,1,894,894,928,0,34,34,13
passenger2689,16,1,894,941,962,47,21,68,7
passenger2690,7,1,894,894,908,0,14,14,2
passenger2691,23,1,894,1675,1705,781,30,811,11
passenger2692,25,1,894,2097,2123,1203,26,1229,11
passenger2693,17,1,894,944,962,50,18,68,7
passenger2694,7,1,895,895,908,0,13,13,2
passenger2695,24,1,895,1886,1915,991,29,1020,11
passenger2696,7,1,895,895,908,0,13,13,2
passenger2697,12,1,895,922,953,27,31,58,8
passenger2698,22,1,896,1412,1443,516,31,547,11
passenger2699,14,1,897,937,962,40,25,65,7
passenger2700,7,1,897,897,908,0,11,11,2
passenger2701,3,1,897,900,904,3,4,7,0
passenger2702,10,1,897,918,953,21,35,56,8
passenger2703,18,1,897,932,969,35,37,72,12
passenger2704,19,1,897,950,988,53,38,91,13
passenger2705,7,1,898,898,908,0,10,10,2
passenger2706,5,1,898,913,919,15,6,21,1
passenger2707,18,1,898,947,988,49,41,90,13
passenger2708,5,1,899,925,931,26,6,32,1
