id,source,dest,submit_tick,pickup_tick,dropoff_tick,wait_time,travel_time,total_time,elevator
passenger1,16,5,0,29,85,29,56,85,0
passenger2,7,6,0,6,78,6,72,78,0
passenger3,9,17,0,12,32,12,20,32,0
passenger4,10,9,0,15,73,15,58,73,0
passenger5,13,16,1,24,29,23,5,28,0
passenger6,1,23,1,1,57,0,56,56,1
passenger7,23,16,1,57,74,56,17,73,1
passenger8,15,18,1,123,133,122,10,132,0
passenger9,12,10,2,21,70,19,49,68,0
passenger10,9,4,2,12,88,10,76,86,0
passenger11,22,9,2,145,175,143,30,173,0
passenger12,8,25,2,9,49,7,40,47,0
passenger13,13,16,2,117,127,115,10,125,0
passenger14,7,19,3,6,36,3,30,33,0
passenger15,12,4,4,21,88,17,67,84,0
passenger16,21,11,4,41,67,37,26,63,0
passenger17,17,9,4,32,73,28,41,69,0
passenger18,15,20,4,123,139,119,16,135,0
passenger19,23,6,4,45,78,41,33,74,0
passenger20,17,23,4,32,45,28,13,41,0
passenger21,17,4,4,130,184,126,54,180,0
passenger22,5,6,5,7,10,2,3,5,1
passenger23,3,19,6,10,43,4,33,37,2
passenger24,25,13,6,63,82,57,19,76,1
passenger25,15,20,6,37,50,31,13,44,1
passenger26,11,12,6,27,30,21,3,24,1
passenger27,15,8,7,37,93,30,56,86,1
passenger28,2,15,7,7,35,0,28,28,2
passenger29,21,2,8,53,109,45,56,101,1
passenger30,6,7,8,10,15,2,5,7,1
passenger31,21,13,9,142,166,133,24,157,0
passenger32,14,17,9,120,130,111,10,121,0
passenger33,7,18,9,15,44,6,29,35,1
passenger34,1,3,9,9,13,0,4,4,3
passenger35,21,17,9,142,158,133,16,149,0
passenger36,5,11,10,14,28,4,14,18,2
passenger37,2,17,10,11,40,1,29,30,4
passenger38,19,7,10,47,96,37,49,86,1
passenger39,9,6,10,21,99,11,78,89,1
passenger40,10,7,11,24,96,13,72,85,1
passenger41,7,11,12,15,27,3,12,15,1
passenger42,22,20,12,145,153,133,8,141,0
passenger43,8,24,12,18,60,6,42,48,1
passenger44,6,23,12,12,57,0,45,45,1
passenger45,8,14,12,18,34,6,16,22,1
passenger46,6,20,12,12,50,0,38,38,1
passenger47,8,22,13,21,51,8,30,38,2
passenger48,3,13,13,13,31,0,18,18,3
passenger49,4,23,14,16,55,2,39,41,3
passenger50,11,17,14,18,32,4,14,18,0
passenger51,22,14,14,145,163,131,18,149,0
passenger52,2,6,14,15,21,1,6,7,5
passenger53,6,23,14,17,54,3,37,40,2
passenger54,23,12,16,148,170,132,22,154,0
passenger55,23,7,16,215,251,199,36,235,0
passenger56,17,10,17,40,71,23,31,54,4
passenger57,7,11,17,18,26,1,8,9,4
passenger58,9,6,18,22,84,4,62,66,4
passenger59,9,4,18,22,92,4,70,74,4
passenger60,25,10,18,146,174,128,28,156,4
passenger61,3,15,19,21,37,2,16,18,6
passenger62,23,9,19,140,177,121,37,158,4
passenger63,22,16,19,137,161,118,24,142,4
passenger64,19,8,19,44,77,25,33,58,4
passenger65,1,9,21,21,51,0,30,30,7
passenger66,24,20,21,57,69,36,12,48,2
passenger67,20,22,22,46,52,24,6,30,3
passenger68,10,9,22,24,93,2,69,71,3
passenger69,24,15,23,58,77,35,19,54,3
passenger70,8,7,23,23,99,0,76,76,2
passenger71,22,2,23,52,110,29,58,87,3
passenger72,2,19,24,24,69,0,45,45,7
passenger73,1,5,24,24,30,0,6,6,8
passenger74,25,11,25,155,171,130,16,146,3
passenger75,19,13,25,43,81,18,38,56,3
passenger76,3,5,25,27,39,2,12,14,7
passenger77,20,3,25,46,107,21,61,82,3
passenger78,15,9,26,34,74,8,40,48,4
passenger79,10,24,26,26,58,0,32,32,3
passenger80,16,9,26,37,74,11,37,48,4
passenger81,10,18,26,26,40,0,14,14,3
passenger82,1,6,26,26,33,0,7,7,9
passenger83,16,3,27,37,95,10,58,68,4
passenger84,20,14,27,47,65,20,18,38,4
passenger85,6,19,27,27,48,0,21,21,5
passenger86,25,11,28,60,89,32,29,61,2
passenger87,8,15,28,28,37,0,9,9,6
passenger88,2,13,28,31,50,3,19,22,10
passenger89,1,11,28,28,44,0,16,16,10
passenger90,19,23,29,43,54,14,11,25,2
passenger91,3,7,29,29,43,0,14,14,7
passenger92,11,15,29,29,35,0,6,6,2
passenger93,25,18,29,60,75,31,15,46,2
passenger94,14,2,30,31,98,1,67,68,4
passenger95,3,4,31,31,34,0,3,3,7
passenger96,17,9,31,40,74,9,34,43,4
passenger97,7,17,32,34,57,2,23,25,8
passenger98,21,11,32,134,170,102,36,138,4
passenger99,23,19,33,54,72,21,18,39,2
passenger100,18,22,33,40,51,7,11,18,2
passenger101,5,19,33,36,71,3,35,38,9
passenger102,24,25,33,57,60,24,3,27,2
passenger103,15,19,34,35,43,1,8,9,3
passenger104,23,22,34,55,64,21,9,30,3
passenger105,23,21,34,55,67,21,12,33,3
passenger106,10,19,35,39,64,4,25,29,8
passenger107,11,21,35,42,68,7,26,33,8
passenger108,21,24,35,51,63,16,12,28,6
passenger109,15,12,35,37,87,2,50,52,6
passenger110,5,16,35,36,66,1,30,31,9
passenger111,15,13,36,37,84,1,47,48,6
passenger112,17,22,36,43,57,7,14,21,6
passenger113,4,11,36,36,55,0,19,19,7
passenger114,19,21,37,37,41,0,4,4,0
passenger115,20,22,37,51,57,14,6,20,5
passenger116,25,16,37,67,78,30,11,41,5
passenger117,7,15,37,38,54,1,16,17,10
passenger118,18,3,38,45,107,7,62,69,5
passenger119,19,14,38,48,84,10,36,46,5
passenger120,24,6,38,63,102,25,39,64,5
passenger121,23,12,38,60,88,22,28,50,5
passenger122,15,17,38,38,42,0,4,4,5
passenger123,15,23,39,39,60,0,21,21,6
passenger124,5,19,39,39,69,0,30,30,7
passenger125,25,6,40,60,102,20,42,62,2
passenger126,7,12,40,40,54,0,14,14,9
passenger127,19,24,40,43,57,3,14,17,2
passenger128,20,12,40,47,85,7,38,45,2
passenger129,17,6,41,41,99,0,58,58,1
passenger130,12,5,41,45,114,4,69,73,8
passenger131,1,22,41,41,74,0,33,33,11
passenger132,21,13,42,49,81,7,32,39,3
passenger133,1,3,42,42,46,0,4,4,12
passenger134,3,18,43,45,68,2,23,25,13
passenger135,6,7,43,50,53,7,3,10,13
passenger136,22,20,43,52,70,9,18,27,3
passenger137,8,15,43,43,63,0,20,20,9
passenger138,6,22,43,50,76,7,26,33,13
passenger139,3,19,43,45,71,2,26,28,13
passenger140,13,19,43,48,64,5,16,21,8
passenger141,12,4,44,47,106,3,59,62,10
passenger142,19,16,44,44,79,0,35,35,2
passenger143,12,10,44,47,94,3,47,50,10
passenger144,9,13,45,46,57,1,11,12,9
passenger145,7,8,45,45,48,0,3,3,7
passenger146,7,1,45,45,120,0,75,75,7
passenger147,24,6,46,58,102,12,44,56,3
passenger148,5,4,46,47,113,1,66,67,11
passenger149,25,12,47,66,87,19,21,40,6
passenger150,9,11,47,47,51,0,4,4,9
passenger151,3,8,47,47,54,0,7,7,12
passenger152,7,21,48,51,71,3,20,23,11
passenger153,2,11,48,49,60,1,11,12,14
passenger154,20,21,48,48,51,0,3,3,6
passenger155,13,6,48,48,111,0,63,63,8
passenger156,9,6,50,51,108,1,57,58,7
passenger157,17,8,51,57,107,6,50,56,8
passenger158,16,17,51,53,57,2,4,6,8
passenger159,24,10,52,52,70,0,18,18,0
passenger160,25,11,52,66,90,14,24,38,6
passenger161,18,17,52,81,86,29,5,34,8
passenger162,21,12,52,52,87,0,35,35,6
passenger163,20,9,53,53,94,0,41,41,5
passenger164,13,18,53,89,144,36,55,91,10
passenger165,16,2,54,54,121,0,67,67,8
passenger166,21,19,54,54,76,0,22,22,6
passenger167,3,25,54,56,110,2,54,56,15
passenger168,17,3,54,57,118,3,61,64,8
passenger169,13,21,55,57,75,2,18,20,9
passenger170,7,24,55,55,80,0,25,25,13
passenger171,11,6,55,55,108,0,53,53,7
passenger172,9,14,56,57,64,1,7,8,12
passenger173,18,24,56,59,69,3,10,13,10
passenger174,5,25,57,62,110,5,48,53,15
passenger175,14,4,57,60,114,3,54,57,9
passenger176,24,9,57,57,95,0,38,38,2
passenger177,16,18,58,81,144,23,63,86,10
passenger178,1,6,58,83,90,25,7,32,14
passenger179,18,9,58,59,97,1,38,39,10
passenger180,1,21,58,83,130,25,47,72,14
passenger181,4,3,59,59,153,0,94,94,15
passenger182,15,3,59,61,116,2,55,57,11
passenger183,17,14,59,59,91,0,32,32,8
passenger184,17,13,60,60,94,0,34,34,8
passenger185,20,17,60,63,78,3,15,18,10
passenger186,11,1,60,60,83,0,23,23,14
passenger187,7,4,60,68,150,8,82,90,15
passenger188,1,7,60,83,93,23,10,33,14
passenger189,6,2,61,65,158,4,93,97,15
passenger190,8,13,61,65,107,4,42,46,14
passenger191,5,7,61,62,68,1,6,7,15
passenger192,1,2,61,186,189,125,3,128,14
passenger193,4,12,62,73,104,11,31,42,14
passenger194,17,20,62,65,72,3,7,10,7
passenger195,16,24,62,62,78,0,16,16,7
passenger196,7,20,63,68,98,5,30,35,15
passenger197,24,15,64,64,81,0,17,17,5
passenger198,22,4,64,65,108,1,43,44,2
passenger199,22,15,65,138,159,73,21,94,2
passenger200,6,2,65,65,158,0,93,93,15
passenger201,18,11,66,66,95,0,29,29,11
passenger202,8,10,67,67,100,0,33,33,14
passenger203,25,11,68,68,90,0,22,22,6
passenger204,2,7,69,80,93,11,13,24,14
passenger205,4,18,70,73,123,3,50,53,14
passenger206,21,22,70,70,73,0,3,3,8
passenger207,16,20,70,72,84,2,12,14,12
passenger208,11,16,71,76,85,5,9,14,15
passenger209,3,14,71,77,111,6,34,40,14
passenger210,14,1,72,177,241,105,64,169,12
passenger211,14,19,73,79,146,6,67,73,1
passenger212,10,14,73,73,81,0,8,8,15
passenger213,8,7,73,77,80,4,3,7,4
passenger214,4,9,74,74,97,0,23,23,14
passenger215,21,24,74,75,80,1,5,6,9
passenger216,16,12,75,75,85,0,10,10,1
passenger217,11,16,76,76,85,0,9,9,15
passenger218,20,11,76,77,102,1,25,26,8
passenger219,15,12,76,77,84,1,7,8,3
passenger220,8,2,76,77,98,1,21,22,4
passenger221,11,18,76,134,201,58,67,125,15
passenger222,18,25,76,76,97,0,21,21,12
passenger223,1,20,77,186,214,109,28,137,14
passenger224,20,11,77,78,95,1,17,18,11
passenger225,8,9,77,77,111,0,34,34,4
passenger226,18,22,78,78,88,0,10,10,12
passenger227,17,13,78,78,89,0,11,11,10
passenger228,17,2,78,78,110,0,32,32,10
passenger229,16,2,78,78,111,0,33,33,5
passenger230,24,23,78,78,81,0,3,3,7
passenger231,13,10,79,82,89,3,7,10,1
passenger232,19,16,79,81,88,2,7,9,11
passenger233,18,13,80,80,125,0,45,45,12
passenger234,6,2,80,80,94,0,14,14,0
passenger235,8,14,81,96,128,15,32,47,3
passenger236,11,13,81,87,125,6,38,44,3
passenger237,7,24,81,81,143,0,62,62,4
passenger238,10,22,82,90,148,8,58,66,3
passenger239,10,12,82,90,122,8,32,40,3
passenger240,16,7,82,82,101,0,19,19,10
passenger241,6,10,82,82,110,0,28,28,0
passenger242,21,4,82,85,114,3,29,32,7
passenger243,11,17,82,87,139,5,52,57,3
passenger244,18,11,83,83,102,0,19,19,8
passenger245,3,1,83,180,186,97,6,103,14
passenger246,12,21,83,85,150,2,65,67,1
passenger247,1,23,83,186,224,103,38,141,14
passenger248,17,1,83,85,120,2,35,37,11
passenger249,9,6,84,93,102,9,9,18,3
passenger250,24,14,84,84,98,0,14,14,13
passenger251,9,7,84,93,99,9,6,15,3
passenger252,15,1,85,85,113,0,28,28,10
passenger253,7,5,85,99,105,14,6,20,2
passenger254,16,17,86,86,89,0,3,3,15
passenger255,12,4,86,86,108,0,22,22,2
passenger256,10,22,86,92,138,6,46,52,2
passenger257,6,5,86,86,89,0,3,3,4
passenger258,3,21,86,95,134,9,39,48,4
passenger259,3,15,87,91,123,4,32,36,0
passenger260,25,17,87,97,113,10,16,26,12
passenger261,11,6,87,90,99,3,9,12,6
passenger262,1,4,87,97,102,10,5,15,0
passenger263,24,4,88,94,146,6,52,58,12
passenger264,1,21,88,97,142,9,45,54,0
passenger265,11,9,88,90,94,2,4,6,6
passenger266,18,14,89,90,96,1,6,7,7
passenger267,23,12,89,91,128,2,37,39,12
passenger268,18,22,89,90,151,1,61,62,7
passenger269,12,8,89,89,97,0,8,8,5
passenger270,25,6,89,97,140,8,43,51,12
passenger271,1,15,90,101,126,11,25,36,4
passenger272,25,3,90,97,149,7,52,59,12
passenger273,22,21,91,104,107,13,3,16,12
passenger274,24,11,91,94,131,3,37,40,12
passenger275,7,13,92,93,107,1,14,15,14
passenger276,4,22,92,92,137,0,45,45,4
passenger277,17,13,92,93,104,1,11,12,13
passenger278,13,18,92,99,140,7,41,48,9
passenger279,14,21,92,92,147,0,55,55,9
passenger280,24,16,93,94,118,1,24,25,12
passenger281,19,8,93,93,141,0,48,48,15
passenger282,1,11,94,97,113,3,16,19,0
passenger283,22,4,94,105,150,11,45,56,15
passenger284,14,5,94,94,111,0,17,17,9
passenger285,11,4,95,95,113,0,18,18,11
passenger286,19,21,95,95,101,0,6,6,15
passenger287,19,18,95,95,123,0,28,28,15
passenger288,6,14,95,99,115,4,16,20,6
passenger289,3,10,95,95,115,0,20,20,4
passenger290,13,17,95,95,160,0,65,65,8
passenger291,3,21,95,95,134,0,39,39,4
passenger292,12,23,96,99,172,3,73,76,8
passenger293,14,18,96,96,140,0,44,44,9
passenger294,21,4,96,107,146,11,39,50,12
passenger295,13,1,96,96,124,0,28,28,8
passenger296,12,21,97,100,148,3,48,51,7
passenger297,22,8,97,194,222,97,28,125,12
passenger298,10,14,98,98,152,0,54,54,11
passenger299,10,5,98,98,109,0,11,11,11
passenger300,8,11,98,98,133,0,35,35,5
passenger301,13,24,98,104,138,6,34,40,13
passenger302,14,10,99,99,109,0,10,10,13
passenger303,17,20,99,120,130,21,10,31,13
passenger304,11,13,99,102,150,3,48,51,8
passenger305,6,22,100,100,131,0,31,31,6
passenger306,22,5,100,194,229,94,35,129,12
passenger307,9,7,100,101,105,1,4,5,11
passenger308,24,2,100,100,152,0,52,52,12
passenger309,6,8,101,101,105,0,4,4,6
passenger310,15,7,101,116,171,15,55,70,13
passenger311,14,19,101,101,127,0,26,26,13
passenger312,21,3,102,102,153,0,51,51,15
passenger313,4,3,103,103,106,0,3,3,1
passenger314,23,17,104,114,126,10,12,22,15
passenger315,14,20,104,111,127,7,16,23,14
passenger316,15,6,104,114,175,10,61,71,14
passenger317,13,18,104,104,124,0,20,20,13
passenger318,1,16,106,112,137,6,25,31,1
passenger319,13,2,107,107,183,0,76,76,14
passenger320,7,12,107,107,128,0,21,21,9
passenger321,9,8,107,108,169,1,61,62,6
passenger322,17,11,108,120,164,12,44,56,14
passenger323,13,20,108,108,127,0,19,19,14
passenger324,3,9,108,108,124,0,16,16,5
passenger325,2,24,108,111,152,3,41,44,5
passenger326,5,21,108,111,135,3,24,27,2
passenger327,5,9,109,109,136,0,27,27,11
passenger328,16,21,110,117,130,7,13,20,14
passenger329,5,6,110,110,127,0,17,17,11
passenger330,23,9,110,134,168,24,34,58,14
passenger331,6,19,110,110,144,0,34,34,7
passenger332,3,22,111,114,148,3,34,37,5
passenger333,22,8,111,117,141,6,24,30,15
passenger334,3,11,112,114,133,2,19,21,5
passenger335,9,24,112,112,143,0,31,31,4
passenger336,16,24,112,117,139,5,22,27,14
passenger337,19,18,113,204,229,91,25,116,15
passenger338,3,2,114,114,188,0,74,74,5
passenger339,2,15,114,116,139,2,23,25,10
passenger340,6,25,114,114,143,0,29,29,2
passenger341,4,24,115,115,158,0,43,43,7
passenger342,17,3,115,115,149,0,34,34,12
passenger343,2,10,115,115,125,0,10,10,1
passenger344,9,8,115,119,173,4,54,58,2
passenger345,14,4,116,116,179,0,63,63,6
passenger346,4,18,116,116,140,0,24,24,9
passenger347,25,7,116,141,171,25,30,55,13
passenger348,24,9,117,138,167,21,29,50,13
passenger349,9,3,117,119,186,2,67,69,2
passenger350,11,13,117,118,122,1,4,5,4
passenger351,17,4,117,120,180,3,60,63,13
passenger352,5,11,118,118,133,0,15,15,5
passenger353,2,4,118,118,122,0,4,4,10
passenger354,16,24,118,123,135,5,12,17,6
passenger355,15,4,119,119,179,0,60,60,6
passenger356,25,14,120,141,154,21,13,34,13
passenger357,18,5,120,124,177,4,53,57,13
passenger358,15,2,120,120,185,0,65,65,6
passenger359,16,6,120,120,140,0,20,20,12
passenger360,23,2,121,135,184,14,49,63,13
passenger361,17,4,121,121,180,0,59,59,13
passenger362,18,13,121,124,157,3,33,36,13
passenger363,25,17,123,142,152,19,10,29,14
passenger364,10,3,123,124,186,1,62,63,9
passenger365,15,12,124,124,170,0,46,46,0
passenger366,2,15,124,129,154,5,25,30,8
passenger367,6,1,124,126,177,2,51,53,10
passenger368,10,6,124,124,179,0,55,55,9
passenger369,2,11,124,129,146,5,17,22,8
passenger370,6,4,125,126,170,1,44,45,10
passenger371,12,2,125,131,186,6,55,61,1
passenger372,25,12,125,141,162,16,21,37,13
passenger373,25,23,125,221,225,96,4,100,13
passenger374,25,14,126,142,157,16,15,31,14
passenger375,11,18,126,128,142,2,14,16,1
passenger376,3,22,126,132,169,6,37,43,8
passenger377,9,1,126,126,191,0,65,65,5
passenger378,6,7,126,126,129,0,3,3,10
passenger379,1,17,126,126,160,0,34,34,8
passenger380,3,22,126,132,169,6,37,43,8
passenger381,12,18,127,128,140,1,12,13,9
passenger382,9,4,127,127,182,0,55,55,5
passenger383,5,17,128,138,160,10,22,32,8
passenger384,18,7,128,130,176,2,46,48,2
passenger385,9,24,129,129,152,0,23,23,5
passenger386,22,11,129,131,162,2,31,33,6
passenger387,7,8,130,130,133,0,3,3,11
passenger388,14,15,130,130,133,0,3,3,3
passenger389,5,2,131,218,225,87,7,94,8
passenger390,13,20,131,131,144,0,13,13,9
passenger391,4,11,131,135,146,4,11,15,8
passenger392,5,7,132,218,242,86,24,110,8
passenger393,16,8,132,136,176,4,40,44,3
passenger394,7,25,133,212,275,79,63,142,8
passenger395,5,24,133,218,272,85,54,139,8
passenger396,14,2,133,134,189,1,55,56,9
passenger397,11,15,133,133,139,0,6,6,5
passenger398,7,14,133,137,177,4,40,44,12
passenger399,17,7,133,139,179,6,40,46,3
passenger400,21,12,134,134,167,0,33,33,4
passenger401,25,3,135,138,182,3,44,47,6
passenger402,9,19,135,136,161,1,25,26,11
passenger403,23,6,136,136,175,0,39,39,14
passenger404,25,5,136,138,176,2,38,40,6
passenger405,11,8,136,136,141,0,5,5,15
passenger406,11,23,136,142,169,6,27,33,11
passenger407,19,20,136,136,139,0,3,3,0
passenger408,7,24,136,137,198,1,61,62,12
passenger409,11,17,137,142,157,5,15,20,11
passenger410,18,17,137,141,179,4,38,42,7
passenger411,16,13,138,138,169,0,31,31,1
passenger412,17,23,138,138,154,0,16,16,7
passenger413,10,13,138,139,148,1,9,10,11
passenger414,5,9,139,143,163,4,20,24,12
passenger415,20,17,139,139,158,0,19,19,0
passenger416,6,14,140,140,177,0,37,37,12
passenger417,21,4,140,142,184,2,42,44,0
passenger418,2,10,141,152,166,11,14,25,12
passenger419,17,8,141,141,176,0,35,35,3
passenger420,21,22,142,142,145,0,3,3,0
passenger421,14,10,142,152,206,10,54,64,11
passenger422,2,21,142,152,191,10,39,49,12
passenger423,23,12,142,142,159,0,17,17,6
passenger424,13,19,142,148,161,6,13,19,11
passenger425,18,4,143,143,182,0,39,39,1
passenger426,17,24,144,147,237,3,90,93,10
passenger427,19,13,144,144,191,0,47,47,7
passenger428,14,7,144,152,217,8,65,73,11
passenger429,17,7,144,147,165,3,18,21,10
passenger430,9,7,144,179,248,35,69,104,15
passenger431,9,10,145,195,198,50,3,53,10
passenger432,3,18,145,149,183,4,34,38,12
passenger433,12,24,145,145,172,0,27,27,11
passenger434,5,17,145,146,198,1,52,53,15
passenger435,5,14,145,146,190,1,44,45,15
passenger436,13,12,146,148,200,2,52,54,11
passenger437,17,21,146,147,230,1,83,84,10
passenger438,8,22,147,222,290,75,68,143,12
passenger439,5,8,147,147,176,0,29,29,15
passenger440,8,24,147,222,296,75,74,149,12
passenger441,3,10,148,149,166,1,17,18,12
passenger442,11,21,149,159,230,10,71,81,10
passenger443,13,25,149,149,175,0,26,26,11
passenger444,19,18,149,151,154,2,3,5,2
passenger445,19,5,149,151,182,2,31,33,2
passenger446,12,15,150,154,209,4,55,59,10
passenger447,6,3,150,226,235,76,9,85,12
passenger448,4,20,150,156,187,6,31,37,12
passenger449,17,8,150,150,169,0,19,19,6
passenger450,19,18,150,151,154,1,3,4,9
passenger451,21,23,151,151,155,0,4,4,1
passenger452,23,5,151,151,183,0,32,32,3
passenger453,20,10,151,160,174,9,14,23,1
passenger454,11,17,151,159,216,8,57,65,10
passenger455,16,11,151,153,162,2,9,11,6
passenger456,25,5,151,155,183,4,28,32,3
passenger457,3,1,152,153,161,1,8,9,15
passenger458,21,11,152,152,170,0,18,18,4
passenger459,11,17,152,201,216,49,15,64,10
passenger460,11,15,152,201,209,49,8,57,10
passenger461,2,4,152,152,156,0,4,4,12
passenger462,24,12,152,152,170,0,18,18,5
passenger463,5,10,153,254,275,101,21,122,15
passenger464,9,7,153,314,374,161,60,221,10
passenger465,8,19,153,192,224,39,32,71,10
passenger466,3,8,155,155,176,0,21,21,15
passenger467,12,14,155,155,206,0,51,51,10
passenger468,23,24,155,155,158,0,3,3,7
passenger469,8,14,155,192,206,37,14,51,10
passenger470,1,16,155,161,194,6,33,39,15
passenger471,4,2,155,156,238,1,82,83,12
passenger472,17,5,155,157,182,2,25,27,9
passenger473,12,3,156,156,173,0,17,17,10
passenger474,19,20,156,156,213,0,57,57,4
passenger475,15,21,156,156,166,0,10,10,8
passenger476,11,5,156,278,286,122,8,130,10
passenger477,4,6,157,168,172,11,4,15,15
passenger478,6,9,158,172,179,14,7,21,15
passenger479,6,15,158,174,203,16,29,45,13
passenger480,4,16,158,168,194,10,26,36,15
passenger481,9,18,159,314,329,155,15,170,10
passenger482,13,23,159,159,217,0,58,58,13
passenger483,11,8,159,318,371,159,53,212,10
passenger484,15,17,160,160,204,0,44,44,2
passenger485,11,14,160,162,199,2,37,39,6
passenger486,12,8,160,161,171,1,10,11,14
passenger487,8,23,161,169,219,8,50,58,6
passenger488,17,3,161,161,185,0,24,24,5
passenger489,25,18,162,175,188,13,13,26,11
passenger490,2,19,162,164,204,2,40,42,15
passenger491,15,23,162,162,216,0,54,54,2
passenger492,13,8,162,163,172,1,9,10,9
passenger493,9,16,163,166,203,3,37,40,6
passenger494,21,23,163,163,269,0,106,106,7
passenger495,20,16,163,166,182,3,16,19,7
passenger496,13,9,163,163,169,0,6,6,9
passenger497,20,8,164,166,202,2,36,38,7
passenger498,7,22,164,172,215,8,43,51,6
passenger499,15,9,165,165,175,0,10,10,5
passenger500,22,25,166,166,175,0,9,9,11
passenger501,8,14,166,169,199,3,30,33,6
passenger502,13,18,166,166,207,0,41,41,2
passenger503,24,14,166,172,196,6,24,30,11
passenger504,20,15,166,166,185,0,19,19,7
passenger505,23,11,167,169,203,2,34,36,11
passenger506,10,11,167,167,170,0,3,3,12
passenger507,25,16,167,175,192,8,17,25,11
passenger508,4,2,167,168,263,1,95,96,15
passenger509,13,21,167,167,211,0,44,44,0
passenger510,12,15,167,167,201,0,34,34,4
passenger511,20,13,168,168,191,0,23,23,7
passenger512,23,16,169,169,192,0,23,23,11
passenger513,19,20,171,171,262,0,91,91,7
passenger514,16,2,171,182,220,11,38,49,7
passenger515,11,4,171,171,186,0,15,15,4
passenger516,13,4,172,174,232,2,58,60,12
passenger517,13,9,172,174,219,2,45,47,12
passenger518,1,4,172,177,186,5,9,14,10
passenger519,13,2,172,174,238,2,64,66,12
passenger520,22,19,172,175,182,3,7,10,8
passenger521,18,5,173,174,209,1,35,36,7
passenger522,20,16,173,179,193,6,14,20,8
passenger523,10,1,173,174,189,1,15,16,1
passenger524,14,20,173,177,187,4,10,14,12
passenger525,1,2,173,177,180,4,3,7,10
passenger526,10,13,174,174,203,0,29,29,1
passenger527,12,11,174,194,197,20,3,23,7
passenger528,7,2,175,175,189,0,14,14,9
passenger529,1,3,175,177,183,2,6,8,10
passenger530,18,20,176,176,262,0,86,86,7
passenger531,11,2,176,195,260,19,65,84,3
passenger532,11,25,176,195,221,19,26,45,3
passenger533,7,13,176,176,204,0,28,28,9
passenger534,14,9,176,199,206,23,7,30,8
passenger535,11,12,176,195,198,19,3,22,3
passenger536,12,18,177,239,292,62,53,115,15
passenger537,15,2,177,196,225,19,29,48,8
passenger538,1,11,177,177,201,0,24,24,10
passenger539,23,1,177,179,233,2,54,56,11
passenger540,2,17,177,184,207,7,23,30,13
passenger541,12,6,178,239,251,61,12,73,15
passenger542,6,17,178,179,204,1,25,26,2
passenger543,14,16,178,190,194,12,4,16,15
passenger544,8,14,178,178,196,0,18,18,0
passenger545,22,8,179,182,212,3,30,33,11
passenger546,10,5,179,182,254,3,72,75,15
passenger547,16,1,180,182,223,2,41,43,7
passenger548,7,18,181,181,206,0,25,25,4
passenger549,1,25,181,186,230,5,44,49,14
passenger550,11,10,181,185,243,4,58,62,15
passenger551,14,16,182,188,252,6,64,70,7
passenger552,12,23,183,239,301,56,62,118,15
passenger553,25,6,184,299,338,115,39,154,12
passenger554,18,8,184,185,209,1,24,25,8
passenger555,25,7,185,299,335,114,36,150,12
passenger556,8,18,186,188,208,2,20,22,3
passenger557,20,4,186,187,232,1,45,46,12
passenger558,14,9,187,246,303,59,57,116,7
passenger559,16,14,187,193,199,6,6,12,8
passenger560,25,24,187,299,302,112,3,115,12
passenger561,17,23,188,188,269,0,81,81,8
passenger562,5,19,188,189,211,1,22,23,13
passenger563,20,4,188,188,232,0,44,44,12
passenger564,23,18,188,293,314,105,21,126,12
passenger565,9,13,189,191,201,2,10,12,3
passenger566,13,23,189,201,215,12,14,26,3
passenger567,25,21,189,299,307,110,8,118,12
passenger568,17,3,190,190,222,0,32,32,8
passenger569,23,4,191,293,342,102,49,151,12
passenger570,5,2,191,191,261,0,70,70,13
passenger571,24,13,193,198,213,5,15,20,12
passenger572,6,3,193,195,222,2,27,29,9
passenger573,11,19,194,195,210,1,15,16,4
passenger574,25,14,195,218,235,23,17,40,15
passenger575,16,21,195,195,208,0,13,13,15
passenger576,23,7,196,215,251,19,36,55,0
passenger577,25,13,196,221,239,25,18,43,0
passenger578,24,3,196,218,261,22,43,65,0
passenger579,3,23,197,201,245,4,44,48,5
passenger580,17,5,197,198,254,1,56,57,15
passenger581,23,3,197,214,260,17,46,63,15
passenger582,18,6,197,202,254,5,52,57,0
passenger583,2,21,197,198,241,1,43,44,5
passenger584,22,3,198,211,260,13,49,62,15
passenger585,3,16,198,201,230,3,29,32,5
passenger586,1,19,198,303,342,105,39,144,5
passenger587,23,19,198,214,226,16,12,28,15
passenger588,6,5,198,210,295,12,85,97,5
passenger589,18,2,198,202,264,4,62,66,0
passenger590,14,12,199,199,245,0,46,46,2
passenger591,19,6,199,205,254,6,49,55,0
passenger592,20,18,199,208,230,9,22,31,0
passenger593,6,9,200,210,215,10,5,15,5
passenger594,2,12,202,220,240,18,20,38,7
passenger595,7,3,203,205,217,2,12,14,7
passenger596,14,15,203,203,206,0,3,3,14
passenger597,3,5,203,203,207,0,4,4,5
passenger598,3,17,203,203,233,0,30,30,5
passenger599,9,2,204,209,230,5,21,26,11
passenger600,5,25,204,207,251,3,44,47,5
passenger601,7,18,204,205,256,1,51,52,7
passenger602,12,5,205,208,231,3,23,26,1
passenger603,8,1,205,209,229,4,20,24,8
passenger604,19,9,205,205,247,0,42,42,0
passenger605,13,4,205,205,234,0,29,29,1
passenger606,21,6,207,216,253,9,37,46,4
passenger607,15,22,207,207,218,0,11,11,14
passenger608,18,16,207,207,235,0,28,28,4
passenger609,23,5,207,220,257,13,37,50,4
passenger610,25,14,207,224,241,17,17,34,4
passenger611,11,7,208,208,216,0,8,8,9
passenger612,19,25,208,208,223,0,15,15,6
passenger613,18,1,209,209,266,0,57,57,2
passenger614,12,19,209,209,271,0,62,62,1
passenger615,10,20,209,211,261,2,50,52,9
passenger616,18,2,209,209,263,0,54,54,2
passenger617,14,5,210,226,295,16,69,85,5
passenger618,13,10,210,223,284,13,61,74,5
passenger619,21,22,210,212,215,2,3,5,6
passenger620,12,14,211,211,256,0,45,45,1
passenger621,16,17,211,212,216,1,4,5,10
passenger622,16,20,211,212,227,1,15,16,10
passenger623,25,21,211,223,233,12,10,22,6
passenger624,4,12,211,212,240,1,28,29,7
passenger625,12,13,212,212,253,0,41,41,1
passenger626,14,18,212,276,338,64,62,126,5
passenger627,11,7,212,215,225,3,10,13,1
passenger628,12,22,212,212,276,0,64,64,1
passenger629,8,1,213,213,233,0,20,20,11
passenger630,25,5,213,221,253,8,32,40,3
passenger631,16,21,213,213,230,0,17,17,10
passenger632,7,9,214,214,246,0,32,32,8
passenger633,8,4,214,214,224,0,10,10,11
passenger634,4,5,214,214,229,0,15,15,7
passenger635,12,14,215,220,226,5,6,11,5
passenger636,1,22,215,226,267,11,41,52,9
passenger637,17,2,216,216,295,0,79,79,10
passenger638,22,1,216,216,288,0,72,72,6
passenger639,15,12,216,273,280,57,7,64,5
passenger640,13,24,216,223,248,7,25,32,5
passenger641,24,7,216,218,249,2,31,33,3
passenger642,15,24,216,273,363,57,90,147,5
passenger643,19,23,217,224,234,7,10,17,10
passenger644,11,8,217,217,222,0,5,5,1
passenger645,13,21,217,329,353,112,24,136,5
passenger646,24,18,217,219,229,2,10,12,2
passenger647,18,13,217,219,274,2,55,57,10
passenger648,8,11,218,222,249,4,27,31,1
passenger649,13,21,218,329,353,111,24,135,5
passenger650,14,20,218,332,345,114,13,127,5
passenger651,1,19,218,223,259,5,36,41,7
passenger652,13,25,219,329,366,110,37,147,5
passenger653,12,4,220,220,298,0,78,78,5
passenger654,21,18,220,224,229,4,5,9,2
passenger655,22,3,220,220,287,0,67,67,14
passenger656,6,22,220,220,281,0,61,61,11
passenger657,2,13,220,220,243,0,23,23,7
passenger658,11,24,221,249,283,28,34,62,1
passenger659,22,23,221,221,224,0,3,3,14
passenger660,8,15,221,222,260,1,38,39,1
passenger661,18,25,221,221,244,0,23,23,10
passenger662,1,25,221,226,278,5,52,57,9
passenger663,9,4,222,245,328,23,83,106,1
passenger664,16,20,222,230,238,8,8,16,5
passenger665,4,2,223,224,230,1,6,7,11
passenger666,23,24,224,224,227,0,3,3,14
passenger667,4,23,224,224,284,0,60,60,11
passenger668,23,25,224,224,230,0,6,6,14
passenger669,6,15,224,228,260,4,32,36,1
passenger670,25,23,225,225,229,0,4,4,6
passenger671,16,5,225,233,258,8,25,33,2
passenger672,3,7,225,227,246,2,19,21,11
passenger673,2,5,226,226,236,0,10,10,8
passenger674,2,20,226,226,261,0,35,35,8
passenger675,15,13,227,236,242,9,6,15,2
passenger676,21,11,228,229,243,1,14,15,13
passenger677,11,6,228,248,255,20,7,27,2
passenger678,12,5,228,245,258,17,13,30,2
passenger679,15,25,228,236,306,8,70,78,2
passenger680,14,8,229,236,246,7,10,17,3
passenger681,18,21,229,230,295,1,65,66,3
passenger682,12,7,229,240,249,11,9,20,3
passenger683,18,5,229,230,253,1,23,24,3
passenger684,25,8,230,230,274,0,44,44,14
passenger685,9,19,230,235,259,5,24,29,7
passenger686,1,6,230,230,239,0,9,9,8
passenger687,4,10,230,231,243,1,12,13,9
passenger688,14,5,231,236,253,5,17,22,3
passenger689,9,20,231,240,261,9,21,30,9
passenger690,24,1,232,233,295,1,62,63,14
passenger691,16,1,232,233,266,1,33,34,2
passenger692,14,22,232,239,299,7,60,67,2
passenger693,20,6,233,239,276,6,37,43,6
passenger694,7,20,234,236,261,2,25,27,9
passenger695,21,8,234,234,272,0,38,38,6
passenger696,1,12,234,234,257,0,23,23,11
passenger697,16,12,234,234,242,0,8,8,0
passenger698,24,21,235,235,244,0,9,9,14
passenger699,20,1,235,239,288,4,49,53,6
passenger700,22,19,235,239,248,4,9,13,14
passenger701,10,15,236,243,254,7,11,18,9
passenger702,21,23,236,236,337,0,101,101,6
passenger703,14,2,236,236,260,0,24,24,3
passenger704,16,18,237,237,292,0,55,55,4
passenger705,2,21,237,237,277,0,40,40,11
passenger706,6,23,238,238,279,0,41,41,1
passenger707,14,9,238,238,247,0,9,9,13
passenger708,2,1,239,239,327,0,88,88,11
passenger709,19,10,239,244,266,5,22,27,6
passenger710,22,6,239,239,280,0,41,41,14
passenger711,24,3,239,239,292,0,53,53,10
passenger712,17,24,239,251,340,12,89,101,6
passenger713,9,2,240,240,324,0,84,84,9
passenger714,22,12,241,241,264,0,23,23,14
passenger715,1,22,241,241,290,0,49,49,12
passenger716,17,2,241,323,388,82,65,147,6
passenger717,7,1,241,241,333,0,92,92,1
passenger718,24,1,241,241,298,0,57,57,10
passenger719,20,13,241,241,259,0,18,18,6
passenger720,15,21,242,249,265,7,16,23,7
passenger721,23,4,242,252,289,10,37,47,10
passenger722,1,4,243,243,250,0,7,7,12
passenger723,18,15,243,248,255,5,7,12,6
passenger724,3,6,243,247,254,4,7,11,12
passenger725,14,19,243,243,295,0,52,52,4
passenger726,9,24,244,246,272,2,26,28,8
passenger727,25,20,244,244,259,0,15,15,10
passenger728,12,22,245,245,299,0,54,54,2
passenger729,19,13,245,245,259,0,14,14,6
passenger730,12,21,246,247,264,1,17,18,9
passenger731,14,5,246,246,315,0,69,69,7
passenger732,25,2,246,246,295,0,49,49,10
passenger733,18,17,246,248,251,2,3,5,6
passenger734,15,2,247,291,322,44,31,75,7
passenger735,13,23,247,250,270,3,20,23,9
passenger736,6,18,247,252,295,5,43,48,13
passenger737,22,24,247,255,339,8,84,92,10
passenger738,13,8,248,250,312,2,62,64,9
passenger739,18,13,248,252,261,4,9,13,14
passenger740,16,19,249,252,259,3,7,10,7
passenger741,18,7,249,252,277,3,25,28,14
passenger742,19,14,249,249,258,0,9,9,14
passenger743,24,17,249,249,264,0,15,15,10
passenger744,23,25,249,252,342,3,90,93,10
passenger745,25,19,250,251,263,1,12,13,5
passenger746,15,3,250,254,321,4,67,71,9
passenger747,10,12,250,251,257,1,6,7,11
passenger748,20,15,251,259,269,8,10,18,10
passenger749,11,4,251,254,318,3,64,67,11
passenger750,18,11,252,252,267,0,15,15,14
passenger751,1,8,252,264,277,12,13,25,13
passenger752,22,3,253,347,388,94,41,135,10
passenger753,11,13,253,254,261,1,7,8,11
passenger754,3,5,253,257,265,4,8,12,3
passenger755,24,15,253,254,273,1,19,20,5
passenger756,6,5,253,253,256,0,3,3,13
passenger757,11,19,254,254,273,0,19,19,11
passenger758,19,5,254,258,317,4,59,63,8
passenger759,19,23,254,258,269,4,11,15,8
passenger760,6,1,254,254,263,0,9,9,4
passenger761,24,14,254,254,276,0,22,22,5
passenger762,20,9,255,333,368,78,35,113,10
passenger763,8,6,255,260,338,5,78,83,12
passenger764,6,12,256,256,284,0,28,28,0
passenger765,3,22,256,257,298,1,41,42,3
passenger766,13,23,256,261,284,5,23,28,11
passenger767,13,8,256,259,272,3,13,16,6
passenger768,13,4,256,261,284,5,23,28,14
passenger769,21,19,256,259,263,3,4,7,5
passenger770,4,15,257,257,285,0,28,28,15
passenger771,14,6,257,257,322,0,65,65,1
passenger772,4,20,257,257,296,0,39,39,15
passenger773,7,13,257,257,271,0,14,14,12
passenger774,7,17,257,257,281,0,24,24,12
passenger775,2,9,258,260,275,2,15,17,3
passenger776,14,11,258,258,267,0,9,9,14
passenger777,16,5,258,265,325,7,60,67,1
passenger778,12,19,258,258,273,0,15,15,11
passenger779,9,4,259,263,342,4,79,83,12
passenger780,22,20,259,266,282,7,16,23,8
passenger781,18,20,260,299,358,39,59,98,1
passenger782,20,19,260,262,283,2,21,23,7
passenger783,13,1,261,261,288,0,27,27,6
passenger784,15,7,262,262,319,0,57,57,1
passenger785,20,12,262,262,304,0,42,42,8
passenger786,23,15,262,269,297,7,28,35,8
passenger787,14,23,263,264,284,1,20,21,11
passenger788,12,10,263,264,270,1,6,7,14
passenger789,10,22,264,266,290,2,24,26,12
passenger790,19,5,265,265,295,0,30,30,5
passenger791,13,10,265,271,326,6,55,61,12
passenger792,17,2,265,265,295,0,30,30,10
passenger793,18,19,266,268,342,2,74,76,5
passenger794,6,4,266,268,349,2,81,83,3
passenger795,16,7,266,266,319,0,53,53,1
passenger796,24,20,266,272,282,6,10,16,8
passenger797,24,14,266,272,300,6,28,34,8
passenger798,24,1,267,275,327,8,52,60,9
passenger799,8,1,267,272,288,5,16,21,6
passenger800,17,13,267,294,303,27,9,36,11
passenger801,8,17,267,272,287,5,15,20,3
passenger802,5,13,268,268,280,0,12,12,15
passenger803,16,6,268,268,314,0,46,46,11
passenger804,6,9,268,268,275,0,7,7,3
passenger805,15,7,268,273,291,5,18,23,5
passenger806,10,14,268,268,318,0,50,50,6
passenger807,5,15,268,268,285,0,17,17,15
passenger808,4,6,269,269,273,0,4,4,13
passenger809,8,1,269,274,332,5,58,63,0
passenger810,25,8,269,273,308,4,35,39,7
passenger811,21,23,269,279,363,10,84,94,7
passenger812,21,3,270,279,319,9,40,49,7
passenger813,10,19,270,270,331,0,61,61,14
passenger814,15,1,270,270,298,0,28,28,10
passenger815,15,21,270,421,489,151,68,219,12
passenger816,21,10,270,279,300,9,21,30,7
passenger817,6,8,270,270,274,0,4,4,0
passenger818,8,9,270,274,277,4,3,7,0
passenger819,8,12,270,274,284,4,10,14,0
passenger820,2,7,270,292,307,22,15,37,14
passenger821,8,4,271,272,354,1,82,83,4
passenger822,22,17,271,287,297,16,10,26,9
passenger823,23,15,272,272,303,0,31,31,9
passenger824,3,23,272,294,337,22,43,65,6
passenger825,12,18,272,280,292,8,12,20,4
passenger826,10,13,273,276,283,3,7,10,4
passenger827,13,8,273,273,332,0,59,59,12
passenger828,14,19,274,276,285,2,9,11,12
passenger829,1,4,274,295,300,21,5,26,14
passenger830,22,15,274,276,305,2,29,31,1
passenger831,25,16,275,275,294,0,19,19,8
passenger832,17,23,275,281,293,6,12,18,12
passenger833,17,9,276,287,303,11,16,27,7
passenger834,14,6,276,376,440,100,64,164,12
passenger835,9,18,277,277,292,0,15,15,0
passenger836,4,17,277,283,323,6,40,46,6
passenger837,15,8,277,286,347,9,61,70,2
passenger838,2,18,277,291,326,14,35,49,6
passenger839,21,19,278,278,290,0,12,12,11
passenger840,11,17,278,278,292,0,14,14,2
passenger841,11,9,279,279,340,0,61,61,3
passenger842,9,6,279,279,318,0,39,39,0
passenger843,25,17,279,279,297,0,18,18,9
passenger844,5,22,279,279,332,0,53,53,6
passenger845,4,15,280,486,507,206,21,227,6
passenger846,5,10,280,280,310,0,30,30,6
passenger847,17,25,280,289,305,9,16,25,15
passenger848,25,23,280,280,284,0,4,4,9
passenger849,6,3,280,280,287,0,7,7,14
passenger850,23,24,280,280,283,0,3,3,1
passenger851,7,1,280,307,403,27,96,123,14
passenger852,17,2,281,291,322,10,31,41,8
passenger853,2,24,281,292,345,11,53,64,14
passenger854,13,3,281,281,352,0,71,71,15
passenger855,17,10,282,291,310,9,19,28,8
passenger856,14,23,282,283,302,1,19,20,2
passenger857,6,17,283,304,327,21,23,44,14
passenger858,21,11,283,375,405,92,30,122,9
passenger859,25,12,283,286,310,3,24,27,1
passenger860,12,23,283,283,308,0,25,25,13
passenger861,16,22,283,289,299,6,10,16,2
passenger862,20,18,283,283,288,0,5,5,8
passenger863,7,10,284,307,314,23,7,30,14
passenger864,22,16,284,287,300,3,13,16,9
passenger865,8,9,284,288,319,4,31,35,5
passenger866,20,5,284,284,317,0,33,33,8
passenger867,3,20,285,287,335,2,48,50,14
passenger868,8,20,285,288,345,3,57,60,5
passenger869,14,25,286,286,309,0,23,23,4
passenger870,14,22,287,287,305,0,18,18,13
passenger871,22,6,288,288,316,0,28,28,9
passenger872,25,19,288,288,296,0,8,8,1
passenger873,3,1,289,289,295,0,6,6,14
passenger874,7,1,289,305,391,16,86,102,6
passenger875,9,25,289,309,370,20,61,81,0
passenger876,12,1,290,344,412,54,68,122,7
passenger877,13,6,290,295,312,5,17,22,7
passenger878,22,3,290,290,321,0,31,31,9
passenger879,20,12,290,292,329,2,37,39,3
passenger880,1,17,291,295,327,4,32,36,14
passenger881,12,20,291,344,356,53,12,65,7
passenger882,16,20,291,291,301,0,10,10,13
passenger883,12,1,291,344,412,53,68,121,7
passenger884,4,12,292,486,498,194,12,206,6
passenger885,10,20,292,300,356,8,56,64,7
passenger886,11,22,292,341,360,49,19,68,7
passenger887,5,10,293,383,413,90,30,120,6
passenger888,19,4,293,295,325,2,30,32,0
passenger889,9,19,294,371,439,77,68,145,6
passenger890,15,20,295,297,354,2,57,59,8
passenger891,13,22,295,295,360,0,65,65,7
passenger892,22,25,295,298,303,3,5,8,3
passenger893,4,15,295,486,507,191,21,212,6
passenger894,3,6,296,296,302,0,6,6,6
passenger895,8,17,296,374,433,78,59,137,6
passenger896,11,22,296,307,360,11,53,64,8
passenger897,8,16,296,310,324,14,14,28,14
passenger898,20,25,296,296,305,0,9,9,15
passenger899,7,19,296,307,331,11,24,35,14
passenger900,3,14,297,297,318,0,21,21,6
passenger901,11,24,297,307,364,10,57,67,8
passenger902,20,24,298,298,306,0,8,8,4
passenger903,22,11,298,298,335,0,37,37,3
passenger904,19,1,298,298,383,0,85,85,13
passenger905,14,2,298,299,324,1,25,26,11
passenger906,19,25,298,298,312,0,14,14,13
passenger907,18,21,300,300,361,0,61,61,1
passenger908,6,25,300,304,348,4,44,48,14
passenger909,14,17,300,300,356,0,56,56,11
passenger910,20,16,301,301,343,0,42,42,13
passenger911,8,16,301,386,432,85,46,131,14
passenger912,17,22,301,316,401,15,85,100,2
passenger913,13,3,301,303,321,2,18,20,11
passenger914,3,1,302,302,394,0,92,92,10
passenger915,17,11,302,320,328,18,8,26,15
passenger916,22,18,302,302,328,0,26,26,4
passenger917,4,3,302,305,388,3,83,86,10
passenger918,10,24,304,306,367,2,61,63,0
passenger919,2,5,304,307,313,3,6,9,5
passenger920,1,11,304,304,323,0,19,19,5
passenger921,25,18,305,305,316,0,11,11,3
passenger922,13,4,305,305,318,0,13,13,11
passenger923,9,14,305,305,348,0,43,43,7
passenger924,7,18,305,377,436,72,59,131,6
passenger925,25,6,306,306,347,0,41,41,15
passenger926,7,4,306,315,325,9,10,19,0
passenger927,19,12,307,311,322,4,11,15,12
passenger928,8,6,307,312,318,5,6,11,0
passenger929,2,12,308,308,326,0,18,18,5
passenger930,18,6,308,314,338,6,24,30,12
passenger931,1,12,309,332,349,23,17,40,0
passenger932,17,9,309,381,433,72,52,124,12
passenger933,7,4,310,310,385,0,75,75,10
passenger934,19,22,311,311,390,0,79,79,12
passenger935,20,13,311,312,326,1,14,15,3
passenger936,19,10,311,411,430,100,19,119,12
passenger937,1,10,312,325,338,13,13,26,7
passenger938,18,17,312,316,319,4,3,7,3
passenger939,25,7,312,312,367,0,55,55,13
passenger940,1,7,313,325,333,12,8,20,7
passenger941,22,21,313,314,319,1,5,6,4
passenger942,3,5,314,321,333,7,12,19,11
passenger943,15,17,314,327,389,13,62,75,2
passenger944,25,19,314,314,333,0,19,19,13
passenger945,6,1,314,314,327,0,13,13,11
passenger946,16,14,314,322,332,8,10,18,2
passenger947,24,15,315,317,346,2,29,31,13
passenger948,13,8,315,315,374,0,59,59,6
passenger949,3,22,315,319,360,4,41,45,7
passenger950,21,5,315,319,351,4,32,36,4
passenger951,18,10,315,315,331,0,16,16,15
passenger952,11,22,316,317,339,1,22,23,14
passenger953,22,5,316,316,351,0,35,35,4
passenger954,8,21,316,316,361,0,45,45,1
passenger955,23,2,316,322,380,6,58,64,13
passenger956,21,13,316,319,337,3,18,21,4
passenger957,15,2,317,327,362,10,35,45,2
passenger958,18,17,317,317,320,0,3,3,15
passenger959,17,20,318,318,395,0,77,77,2
passenger960,24,22,319,319,325,0,6,6,13
passenger961,19,25,319,325,407,6,82,88,4
passenger962,17,14,319,319,332,0,13,13,2
passenger963,20,2,319,322,358,3,36,39,4
passenger964,13,11,320,322,364,2,42,44,10
passenger965,23,2,320,322,380,2,58,60,13
passenger966,17,5,320,320,346,0,26,26,3
passenger967,23,22,320,322,325,2,3,5,13
passenger968,6,22,320,320,363,0,43,43,0
passenger969,13,25,321,322,342,1,20,21,10
passenger970,19,1,321,325,361,4,36,40,4
passenger971,6,11,321,321,344,0,23,23,0
passenger972,6,4,321,321,325,0,4,4,0
passenger973,25,22,322,343,350,21,7,28,6
passenger974,11,6,322,323,400,1,77,78,5
passenger975,5,23,323,325,365,2,40,42,1
passenger976,9,1,323,329,351,6,22,28,12
passenger977,10,12,324,326,370,2,44,46,12
passenger978,16,9,324,324,344,0,20,20,2
passenger979,24,17,324,340,359,16,19,35,6
passenger980,25,10,325,348,382,23,34,57,14
passenger981,17,10,325,331,342,6,11,17,4
passenger982,18,19,325,328,395,3,67,70,4
passenger983,9,24,325,363,394,38,31,69,12
passenger984,22,23,326,326,434,0,108,108,13
passenger985,6,18,326,330,350,4,20,24,8
passenger986,3,25,326,328,370,2,42,44,0
passenger987,4,22,326,326,360,0,34,34,8
passenger988,11,8,328,328,339,0,11,11,15
passenger989,2,17,328,330,365,2,35,37,9
passenger990,19,12,329,333,351,4,18,22,13
passenger991,21,9,329,329,363,0,34,34,13
passenger992,14,8,329,332,347,3,15,18,2
passenger993,15,4,329,329,358,0,29,29,2
passenger994,12,14,330,330,395,0,65,65,3
passenger995,14,12,330,332,338,2,6,8,2
passenger996,17,13,330,331,337,1,6,7,4
passenger997,8,6,330,334,410,4,76,80,8
passenger998,17,24,331,391,402,60,11,71,4
passenger999,19,16,332,332,367,0,35,35,14
passenger1000,24,23,332,340,347,8,7,15,6
passenger1001,13,3,332,383,442,51,59,110,2
passenger1002,16,7,332,383,396,51,13,64,5
passenger1003,22,9,332,332,371,0,39,39,6
passenger1004,12,5,332,332,346,0,14,14,3
passenger1005,5,7,333,333,341,0,8,8,11
passenger1006,10,7,333,333,342,0,9,9,15
passenger1007,4,12,333,334,354,1,20,21,9
passenger1008,16,9,334,386,403,52,17,69,8
passenger1009,14,7,334,334,352,0,18,18,2
passenger1010,18,17,334,336,339,2,3,5,13
passenger1011,25,2,334,343,388,9,45,54,6
passenger1012,22,9,334,334,371,0,37,37,6
passenger1013,2,18,334,336,354,2,18,20,1
passenger1014,5,25,335,335,378,0,43,43,11
passenger1015,6,14,336,338,350,2,12,14,11
passenger1016,6,4,336,338,421,2,83,85,11
passenger1017,1,12,336,351,370,15,19,34,12
passenger1018,11,1,336,336,354,0,18,18,3
passenger1019,9,7,336,336,342,0,6,6,15
passenger1020,15,25,337,345,367,8,22,30,8
passenger1021,18,23,337,363,447,26,84,110,14
passenger1022,5,6,337,337,340,0,3,3,9
passenger1023,19,8,338,360,386,22,26,48,14
passenger1024,22,12,338,339,375,1,36,37,14
passenger1025,6,22,338,338,367,0,29,29,11
passenger1026,14,21,339,342,357,3,15,18,8
passenger1027,12,4,339,339,358,0,19,19,2
passenger1028,18,4,339,339,406,0,67,67,5
passenger1029,17,11,340,340,354,0,14,14,13
passenger1030,20,22,340,351,444,11,93,104,10
passenger1031,11,23,341,341,363,0,22,22,7
passenger1032,3,25,341,347,397,6,50,56,12
passenger1033,15,12,341,345,394,4,49,53,8
passenger1034,4,8,341,342,360,1,18,19,12
passenger1035,18,21,342,350,357,8,7,15,8
passenger1036,23,11,342,342,379,0,37,37,14
passenger1037,12,5,342,389,402,47,13,60,7
passenger1038,3,11,342,347,367,5,20,25,12
passenger1039,15,3,342,345,415,3,70,73,8
passenger1040,11,17,343,344,356,1,12,13,0
passenger1041,21,24,343,353,363,10,10,20,5
passenger1042,9,10,343,345,348,2,3,5,9
passenger1043,22,18,344,347,355,3,8,11,10
passenger1044,7,18,344,344,385,0,41,41,15
passenger1045,4,12,344,344,370,0,26,26,12
passenger1046,8,25,345,346,407,1,61,62,4
passenger1047,1,22,345,351,390,6,39,45,12
passenger1048,8,1,345,346,361,1,15,16,4
passenger1049,17,4,346,356,405,10,49,59,0
passenger1050,1,3,346,354,363,8,9,17,3
passenger1051,11,4,346,346,405,0,59,59,0
passenger1052,18,2,346,355,391,9,36,45,10
passenger1053,20,22,347,347,357,0,10,10,5
passenger1054,18,24,347,432,450,85,18,103,10
passenger1055,24,2,348,351,400,3,49,52,14
passenger1056,9,20,348,362,391,14,29,43,15
passenger1057,9,19,348,362,388,14,26,40,15
passenger1058,20,25,349,349,366,0,17,17,5
passenger1059,9,1,349,363,383,14,20,34,13
passenger1060,8,12,349,349,380,0,31,31,2
passenger1061,11,22,349,351,378,2,27,29,9
passenger1062,20,19,350,350,378,0,28,28,5
passenger1063,1,12,350,354,389,4,35,39,3
passenger1064,19,7,350,435,483,85,48,133,10
passenger1065,11,19,350,351,369,1,18,19,9
passenger1066,20,22,350,350,357,0,7,7,5
passenger1067,11,10,351,351,408,0,57,57,9
passenger1068,10,17,351,398,415,47,17,64,13
passenger1069,11,5,351,351,425,0,74,74,9
passenger1070,12,6,351,351,370,0,19,19,13
passenger1071,14,23,351,351,370,0,19,19,11
passenger1072,20,12,351,438,470,87,32,119,10
passenger1073,25,12,352,369,396,17,27,44,1
passenger1074,20,9,352,354,371,2,17,19,6
passenger1075,22,10,353,355,382,2,27,29,14
passenger1076,7,4,353,353,358,0,5,5,2
passenger1077,22,8,354,355,386,1,31,32,14
passenger1078,21,3,354,354,409,0,55,55,5
passenger1079,13,11,355,359,405,4,46,50,9
passenger1080,11,5,356,356,373,0,17,17,13
passenger1081,2,9,356,357,379,1,22,23,3
passenger1082,12,20,356,356,372,0,16,16,9
passenger1083,12,7,356,356,417,0,61,61,9
passenger1084,7,16,356,358,381,2,23,25,15
passenger1085,11,23,358,358,434,0,76,76,13
passenger1086,11,15,359,359,411,0,52,52,13
passenger1087,2,5,359,359,367,0,8,8,3
passenger1088,22,9,359,359,392,0,33,33,5
passenger1089,11,15,359,372,378,13,6,19,15
passenger1090,2,13,360,360,392,0,32,32,3
passenger1091,9,4,360,362,449,2,87,89,15
passenger1092,11,12,360,432,471,72,39,111,15
passenger1093,5,14,360,367,395,7,28,35,3
passenger1094,19,7,360,360,413,0,53,53,11
passenger1095,25,16,361,368,383,7,15,22,7
passenger1096,20,2,362,363,426,1,63,64,11
passenger1097,20,9,362,363,409,1,46,47,11
passenger1098,18,21,362,436,443,74,7,81,14
passenger1099,7,2,362,371,445,9,74,83,2
passenger1100,16,20,362,362,442,0,80,80,6
passenger1101,11,5,363,432,446,69,14,83,15
passenger1102,8,11,363,376,386,13,10,23,3
passenger1103,23,4,363,363,405,0,42,42,7
passenger1104,9,16,363,363,381,0,18,18,15
passenger1105,6,23,364,370,418,6,48,54,3
passenger1106,23,10,364,364,393,0,29,29,7
passenger1107,19,18,364,369,390,5,21,26,9
passenger1108,5,2,365,367,469,2,102,104,4
passenger1109,9,4,365,365,449,0,84,84,15
passenger1110,8,16,366,376,388,10,12,22,4
passenger1111,15,6,366,421,440,55,19,74,12
passenger1112,1,6,366,394,405,28,11,39,10
passenger1113,12,20,366,370,386,4,16,20,12
passenger1114,10,8,366,368,437,2,69,71,15
passenger1115,14,2,367,376,452,9,76,85,12
passenger1116,6,1,368,368,451,0,83,83,2
passenger1117,14,12,368,426,468,58,42,100,14
passenger1118,15,16,369,370,432,1,62,63,14
passenger1119,10,22,369,369,396,0,27,27,15
passenger1120,23,3,369,372,409,3,37,40,5
passenger1121,24,5,369,369,403,0,34,34,5
passenger1122,7,14,370,373,384,3,11,14,4
passenger1123,1,10,370,383,398,13,15,28,13
passenger1124,5,13,370,378,418,8,40,48,10
passenger1125,21,24,370,375,382,5,7,12,9
passenger1126,6,14,370,370,384,0,14,14,4
passenger1127,12,11,370,370,427,0,57,57,12
passenger1128,16,25,370,418,501,48,83,131,12
passenger1129,11,2,371,432,453,61,21,82,15
passenger1130,23,24,371,371,374,0,3,3,11
passenger1131,9,13,371,375,383,4,8,12,2
passenger1132,22,13,371,372,391,1,19,20,8
passenger1133,13,24,371,373,394,2,21,23,12
passenger1134,21,13,371,375,391,4,16,20,8
passenger1135,5,11,372,373,401,1,28,29,13
passenger1136,17,7,372,383,407,11,24,35,8
passenger1137,14,17,372,376,381,4,5,9,12
passenger1138,3,15,372,377,411,5,34,39,13
passenger1139,19,6,373,379,410,6,31,37,1
passenger1140,14,18,373,474,480,101,6,107,12
passenger1141,2,17,373,380,415,7,35,42,13
passenger1142,7,10,373,373,383,0,10,10,3
passenger1143,17,1,374,380,412,6,32,38,7
passenger1144,1,12,374,383,404,9,21,30,13
passenger1145,24,1,375,375,430,0,55,55,11
passenger1146,20,2,375,376,416,1,40,41,1
passenger1147,13,11,376,383,422,7,39,46,2
passenger1148,12,3,376,376,397,0,21,21,14
passenger1149,19,7,376,376,398,0,22,22,7
passenger1150,20,17,376,376,385,0,9,9,1
passenger1151,14,8,377,385,399,8,14,22,0
passenger1152,17,25,377,380,452,3,72,75,0
passenger1153,24,23,378,381,385,3,4,7,11
passenger1154,6,15,379,380,429,1,49,50,6
passenger1155,10,25,379,383,422,4,39,43,3
passenger1156,24,22,380,381,388,1,7,8,11
passenger1157,5,8,380,380,409,0,29,29,10
passenger1158,18,19,380,380,451,0,71,71,8
passenger1159,9,4,380,380,462,0,82,82,3
passenger1160,4,18,380,385,432,5,47,52,10
passenger1161,12,13,380,380,383,0,3,3,2
passenger1162,21,1,381,391,430,10,39,49,11
passenger1163,19,7,381,381,407,0,26,26,1
passenger1164,24,13,382,382,403,0,21,21,11
passenger1165,8,6,382,386,390,4,4,8,14
passenger1166,5,25,382,382,453,0,71,71,10
passenger1167,5,12,383,383,421,0,38,38,6
passenger1168,12,17,384,389,402,5,13,18,3
passenger1169,22,14,384,388,400,4,12,16,11
passenger1170,19,15,385,388,424,3,36,39,15
passenger1171,11,4,385,386,462,1,76,77,3
passenger1172,6,11,385,390,421,5,31,36,14
passenger1173,2,8,385,386,394,1,8,9,13
passenger1174,12,21,385,389,440,4,51,55,0
passenger1175,25,19,386,403,411,17,8,25,15
passenger1176,2,11,386,386,401,0,15,15,13
passenger1177,19,15,386,388,424,2,36,38,15
passenger1178,12,11,386,389,392,3,3,6,0
passenger1179,11,15,386,386,398,0,12,12,3
passenger1180,5,13,386,480,510,94,30,124,13
passenger1181,6,18,388,390,436,2,46,48,14
passenger1182,22,13,388,388,403,0,15,15,11
passenger1183,10,24,388,395,449,7,54,61,0
passenger1184,17,11,388,391,444,3,53,56,4
passenger1185,1,6,389,391,402,2,11,13,6
passenger1186,6,19,389,390,439,1,49,50,14
passenger1187,13,25,390,393,464,3,71,74,1
passenger1188,14,23,390,390,456,0,66,66,1
passenger1189,14,9,390,390,401,0,11,11,1
passenger1190,18,12,390,390,400,0,10,10,9
passenger1191,7,12,390,396,427,6,31,37,5
passenger1192,17,10,390,390,425,0,35,35,2
passenger1193,18,25,390,390,457,0,67,67,9
passenger1194,11,8,391,392,399,1,7,8,0
passenger1195,11,21,391,392,440,1,48,49,0
passenger1196,5,25,391,393,453,2,60,62,14
passenger1197,11,22,391,392,443,1,51,52,0
passenger1198,20,23,392,392,399,0,7,7,15
passenger1199,5,15,393,409,429,16,20,36,14
passenger1200,3,8,393,397,406,4,9,13,6
passenger1201,2,18,394,394,436,0,42,42,6
passenger1202,16,19,394,394,447,0,53,53,9
passenger1203,5,9,394,483,493,89,10,99,6
passenger1204,17,21,395,402,410,7,8,15,3
passenger1205,23,2,395,401,452,6,51,57,12
passenger1206,11,1,395,397,419,2,22,24,8
passenger1207,21,4,396,398,439,2,41,43,2
passenger1208,21,4,396,398,439,2,41,43,2
passenger1209,1,22,396,396,444,0,48,48,10
passenger1210,11,17,397,397,447,0,50,50,8
passenger1211,7,18,397,397,439,0,42,42,5
passenger1212,11,7,397,397,407,0,10,10,8
passenger1213,10,1,398,400,419,2,19,21,8
passenger1214,8,15,398,399,426,1,27,28,0
passenger1215,4,3,398,405,408,7,3,10,7
passenger1216,17,11,398,402,446,4,44,48,3
passenger1217,4,19,399,401,435,2,34,36,10
passenger1218,20,1,400,407,451,7,44,51,2
passenger1219,6,10,400,400,422,0,22,22,5
passenger1220,19,2,401,406,466,5,60,65,3
passenger1221,21,8,401,404,429,3,25,28,2
passenger1222,4,22,401,401,444,0,43,43,10
passenger1223,3,4,402,408,419,6,11,17,7
passenger1224,24,13,402,402,440,0,38,38,4
passenger1225,12,18,402,402,444,0,42,42,9
passenger1226,16,1,403,461,494,58,33,91,13
passenger1227,14,7,403,408,476,5,68,73,13
passenger1228,21,13,404,404,416,0,12,12,2
passenger1229,4,23,404,406,455,2,49,51,5
passenger1230,8,7,404,404,407,0,3,3,1
passenger1231,24,20,404,404,421,0,17,17,4
passenger1232,22,17,404,404,415,0,11,11,12
passenger1233,23,3,404,413,466,9,53,62,4
passenger1234,15,8,404,411,473,7,62,69,13
passenger1235,10,6,405,408,422,3,14,17,9
passenger1236,6,12,405,405,415,0,10,10,10
passenger1237,23,16,405,413,429,8,16,24,4
passenger1238,9,11,406,410,416,4,6,10,6
passenger1239,14,7,407,408,476,1,68,69,13
passenger1240,14,18,407,408,418,1,10,11,13
passenger1241,7,15,407,407,441,0,34,34,1
passenger1242,18,13,407,500,534,93,34,127,2
passenger1243,8,14,407,407,425,0,18,18,6
passenger1244,20,6,408,408,440,0,32,32,12
passenger1245,15,18,408,411,418,3,7,10,13
passenger1246,9,10,409,409,452,0,43,43,11
passenger1247,23,10,409,413,449,4,36,40,4
passenger1248,15,4,409,411,483,2,72,74,13
passenger1249,24,15,409,410,432,1,22,23,4
passenger1250,20,16,411,421,429,10,8,18,4
passenger1251,9,18,411,411,444,0,33,33,9
passenger1252,22,4,411,413,462,2,49,51,3
passenger1253,22,21,412,413,430,1,17,18,3
passenger1254,3,18,412,416,445,4,29,33,7
passenger1255,22,10,412,413,449,1,36,37,3
passenger1256,17,25,412,420,497,8,77,85,15
passenger1257,9,6,413,413,422,0,9,9,9
passenger1258,25,8,413,422,455,9,33,42,3
passenger1259,12,14,413,415,423,2,8,10,0
passenger1260,7,17,413,413,475,0,62,62,11
passenger1261,18,6,414,414,443,0,29,29,15
passenger1262,13,2,414,420,497,6,77,83,0
passenger1263,6,25,414,414,459,0,45,45,5
passenger1264,13,16,414,420,429,6,9,15,0
passenger1265,23,18,414,414,425,0,11,11,4
passenger1266,20,18,414,517,529,103,12,115,4
passenger1267,13,16,414,468,529,54,61,115,0
passenger1268,8,23,414,414,447,0,33,33,14
passenger1269,5,23,414,417,491,3,74,77,11
passenger1270,22,4,415,415,462,0,47,47,3
passenger1271,18,25,416,416,497,0,81,81,15
passenger1272,15,9,416,517,531,101,14,115,12
passenger1273,22,13,416,417,440,1,23,24,4
passenger1274,4,7,416,419,426,3,7,10,7
passenger1275,18,12,417,417,429,0,12,12,15
passenger1276,6,20,417,422,450,5,28,33,9
passenger1277,4,6,417,419,423,2,4,6,7
passenger1278,12,1,417,417,500,0,83,83,0
passenger1279,10,23,417,418,447,1,29,30,14
passenger1280,24,22,418,437,449,19,12,31,13
passenger1281,9,2,418,419,503,1,84,85,5
passenger1282,21,10,418,452,469,34,17,51,13
passenger1283,19,3,418,435,493,17,58,75,10
passenger1284,17,15,418,420,424,2,4,6,15
passenger1285,24,3,418,450,493,32,43,75,10
passenger1286,11,25,418,418,453,0,35,35,6
passenger1287,10,17,418,477,530,59,53,112,14
passenger1288,5,19,418,418,479,0,61,61,11
passenger1289,7,15,419,419,437,0,18,18,9
passenger1290,22,17,419,427,436,8,9,17,3
passenger1291,12,5,419,419,436,0,17,17,2
passenger1292,9,22,419,419,452,0,33,33,5
passenger1293,6,17,420,422,446,2,24,26,1
passenger1294,13,9,420,468,474,48,6,54,0
passenger1295,18,10,420,420,469,0,49,49,13
passenger1296,8,14,420,428,438,8,10,18,1
passenger1297,19,22,420,423,431,3,8,11,13
passenger1298,16,17,421,423,428,2,5,7,10
passenger1299,20,7,421,427,476,6,49,55,13
passenger1300,7,13,422,425,435,3,10,13,1
passenger1301,16,17,422,423,428,1,5,6,10
passenger1302,4,20,422,422,484,0,62,62,11
passenger1303,10,22,423,423,452,0,29,29,5
passenger1304,19,25,424,424,440,0,16,16,13
passenger1305,16,14,425,425,466,0,41,41,10
passenger1306,5,10,425,425,432,0,7,7,8
passenger1307,22,10,426,508,543,82,35,117,3
passenger1308,2,7,426,426,447,0,21,21,11
passenger1309,15,16,426,426,429,0,3,3,0
passenger1310,25,24,426,440,443,14,3,17,13
passenger1311,14,21,426,426,445,0,19,19,6
passenger1312,2,15,427,427,469,0,42,42,11
passenger1313,12,20,427,427,443,0,16,16,5
passenger1314,21,17,427,430,436,3,6,9,3
passenger1315,17,18,429,429,432,0,3,3,10
passenger1316,15,6,429,429,480,0,51,51,6
passenger1317,8,19,429,429,449,0,20,20,7
passenger1318,16,6,429,429,459,0,30,30,4
passenger1319,22,25,429,444,453,15,9,24,10
passenger1320,16,6,429,429,483,0,54,54,0
passenger1321,24,6,430,450,486,20,36,56,10
passenger1322,11,22,430,434,460,4,26,30,7
passenger1323,14,7,430,431,489,1,58,59,5
passenger1324,3,10,430,438,452,8,14,22,11
passenger1325,17,18,431,432,435,1,3,4,0
passenger1326,6,4,431,433,439,2,6,8,2
passenger1327,18,4,431,435,489,4,54,58,0
passenger1328,2,13,431,433,463,2,30,32,11
passenger1329,15,7,431,432,456,1,24,25,4
passenger1330,6,9,432,433,468,1,35,36,2
passenger1331,1,10,433,451,471,18,20,38,2
passenger1332,1,8,434,451,465,17,14,31,2
passenger1333,15,1,434,434,474,0,40,40,4
passenger1334,16,15,435,435,475,0,40,40,5
passenger1335,16,21,435,435,449,0,14,14,5
passenger1336,2,5,435,435,442,0,7,7,11
passenger1337,8,18,436,436,480,0,44,44,12
passenger1338,22,23,436,444,447,8,3,11,10
passenger1339,15,11,436,436,444,0,8,8,4
passenger1340,11,2,436,436,506,0,70,70,7
passenger1341,12,13,436,436,439,0,3,3,8
passenger1342,6,20,436,440,486,4,46,50,12
passenger1343,21,8,437,441,478,4,37,41,10
passenger1344,23,3,437,446,486,9,40,49,13
passenger1345,23,20,437,446,455,9,9,18,13
passenger1346,6,17,438,443,481,5,38,43,15
passenger1347,8,20,439,439,488,0,49,49,15
passenger1348,5,7,439,447,465,8,18,26,12
passenger1349,8,5,439,439,446,0,7,7,15
passenger1350,9,16,439,452,496,13,44,57,3
passenger1351,16,14,440,440,474,0,34,34,9
passenger1352,5,6,440,447,462,7,15,22,12
passenger1353,23,7,440,446,480,6,34,40,0
passenger1354,3,12,441,442,477,1,35,36,2
passenger1355,1,9,441,451,468,10,17,27,2
passenger1356,22,7,441,443,480,2,37,39,0
passenger1357,18,13,442,444,478,2,34,36,9
passenger1358,9,17,442,452,510,10,58,68,4
passenger1359,15,8,442,442,503,0,61,61,1
passenger1360,6,23,442,442,495,0,53,53,12
passenger1361,5,24,443,443,494,0,51,51,11
passenger1362,12,25,443,443,513,0,70,70,3
passenger1363,9,15,443,452,493,9,41,50,3
passenger1364,16,9,444,444,474,0,30,30,8
passenger1365,6,14,444,444,474,0,30,30,12
passenger1366,17,7,445,447,478,2,31,33,8
passenger1367,20,16,445,445,472,0,27,27,5
passenger1368,5,24,445,457,498,12,41,53,12
passenger1369,2,17,446,446,497,0,51,51,2
passenger1370,11,17,446,446,510,0,64,64,4
passenger1371,20,18,446,446,468,0,22,22,5
passenger1372,17,22,446,446,453,0,7,7,1
passenger1373,18,21,446,446,455,0,9,9,7
passenger1374,11,6,446,446,459,0,13,13,4
passenger1375,6,16,447,463,477,16,14,30,15
passenger1376,14,2,447,465,487,18,22,40,8
passenger1377,6,25,447,463,497,16,34,50,15
passenger1378,19,5,447,447,495,0,48,48,9
passenger1379,2,8,448,448,465,0,17,17,2
passenger1380,22,13,448,448,467,0,19,19,6
passenger1381,20,13,448,450,478,2,28,30,9
passenger1382,13,16,448,468,514,20,46,66,8
passenger1383,24,11,448,450,472,2,22,24,14
passenger1384,15,23,448,462,533,14,71,85,8
passenger1385,10,21,449,449,520,0,71,71,4
passenger1386,14,22,450,465,530,15,65,80,8
passenger1387,12,16,451,460,472,9,12,21,11
passenger1388,9,16,451,452,496,1,44,45,3
passenger1389,9,16,451,479,496,28,17,45,3
passenger1390,20,11,452,452,491,0,39,39,7
passenger1391,11,9,452,455,523,3,68,71,11
passenger1392,19,15,452,452,462,0,10,10,8
passenger1393,13,1,453,463,547,10,84,94,11
passenger1394,3,1,453,456,551,3,95,98,15
passenger1395,22,2,453,453,513,0,60,60,1
passenger1396,2,20,453,453,488,0,35,35,15
passenger1397,14,8,454,466,526,12,60,72,11
passenger1398,16,6,454,457,481,3,24,27,8
passenger1399,5,10,454,460,471,6,11,17,2
passenger1400,23,20,454,456,475,2,19,21,1
passenger1401,5,15,454,557,590,103,33,136,2
passenger1402,23,24,454,456,459,2,3,5,1
passenger1403,20,4,455,455,483,0,28,28,13
passenger1404,7,6,455,456,459,1,3,4,4
passenger1405,4,5,456,456,460,0,4,4,2
passenger1406,8,14,456,456,490,0,34,34,3
passenger1407,10,11,456,471,474,15,3,18,2
passenger1408,7,4,456,456,463,0,7,7,4
passenger1409,25,15,456,457,471,1,14,15,9
passenger1410,6,21,456,554,606,98,52,150,2
passenger1411,21,25,456,456,465,0,9,9,7
passenger1412,4,16,457,457,494,0,37,37,2
passenger1413,25,21,457,457,463,0,6,6,9
passenger1414,6,23,457,462,495,5,33,38,12
passenger1415,11,13,457,457,463,0,6,6,11
passenger1416,14,20,457,465,526,8,61,69,8
passenger1417,4,14,457,457,486,0,29,29,2
passenger1418,21,14,457,457,486,0,29,29,7
passenger1419,7,2,458,465,546,7,81,88,12
passenger1420,14,18,458,465,520,7,55,62,8
passenger1421,14,25,459,465,540,6,75,81,8
passenger1422,16,13,459,459,468,0,9,9,8
passenger1423,2,14,459,487,510,28,23,51,8
passenger1424,5,19,459,459,483,0,24,24,12
passenger1425,5,23,459,460,493,1,33,34,15
passenger1426,8,11,460,534,571,74,37,111,15
passenger1427,4,6,461,463,484,2,21,23,4
passenger1428,24,8,461,461,503,0,42,42,1
passenger1429,13,25,461,510,532,49,22,71,13
passenger1430,16,2,462,463,497,1,34,35,0
passenger1431,9,10,462,531,568,69,37,106,15
passenger1432,7,13,463,537,575,74,38,112,15
passenger1433,10,8,463,528,534,65,6,71,15
passenger1434,11,9,464,472,480,8,8,16,14
passenger1435,6,12,465,474,484,9,10,19,3
passenger1436,24,13,467,467,490,0,23,23,1
passenger1437,15,25,467,475,550,8,75,83,5
passenger1438,16,6,467,472,493,5,21,26,5
passenger1439,10,13,468,471,481,3,10,13,2
passenger1440,12,4,469,469,487,0,18,18,14
passenger1441,3,9,469,469,479,0,10,10,3
passenger1442,23,18,470,470,479,0,9,9,1
passenger1443,22,5,470,470,501,0,31,31,7
passenger1444,11,15,470,472,524,2,52,54,14
passenger1445,11,9,471,471,475,0,4,4,6
passenger1446,2,22,471,471,523,0,52,52,4
passenger1447,24,3,471,494,541,23,47,70,11
passenger1448,11,13,471,471,501,0,30,30,6
passenger1449,20,25,471,474,547,3,73,76,7
passenger1450,11,19,472,472,536,0,64,64,14
passenger1451,24,21,472,494,503,22,9,31,11
passenger1452,8,21,472,473,522,1,49,50,13
passenger1453,11,1,474,474,498,0,24,24,14
passenger1454,19,21,474,477,537,3,60,63,7
passenger1455,9,12,475,475,510,0,35,35,10
passenger1456,10,3,475,477,490,2,13,15,14
passenger1457,25,1,475,497,547,22,50,72,11
passenger1458,14,1,475,475,505,0,30,30,9
passenger1459,18,23,475,479,558,4,79,83,1
passenger1460,17,16,475,475,512,0,37,37,11
passenger1461,21,25,476,487,497,11,10,21,11
passenger1462,22,6,476,588,633,112,45,157,11
passenger1463,15,21,476,476,540,0,64,64,5
passenger1464,8,17,477,477,532,0,55,55,0
passenger1465,1,22,477,494,525,17,31,48,13
passenger1466,16,19,478,478,485,0,7,7,15
passenger1467,21,6,478,487,532,9,45,54,11
passenger1468,12,22,478,478,513,0,35,35,2
passenger1469,5,21,479,480,520,1,40,41,4
passenger1470,8,15,480,480,516,0,36,36,10
passenger1471,13,18,480,480,530,0,50,50,9
passenger1472,21,9,481,487,523,6,36,42,11
passenger1473,5,11,481,481,495,0,14,14,4
passenger1474,16,19,481,482,533,1,51,52,7
passenger1475,19,9,481,481,523,0,42,42,11
passenger1476,24,3,481,594,642,113,48,161,11
passenger1477,3,1,482,486,494,4,8,12,13
passenger1478,24,5,482,498,537,16,39,55,12
passenger1479,16,21,482,482,537,0,55,55,7
passenger1480,20,24,482,486,498,4,12,16,12
passenger1481,2,11,482,489,506,7,17,24,13
passenger1482,13,18,483,483,500,0,17,17,2
passenger1483,16,14,483,483,487,0,4,4,1
passenger1484,8,3,484,485,500,1,15,16,5
passenger1485,11,7,484,484,491,0,7,7,9
passenger1486,14,20,484,486,507,2,21,23,2
passenger1487,14,15,484,486,489,2,3,5,2
passenger1488,2,17,484,489,516,5,27,32,13
passenger1489,11,4,485,485,498,0,13,13,9
passenger1490,6,20,485,485,517,0,32,32,4
passenger1491,23,13,486,495,523,9,28,37,12
passenger1492,25,5,486,501,537,15,36,51,12
passenger1493,8,24,486,486,547,0,61,61,5
passenger1494,5,17,486,486,532,0,46,46,0
passenger1495,6,9,486,486,491,0,5,5,4
passenger1496,12,9,487,493,500,6,7,13,1
passenger1497,22,25,487,588,597,101,9,110,11
passenger1498,13,14,487,487,490,0,3,3,3
passenger1499,2,6,487,487,497,0,10,10,8
passenger1500,1,22,488,490,530,2,40,42,8
passenger1501,6,9,488,488,501,0,13,13,10
passenger1502,22,18,488,492,512,4,20,24,12
passenger1503,16,1,489,494,565,5,71,76,2
passenger1504,15,8,489,489,547,0,58,58,2
passenger1505,19,24,490,504,519,14,15,29,2
passenger1506,7,9,490,490,518,0,28,28,5
passenger1507,9,21,490,491,520,1,29,30,4
passenger1508,2,23,491,491,528,0,37,37,13
passenger1509,20,13,491,507,534,16,27,43,2
passenger1510,15,23,491,491,516,0,25,25,2
passenger1511,20,7,491,507,550,16,43,59,2
passenger1512,2,17,491,491,516,0,25,25,13
passenger1513,4,3,491,491,494,0,3,3,0
passenger1514,25,12,492,497,524,5,27,32,15
passenger1515,17,6,492,499,556,7,57,64,3
passenger1516,3,2,492,492,495,0,3,3,14
passenger1517,9,1,493,493,543,0,50,50,6
passenger1518,11,9,494,496,500,2,4,6,1
passenger1519,14,15,495,500,503,5,3,8,4
passenger1520,8,12,495,496,520,1,24,25,7
passenger1521,2,8,495,495,513,0,18,18,14
passenger1522,25,13,497,497,521,0,24,24,15
passenger1523,24,13,497,498,523,1,25,26,12
passenger1524,4,22,497,497,543,0,46,46,5
passenger1525,11,16,499,507,520,8,13,21,10
passenger1526,17,8,499,499,549,0,50,50,3
passenger1527,19,13,500,503,536,3,33,36,3
passenger1528,10,8,500,504,563,4,59,63,10
passenger1529,19,7,500,503,553,3,50,53,3
passenger1530,4,23,500,500,539,0,39,39,9
passenger1531,9,17,501,501,523,0,22,22,10
passenger1532,18,21,501,501,510,0,9,9,2
passenger1533,16,18,501,507,513,6,6,12,4
passenger1534,21,24,502,503,600,1,97,98,15
passenger1535,2,19,502,503,537,1,34,35,0
passenger1536,5,23,503,504,550,1,46,47,14
passenger1537,2,7,503,503,514,0,11,11,0
passenger1538,5,16,503,504,527,1,23,24,14
passenger1539,1,13,503,506,526,3,20,23,5
passenger1540,25,14,503,503,520,0,17,17,12
passenger1541,12,17,503,505,517,2,12,14,8
passenger1542,14,10,503,504,521,1,17,18,6
passenger1543,15,1,504,504,564,0,60,60,4
passenger1544,7,17,504,506,546,2,40,42,1
passenger1545,9,2,505,516,606,11,90,101,14
passenger1546,4,22,505,507,544,2,37,39,0
passenger1547,9,1,506,516,612,10,96,106,14
passenger1548,19,14,506,507,518,1,11,12,15
passenger1549,12,23,506,506,533,0,27,27,8
passenger1550,8,15,506,513,524,7,11,18,14
passenger1551,19,16,506,507,514,1,7,8,15
passenger1552,6,18,507,507,533,0,26,26,14
passenger1553,19,4,508,508,544,0,36,36,15
passenger1554,5,17,508,510,532,2,22,24,0
passenger1555,3,23,508,509,539,1,30,31,9
passenger1556,3,25,509,509,545,0,36,36,9
passenger1557,17,12,509,509,518,0,9,9,11
passenger1558,7,9,509,510,516,1,6,7,14
passenger1559,19,6,509,509,540,0,31,31,15
passenger1560,14,25,510,510,593,0,83,83,6
passenger1561,7,18,510,510,533,0,23,23,14
passenger1562,5,21,510,510,541,0,31,31,0
passenger1563,5,8,510,510,517,0,7,7,0
passenger1564,12,10,511,511,559,0,48,48,10
passenger1565,5,17,511,511,529,0,18,18,7
passenger1566,1,25,511,516,564,5,48,53,1
passenger1567,2,9,512,513,528,1,15,16,1
passenger1568,24,4,513,517,562,4,45,49,3
passenger1569,2,19,513,513,550,0,37,37,1
passenger1570,2,23,513,513,558,0,45,45,1
passenger1571,12,22,514,514,584,0,70,70,6
passenger1572,7,4,514,514,583,0,69,69,5
passenger1573,25,20,514,514,525,0,11,11,3
passenger1574,23,8,515,516,547,1,31,32,2
passenger1575,11,15,515,518,567,3,49,52,6
passenger1576,12,7,515,515,526,0,11,11,6
passenger1577,10,16,515,521,570,6,49,55,6
passenger1578,1,9,515,516,528,1,12,13,1
passenger1579,8,2,516,516,585,0,69,69,9
passenger1580,4,13,516,612,649,96,37,133,1
passenger1581,3,9,517,520,528,3,8,11,1
passenger1582,15,22,517,517,533,0,16,16,10
passenger1583,3,11,518,520,532,2,12,14,1
passenger1584,3,11,518,520,532,2,12,14,1
passenger1585,13,20,518,521,588,3,67,70,15
passenger1586,12,24,518,520,544,2,24,26,7
passenger1587,4,2,519,612,618,93,6,99,1
passenger1588,1,9,519,543,555,24,12,36,6
passenger1589,5,3,519,609,615,90,6,96,1
passenger1590,6,25,519,606,671,87,65,152,1
passenger1591,21,1,520,520,564,0,44,44,4
passenger1592,23,6,520,520,556,0,36,36,3
passenger1593,11,9,521,521,574,0,53,53,9
passenger1594,11,20,522,522,537,0,15,15,5
passenger1595,18,15,522,522,554,0,32,32,8
passenger1596,16,19,523,526,533,3,7,10,7
passenger1597,5,10,524,535,558,11,23,34,6
passenger1598,3,18,525,640,679,115,39,154,6
passenger1599,11,16,525,527,575,2,48,50,12
passenger1600,15,7,526,526,569,0,43,43,0
passenger1601,4,25,526,538,593,12,55,67,6
passenger1602,8,3,527,527,541,0,14,14,11
passenger1603,8,23,528,528,591,0,63,63,11
passenger1604,7,25,528,528,593,0,65,65,6
passenger1605,12,22,528,537,609,9,72,81,2
passenger1606,17,2,528,528,562,0,34,34,2
passenger1607,13,11,528,528,570,0,42,42,5
passenger1608,6,14,529,532,564,3,32,35,6
passenger1609,3,18,529,640,679,111,39,150,6
passenger1610,21,3,529,529,570,0,41,41,10
passenger1611,12,17,529,535,546,6,11,17,1
passenger1612,2,10,529,546,558,17,12,29,6
passenger1613,7,1,529,529,543,0,14,14,6
passenger1614,21,12,530,530,553,0,23,23,10
passenger1615,19,15,530,533,560,3,27,30,9
passenger1616,22,25,530,530,540,0,10,10,8
passenger1617,16,9,531,531,546,0,15,15,3
passenger1618,11,21,531,532,554,1,22,23,1
passenger1619,11,13,531,532,538,1,6,7,1
passenger1620,5,25,533,535,597,2,62,64,11
passenger1621,17,9,533,533,565,0,32,32,0
passenger1622,15,11,533,534,540,1,6,7,4
passenger1623,4,22,533,538,588,5,50,55,11
passenger1624,23,21,534,534,546,0,12,12,8
passenger1625,10,7,534,541,550,7,9,16,2
passenger1626,2,19,535,544,583,9,39,48,11
passenger1627,9,23,535,544,612,9,68,77,2
passenger1628,22,4,536,541,583,5,42,47,13
passenger1629,23,4,536,536,571,0,35,35,8
passenger1630,13,12,536,536,539,0,3,3,3
passenger1631,24,17,536,537,552,1,15,16,13
passenger1632,22,15,537,541,560,4,19,23,13
passenger1633,21,22,537,537,540,0,3,3,7
passenger1634,22,11,537,541,568,4,27,31,13
passenger1635,10,25,538,543,612,5,69,74,4
passenger1636,19,23,538,538,550,0,12,12,14
passenger1637,15,24,539,542,561,3,19,22,1
passenger1638,18,19,539,539,606,0,67,67,10
passenger1639,5,15,539,539,571,0,32,32,12
passenger1640,19,20,540,540,543,0,3,3,14
passenger1641,24,9,540,542,574,2,32,34,9
passenger1642,8,25,540,549,612,9,63,72,4
passenger1643,25,5,540,540,568,0,28,28,8
passenger1644,10,24,540,543,609,3,66,69,4
passenger1645,5,20,541,541,585,0,44,44,12
passenger1646,3,5,541,541,555,0,14,14,11
passenger1647,20,16,541,545,555,4,10,14,13
passenger1648,14,22,542,549,612,7,63,70,10
passenger1649,8,13,542,547,584,5,37,42,2
passenger1650,16,19,542,543,606,1,63,64,10
passenger1651,9,16,543,546,592,3,46,49,4
passenger1652,12,14,544,553,597,9,44,53,10
passenger1653,22,10,544,544,562,0,18,18,0
passenger1654,17,24,545,546,561,1,15,16,1
passenger1655,20,25,545,545,554,0,9,9,14
passenger1656,15,8,546,546,563,0,17,17,10
passenger1657,25,17,546,546,556,0,10,10,9
passenger1658,7,8,546,553,570,7,17,24,3
passenger1659,7,21,546,553,605,7,52,59,3
passenger1660,3,19,547,547,583,0,36,36,15
passenger1661,14,2,547,549,573,2,24,26,10
passenger1662,16,19,548,555,623,7,68,75,13
passenger1663,19,14,548,548,563,0,15,15,13
passenger1664,9,5,549,588,647,39,59,98,10
passenger1665,1,9,549,549,567,0,18,18,11
passenger1666,16,1,549,552,581,3,29,32,0
passenger1667,25,15,550,550,573,0,23,23,7
passenger1668,8,25,550,550,613,0,63,63,3
passenger1669,5,24,550,551,591,1,40,41,12
passenger1670,8,10,551,551,579,0,28,28,4
passenger1671,11,25,551,556,617,5,61,66,10
passenger1672,7,25,551,551,617,0,66,66,2
passenger1673,9,8,552,557,620,5,63,68,12
passenger1674,16,18,552,552,606,0,54,54,0
passenger1675,9,4,552,557,628,5,71,76,12
passenger1676,10,14,554,559,597,5,38,43,10
passenger1677,2,23,554,554,597,0,43,43,15
passenger1678,1,11,554,565,579,11,14,25,2
passenger1679,20,9,555,559,587,4,28,32,7
passenger1680,13,3,555,558,575,3,17,20,8
passenger1681,20,16,555,559,570,4,11,15,7
passenger1682,22,9,555,555,587,0,32,32,7
passenger1683,2,9,556,556,565,0,9,9,15
passenger1684,4,14,556,557,586,1,29,30,4
passenger1685,4,24,556,557,609,1,52,53,4
passenger1686,16,7,557,557,574,0,17,17,13
passenger1687,24,20,557,557,568,0,11,11,14
passenger1688,11,4,558,559,574,1,15,16,0
passenger1689,9,15,558,558,571,0,13,13,12
passenger1690,20,7,559,559,595,0,36,36,7
passenger1691,19,8,559,563,592,4,29,33,7
passenger1692,7,12,559,559,574,0,15,15,11
passenger1693,5,11,559,559,577,0,18,18,3
passenger1694,9,8,560,560,620,0,60,60,12
passenger1695,20,9,560,560,587,0,27,27,7
passenger1696,18,19,560,566,642,6,76,82,7
passenger1697,17,7,560,560,578,0,18,18,5
passenger1698,21,6,560,564,598,4,34,38,14
passenger1699,7,22,561,561,588,0,27,27,11
passenger1700,9,18,561,561,581,0,20,20,12
passenger1701,2,16,561,561,592,0,31,31,4
passenger1702,22,18,561,561,572,0,11,11,14
passenger1703,15,22,562,562,611,0,49,49,9
passenger1704,8,10,562,564,570,2,6,8,11
passenger1705,2,18,562,562,599,0,37,37,2
passenger1706,19,4,563,563,600,0,37,37,7
passenger1707,17,20,563,636,645,73,9,82,7
passenger1708,6,12,563,566,580,3,14,17,3
passenger1709,23,11,563,571,597,8,26,34,1
passenger1710,19,14,563,563,576,0,13,13,7
passenger1711,17,16,563,636,673,73,37,110,7
passenger1712,17,20,563,573,580,10,7,17,6
passenger1713,23,8,564,571,602,7,31,38,1
passenger1714,24,16,564,567,586,3,19,22,1
passenger1715,15,9,564,564,574,0,10,10,5
passenger1716,11,17,564,565,578,1,13,14,12
passenger1717,10,8,565,568,629,3,61,64,15
passenger1718,21,11,565,565,589,0,24,24,14
passenger1719,17,1,566,636,708,70,72,142,7
passenger1720,2,22,567,567,605,0,38,38,4
passenger1721,4,20,567,571,610,4,39,43,8
passenger1722,23,13,567,571,593,4,22,26,1
passenger1723,23,11,568,571,597,3,26,29,1
passenger1724,24,6,568,568,606,0,38,38,1
passenger1725,11,10,568,568,571,0,3,3,9
passenger1726,20,2,568,568,606,0,38,38,14
passenger1727,21,1,570,575,621,5,46,51,1
passenger1728,8,15,572,572,588,0,16,16,3
passenger1729,4,13,572,572,597,0,25,25,8
passenger1730,25,21,572,593,599,21,6,27,6
passenger1731,1,15,572,579,601,7,22,29,8
passenger1732,15,2,572,572,634,0,62,62,12
passenger1733,17,14,572,577,584,5,7,12,14
passenger1734,18,8,573,573,594,0,21,21,14
passenger1735,7,19,573,573,602,0,29,29,2
passenger1736,19,5,573,577,634,4,57,61,6
passenger1737,6,15,573,573,589,0,16,16,4
passenger1738,21,6,573,575,606,2,31,33,1
passenger1739,6,21,574,577,629,3,52,55,13
passenger1740,18,23,574,574,666,0,92,92,14
passenger1741,20,24,575,578,668,3,90,93,1
passenger1742,5,7,575,580,600,5,20,25,13
passenger1743,6,2,576,577,589,1,12,13,13
passenger1744,20,17,576,578,583,2,5,7,1
passenger1745,3,5,577,577,587,0,10,10,0
passenger1746,5,11,578,578,592,0,14,14,10
passenger1747,12,8,579,580,644,1,64,65,3
passenger1748,24,6,579,590,631,11,41,52,6
passenger1749,15,11,580,581,589,1,8,9,14
passenger1750,10,21,580,580,602,0,22,22,4
passenger1751,25,1,580,593,644,13,51,64,6
passenger1752,12,3,580,580,655,0,75,75,3
passenger1753,11,16,580,580,593,0,13,13,2
passenger1754,11,8,581,581,592,0,11,11,7
passenger1755,8,9,581,585,588,4,3,7,10
passenger1756,10,18,581,584,639,3,55,58,7
passenger1757,3,2,581,582,585,1,3,4,9
passenger1758,13,18,581,583,597,2,14,16,3
passenger1759,7,6,582,582,644,0,62,62,10
passenger1760,16,10,583,591,638,8,47,55,3
passenger1761,19,4,583,583,637,0,54,54,15
passenger1762,4,14,583,583,599,0,16,16,5
passenger1763,10,19,584,584,642,0,58,58,7
passenger1764,13,9,584,584,641,0,57,57,3
passenger1765,4,5,584,584,587,0,3,3,8
passenger1766,19,6,585,585,633,0,48,48,15
passenger1767,13,21,586,586,606,0,20,20,2
passenger1768,23,7,586,587,628,1,41,42,6
passenger1769,3,20,586,586,626,0,40,40,13
passenger1770,18,9,587,597,641,10,44,54,3
passenger1771,15,5,587,589,609,2,20,22,1
passenger1772,18,19,587,597,600,10,3,13,3
passenger1773,8,12,588,589,595,1,6,7,5
passenger1774,9,1,589,589,608,0,19,19,7
passenger1775,4,24,589,589,615,0,26,26,9
passenger1776,12,4,589,595,648,6,53,59,5
passenger1777,2,9,589,589,605,0,16,16,13
passenger1778,25,10,589,593,617,4,24,28,6
passenger1779,25,13,590,595,609,5,14,19,12
passenger1780,20,1,590,590,644,0,54,54,15
passenger1781,1,24,590,592,640,2,48,50,13
passenger1782,24,4,591,591,628,0,37,37,12
passenger1783,17,24,591,594,610,3,16,19,3
passenger1784,24,8,592,592,620,0,28,28,12
passenger1785,21,17,592,593,613,1,20,21,15
passenger1786,24,4,592,592,628,0,36,36,12
passenger1787,16,1,593,593,662,0,69,69,4
passenger1788,9,1,593,593,641,0,48,48,0
passenger1789,12,21,593,595,612,2,17,19,5
passenger1790,17,8,596,596,646,0,50,50,2
passenger1791,11,10,596,597,624,1,27,28,0
passenger1792,19,7,597,598,646,1,48,49,4
passenger1793,3,13,597,603,636,6,33,39,14
passenger1794,21,12,598,599,611,1,12,13,6
passenger1795,6,2,598,598,606,0,8,8,14
passenger1796,24,20,599,600,610,1,10,11,11
passenger1797,4,2,599,600,604,1,4,5,7
passenger1798,4,10,599,600,625,1,25,26,7
passenger1799,21,4,600,600,637,0,37,37,6
passenger1800,21,1,600,600,644,0,44,44,6
passenger1801,19,8,601,601,644,0,43,43,3
passenger1802,25,12,601,603,621,2,18,20,15
passenger1803,7,21,601,601,629,0,28,28,13
passenger1804,11,9,601,609,675,8,66,74,13
passenger1805,19,14,601,601,630,0,29,29,3
passenger1806,17,12,601,602,632,1,30,31,10
passenger1807,2,1,602,606,612,4,6,10,14
passenger1808,1,15,602,612,640,10,28,38,14
passenger1809,13,19,602,619,674,17,55,72,0
passenger1810,23,5,602,605,636,3,31,34,11
passenger1811,24,16,602,602,616,0,14,14,11
passenger1812,14,5,603,616,633,13,17,30,0
passenger1813,5,1,603,609,621,6,12,18,1
passenger1814,17,11,604,604,630,0,26,26,5
passenger1815,5,4,605,609,612,4,3,7,1
passenger1816,2,17,605,605,636,0,31,31,7
passenger1817,18,16,606,606,618,0,12,12,8
passenger1818,3,2,606,616,709,10,93,103,14
passenger1819,3,19,606,616,656,10,40,50,14
passenger1820,19,8,607,607,638,0,31,31,10
passenger1821,2,8,608,608,625,0,17,17,14
passenger1822,21,4,608,608,651,0,43,43,9
passenger1823,20,12,608,609,627,1,18,19,5
passenger1824,4,24,608,612,668,4,56,60,1
passenger1825,13,17,608,609,667,1,58,59,12
passenger1826,3,10,608,616,629,8,13,21,14
passenger1827,16,17,609,610,670,1,60,61,0
passenger1828,2,16,609,609,645,0,36,36,14
passenger1829,24,20,609,609,623,0,14,14,4
passenger1830,6,23,609,619,654,10,35,45,7
passenger1831,18,2,609,614,650,5,36,41,8
passenger1832,4,24,609,612,668,3,56,59,1
passenger1833,6,3,610,619,702,9,83,92,7
passenger1834,12,14,610,612,616,2,4,6,13
passenger1835,15,17,610,613,670,3,57,60,0
passenger1836,25,19,612,612,626,0,14,14,4
passenger1837,1,3,612,612,616,0,4,4,14
passenger1838,1,10,612,612,629,0,17,17,14
passenger1839,9,24,612,617,682,5,65,70,12
passenger1840,10,1,612,614,637,2,23,25,12
passenger1841,23,7,613,613,649,0,36,36,2
passenger1842,23,20,613,613,626,0,13,13,2
passenger1843,23,21,613,613,623,0,10,10,2
passenger1844,4,16,613,613,633,0,20,20,7
passenger1845,11,16,614,614,673,0,59,59,6
passenger1846,19,13,614,616,624,2,8,10,5
passenger1847,8,23,614,620,679,6,59,65,12
passenger1848,17,23,614,614,682,0,68,68,15
passenger1849,6,21,615,619,650,4,31,35,7
passenger1850,9,12,615,651,656,36,5,41,12
passenger1851,22,9,615,617,642,2,25,27,4
passenger1852,7,23,615,694,755,79,61,140,7
passenger1853,25,8,616,618,645,2,27,29,9
passenger1854,8,6,616,620,624,4,4,8,12
passenger1855,1,14,616,621,652,5,31,36,1
passenger1856,7,22,616,694,752,78,58,136,7
passenger1857,5,16,616,616,633,0,17,17,7
passenger1858,13,16,617,619,666,2,47,49,0
passenger1859,3,12,618,618,633,0,15,15,14
passenger1860,16,9,619,619,637,0,18,18,8
passenger1861,22,14,619,619,633,0,14,14,4
passenger1862,10,1,619,619,644,0,25,25,6
passenger1863,5,12,620,631,646,11,15,26,1
passenger1864,11,22,621,624,679,3,55,58,15
passenger1865,20,4,621,623,653,2,30,32,4
passenger1866,15,12,621,622,629,1,7,8,8
passenger1867,3,17,621,625,659,4,34,38,1
passenger1868,14,3,622,625,647,3,22,25,8
passenger1869,12,19,622,622,672,0,50,50,11
passenger1870,9,3,622,622,640,0,18,18,6
passenger1871,6,25,623,624,685,1,61,62,12
passenger1872,16,5,623,624,651,1,27,28,3
passenger1873,13,5,623,624,645,1,21,22,5
passenger1874,12,4,623,623,639,0,16,16,11
passenger1875,16,15,623,624,627,1,3,4,3
passenger1876,16,12,624,624,634,0,10,10,3
passenger1877,8,7,625,625,628,0,3,3,6
passenger1878,6,11,625,636,643,11,7,18,1
passenger1879,12,17,625,625,666,0,41,41,11
passenger1880,2,8,625,634,648,9,14,23,12
passenger1881,22,23,626,632,637,6,5,11,13
passenger1882,24,8,626,640,678,14,38,52,13
passenger1883,4,5,626,628,631,2,3,5,1
passenger1884,4,24,626,628,668,2,40,42,1
passenger1885,23,21,626,637,651,11,14,25,13
passenger1886,19,9,626,626,640,0,14,14,9
passenger1887,12,22,627,627,685,0,58,58,5
passenger1888,21,13,628,629,667,1,38,39,13
passenger1889,21,9,628,629,675,1,46,47,13
passenger1890,11,21,629,630,682,1,52,53,5
passenger1891,10,19,629,629,656,0,27,27,14
passenger1892,12,8,630,630,640,0,10,10,8
passenger1893,6,16,630,630,666,0,36,36,0
passenger1894,12,10,630,630,634,0,4,4,8
passenger1895,19,1,630,657,700,27,43,70,13
passenger1896,3,25,631,631,685,0,54,54,12
passenger1897,17,14,631,631,636,0,5,5,2
passenger1898,1,15,631,637,663,6,26,32,12
passenger1899,11,15,631,631,668,0,37,37,5
passenger1900,2,14,631,634,660,3,26,29,12
passenger1901,15,8,631,632,645,1,13,14,9
passenger1902,2,25,631,634,685,3,51,54,12
passenger1903,18,16,632,639,673,7,34,41,7
passenger1904,20,17,632,654,661,22,7,29,13
passenger1905,4,12,632,636,658,4,22,26,0
passenger1906,23,8,632,637,678,5,41,46,13
passenger1907,25,2,633,643,697,10,54,64,13
passenger1908,9,16,633,635,671,2,36,38,5
passenger1909,5,6,633,633,636,0,3,3,1
passenger1910,17,8,634,636,691,2,55,57,7
passenger1911,22,8,634,634,678,0,44,44,13
passenger1912,14,9,635,635,642,0,7,7,4
passenger1913,9,17,635,635,674,0,39,39,5
passenger1914,8,4,635,638,648,3,10,13,5
passenger1915,7,24,636,641,689,5,48,53,5
passenger1916,7,10,636,641,658,5,17,22,5
passenger1917,16,3,636,645,706,9,61,70,14
passenger1918,7,5,636,653,734,17,81,98,5
passenger1919,24,19,637,640,657,3,17,20,13
passenger1920,7,16,638,641,666,3,25,28,10
passenger1921,17,22,638,650,663,12,13,25,14
passenger1922,4,19,639,639,672,0,33,33,15
passenger1923,5,15,639,646,662,7,16,23,11
passenger1924,22,2,639,743,788,104,45,149,13
passenger1925,4,21,639,639,676,0,37,37,15
passenger1926,1,18,639,639,670,0,31,31,12
passenger1927,13,9,641,661,706,20,45,65,2
passenger1928,22,9,641,743,777,102,34,136,13
passenger1929,1,4,641,641,646,0,5,5,0
passenger1930,3,25,642,642,684,0,42,42,11
passenger1931,15,17,642,642,650,0,8,8,14
passenger1932,6,22,642,644,680,2,36,38,10
passenger1933,19,12,642,656,691,14,35,49,14
passenger1934,18,14,642,653,687,11,34,45,14
passenger1935,10,15,642,642,667,0,25,25,2
passenger1936,9,24,642,642,694,0,52,52,9
passenger1937,18,19,643,653,656,10,3,13,14
passenger1938,18,12,644,677,691,33,14,47,14
passenger1939,24,6,644,646,682,2,36,38,13
passenger1940,15,2,646,655,714,9,59,68,1
passenger1941,8,15,646,646,684,0,38,38,3
passenger1942,13,24,647,649,668,2,19,21,1
passenger1943,16,11,647,647,694,0,47,47,14
passenger1944,11,16,647,655,673,8,18,26,2
passenger1945,20,7,647,647,694,0,47,47,7
passenger1946,15,1,647,687,718,40,31,71,1
passenger1947,23,15,648,654,676,6,22,28,7
passenger1948,7,16,648,648,689,0,41,41,4
passenger1949,17,23,649,650,666,1,16,17,14
passenger1950,1,11,649,657,673,8,16,24,8
passenger1951,5,15,649,649,663,0,14,14,0
passenger1952,13,12,649,649,692,0,43,43,1
passenger1953,25,14,649,658,679,9,21,30,7
passenger1954,11,2,650,655,723,5,68,73,2
passenger1955,8,23,651,651,678,0,27,27,11
passenger1956,12,23,651,657,678,6,21,27,11
passenger1957,14,11,652,652,695,0,43,43,1
passenger1958,14,2,652,660,729,8,69,77,10
passenger1959,2,12,652,652,676,0,24,24,8
passenger1960,15,14,652,663,698,11,35,46,10
passenger1961,11,8,652,655,714,3,59,62,10
passenger1962,18,16,652,731,759,79,28,107,14
passenger1963,2,12,653,653,676,0,23,23,8
passenger1964,18,20,653,731,735,78,4,82,14
passenger1965,8,24,653,653,694,0,41,41,6
passenger1966,17,11,653,661,671,8,10,18,13
passenger1967,16,22,653,684,757,31,73,104,1
passenger1968,6,4,653,655,724,2,69,71,9
passenger1969,12,3,653,658,720,5,62,67,2
passenger1970,21,25,654,666,759,12,93,105,7
passenger1971,16,25,654,684,766,30,82,112,1
passenger1972,2,16,654,654,683,0,29,29,8
passenger1973,12,7,654,658,712,4,54,58,2
passenger1974,8,14,655,655,669,0,14,14,6
passenger1975,17,5,655,659,705,4,46,50,1
passenger1976,16,24,656,663,685,7,22,29,15
passenger1977,1,22,656,657,701,1,44,45,8
passenger1978,16,9,656,663,716,7,53,60,15
passenger1979,19,16,656,745,774,89,29,118,7
passenger1980,20,3,656,748,809,92,61,153,7
passenger1981,2,17,657,657,692,0,35,35,4
passenger1982,8,6,657,657,731,0,74,74,6
passenger1983,11,19,658,662,678,4,16,20,5
passenger1984,5,25,658,659,706,1,47,48,3
passenger1985,11,4,658,720,737,62,17,79,5
passenger1986,2,22,658,658,703,0,45,45,4
passenger1987,3,11,658,666,680,8,14,22,4
passenger1988,17,13,658,666,706,8,40,48,15
passenger1989,7,3,658,658,727,0,69,69,9
passenger1990,18,13,659,669,706,10,37,47,15
passenger1991,2,5,659,659,670,0,11,11,4
passenger1992,15,5,659,660,724,1,64,65,15
passenger1993,10,4,659,659,737,0,78,78,5
passenger1994,20,16,659,659,681,0,22,22,14
passenger1995,20,2,659,659,709,0,50,50,14
passenger1996,10,7,659,659,728,0,69,69,5
passenger1997,16,21,659,663,676,4,13,17,15
passenger1998,6,20,660,664,693,4,29,33,3
passenger1999,15,21,660,663,675,3,12,15,10
passenger2000,3,25,661,661,708,0,47,47,8
passenger2001,11,8,661,662,727,1,65,66,6
passenger2002,5,25,661,661,706,0,45,45,3
passenger2003,23,4,662,662,699,0,37,37,7
passenger2004,12,19,662,665,682,3,17,20,6
passenger2005,15,5,662,662,724,0,62,62,11
passenger2006,10,8,663,663,716,0,53,53,9
passenger2007,25,6,663,688,721,25,33,58,15
passenger2008,18,23,663,699,750,36,51,87,15
passenger2009,20,4,663,748,804,85,56,141,7
passenger2010,4,20,664,664,695,0,31,31,8
passenger2011,19,11,664,674,690,10,16,26,0
passenger2012,14,1,664,664,726,0,62,62,2
passenger2013,8,14,664,671,681,7,10,17,3
passenger2014,4,2,664,664,757,0,93,93,8
passenger2015,6,25,665,665,706,0,41,41,3
passenger2016,18,24,665,669,681,4,12,16,11
passenger2017,7,15,665,668,684,3,16,19,3
passenger2018,23,9,666,666,698,0,32,32,14
passenger2019,17,18,666,666,669,0,3,3,11
passenger2020,21,25,666,765,864,99,99,198,7
passenger2021,16,15,667,667,682,0,15,15,0
passenger2022,22,18,667,671,677,4,6,10,14
passenger2023,10,16,667,675,687,8,12,20,3
passenger2024,14,6,667,671,720,4,49,53,9
passenger2025,13,16,668,668,678,0,10,10,9
passenger2026,23,15,668,668,684,0,16,16,14
passenger2027,5,25,668,670,709,2,39,41,4
passenger2028,15,8,668,668,709,0,41,41,2
passenger2029,19,10,668,673,716,5,43,48,12
passenger2030,10,21,669,675,696,6,21,27,3
passenger2031,22,14,669,739,766,70,27,97,14
passenger2032,10,22,669,675,699,6,24,30,3
passenger2033,5,19,669,670,696,1,26,27,4
passenger2034,15,22,670,670,683,0,13,13,2
passenger2035,11,21,670,673,698,3,25,28,8
passenger2036,1,19,670,700,734,30,34,64,13
passenger2037,2,17,670,723,757,53,34,87,2
passenger2038,5,25,670,670,709,0,39,39,4
passenger2039,20,3,671,672,726,1,54,55,10
passenger2040,23,7,671,675,701,4,26,30,1
passenger2041,14,3,671,671,727,0,56,56,9
passenger2042,3,7,672,691,712,19,21,40,13
passenger2043,14,22,672,672,688,0,16,16,9
passenger2044,5,19,673,685,734,12,49,61,13
passenger2045,1,8,673,700,715,27,15,42,13
passenger2046,5,4,674,685,688,11,3,14,13
passenger2047,15,23,674,675,691,1,16,17,9
passenger2048,17,22,674,674,685,0,11,11,5
passenger2049,15,2,674,675,732,1,57,58,9
passenger2050,9,21,675,676,700,1,24,25,4
passenger2051,2,3,675,697,704,22,7,29,13
passenger2052,21,2,675,675,729,0,54,54,10
passenger2053,24,19,676,681,698,5,17,22,11
passenger2054,17,14,676,676,716,0,40,40,6
passenger2055,3,11,677,691,722,14,31,45,13
passenger2056,21,23,677,677,683,0,6,6,10
passenger2057,12,21,677,677,698,0,21,21,8
passenger2058,20,2,678,679,723,1,44,45,2
passenger2059,16,14,678,679,685,1,6,7,0
passenger2060,20,23,679,679,686,0,7,7,2
passenger2061,14,9,679,685,696,6,11,17,0
passenger2062,25,18,680,684,703,4,19,23,11
passenger2063,17,3,680,681,727,1,46,47,9
passenger2064,11,5,680,680,753,0,73,73,4
passenger2065,13,21,681,684,700,3,16,19,4
passenger2066,6,25,681,682,751,1,69,70,13
passenger2067,4,3,682,688,691,6,3,9,13
passenger2068,25,3,683,684,728,1,44,45,11
passenger2069,19,20,683,683,686,0,3,3,6
passenger2070,9,2,683,688,705,5,17,22,7
passenger2071,8,2,684,691,705,7,14,21,7
passenger2072,17,23,684,686,704,2,18,20,8
passenger2073,25,21,684,684,694,0,10,10,11
passenger2074,20,23,684,686,691,2,5,7,6
passenger2075,20,17,684,686,707,2,21,23,6
passenger2076,25,9,684,684,716,0,32,32,11
passenger2077,11,23,684,684,755,0,71,71,7
passenger2078,8,4,684,691,699,7,8,15,7
passenger2079,7,15,685,716,733,31,17,48,7
passenger2080,23,4,686,686,717,0,31,31,2
passenger2081,18,20,686,691,695,5,4,9,8
passenger2082,23,19,686,686,694,0,8,8,2
passenger2083,4,13,686,688,726,2,38,40,13
passenger2084,24,23,686,688,691,2,3,5,12
passenger2085,16,25,687,687,706,0,19,19,3
passenger2086,17,2,687,687,757,0,70,70,8
passenger2087,23,5,688,688,724,0,36,36,11
passenger2088,10,6,688,693,711,5,18,23,0
passenger2089,18,1,688,690,732,2,42,44,10
passenger2090,17,22,688,688,701,0,13,13,8
passenger2091,20,8,689,691,709,2,18,20,2
passenger2092,23,10,690,690,713,0,23,23,11
passenger2093,18,13,690,690,701,0,11,11,10
passenger2094,2,1,691,697,700,6,3,9,13
passenger2095,5,24,691,714,757,23,43,66,0
passenger2096,24,11,691,691,710,0,19,19,15
passenger2097,25,2,691,692,743,1,51,52,5
passenger2098,25,6,691,692,731,1,39,40,5
passenger2099,1,19,692,791,821,99,30,129,13
passenger2100,10,8,692,693,705,1,12,13,0
passenger2101,19,9,693,696,741,3,45,48,4
passenger2102,19,5,693,696,753,3,57,60,4
passenger2103,3,9,693,693,718,0,25,25,13
passenger2104,16,6,693,694,718,1,24,25,10
passenger2105,4,19,693,707,734,14,27,41,13
passenger2106,13,11,693,701,709,8,8,16,10
passenger2107,6,1,693,711,722,18,11,29,0
passenger2108,2,18,693,788,818,95,30,125,13
passenger2109,3,7,694,694,712,0,18,18,13
passenger2110,23,9,695,696,724,1,28,29,5
passenger2111,19,9,696,697,719,1,22,23,12
passenger2112,24,21,696,696,701,0,5,5,6
passenger2113,12,18,697,704,766,7,62,69,10
passenger2114,11,24,698,709,777,11,68,79,10
passenger2115,9,21,698,698,752,0,54,54,0
passenger2116,16,17,700,702,745,2,43,45,12
passenger2117,9,21,700,700,752,0,52,52,0
passenger2118,19,21,700,700,772,0,72,72,11
passenger2119,21,4,701,701,735,0,34,34,6
passenger2120,22,7,701,701,747,0,46,46,3
passenger2121,25,14,701,706,732,5,26,31,3
passenger2122,9,6,702,702,711,0,9,9,0
passenger2123,10,1,702,800,817,98,17,115,10
passenger2124,18,17,702,702,705,0,3,3,9
passenger2125,14,10,702,706,716,4,10,14,12
passenger2126,19,22,702,702,778,0,76,76,5
passenger2127,3,10,702,702,721,0,19,19,7
passenger2128,25,22,703,708,713,5,5,10,8
passenger2129,25,5,703,708,748,5,40,45,8
passenger2130,12,4,704,704,723,0,19,19,10
passenger2131,22,13,704,704,731,0,27,27,4
passenger2132,7,3,704,708,718,4,10,14,0
passenger2133,19,21,704,704,775,0,71,71,5
passenger2134,22,25,704,704,709,0,5,5,4
passenger2135,21,20,706,714,717,8,3,11,3
passenger2136,21,25,706,714,798,8,84,92,3
passenger2137,12,19,706,706,770,0,64,64,10
passenger2138,21,3,707,714,753,7,39,46,3
passenger2139,18,9,707,707,724,0,17,17,5
passenger2140,4,5,708,708,726,0,18,18,1
passenger2141,3,23,709,711,761,2,50,52,1
passenger2142,20,3,709,717,753,8,36,44,3
passenger2143,16,17,709,710,771,1,61,62,6
passenger2144,13,16,709,709,742,0,33,33,12
passenger2145,23,13,710,710,737,0,27,27,3
passenger2146,17,15,710,710,714,0,4,4,5
passenger2147,10,23,710,713,750,3,37,40,15
passenger2148,11,20,710,710,745,0,35,35,15
passenger2149,16,18,710,710,774,0,64,64,6
passenger2150,20,19,710,717,721,7,4,11,3
passenger2151,15,16,711,713,767,2,54,56,6
passenger2152,13,9,711,711,719,0,8,8,12
passenger2153,19,22,712,720,809,8,89,97,8
passenger2154,18,20,712,725,802,13,77,90,8
passenger2155,21,10,713,716,739,3,23,26,8
passenger2156,2,9,713,714,732,1,18,19,1
passenger2157,19,21,714,721,783,7,62,69,3
passenger2158,13,20,714,720,780,6,60,66,6
passenger2159,2,17,715,715,744,0,29,29,1
passenger2160,17,13,716,721,731,5,10,15,4
passenger2161,18,13,716,718,731,2,13,15,4
passenger2162,14,16,717,717,767,0,50,50,6
passenger2163,20,7,718,718,747,0,29,29,3
passenger2164,8,11,719,719,746,0,27,27,11
passenger2165,6,9,719,719,751,0,32,32,10
passenger2166,9,8,719,719,722,0,3,3,12
passenger2167,11,13,721,725,729,4,4,8,7
passenger2168,18,8,721,725,743,4,18,22,8
passenger2169,22,12,722,739,772,17,33,50,14
passenger2170,19,3,722,722,754,0,32,32,8
passenger2171,5,12,722,724,735,2,11,13,15
passenger2172,10,13,722,722,729,0,7,7,7
passenger2173,4,12,722,723,737,1,14,15,1
passenger2174,18,19,723,724,777,1,53,54,3
passenger2175,7,9,723,727,731,4,4,8,12
passenger2176,14,13,723,723,769,0,46,46,14
passenger2177,20,10,723,735,776,12,41,53,14
passenger2178,17,23,724,727,790,3,63,66,3
passenger2179,8,21,724,724,751,0,27,27,12
passenger2180,9,17,724,731,745,7,14,21,12
passenger2181,16,14,724,724,728,0,4,4,4
passenger2182,6,3,725,727,791,2,64,66,15
passenger2183,23,22,725,823,832,98,9,107,14
passenger2184,23,13,725,823,849,98,26,124,14
passenger2185,23,12,726,823,852,97,29,126,14
passenger2186,2,5,726,729,734,3,5,8,2
passenger2187,7,10,726,727,734,1,7,8,12
passenger2188,24,9,727,743,779,16,36,52,14
passenger2189,16,7,727,727,783,0,56,56,14
passenger2190,17,15,728,728,732,0,4,4,8
passenger2191,4,12,729,731,749,2,18,20,11
passenger2192,3,23,729,729,769,0,40,40,9
passenger2193,18,24,730,731,743,1,12,13,14
passenger2194,22,6,730,739,786,9,47,56,14
passenger2195,18,3,731,731,793,0,62,62,14
passenger2196,25,20,731,746,753,15,7,22,14
passenger2197,18,25,731,731,746,0,15,15,14
passenger2198,22,3,731,820,873,89,53,142,14
passenger2199,1,25,731,732,780,1,48,49,10
passenger2200,7,11,732,736,746,4,10,14,11
passenger2201,2,16,732,732,752,0,20,20,9
passenger2202,21,22,732,740,743,8,3,11,13
passenger2203,15,17,732,732,791,0,59,59,8
passenger2204,13,12,733,733,736,0,3,3,4
passenger2205,14,24,734,734,795,0,61,61,3
passenger2206,7,12,735,736,749,1,13,14,11
passenger2207,16,15,735,736,777,1,41,42,7
passenger2208,1,8,735,740,753,5,13,18,6
passenger2209,17,18,736,739,742,3,3,6,7
passenger2210,19,25,736,736,751,0,15,15,13
passenger2211,17,15,737,739,777,2,38,40,7
passenger2212,9,10,737,740,743,3,3,6,11
passenger2213,21,12,737,740,770,3,30,33,13
passenger2214,18,4,737,742,804,5,62,67,7
passenger2215,4,6,737,737,744,0,7,7,10
passenger2216,5,16,738,740,762,2,22,24,10
passenger2217,16,14,738,739,785,1,46,47,0
passenger2218,8,15,738,739,751,1,12,13,2
passenger2219,3,12,740,740,764,0,24,24,5
passenger2220,4,2,740,748,816,8,68,76,5
passenger2221,5,3,740,740,811,0,71,71,10
passenger2222,12,14,740,740,766,0,26,26,3
passenger2223,16,11,741,741,792,0,51,51,0
passenger2224,5,1,741,741,817,0,76,76,10
passenger2225,18,25,741,745,760,4,15,19,0
passenger2226,8,6,742,744,750,2,6,8,4
passenger2227,8,6,742,744,750,2,6,8,4
passenger2228,6,13,743,744,757,1,13,14,10
passenger2229,20,18,743,745,761,2,16,18,15
passenger2230,24,9,744,748,777,4,29,33,13
passenger2231,13,10,744,745,786,1,41,42,9
passenger2232,2,10,744,744,760,0,16,16,5
passenger2233,7,12,744,747,776,3,29,32,4
passenger2234,4,19,744,747,777,3,30,33,6
passenger2235,22,25,744,744,751,0,7,7,13
passenger2236,3,25,744,744,795,0,51,51,6
passenger2237,22,15,744,744,763,0,19,19,13
passenger2238,9,13,745,751,757,6,6,12,10
passenger2239,14,22,745,748,766,3,18,21,9
passenger2240,14,1,746,747,798,1,51,52,2
passenger2241,18,20,747,747,753,0,6,6,1
passenger2242,8,3,747,748,811,1,63,64,10
passenger2243,4,22,747,747,786,0,39,39,6
passenger2244,12,14,748,749,753,1,4,5,11
passenger2245,25,2,748,751,788,3,37,40,13
passenger2246,6,21,748,750,802,2,52,54,4
passenger2247,14,1,748,748,798,0,50,50,2
passenger2248,18,4,749,749,816,0,67,67,1
passenger2249,20,21,749,749,752,0,3,3,0
passenger2250,12,7,749,749,810,0,61,61,11
passenger2251,23,14,750,750,767,0,17,17,15
passenger2252,16,4,750,754,787,4,33,37,2
passenger2253,16,15,750,754,762,4,8,12,2
passenger2254,8,20,750,753,780,3,27,30,6
passenger2255,4,18,751,751,794,0,43,43,8
passenger2256,25,15,751,751,763,0,12,12,13
passenger2257,3,14,751,754,786,3,32,35,8
passenger2258,14,7,752,753,810,1,57,58,11
passenger2259,16,7,752,752,791,0,39,39,9
passenger2260,14,15,752,753,756,1,3,4,11
passenger2261,17,20,752,755,761,3,6,9,9
passenger2262,23,20,752,752,757,0,5,5,15
passenger2263,20,22,753,753,757,0,4,4,1
passenger2264,7,8,753,753,756,0,3,3,5
passenger2265,14,12,753,753,799,0,46,46,11
passenger2266,18,1,754,761,795,7,34,41,12
passenger2267,4,19,754,756,796,2,40,42,4
passenger2268,21,8,754,754,779,0,25,25,12
passenger2269,8,15,755,755,764,0,9,9,6
passenger2270,12,5,755,771,784,16,13,29,2
passenger2271,13,21,756,768,837,12,69,81,2
passenger2272,19,21,756,758,823,2,65,67,12
passenger2273,17,22,756,756,766,0,10,10,9
passenger2274,7,2,756,769,859,13,90,103,4
passenger2275,3,25,757,759,810,2,51,53,4
passenger2276,17,7,758,758,780,0,22,22,2
passenger2277,22,8,758,758,807,0,49,49,1
passenger2278,15,7,758,758,810,0,52,52,11
passenger2279,3,7,758,759,769,1,10,11,4
passenger2280,6,14,759,766,783,7,17,24,4
passenger2281,1,6,759,760,767,1,7,8,8
passenger2282,15,10,760,760,805,0,45,45,11
passenger2283,16,17,760,763,766,3,3,6,11
passenger2284,25,21,760,760,766,0,6,6,0
passenger2285,6,18,760,766,793,6,27,33,4
passenger2286,16,15,760,760,763,0,3,3,14
passenger2287,20,4,760,761,798,1,37,38,9
passenger2288,10,21,760,760,775,0,15,15,5
passenger2289,23,1,760,761,821,1,60,61,1
passenger2290,12,7,761,764,807,3,43,46,5
passenger2291,5,2,761,763,859,2,96,98,4
passenger2292,14,17,761,765,828,4,63,67,2
passenger2293,14,10,762,765,775,3,10,13,2
passenger2294,20,17,762,762,777,0,15,15,9
passenger2295,23,9,762,762,804,0,42,42,1
passenger2296,6,12,763,766,776,3,10,13,4
passenger2297,13,12,763,768,771,5,3,8,2
passenger2298,21,2,764,765,812,1,47,48,7
passenger2299,14,11,764,766,773,2,7,9,13
passenger2300,6,17,764,766,790,2,24,26,4
passenger2301,21,14,765,766,785,1,19,20,0
passenger2302,3,2,765,792,795,27,3,30,2
passenger2303,11,17,766,772,819,6,47,53,15
passenger2304,8,22,766,843,906,77,63,140,4
passenger2305,1,2,767,795,798,28,3,31,12
passenger2306,4,25,767,785,833,18,48,66,12
passenger2307,13,4,767,768,785,1,17,18,12
passenger2308,8,25,767,774,818,7,44,51,8
passenger2309,18,6,767,767,806,0,39,39,10
passenger2310,7,2,767,770,863,3,93,96,8
passenger2311,20,4,767,769,811,2,42,44,0
passenger2312,8,9,767,774,777,7,3,10,8
passenger2313,16,20,768,768,780,0,12,12,6
passenger2314,8,10,769,774,780,5,6,11,8
passenger2315,10,2,769,775,792,6,17,23,12
passenger2316,19,14,769,769,781,0,12,12,7
passenger2317,12,25,769,771,833,2,62,64,12
passenger2318,5,25,770,785,835,15,50,65,15
passenger2319,18,6,770,773,805,3,32,35,0
passenger2320,17,19,770,771,777,1,6,7,3
passenger2321,10,9,770,776,779,6,3,9,15
passenger2322,21,5,770,774,812,4,38,42,1
passenger2323,1,17,770,795,819,25,24,49,15
passenger2324,23,13,770,770,794,0,24,24,1
passenger2325,4,14,770,788,812,18,24,42,15
passenger2326,7,21,771,771,806,0,35,35,8
passenger2327,16,9,772,774,792,2,18,20,7
passenger2328,16,17,773,779,846,6,67,73,0
passenger2329,17,10,773,776,795,3,19,22,0
passenger2330,15,2,773,782,819,9,37,46,0
passenger2331,11,10,773,773,776,0,3,3,15
passenger2332,14,24,773,785,862,12,77,89,0
passenger2333,24,13,773,777,796,4,19,23,11
passenger2334,17,3,774,776,816,2,40,42,0
passenger2335,13,18,774,784,847,10,63,73,7
passenger2336,18,25,774,774,798,0,24,24,3
passenger2337,12,23,775,787,860,12,73,85,7
passenger2338,25,15,775,780,792,5,12,17,11
passenger2339,3,10,775,789,808,14,19,33,12
passenger2340,20,15,775,777,788,2,11,13,1
passenger2341,24,21,776,777,786,1,9,10,10
passenger2342,2,22,776,788,828,12,40,52,13
passenger2343,9,21,777,777,825,0,48,48,13
passenger2344,13,12,778,779,833,1,54,55,4
passenger2345,2,3,778,788,795,10,7,17,13
passenger2346,15,14,778,778,781,0,3,3,7
passenger2347,4,13,779,787,818,8,31,39,2
passenger2348,2,4,779,795,803,16,8,24,2
passenger2349,13,16,780,780,787,0,7,7,4
passenger2350,17,25,780,782,859,2,77,79,1
passenger2351,22,10,780,780,802,0,22,22,5
passenger2352,20,3,780,780,848,0,68,68,3
passenger2353,22,10,782,782,802,0,20,20,5
passenger2354,20,25,782,782,795,0,13,13,6
passenger2355,18,24,782,790,856,8,66,74,5
passenger2356,1,5,783,791,799,8,8,16,13
passenger2357,16,14,783,785,791,2,6,8,1
passenger2358,4,18,783,784,818,1,34,35,13
passenger2359,2,25,784,788,837,4,49,53,13
passenger2360,4,12,784,784,810,0,26,26,13
passenger2361,21,13,784,784,822,0,38,38,3
passenger2362,19,18,785,787,790,2,3,5,5
passenger2363,24,12,785,792,823,7,31,38,6
passenger2364,25,13,785,795,820,10,25,35,6
passenger2365,23,19,785,789,808,4,19,23,6
passenger2366,4,17,786,786,817,0,31,31,12
passenger2367,22,4,786,786,842,0,56,56,6
passenger2368,21,3,787,787,811,0,24,24,10
passenger2369,22,20,787,787,805,0,18,18,3
passenger2370,4,19,788,788,825,0,37,37,15
passenger2371,3,15,788,791,815,3,24,27,15
passenger2372,24,6,789,792,835,3,43,46,6
passenger2373,5,11,789,789,803,0,14,14,14
passenger2374,10,2,789,795,819,6,24,30,0
passenger2375,12,7,789,789,802,0,13,13,0
passenger2376,4,7,789,789,808,0,19,19,2
passenger2377,1,23,790,791,833,1,42,43,13
passenger2378,25,10,791,798,831,7,33,40,3
passenger2379,22,12,792,803,823,11,20,31,6
passenger2380,23,5,792,792,844,0,52,52,3
passenger2381,8,19,792,795,850,3,55,58,7
passenger2382,6,21,792,794,829,2,35,37,9
passenger2383,11,12,792,792,837,0,45,45,0
passenger2384,20,1,793,799,863,6,64,70,4
passenger2385,19,20,793,796,799,3,3,6,4
passenger2386,21,25,794,806,818,12,12,24,8
passenger2387,20,14,794,802,834,8,32,40,8
passenger2388,12,10,794,797,801,3,4,7,1
passenger2389,21,10,794,806,847,12,41,53,8
passenger2390,15,3,795,795,813,0,18,18,5
passenger2391,8,7,796,796,799,0,3,3,7
passenger2392,11,13,796,802,824,6,22,28,11
passenger2393,18,11,796,796,843,0,47,47,8
passenger2394,4,14,797,798,816,1,18,19,9
passenger2395,2,22,798,798,826,0,28,28,12
passenger2396,20,6,798,799,849,1,50,51,4
passenger2397,7,1,798,799,815,1,16,17,7
passenger2398,10,1,798,800,817,2,17,19,10
passenger2399,24,4,798,798,842,0,44,44,6
passenger2400,17,15,799,812,816,13,4,17,6
passenger2401,6,21,799,802,825,3,23,26,13
passenger2402,3,23,799,799,831,0,32,32,15
passenger2403,19,16,799,799,830,0,31,31,8
passenger2404,22,11,799,803,826,4,23,27,6
passenger2405,8,4,799,799,811,0,12,12,0
passenger2406,24,11,799,799,826,0,27,27,6
passenger2407,21,9,801,802,838,1,36,37,4
passenger2408,24,22,802,807,817,5,10,15,4
passenger2409,8,13,803,804,813,1,9,10,9
passenger2410,20,6,803,803,857,0,54,54,8
passenger2411,1,8,803,815,824,12,9,21,7
passenger2412,15,4,804,809,870,5,61,66,14
passenger2413,9,23,804,807,833,3,26,29,9
passenger2414,2,11,805,812,831,7,19,26,7
passenger2415,1,5,805,914,920,109,6,115,7
passenger2416,3,21,806,809,854,3,45,48,7
passenger2417,4,14,806,806,836,0,30,30,7
passenger2418,18,16,806,809,817,3,8,11,3
passenger2419,17,9,806,814,834,8,20,28,3
passenger2420,23,2,807,814,863,7,49,56,8
passenger2421,3,22,807,809,857,2,48,50,7
passenger2422,2,5,807,911,920,104,9,113,7
passenger2423,5,1,808,808,822,0,14,14,0
passenger2424,3,15,809,809,840,0,31,31,7
passenger2425,17,3,809,814,848,5,34,39,3
passenger2426,24,3,810,813,856,3,43,46,4
passenger2427,18,21,810,810,899,0,89,89,3
passenger2428,14,13,811,812,853,1,41,42,15
passenger2429,3,7,811,811,831,0,20,20,10
passenger2430,22,9,811,811,850,0,39,39,8
passenger2431,1,19,811,817,850,6,33,39,10
passenger2432,18,2,811,811,851,0,40,40,3
passenger2433,2,3,812,814,823,2,9,11,10
passenger2434,2,16,812,814,843,2,29,31,10
passenger2435,4,16,813,813,843,0,30,30,0
passenger2436,5,25,813,813,859,0,46,46,1
passenger2437,19,10,813,815,858,2,43,45,14
passenger2438,11,2,813,814,872,1,58,59,2
passenger2439,2,14,813,816,840,3,24,27,5
passenger2440,1,16,814,817,843,3,26,29,10
passenger2441,10,4,815,815,887,0,72,72,11
passenger2442,14,19,815,816,825,1,9,10,9
passenger2443,5,14,816,823,840,7,17,24,5
passenger2444,22,7,817,817,846,0,29,29,4
passenger2445,21,19,817,820,824,3,4,7,4
passenger2446,11,23,818,818,844,0,26,26,11
passenger2447,25,6,818,827,866,9,39,48,14
passenger2448,25,1,819,819,866,0,47,47,8
passenger2449,4,2,819,820,892,1,72,73,5
passenger2450,10,24,819,829,908,10,79,89,6
passenger2451,16,3,820,820,874,0,54,54,9
passenger2452,13,10,820,820,858,0,38,38,2
passenger2453,12,7,820,821,880,1,59,60,11
passenger2454,6,24,820,828,856,8,28,36,5
passenger2455,14,11,820,823,855,3,32,35,2
passenger2456,2,20,820,820,853,0,33,33,10
passenger2457,12,10,820,821,871,1,50,51,11
passenger2458,17,4,821,821,877,0,56,56,15
passenger2459,14,22,822,823,840,1,17,18,2
passenger2460,12,1,823,823,849,0,26,26,6
passenger2461,6,2,824,828,892,4,64,68,5
passenger2462,13,10,824,824,831,0,7,7,3
passenger2463,4,18,824,826,847,2,21,23,10
passenger2464,5,9,825,825,833,0,8,8,5
passenger2465,25,2,826,827,876,1,49,50,14
passenger2466,7,8,826,829,832,3,3,6,1
passenger2467,13,7,826,826,838,0,12,12,3
passenger2468,25,1,826,827,879,1,52,53,14
passenger2469,24,14,827,830,854,3,24,27,12
passenger2470,1,3,827,849,853,22,4,26,6
passenger2471,3,8,827,845,864,18,19,37,6
passenger2472,9,17,827,827,844,0,17,17,7
passenger2473,8,19,828,832,849,4,17,21,1
passenger2474,8,7,828,832,901,4,69,73,1
passenger2475,7,9,828,829,837,1,8,9,1
passenger2476,21,7,828,829,866,1,37,38,9
passenger2477,7,24,828,829,856,1,27,28,1
passenger2478,17,5,829,829,867,0,38,38,2
passenger2479,22,5,830,830,869,0,39,39,13
passenger2480,5,12,831,838,876,7,38,45,6
passenger2481,18,5,831,831,884,0,53,53,11
passenger2482,19,4,831,834,887,3,53,56,11
passenger2483,20,3,831,837,890,6,53,59,11
passenger2484,12,17,831,833,895,2,62,64,4
passenger2485,7,16,832,832,843,0,11,11,10
passenger2486,18,17,832,832,847,0,15,15,2
passenger2487,10,20,833,833,854,0,21,21,0
passenger2488,19,9,834,834,876,0,42,42,11
passenger2489,19,23,834,834,844,0,10,10,11
passenger2490,21,19,834,835,839,1,4,5,14
passenger2491,20,21,834,837,840,3,3,6,11
passenger2492,8,19,834,834,849,0,15,15,1
passenger2493,5,9,834,838,867,4,29,33,6
passenger2494,24,8,835,836,862,1,26,27,12
passenger2495,22,11,835,836,858,1,22,23,9
passenger2496,6,3,835,835,845,0,10,10,6
passenger2497,14,12,837,837,889,0,52,52,7
passenger2498,13,2,837,837,863,0,26,26,8
passenger2499,7,1,838,838,854,0,16,16,3
passenger2500,8,24,838,843,910,5,67,72,4
passenger2501,4,18,838,842,892,4,50,54,6
passenger2502,1,15,838,849,883,11,34,45,6
passenger2503,24,9,839,840,863,1,23,24,13
passenger2504,5,15,839,839,883,0,44,44,6
passenger2505,7,23,840,840,905,0,65,65,3
passenger2506,22,17,840,840,847,0,7,7,12
passenger2507,16,19,840,844,849,4,5,9,5
passenger2508,12,25,840,840,914,0,74,74,8
passenger2509,9,1,840,840,863,0,23,23,4
passenger2510,18,17,842,842,845,0,3,3,9
passenger2511,25,10,843,848,871,5,23,28,11
passenger2512,11,15,843,843,890,0,47,47,8
passenger2513,10,20,843,858,916,15,58,73,14
passenger2514,11,20,844,844,903,0,59,59,8
passenger2515,11,6,844,855,866,11,11,22,14
passenger2516,25,14,844,848,863,4,15,19,11
passenger2517,18,15,844,844,849,0,5,5,15
passenger2518,9,25,845,861,925,16,64,80,14
passenger2519,10,25,845,858,925,13,67,80,14
passenger2520,11,1,845,858,878,13,20,33,9
passenger2521,1,25,846,849,911,3,62,65,6
passenger2522,14,10,846,846,858,0,12,12,14
passenger2523,21,16,846,857,891,11,34,45,0
passenger2524,17,18,847,847,850,0,3,3,0
passenger2525,5,3,848,852,856,4,4,8,4
passenger2526,19,1,848,850,900,2,50,52,10
passenger2527,18,4,848,848,873,0,25,25,13
passenger2528,7,18,850,854,897,4,43,47,8
passenger2529,16,20,850,850,908,0,58,58,12
passenger2530,16,2,850,850,872,0,22,22,12
passenger2531,21,6,850,856,891,6,35,41,10
passenger2532,4,22,850,870,906,20,36,56,4
passenger2533,5,14,850,852,886,2,34,36,4
passenger2534,13,20,850,851,909,1,58,59,9
passenger2535,2,3,851,851,859,0,8,8,3
passenger2536,11,12,851,858,897,7,39,46,9
passenger2537,20,16,851,853,865,2,12,14,10
passenger2538,4,25,851,862,911,11,49,60,3
passenger2539,12,25,852,855,916,3,61,64,9
passenger2540,25,2,852,859,910,7,51,58,1
passenger2541,13,11,852,852,858,0,6,6,9
passenger2542,13,8,853,853,864,0,11,11,15
passenger2543,14,13,853,854,857,1,3,4,13
passenger2544,5,8,853,859,864,6,5,11,6
passenger2545,4,22,854,856,902,2,46,48,6
passenger2546,17,10,854,862,883,8,21,29,10
passenger2547,10,2,855,858,872,3,14,17,2
passenger2548,8,24,855,862,922,7,60,67,2
passenger2549,1,4,855,855,862,0,7,7,3
passenger2550,22,14,855,857,885,2,28,30,7
passenger2551,1,13,855,855,885,0,30,30,3
passenger2552,19,9,855,856,876,1,20,21,11
passenger2553,10,16,856,858,910,2,52,54,2
passenger2554,15,23,856,868,924,12,56,68,10
passenger2555,7,4,857,867,877,10,10,20,15
passenger2556,17,14,857,862,871,5,9,14,10
passenger2557,9,18,858,861,912,3,51,54,15
passenger2558,10,5,858,858,871,0,13,13,15
passenger2559,14,11,859,871,880,12,9,21,10
passenger2560,11,12,860,860,897,0,37,37,9
passenger2561,23,6,860,860,901,0,41,41,7
passenger2562,7,15,860,865,901,5,36,41,12
passenger2563,2,4,860,860,870,0,10,10,4
passenger2564,15,13,860,868,874,8,6,14,10
passenger2565,17,3,861,862,896,1,34,35,10
passenger2566,22,13,862,866,889,4,23,27,1
passenger2567,4,8,862,862,872,0,10,10,3
passenger2568,6,12,862,866,882,4,16,20,3
passenger2569,12,11,862,877,880,15,3,18,10
passenger2570,12,23,862,877,924,15,47,62,10
passenger2571,24,13,862,862,889,0,27,27,1
passenger2572,25,21,862,865,872,3,7,10,0
passenger2573,21,6,863,869,904,6,35,41,1
passenger2574,11,9,863,880,886,17,6,23,10
passenger2575,3,2,863,867,940,4,73,77,4
passenger2576,16,11,864,866,877,2,11,13,5
passenger2577,21,17,864,869,877,5,8,13,1
passenger2578,3,21,866,867,903,1,36,37,4
passenger2579,13,15,866,866,908,0,42,42,11
passenger2580,25,17,866,866,888,0,22,22,0
passenger2581,1,5,866,866,872,0,6,6,8
passenger2582,11,1,866,873,951,7,78,85,6
passenger2583,5,20,867,867,916,0,49,49,2
passenger2584,4,5,867,870,873,3,3,6,4
passenger2585,13,3,867,871,889,4,18,22,5
passenger2586,7,24,869,869,908,0,39,39,3
passenger2587,16,25,869,882,937,13,55,68,1
passenger2588,9,16,869,869,886,0,17,17,6
passenger2589,6,10,869,869,889,0,20,20,9
passenger2590,5,21,870,870,913,0,43,43,13
passenger2591,5,6,870,870,878,0,8,8,13
passenger2592,12,11,870,874,877,4,3,7,5
passenger2593,8,9,871,872,875,1,3,4,3
passenger2594,8,23,871,872,905,1,33,34,3
passenger2595,15,23,871,882,944,11,62,73,7
passenger2596,25,17,871,952,962,81,10,91,0
passenger2597,21,3,872,872,914,0,42,42,0
passenger2598,24,13,872,949,968,77,19,96,0
passenger2599,18,7,872,873,898,1,25,26,7
passenger2600,3,23,872,875,915,3,40,43,12
passenger2601,12,4,873,874,886,1,12,13,5
passenger2602,17,2,873,876,911,3,35,38,7
passenger2603,12,18,873,874,916,1,42,43,5
passenger2604,19,12,873,873,892,0,19,19,1
passenger2605,10,21,873,873,916,0,43,43,11
passenger2606,5,2,873,873,885,0,12,12,15
passenger2607,4,21,874,874,913,0,39,39,13
passenger2608,12,1,874,874,895,0,21,21,5
passenger2609,5,1,874,874,889,0,15,15,15
passenger2610,21,12,874,874,897,0,23,23,0
passenger2611,2,6,874,874,886,0,12,12,2
passenger2612,16,15,874,879,882,5,3,8,7
passenger2613,21,1,874,874,918,0,44,44,0
passenger2614,2,1,875,875,879,0,4,4,2
passenger2615,10,19,875,878,895,3,17,20,3
passenger2616,17,6,875,876,901,1,25,26,7
passenger2617,17,5,876,876,904,0,28,28,7
passenger2618,19,11,876,882,900,6,18,24,0
passenger2619,2,10,876,876,898,0,22,22,2
passenger2620,20,18,876,877,885,1,8,9,0
passenger2621,7,19,877,877,899,0,22,22,4
passenger2622,10,12,877,878,882,1,4,5,3
passenger2623,3,25,877,877,919,0,42,42,12
passenger2624,21,5,877,899,943,22,44,66,6
passenger2625,15,20,877,885,930,8,45,53,1
passenger2626,13,6,878,889,904,11,15,26,1
passenger2627,25,7,878,911,939,33,28,61,6
passenger2628,9,10,878,878,881,0,3,3,8
passenger2629,23,13,878,905,931,27,26,53,6
passenger2630,18,23,878,885,946,7,61,68,0
passenger2631,24,22,878,908,916,30,8,38,3
passenger2632,23,24,879,905,908,26,3,29,6
passenger2633,25,17,879,911,923,32,12,44,6
passenger2634,4,3,879,879,882,0,3,3,15
passenger2635,20,8,879,879,905,0,26,26,0
passenger2636,21,24,879,899,908,20,9,29,3
passenger2637,17,20,879,879,930,0,51,51,1
passenger2638,7,11,879,883,891,4,8,12,13
passenger2639,25,21,880,977,983,97,6,103,6
passenger2640,6,24,880,880,920,0,40,40,13
passenger2641,13,22,880,886,907,6,21,27,8
passenger2642,14,16,880,880,886,0,6,6,6
passenger2643,5,9,881,881,887,0,6,6,12
passenger2644,19,22,881,882,943,1,61,62,0
passenger2645,3,2,881,882,885,1,3,4,15
passenger2646,18,12,882,885,897,3,12,15,0
passenger2647,22,2,882,902,948,20,46,66,6
passenger2648,9,1,882,886,900,4,14,18,10
passenger2649,18,22,884,937,943,53,6,59,0
passenger2650,4,9,884,884,896,0,12,12,14
passenger2651,22,2,884,902,948,18,46,64,6
passenger2652,24,23,885,908,915,23,7,30,6
passenger2653,4,18,885,885,912,0,27,27,14
passenger2654,1,13,886,889,903,3,14,17,15
passenger2655,2,14,886,886,906,0,20,20,15
passenger2656,9,18,886,887,906,1,19,20,13
passenger2657,23,13,886,905,931,19,26,45,6
passenger2658,17,16,887,889,926,2,37,39,6
passenger2659,25,6,887,977,1000,90,23,113,6
passenger2660,6,10,887,887,898,0,11,11,2
passenger2661,19,22,887,895,902,8,7,15,6
passenger2662,7,3,888,890,945,2,55,57,2
passenger2663,16,15,888,892,923,4,31,35,4
passenger2664,10,5,888,890,943,2,53,55,12
passenger2665,22,19,888,906,917,18,11,29,4
passenger2666,15,7,888,889,933,1,44,45,4
passenger2667,11,2,889,892,911,3,19,22,7
passenger2668,7,12,889,890,902,1,12,13,14
passenger2669,11,3,889,892,908,3,16,19,7
passenger2670,24,7,889,908,941,19,33,52,3
passenger2671,13,12,889,889,892,0,3,3,1
passenger2672,12,22,889,889,941,0,52,52,7
passenger2673,19,22,890,895,902,5,7,12,3
passenger2674,10,7,890,890,936,0,46,46,9
passenger2675,11,15,890,893,902,3,9,12,9
passenger2676,9,12,890,894,904,4,10,14,2
passenger2677,4,15,890,893,908,3,15,18,11
passenger2678,18,14,890,892,926,2,34,36,3
passenger2679,22,25,891,902,911,11,9,20,3
passenger2680,23,3,891,905,947,14,42,56,3
passenger2681,23,9,892,905,937,13,32,45,3
passenger2682,12,11,892,892,895,0,3,3,1
passenger2683,8,22,893,893,920,0,27,27,14
passenger2684,16,25,893,893,914,0,21,21,8
passenger2685,24,11,893,908,933,15,25,40,3
passenger2686,19,13,893,895,929,2,34,36,3
passenger2687,13,19,894,895,909,1,14,15,13
passenger2688,18,23,894,897,910,3,13,16,8
passenger2689,20,16,894,903,925,9,22,31,8
passenger2690,23,3,894,910,944,16,34,50,8
passenger2691,20,10,894,903,935,9,32,41,8
passenger2692,11,20,894,894,909,0,15,15,9
passenger2693,7,23,894,898,920,4,22,26,11
passenger2694,13,9,895,895,937,0,42,42,12
passenger2695,9,11,895,895,901,0,6,6,2
passenger2696,24,3,895,908,947,13,39,52,3
passenger2697,13,21,895,895,911,0,16,16,12
passenger2698,12,15,896,897,902,1,5,6,9
passenger2699,9,4,897,897,948,0,51,51,14
passenger2700,16,23,897,902,917,5,15,20,13
passenger2701,14,11,897,898,935,1,37,38,13
passenger2702,4,24,897,900,924,3,24,27,5
passenger2703,22,23,897,907,910,10,3,13,8
passenger2704,9,16,897,897,908,0,11,11,14
passenger2705,11,6,898,900,909,2,9,11,0
passenger2706,6,10,898,901,927,3,26,29,7
passenger2707,14,4,898,898,946,0,48,48,12
passenger2708,18,12,899,899,931,0,32,32,8
