id,source,dest,submit_tick,pickup_tick,dropoff_tick,wait_time,travel_time,total_time,elevator
passenger1,16,5,0,15,38,15,23,38,0
passenger2,7,6,0,6,61,6,55,61,1
passenger3,9,17,0,8,18,8,10,18,2
passenger4,10,9,0,9,50,9,41,50,3
passenger5,13,16,1,13,18,12,5,17,4
passenger6,1,23,1,1,31,0,30,30,5
passenger7,23,16,1,23,34,22,11,33,6
passenger8,15,18,1,15,22,14,7,21,7
passenger9,12,10,2,13,37,11,24,35,8
passenger10,9,4,2,10,73,8,63,71,9
passenger11,22,9,2,25,46,23,21,44,10
passenger12,8,25,2,9,28,7,19,26,11
passenger13,13,16,2,14,19,12,5,17,12
passenger14,7,19,3,11,25,8,14,22,13
passenger15,12,4,4,15,61,11,46,57,14
passenger16,21,11,4,30,46,26,16,42,15
passenger17,17,9,4,18,30,14,12,26,0
passenger18,15,20,4,16,23,12,7,19,1
passenger19,23,6,4,32,62,28,30,58,2
passenger20,17,23,4,18,26,14,8,22,3
passenger21,17,4,4,21,60,17,39,56,4
passenger22,5,6,5,7,10,2,3,5,5
passenger23,3,19,6,59,91,53,32,85,6
passenger24,25,13,6,31,49,25,18,43,7
passenger25,15,20,6,18,25,12,7,19,8
passenger26,11,12,6,14,17,8,3,11,9
passenger27,15,8,7,16,49,9,33,42,10
passenger28,2,15,7,65,100,58,35,93,11
passenger29,21,2,8,28,73,20,45,65,12
passenger30,6,7,8,8,11,0,3,3,13
passenger31,21,13,9,26,44,17,18,35,14
passenger32,14,17,9,17,22,8,5,13,15
passenger33,7,18,9,34,77,25,43,68,0
passenger34,1,3,9,70,74,61,4,65,1
passenger35,21,17,9,26,45,17,19,36,2
passenger36,5,11,10,56,84,46,28,74,3
passenger37,2,17,10,66,95,56,29,85,4
passenger38,19,7,10,25,67,15,42,57,5
passenger39,9,6,10,45,54,35,9,44,6
passenger40,10,7,11,54,59,43,5,48,7
passenger41,7,11,12,42,68,30,26,56,8
passenger42,22,20,12,29,41,17,12,29,9
passenger43,8,24,12,49,95,37,46,83,10
passenger44,6,23,12,55,118,43,63,106,11
passenger45,8,14,12,59,95,47,36,83,12
passenger46,6,20,12,58,100,46,42,88,13
passenger47,8,22,13,55,99,42,44,86,14
passenger48,3,13,13,60,82,47,22,69,15
passenger49,4,23,14,41,84,27,43,70,0
passenger50,11,17,14,52,94,38,42,80,1
passenger51,22,14,14,29,52,15,23,38,2
passenger52,2,6,14,63,73,49,10,59,3
passenger53,6,23,14,54,105,40,51,91,4
passenger54,23,12,16,31,54,15,23,38,5
passenger55,23,7,16,23,51,7,28,35,6
passenger56,17,10,17,19,54,2,35,37,7
passenger57,7,11,17,42,68,25,26,51,8
passenger58,9,6,18,62,69,44,7,51,9
passenger59,9,4,18,46,55,28,9,37,10
passenger60,25,10,18,28,47,10,19,29,11
passenger61,3,15,19,70,98,51,28,79,12
passenger62,23,9,19,31,51,12,20,32,13
passenger63,22,16,19,29,37,10,8,18,14
passenger64,19,8,19,26,53,7,27,34,15
passenger65,1,9,21,46,60,25,14,39,0
passenger66,24,20,21,29,37,8,8,16,1
passenger67,20,22,22,23,29,1,6,7,2
passenger68,10,9,22,47,50,25,3,28,3
passenger69,24,15,23,30,41,7,11,18,4
passenger70,8,7,23,64,67,41,3,44,5
passenger71,22,2,23,26,62,3,36,39,6
passenger72,2,19,24,66,93,42,27,69,7
passenger73,1,5,24,52,58,28,6,34,8
passenger74,25,11,25,34,56,9,22,31,9
passenger75,19,13,25,30,38,5,8,13,10
passenger76,3,5,25,62,76,37,14,51,11
passenger77,20,3,25,25,70,0,45,45,12
passenger78,15,9,26,41,51,15,10,25,13
passenger79,10,24,26,51,103,25,52,77,14
passenger80,16,9,26,39,50,13,11,24,15
passenger81,10,18,26,27,77,1,50,51,0
passenger82,1,6,26,70,79,44,9,53,1
passenger83,16,3,27,48,67,21,19,40,2
passenger84,20,14,27,31,41,4,10,14,3
passenger85,6,19,27,54,99,27,45,72,4
passenger86,25,11,28,37,57,9,20,29,5
passenger87,8,15,28,48,83,20,35,55,6
passenger88,2,13,28,66,81,38,15,53,7
passenger89,1,11,28,52,68,24,16,40,8
passenger90,19,23,29,44,112,15,68,83,9
passenger91,3,7,29,58,64,29,6,35,10
passenger92,11,15,29,44,100,15,56,71,11
passenger93,25,18,29,34,43,5,9,14,12
passenger94,14,2,30,44,66,14,22,36,13
passenger95,3,4,31,64,67,33,3,36,14
passenger96,17,9,31,36,50,5,14,19,15
passenger97,7,17,32,34,74,2,40,42,0
passenger98,21,11,32,34,52,2,18,20,1
passenger99,23,19,33,33,41,0,8,8,2
passenger100,18,22,33,35,109,2,74,76,3
passenger101,5,19,33,57,99,24,42,66,4
passenger102,24,25,33,34,37,1,3,4,5
passenger103,15,19,34,37,91,3,54,57,6
passenger104,23,22,34,35,38,1,3,4,7
passenger105,23,21,34,92,96,58,4,62,8
passenger106,10,19,35,59,100,24,41,65,9
passenger107,11,21,35,42,88,7,46,53,10
passenger108,21,24,35,112,121,77,9,86,11
passenger109,15,12,35,48,53,13,5,18,12
passenger110,5,16,35,61,88,26,27,53,13
passenger111,15,13,36,40,44,4,4,8,14
passenger112,17,22,36,36,97,0,61,61,15
passenger113,4,11,36,41,64,5,23,28,0
passenger114,19,21,37,40,104,3,64,67,1
passenger115,20,22,37,38,108,1,70,71,2
passenger116,25,16,37,116,129,79,13,92,3
passenger117,7,15,37,51,89,14,38,52,4
passenger118,18,3,38,46,73,8,27,35,5
passenger119,19,14,38,91,120,53,29,82,6
passenger120,24,6,38,104,140,66,36,102,7
passenger121,23,12,38,92,113,54,21,75,8
passenger122,15,17,38,50,94,12,44,56,9
passenger123,15,23,39,78,92,39,14,53,10
passenger124,5,19,39,58,108,19,50,69,11
passenger125,25,6,40,118,153,78,35,113,12
passenger126,7,12,40,55,80,15,25,40,13
passenger127,19,24,40,92,103,52,11,63,14
passenger128,20,12,40,93,121,53,28,81,15
passenger129,17,6,41,74,107,33,33,66,0
passenger130,12,5,41,49,64,8,15,23,1
passenger131,1,22,41,71,108,30,37,67,2
passenger132,21,13,42,106,136,64,30,94,3
passenger133,1,3,42,69,73,27,4,31,4
passenger134,3,18,43,73,102,30,29,59,5
passenger135,6,7,43,54,69,11,15,26,6
passenger136,22,20,43,100,112,57,12,69,7
passenger137,8,15,43,63,76,20,13,33,8
passenger138,6,22,43,69,109,26,40,66,9
passenger139,3,19,43,58,84,15,26,41,10
passenger140,13,19,43,94,108,51,14,65,11
passenger141,12,4,44,53,67,9,14,23,12
passenger142,19,16,44,97,122,53,25,78,13
passenger143,12,10,44,47,51,3,4,7,14
passenger144,9,13,45,50,82,5,32,37,15
passenger145,7,8,45,54,57,9,3,12,0
passenger146,7,1,45,58,70,13,12,25,1
passenger147,24,6,46,112,142,66,30,96,2
passenger148,5,4,46,56,59,10,3,13,3
passenger149,25,12,47,111,134,64,23,87,4
passenger150,9,11,47,61,87,14,26,40,5
passenger151,3,8,47,59,72,12,13,25,6
passenger152,7,21,48,59,97,11,38,49,7
passenger153,2,11,48,49,68,1,19,20,8
passenger154,20,21,48,103,106,55,3,58,9
passenger155,13,6,48,74,135,26,61,87,10
passenger156,9,6,50,50,55,0,5,5,11
passenger157,17,8,51,102,147,51,45,96,12
passenger158,16,17,51,88,91,37,3,40,13
passenger159,24,10,52,103,130,51,27,78,14
passenger160,25,11,52,104,124,52,20,72,15
passenger161,18,17,52,77,92,25,15,40,0
passenger162,21,12,52,104,131,52,27,79,1
passenger163,20,9,53,104,135,51,31,82,2
passenger164,13,18,53,88,99,35,11,46,3
passenger165,16,2,54,92,160,38,68,106,4
passenger166,21,19,54,107,123,53,16,69,5
passenger167,3,25,54,59,105,5,46,51,6
passenger168,17,3,54,89,147,35,58,93,7
passenger169,13,21,55,72,88,17,16,33,8
passenger170,7,24,55,66,115,11,49,60,9
passenger171,11,6,55,70,135,15,65,80,10
passenger172,9,14,56,86,97,30,11,41,11
passenger173,18,24,56,105,115,49,10,59,12
passenger174,5,25,57,61,111,4,50,54,13
passenger175,14,4,57,83,144,26,61,87,14
passenger176,24,9,57,101,130,44,29,73,15
passenger177,16,18,58,71,77,13,6,19,0
passenger178,1,6,58,70,79,12,9,21,1
passenger179,18,9,58,98,135,40,37,77,2
passenger180,1,21,58,66,106,8,40,48,3
passenger181,4,3,59,60,63,1,3,4,4
passenger182,15,3,59,97,155,38,58,96,5
passenger183,17,14,59,87,120,28,33,61,6
passenger184,17,13,60,89,123,29,34,63,7
passenger185,20,17,60,85,104,25,19,44,8
passenger186,11,1,60,86,162,26,76,102,9
passenger187,7,4,60,64,141,4,77,81,10
passenger188,1,7,60,68,80,8,12,20,11
passenger189,6,2,61,63,73,2,10,12,12
passenger190,8,13,61,74,83,13,9,22,13
passenger191,5,7,61,70,74,9,4,13,14
passenger192,1,2,61,64,67,3,3,6,15
passenger193,4,12,62,113,137,51,24,75,0
passenger194,17,20,62,94,101,32,7,39,1
passenger195,16,24,62,92,112,30,20,50,2
passenger196,7,20,63,76,103,13,27,40,3
passenger197,24,15,64,108,125,44,17,61,4
passenger198,22,4,64,110,152,46,42,88,5
passenger199,22,15,65,98,117,33,19,52,6
passenger200,6,2,65,72,150,7,78,85,7
passenger201,18,11,66,81,116,15,35,50,8
passenger202,8,10,67,79,83,12,4,16,9
passenger203,25,11,68,98,120,30,22,52,10
passenger204,2,7,69,71,80,2,9,11,11
passenger205,4,18,70,77,105,7,28,35,12
passenger206,21,22,70,103,106,33,3,36,13
passenger207,16,20,70,87,95,17,8,25,14
passenger208,11,16,71,78,87,7,9,16,15
passenger209,3,14,71,116,141,45,25,70,0
passenger210,14,1,72,89,158,17,69,86,1
passenger211,14,19,73,88,101,15,13,28,2
passenger212,10,14,73,81,91,8,10,18,3
passenger213,8,7,73,80,145,7,65,72,4
passenger214,4,9,74,76,83,2,7,9,5
passenger215,21,24,74,95,102,21,7,28,6
passenger216,16,12,75,86,126,11,40,51,7
passenger217,11,16,76,116,159,40,43,83,8
passenger218,20,11,76,103,138,27,35,62,9
passenger219,15,12,76,78,117,2,39,41,10
passenger220,8,2,76,83,161,7,78,85,11
passenger221,11,18,76,88,105,12,17,29,12
passenger222,18,25,76,94,111,18,17,35,13
passenger223,1,20,77,151,192,74,41,115,14
passenger224,20,11,77,93,124,16,31,47,15
passenger225,8,9,77,103,130,26,27,53,0
passenger226,18,22,78,97,107,19,10,29,1
passenger227,17,13,78,95,127,17,32,49,2
passenger228,17,2,78,96,159,18,63,81,3
passenger229,16,2,78,92,160,14,68,82,4
passenger230,24,23,78,114,117,36,3,39,5
passenger231,13,10,79,79,130,0,51,51,6
passenger232,19,16,79,93,118,14,25,39,7
passenger233,18,13,80,81,110,1,29,30,8
passenger234,6,2,80,151,159,71,8,79,9
passenger235,8,14,81,129,165,48,36,84,10
passenger236,11,13,81,90,94,9,4,13,11
passenger237,7,24,81,82,115,1,33,34,12
passenger238,10,22,82,134,203,52,69,121,13
passenger239,10,12,82,130,172,48,42,90,14
passenger240,16,7,82,87,134,5,47,52,15
passenger241,6,10,82,107,133,25,26,51,0
passenger242,21,4,82,104,149,22,45,67,1
passenger243,11,17,82,83,95,1,12,13,2
passenger244,18,11,83,99,142,16,43,59,3
passenger245,3,1,83,157,163,74,6,80,4
passenger246,12,21,83,90,107,7,17,24,5
passenger247,1,23,83,147,191,64,44,108,6
passenger248,17,1,83,89,153,6,64,70,7
passenger249,9,6,84,120,127,36,7,43,8
passenger250,24,14,84,115,131,31,16,47,9
passenger251,9,7,84,126,132,42,6,48,10
passenger252,15,1,85,100,164,15,64,79,11
passenger253,7,5,85,150,156,65,6,71,12
passenger254,16,17,86,88,91,2,3,5,13
passenger255,12,4,86,126,144,40,18,58,14
passenger256,10,22,86,127,182,41,55,96,15
passenger257,6,5,86,107,110,21,3,24,0
passenger258,3,21,86,152,200,66,48,114,1
passenger259,3,15,87,151,179,64,28,92,2
passenger260,25,17,87,116,126,29,10,39,3
passenger261,11,6,87,137,148,50,11,61,4
passenger262,1,4,87,161,166,74,5,79,5
passenger263,24,4,88,102,140,14,38,52,6
passenger264,1,21,88,153,187,65,34,99,7
passenger265,11,9,88,116,120,28,4,32,8
passenger266,18,14,89,97,131,8,34,42,9
passenger267,23,12,89,92,117,3,25,28,10
passenger268,18,22,89,105,115,16,10,26,11
passenger269,12,8,89,91,147,2,56,58,12
passenger270,25,6,89,111,144,22,33,55,13
passenger271,1,15,90,151,181,61,30,91,14
passenger272,25,3,90,104,144,14,40,54,15
passenger273,22,21,91,155,168,64,13,77,0
passenger274,24,11,91,111,134,20,23,43,1
passenger275,7,13,92,139,173,47,34,81,2
passenger276,4,22,92,153,191,61,38,99,3
passenger277,17,13,92,95,131,3,36,39,4
passenger278,13,18,92,93,102,1,9,10,5
passenger279,14,21,92,120,187,28,67,95,6
passenger280,24,16,93,104,118,11,14,25,7
passenger281,19,8,93,100,123,7,23,30,8
passenger282,1,11,94,162,180,68,18,86,9
passenger283,22,4,94,103,141,9,38,47,10
passenger284,14,5,94,97,154,3,57,60,11
passenger285,11,4,95,140,159,45,19,64,12
passenger286,19,21,95,97,103,2,6,8,13
passenger287,19,18,95,110,113,15,3,18,14
passenger288,6,14,95,137,168,42,31,73,15
passenger289,3,10,95,116,133,21,17,38,0
passenger290,13,17,95,128,188,33,60,93,1
passenger291,3,21,95,151,193,56,42,98,2
passenger292,12,23,96,139,194,43,55,98,3
passenger293,14,18,96,128,192,32,64,96,4
passenger294,21,4,96,107,152,11,45,56,5
passenger295,13,1,96,123,147,27,24,51,6
passenger296,12,21,97,126,187,29,61,90,7
passenger297,22,8,97,171,205,74,34,108,8
passenger298,10,14,98,141,185,43,44,87,9
passenger299,10,5,98,123,138,25,15,40,10
passenger300,8,11,98,147,178,49,31,80,11
passenger301,13,24,98,134,212,36,78,114,12
passenger302,14,10,99,126,134,27,8,35,13
passenger303,17,20,99,116,192,17,76,93,14
passenger304,11,13,99,124,165,25,41,66,15
passenger305,6,22,100,107,155,7,48,55,0
passenger306,22,5,100,107,146,7,39,46,1
passenger307,9,7,100,135,139,35,4,39,2
passenger308,24,2,100,113,159,13,46,59,3
passenger309,6,8,101,148,172,47,24,71,4
passenger310,15,7,101,131,145,30,14,44,5
passenger311,14,19,101,120,181,19,61,80,6
passenger312,21,3,102,109,147,7,38,45,7
passenger313,4,3,103,133,136,30,3,33,8
passenger314,23,17,104,112,126,8,14,22,9
passenger315,14,20,104,113,181,9,68,77,10
passenger316,15,6,104,132,151,28,19,47,11
passenger317,13,18,104,134,197,30,63,93,12
passenger318,1,16,106,159,193,53,34,87,13
passenger319,13,2,107,123,148,16,25,41,14
passenger320,7,12,107,134,162,27,28,55,15
passenger321,9,8,107,130,195,23,65,88,0
passenger322,17,11,108,120,134,12,14,26,1
passenger323,13,20,108,127,190,19,63,82,2
passenger324,3,9,108,156,168,48,12,60,3
passenger325,2,24,108,160,206,52,46,98,4
passenger326,5,21,108,149,204,41,55,96,5
passenger327,5,9,109,137,161,28,24,52,6
passenger328,16,21,110,118,187,8,69,77,7
passenger329,5,6,110,130,141,20,11,31,8
passenger330,23,9,110,112,144,2,32,34,9
passenger331,6,19,110,135,178,25,43,68,10
passenger332,3,22,111,158,203,47,45,92,11
passenger333,22,8,111,111,147,0,36,36,12
passenger334,3,11,112,153,177,41,24,65,13
passenger335,9,24,112,133,198,21,65,86,14
passenger336,16,24,112,115,188,3,73,76,15
passenger337,19,18,113,148,177,35,29,64,0
passenger338,3,2,114,152,155,38,3,41,1
passenger339,2,15,114,154,179,40,25,65,2
passenger340,6,25,114,149,200,35,51,86,3
passenger341,4,24,115,154,206,39,52,91,4
passenger342,17,3,115,127,155,12,28,40,5
passenger343,2,10,115,144,164,29,20,49,6
passenger344,9,8,115,131,134,16,3,19,7
passenger345,14,4,116,155,215,39,60,99,8
passenger346,4,18,116,155,193,39,38,77,9
passenger347,25,7,116,196,232,80,36,116,10
passenger348,24,9,117,121,144,4,23,27,11
passenger349,9,3,117,176,253,59,77,136,12
passenger350,11,13,117,131,183,14,52,66,13
passenger351,17,4,117,117,144,0,27,27,14
passenger352,5,11,118,140,159,22,19,41,15
passenger353,2,4,118,119,123,1,4,5,0
passenger354,16,24,118,123,209,5,86,91,1
passenger355,15,4,119,123,148,4,25,29,2
passenger356,25,14,120,200,219,80,19,99,3
passenger357,18,5,120,120,151,0,31,31,4
passenger358,15,2,120,131,158,11,27,38,5
passenger359,16,6,120,174,234,54,60,114,6
passenger360,23,2,121,193,242,72,49,121,7
passenger361,17,4,121,162,215,41,53,94,8
passenger362,18,13,121,123,134,2,11,13,9
passenger363,25,17,123,196,210,73,14,87,10
passenger364,10,3,123,141,158,18,17,35,11
passenger365,15,12,124,130,137,6,7,13,12
passenger366,2,15,124,156,190,32,34,66,13
passenger367,6,1,124,138,151,14,13,27,14
passenger368,10,6,124,127,137,3,10,13,15
passenger369,2,11,124,207,228,83,21,104,0
passenger370,6,4,125,143,149,18,6,24,1
passenger371,12,2,125,130,154,5,24,29,2
passenger372,25,12,125,200,223,75,23,98,3
passenger373,25,23,125,209,213,84,4,88,4
passenger374,25,14,126,214,231,88,17,105,5
passenger375,11,18,126,127,178,1,51,52,6
passenger376,3,22,126,147,190,21,43,64,7
passenger377,9,1,126,146,224,20,78,98,8
passenger378,6,7,126,151,172,25,21,46,9
passenger379,1,17,126,146,174,20,28,48,10
passenger380,3,22,126,158,203,32,45,77,11
passenger381,12,18,127,137,197,10,60,70,12
passenger382,9,4,127,137,150,10,13,23,13
passenger383,5,17,128,141,187,13,46,59,14
passenger384,18,7,128,174,230,46,56,102,15
passenger385,9,24,129,130,159,1,29,30,0
passenger386,22,11,129,203,234,74,31,105,1
passenger387,7,8,130,139,162,9,23,32,2
passenger388,14,15,130,133,178,3,45,48,3
passenger389,5,2,131,151,160,20,9,29,4
passenger390,13,20,131,135,201,4,66,70,5
passenger391,4,11,131,140,167,9,27,36,6
passenger392,5,7,132,143,161,11,18,29,7
passenger393,16,8,132,159,205,27,46,73,8
passenger394,7,25,133,148,210,15,62,77,9
passenger395,5,24,133,138,191,5,53,58,10
passenger396,14,2,133,135,161,2,26,28,11
passenger397,11,15,133,140,188,7,48,55,12
passenger398,7,14,133,141,186,8,45,53,13
passenger399,17,7,133,187,234,54,47,101,14
passenger400,21,12,134,179,219,45,40,85,15
passenger401,25,3,135,162,204,27,42,69,0
passenger402,9,19,135,138,194,3,56,59,1
passenger403,23,6,136,197,225,61,28,89,2
passenger404,25,5,136,200,238,64,38,102,3
passenger405,11,8,136,137,142,1,5,6,4
passenger406,11,23,136,139,210,3,71,74,5
passenger407,19,20,136,181,184,45,3,48,6
passenger408,7,24,136,137,196,1,59,60,7
passenger409,11,17,137,150,162,13,12,25,8
passenger410,18,17,137,193,220,56,27,83,9
passenger411,16,13,138,171,218,33,47,80,10
passenger412,17,23,138,192,206,54,14,68,11
passenger413,10,13,138,143,184,5,41,46,12
passenger414,5,9,139,147,171,8,24,32,13
passenger415,20,17,139,192,209,53,17,70,14
passenger416,6,14,140,150,168,10,18,28,15
passenger417,21,4,140,152,201,12,49,61,0
passenger418,2,10,141,155,175,14,20,34,1
passenger419,17,8,141,185,219,44,34,78,2
passenger420,21,22,142,188,191,46,3,49,3
passenger421,14,10,142,184,235,42,51,93,4
passenger422,2,21,142,158,204,16,46,62,5
passenger423,23,12,142,191,218,49,27,76,6
passenger424,13,19,142,171,181,29,10,39,7
passenger425,18,4,143,165,215,22,50,72,8
passenger426,17,24,144,190,207,46,17,63,9
passenger427,19,13,144,178,218,34,40,74,10
passenger428,14,7,144,185,236,41,51,92,11
passenger429,17,7,144,194,239,50,45,95,12
passenger430,9,7,144,171,246,27,75,102,13
passenger431,9,10,145,165,168,20,3,23,14
passenger432,3,18,145,145,174,0,29,29,15
passenger433,12,24,145,187,259,42,72,114,0
passenger434,5,17,145,146,188,1,42,43,1
passenger435,5,14,145,145,176,0,31,31,2
passenger436,13,12,146,174,223,28,49,77,3
passenger437,17,21,146,189,199,43,10,53,4
passenger438,8,22,147,172,207,25,35,60,5
passenger439,5,8,147,153,158,6,5,11,6
passenger440,8,24,147,164,196,17,32,49,7
passenger441,3,10,148,218,239,70,21,91,8
passenger442,11,21,149,180,202,31,22,53,9
passenger443,13,25,149,162,196,13,34,47,10
passenger444,19,18,149,196,215,47,19,66,11
passenger445,19,5,149,201,247,52,46,98,12
passenger446,12,15,150,180,190,30,10,40,13
passenger447,6,3,150,160,244,10,84,94,14
passenger448,4,20,150,237,281,87,44,131,15
passenger449,17,8,150,180,195,30,15,45,0
passenger450,19,18,150,194,221,44,27,71,1
passenger451,21,23,151,193,197,42,4,46,2
passenger452,23,5,151,194,238,43,44,87,3
passenger453,20,10,151,196,235,45,39,84,4
passenger454,11,17,151,177,193,26,16,42,5
passenger455,16,11,151,174,221,23,47,70,6
passenger456,25,5,151,199,235,48,36,84,7
passenger457,3,1,152,218,224,66,6,72,8
passenger458,21,11,152,202,236,50,34,84,9
passenger459,11,17,152,158,174,6,16,22,10
passenger460,11,15,152,178,188,26,10,36,11
passenger461,2,4,152,163,167,11,4,15,12
passenger462,24,12,152,209,237,57,28,85,13
passenger463,5,10,153,157,168,4,11,15,14
passenger464,9,7,153,155,230,2,75,77,15
passenger465,8,19,153,195,246,42,51,93,0
passenger466,3,8,155,162,171,7,9,16,1
passenger467,12,14,155,170,176,15,6,21,2
passenger468,23,24,155,194,197,39,3,42,3
passenger469,8,14,155,172,184,17,12,29,4
passenger470,1,16,155,161,190,6,29,35,5
passenger471,4,2,155,238,242,83,4,87,6
passenger472,17,5,155,177,235,22,58,80,7
passenger473,12,3,156,197,218,41,21,62,8
passenger474,19,20,156,196,199,40,3,43,9
passenger475,15,21,156,168,184,12,16,28,10
passenger476,11,5,156,178,242,22,64,86,11
passenger477,4,6,157,159,171,2,12,14,12
passenger478,6,9,158,166,171,8,5,13,13
passenger479,6,15,158,160,181,2,21,23,14
passenger480,4,16,158,237,271,79,34,113,15
passenger481,9,18,159,192,243,33,51,84,0
passenger482,13,23,159,180,206,21,26,47,1
passenger483,11,8,159,167,219,8,52,60,2
passenger484,15,17,160,178,182,18,4,22,3
passenger485,11,14,160,177,184,17,7,24,4
passenger486,12,8,160,180,249,20,69,89,5
passenger487,8,23,161,230,279,69,49,118,6
passenger488,17,3,161,177,239,16,62,78,7
passenger489,25,18,162,178,187,16,9,25,8
passenger490,2,19,162,165,196,3,31,34,9
passenger491,15,23,162,168,188,6,20,26,10
passenger492,13,8,162,182,233,20,51,71,11
passenger493,9,16,163,176,191,13,15,28,12
passenger494,21,23,163,200,206,37,6,43,13
passenger495,20,16,163,192,212,29,20,49,14
passenger496,13,9,163,165,224,2,59,61,15
passenger497,20,8,164,171,195,7,24,31,0
passenger498,7,22,164,168,203,4,35,39,1
passenger499,15,9,165,179,216,14,37,51,2
passenger500,22,25,166,191,200,25,9,34,3
passenger501,8,14,166,172,184,6,12,18,4
passenger502,13,18,166,183,196,17,13,30,5
passenger503,24,14,166,194,212,28,18,46,6
passenger504,20,15,166,184,219,18,35,53,7
passenger505,23,11,167,174,200,7,26,33,8
passenger506,10,11,167,177,180,10,3,13,9
passenger507,25,16,167,196,213,29,17,46,10
passenger508,4,2,167,169,249,2,80,82,11
passenger509,13,21,167,184,207,17,23,40,12
passenger510,12,15,167,180,190,13,10,23,13
passenger511,20,13,168,192,222,24,30,54,14
passenger512,23,16,169,185,211,16,26,42,15
passenger513,19,20,171,174,249,3,75,78,0
passenger514,16,2,171,185,253,14,68,82,1
passenger515,11,4,171,211,229,40,18,58,2
passenger516,13,4,172,174,241,2,67,69,3
passenger517,13,9,172,181,238,9,57,66,4
passenger518,1,4,172,266,271,94,5,99,5
passenger519,13,2,172,215,242,43,27,70,6
passenger520,22,19,172,190,209,18,19,37,7
passenger521,18,5,173,187,212,14,25,39,8
passenger522,20,16,173,199,223,26,24,50,9
passenger523,10,1,173,225,242,52,17,69,10
passenger524,14,20,173,185,199,12,14,26,11
passenger525,1,2,173,259,262,86,3,89,12
passenger526,10,13,174,174,183,0,9,9,13
passenger527,12,11,174,174,228,0,54,54,14
passenger528,7,2,175,230,243,55,13,68,15
passenger529,1,3,175,210,214,35,4,39,0
passenger530,18,20,176,191,197,15,6,21,1
passenger531,11,2,176,211,235,35,24,59,2
passenger532,11,25,176,226,294,50,68,118,3
passenger533,7,13,176,244,278,68,34,102,4
passenger534,14,9,176,186,246,10,60,70,5
passenger535,11,12,176,221,254,45,33,78,6
passenger536,12,18,177,224,278,47,54,101,7
passenger537,15,2,177,192,221,15,29,44,8
passenger538,1,11,177,260,278,83,18,101,9
passenger539,23,1,177,188,242,11,54,65,10
passenger540,2,17,177,249,276,72,27,99,11
passenger541,12,6,178,181,244,3,63,66,12
passenger542,6,17,178,249,280,71,31,102,13
passenger543,14,16,178,178,184,0,6,6,14
passenger544,8,14,178,227,265,49,38,87,15
passenger545,22,8,179,253,297,74,44,118,0
passenger546,10,5,179,237,246,58,9,67,1
passenger547,16,1,180,182,238,2,56,58,2
passenger548,7,18,181,234,279,53,45,98,3
passenger549,1,25,181,256,306,75,50,125,4
passenger550,11,10,181,240,243,59,3,62,5
passenger551,14,16,182,212,262,30,50,80,6
passenger552,12,23,183,224,289,41,65,106,7
passenger553,25,6,184,272,309,88,37,125,8
passenger554,18,8,184,193,243,9,50,59,9
passenger555,25,7,185,196,232,11,36,47,10
passenger556,8,18,186,233,279,47,46,93,11
passenger557,20,4,186,204,250,18,46,64,12
passenger558,14,9,187,187,242,0,55,55,13
passenger559,16,14,187,212,219,25,7,32,14
passenger560,25,24,187,191,194,4,3,7,15
passenger561,17,23,188,240,256,52,16,68,0
passenger562,5,19,188,246,300,58,54,112,1
passenger563,20,4,188,190,229,2,39,41,2
passenger564,23,18,188,194,211,6,17,23,3
passenger565,9,13,189,238,278,49,40,89,4
passenger566,13,23,189,234,308,45,74,119,5
passenger567,25,21,189,197,203,8,6,14,6
passenger568,17,3,190,215,239,25,24,49,7
passenger569,23,4,191,266,315,75,49,124,8
passenger570,5,2,191,250,257,59,7,66,9
passenger571,24,13,193,193,218,0,25,25,10
passenger572,6,3,193,239,246,46,7,53,11
passenger573,11,19,194,279,297,85,18,103,12
passenger574,25,14,195,212,233,17,21,38,13
passenger575,16,21,195,212,274,17,62,79,14
passenger576,23,7,196,197,230,1,33,34,15
passenger577,25,13,196,262,284,66,22,88,0
passenger578,24,3,196,209,250,13,41,54,1
passenger579,3,23,197,232,274,35,42,77,2
passenger580,17,5,197,214,238,17,24,41,3
passenger581,23,3,197,203,252,6,49,55,4
passenger582,18,6,197,197,255,0,58,58,5
passenger583,2,21,197,242,275,45,33,78,6
passenger584,22,3,198,204,239,6,35,41,7
passenger585,3,16,198,218,251,20,33,53,8
passenger586,1,19,198,260,294,62,34,96,9
passenger587,23,19,198,200,206,2,6,8,10
passenger588,6,5,198,239,242,41,3,44,11
passenger589,18,2,198,198,256,0,58,58,12
passenger590,14,12,199,233,237,34,4,38,13
passenger591,19,6,199,205,237,6,32,38,14
passenger592,20,18,199,202,206,3,4,7,15
passenger593,6,9,200,219,224,19,5,24,0
passenger594,2,12,202,253,281,51,28,79,1
passenger595,7,3,203,222,232,19,10,29,2
passenger596,14,15,203,219,272,16,53,69,3
passenger597,3,5,203,252,262,49,10,59,4
passenger598,3,17,203,262,294,59,32,91,5
passenger599,9,2,204,227,242,23,15,38,6
passenger600,5,25,204,235,295,31,60,91,7
passenger601,7,18,204,208,255,4,47,51,8
passenger602,12,5,205,233,250,28,17,45,9
passenger603,8,1,205,229,242,24,13,37,10
passenger604,19,9,205,212,230,7,18,25,11
passenger605,13,4,205,229,250,24,21,45,12
passenger606,21,6,207,220,249,13,29,42,13
passenger607,15,22,207,215,277,8,62,70,14
passenger608,18,16,207,207,211,0,4,4,15
passenger609,23,5,207,256,306,49,50,99,0
passenger610,25,14,207,212,229,5,17,22,1
passenger611,11,7,208,211,222,3,11,14,2
passenger612,19,25,208,208,294,0,86,86,3
passenger613,18,1,209,220,256,11,36,47,4
passenger614,12,19,209,237,298,28,61,89,5
passenger615,10,20,209,224,272,15,48,63,6
passenger616,18,2,209,212,242,3,30,33,7
passenger617,14,5,210,247,312,37,65,102,8
passenger618,13,10,210,230,239,20,9,29,9
passenger619,21,22,210,276,279,66,3,69,10
passenger620,12,14,211,225,271,14,46,60,11
passenger621,16,17,211,224,291,13,67,80,12
passenger622,16,20,211,229,287,18,58,76,13
passenger623,25,21,211,284,290,73,6,79,14
passenger624,4,12,211,237,259,26,22,48,15
passenger625,12,13,212,231,234,19,3,22,0
passenger626,14,18,212,229,297,17,68,85,1
passenger627,11,7,212,212,222,0,10,10,2
passenger628,12,22,212,223,289,11,66,77,3
passenger629,8,1,213,241,256,28,15,43,4
passenger630,25,5,213,214,258,1,44,45,5
passenger631,16,21,213,262,275,49,13,62,6
passenger632,7,9,214,253,257,39,4,43,7
passenger633,8,4,214,235,315,21,80,101,8
passenger634,4,5,214,253,266,39,13,52,9
passenger635,12,14,215,221,261,6,40,46,10
passenger636,1,22,215,252,289,37,37,74,11
passenger637,17,2,216,221,256,5,35,40,12
passenger638,22,1,216,217,256,1,39,40,13
passenger639,15,12,216,216,225,0,9,9,14
passenger640,13,24,216,216,291,0,75,75,15
passenger641,24,7,216,259,300,43,41,84,0
passenger642,15,24,216,226,311,10,85,95,1
passenger643,19,23,217,266,274,49,8,57,2
passenger644,11,8,217,226,231,9,5,14,3
passenger645,13,21,217,228,298,11,70,81,4
passenger646,24,18,217,217,225,0,8,8,5
passenger647,18,13,217,266,311,49,45,94,6
passenger648,8,11,218,230,261,12,31,43,7
passenger649,13,21,218,244,262,26,18,44,8
passenger650,14,20,218,227,297,9,70,79,9
passenger651,1,19,218,242,270,24,28,52,10
passenger652,13,25,219,222,298,3,76,79,11
passenger653,12,4,220,232,250,12,18,30,12
passenger654,21,18,220,220,225,0,5,5,13
passenger655,22,3,220,277,328,57,51,108,14
passenger656,6,22,220,233,287,13,54,67,15
passenger657,2,13,220,315,340,95,25,120,0
passenger658,11,24,221,234,311,13,77,90,1
passenger659,22,23,221,271,274,50,3,53,2
passenger660,8,15,221,231,272,10,41,51,3
passenger661,18,25,221,221,306,0,85,85,4
passenger662,1,25,221,266,314,45,48,93,5
passenger663,9,4,222,227,238,5,11,16,6
passenger664,16,20,222,272,282,50,10,60,7
passenger665,4,2,223,229,321,6,92,98,8
passenger666,23,24,224,306,309,82,3,85,9
passenger667,4,23,224,237,282,13,45,58,10
passenger668,23,25,224,292,298,68,6,74,11
passenger669,6,15,224,244,285,20,41,61,12
passenger670,25,23,225,302,306,77,4,81,13
passenger671,16,5,225,265,324,40,59,99,14
passenger672,3,7,225,240,252,15,12,27,15
passenger673,2,5,226,315,320,89,5,94,0
passenger674,2,20,226,253,303,27,50,77,1
passenger675,15,13,227,256,296,29,40,69,2
passenger676,21,11,228,286,312,58,26,84,3
passenger677,11,6,228,232,247,4,15,19,4
passenger678,12,5,228,237,258,9,21,30,5
passenger679,15,25,228,259,285,31,26,57,6
passenger680,14,8,229,268,321,39,53,92,7
passenger681,18,21,229,255,262,26,7,33,8
passenger682,12,7,229,233,246,4,13,17,9
passenger683,18,5,229,267,324,38,57,95,10
passenger684,25,8,230,298,329,68,31,99,11
passenger685,9,19,230,273,297,43,24,67,12
passenger686,1,6,230,256,263,26,7,33,13
passenger687,4,10,230,241,253,11,12,23,14
passenger688,14,5,231,265,336,34,71,105,15
passenger689,9,20,231,294,359,63,65,128,0
passenger690,24,1,232,311,364,79,53,132,1
passenger691,16,1,232,259,322,27,63,90,2
passenger692,14,22,232,269,289,37,20,57,3
passenger693,20,6,233,295,337,62,42,104,4
passenger694,7,20,234,252,301,18,49,67,5
passenger695,21,8,234,275,320,41,45,86,6
passenger696,1,12,234,245,264,11,19,30,7
passenger697,16,12,234,251,297,17,46,63,8
passenger698,24,21,235,309,318,74,9,83,9
passenger699,20,1,235,273,332,38,59,97,10
passenger700,22,19,235,289,310,54,21,75,11
passenger701,10,15,236,276,285,40,9,49,12
passenger702,21,23,236,290,296,54,6,60,13
passenger703,14,2,236,261,331,25,70,95,14
passenger704,16,18,237,271,277,34,6,40,15
passenger705,2,21,237,315,362,78,47,125,0
passenger706,6,23,238,243,308,5,65,70,1
passenger707,14,9,238,253,304,15,51,66,2
passenger708,2,1,239,247,250,8,3,11,3
passenger709,19,10,239,292,327,53,35,88,4
passenger710,22,6,239,305,348,66,43,109,5
passenger711,24,3,239,282,331,43,49,92,6
passenger712,17,24,239,275,292,36,17,53,7
passenger713,9,2,240,304,321,64,17,81,8
passenger714,22,12,241,303,339,62,36,98,9
passenger715,1,22,241,242,279,1,37,38,10
passenger716,17,2,241,276,345,35,69,104,11
passenger717,7,1,241,241,259,0,18,18,12
passenger718,24,1,241,299,358,58,59,117,13
passenger719,20,13,241,271,308,30,37,67,14
passenger720,15,21,242,268,284,26,16,42,15
passenger721,23,4,242,256,309,14,53,67,0
passenger722,1,4,243,256,263,13,7,20,1
passenger723,18,15,243,263,290,20,27,47,2
passenger724,3,6,243,244,257,1,13,14,3
passenger725,14,19,243,281,292,38,11,49,4
passenger726,9,24,244,246,311,2,65,67,5
passenger727,25,20,244,285,296,41,11,52,6
passenger728,12,22,245,264,286,19,22,41,7
passenger729,19,13,245,258,294,13,36,49,8
passenger730,12,21,246,281,300,35,19,54,9
passenger731,14,5,246,261,324,15,63,78,10
passenger732,25,2,246,298,345,52,47,99,11
passenger733,18,17,246,294,325,48,31,79,12
passenger734,15,2,247,276,355,29,79,108,13
passenger735,13,23,247,258,280,11,22,33,14
passenger736,6,18,247,249,277,2,28,30,15
passenger737,22,24,247,253,259,6,6,12,0
passenger738,13,8,248,284,347,36,63,99,1
passenger739,18,13,248,263,296,15,33,48,2
passenger740,16,19,249,275,282,26,7,33,3
passenger741,18,7,249,289,334,40,45,85,4
passenger742,19,14,249,298,336,49,38,87,5
passenger743,24,17,249,282,303,33,21,54,6
passenger744,23,25,249,289,295,40,6,46,7
passenger745,25,19,250,272,280,22,8,30,8
passenger746,15,3,250,288,362,38,74,112,9
passenger747,10,12,250,253,257,3,4,7,10
passenger748,20,15,251,283,316,32,33,65,11
passenger749,11,4,251,279,350,28,71,99,12
passenger750,18,11,252,283,332,31,49,80,13
passenger751,1,8,252,334,345,82,11,93,14
passenger752,22,3,253,287,342,34,55,89,15
passenger753,11,13,253,290,340,37,50,87,0
passenger754,3,5,253,260,266,7,6,13,1
passenger755,24,15,253,277,290,24,13,37,2
passenger756,6,5,253,257,326,4,69,73,3
passenger757,11,19,254,274,292,20,18,38,4
passenger758,19,5,254,298,351,44,53,97,5
passenger759,19,23,254,269,279,15,10,25,6
passenger760,6,1,254,325,338,71,13,84,7
passenger761,24,14,254,269,291,15,22,37,8
passenger762,20,9,255,297,346,42,49,91,9
passenger763,8,6,255,315,321,60,6,66,10
passenger764,6,12,256,259,267,3,8,11,11
passenger765,3,22,256,265,304,9,39,48,12
passenger766,13,23,256,272,296,16,24,40,13
passenger767,13,8,256,258,317,2,59,61,14
passenger768,13,4,256,262,339,6,77,83,15
passenger769,21,19,256,268,274,12,6,18,0
passenger770,4,15,257,263,290,6,27,33,1
passenger771,14,6,257,293,313,36,20,56,2
passenger772,4,20,257,329,371,72,42,114,3
passenger773,7,13,257,266,278,9,12,21,4
passenger774,7,17,257,276,294,19,18,37,5
passenger775,2,9,258,334,347,76,13,89,6
passenger776,14,11,258,268,315,10,47,57,7
passenger777,16,5,258,287,312,29,25,54,8
passenger778,12,19,258,281,294,23,13,36,9
passenger779,9,4,259,312,327,53,15,68,10
passenger780,22,20,259,289,307,30,18,48,11
passenger781,18,20,260,294,300,34,6,40,12
passenger782,20,19,260,287,314,27,27,54,13
passenger783,13,1,261,308,334,47,26,73,14
passenger784,15,7,262,268,330,6,62,68,15
passenger785,20,12,262,271,287,9,16,25,0
passenger786,23,15,262,308,332,46,24,70,1
passenger787,14,23,263,293,360,30,67,97,2
passenger788,12,10,263,265,315,2,50,52,3
passenger789,10,22,264,271,301,7,30,37,4
passenger790,19,5,265,298,351,33,53,86,5
passenger791,13,10,265,311,316,46,5,51,6
passenger792,17,2,265,275,335,10,60,70,7
passenger793,18,19,266,283,360,17,77,94,8
passenger794,6,4,266,269,359,3,90,93,9
passenger795,16,7,266,299,318,33,19,52,10
passenger796,24,20,266,295,307,29,12,41,11
passenger797,24,14,266,308,332,42,24,66,12
passenger798,24,1,267,299,358,32,59,91,13
passenger799,8,1,267,317,334,50,17,67,14
passenger800,17,13,267,274,314,7,40,47,15
passenger801,8,17,267,297,352,30,55,85,0
passenger802,5,13,268,268,284,0,16,16,1
passenger803,16,6,268,287,313,19,26,45,2
passenger804,6,9,268,323,348,55,25,80,3
passenger805,15,7,268,284,334,16,50,66,4
passenger806,10,14,268,281,289,13,8,21,5
passenger807,5,15,268,327,363,59,36,95,6
passenger808,4,6,269,329,347,60,18,78,7
passenger809,8,1,269,335,416,66,81,147,8
passenger810,25,8,269,312,349,43,37,80,9
passenger811,21,23,269,276,282,7,6,13,10
passenger812,21,3,270,286,342,16,56,72,11
passenger813,10,19,270,276,297,6,21,27,12
passenger814,15,1,270,276,358,6,82,88,13
passenger815,15,21,270,304,376,34,72,106,14
passenger816,21,10,270,284,321,14,37,51,15
passenger817,6,8,270,303,327,33,24,57,0
passenger818,8,9,270,273,276,3,3,6,1
passenger819,8,12,270,307,335,37,28,65,2
passenger820,2,7,270,335,342,65,7,72,3
passenger821,8,4,271,331,341,60,10,70,4
passenger822,22,17,271,305,330,34,25,59,5
passenger823,23,15,272,279,307,7,28,35,6
passenger824,3,23,272,332,376,60,44,104,7
passenger825,12,18,272,297,357,25,60,85,8
passenger826,10,13,273,275,284,2,9,11,9
passenger827,13,8,273,304,315,31,11,42,10
passenger828,14,19,274,319,384,45,65,110,11
passenger829,1,4,274,357,362,83,5,88,12
passenger830,22,15,274,293,326,19,33,52,13
passenger831,25,16,275,284,301,9,17,26,14
passenger832,17,23,275,306,384,31,78,109,15
passenger833,17,9,276,278,294,2,16,18,0
passenger834,14,6,276,287,351,11,64,75,1
passenger835,9,18,277,304,347,27,43,70,2
passenger836,4,17,277,329,364,52,35,87,3
passenger837,15,8,277,284,331,7,47,54,4
passenger838,2,18,277,358,382,81,24,105,5
passenger839,21,19,278,293,299,15,6,21,6
passenger840,11,17,278,315,364,37,49,86,7
passenger841,11,9,279,300,304,21,4,25,8
passenger842,9,6,279,346,355,67,9,76,9
passenger843,25,17,279,286,296,7,10,17,10
passenger844,5,22,279,354,393,75,39,114,11
passenger845,4,15,280,350,385,70,35,105,12
passenger846,5,10,280,346,375,66,29,95,13
passenger847,17,25,280,298,386,18,88,106,14
passenger848,25,23,280,294,298,14,4,18,15
passenger849,6,3,280,303,312,23,9,32,0
passenger850,23,24,280,308,311,28,3,31,1
passenger851,7,1,280,310,322,30,12,42,2
passenger852,17,2,281,304,335,23,31,54,3
passenger853,2,24,281,347,389,66,42,108,4
passenger854,13,3,281,286,355,5,69,74,5
passenger855,17,10,282,303,316,21,13,34,6
passenger856,14,23,282,310,376,28,66,94,7
passenger857,6,17,283,309,354,26,45,71,8
passenger858,21,11,283,300,342,17,42,59,9
passenger859,25,12,283,286,307,3,21,24,10
passenger860,12,23,283,323,396,40,73,113,11
passenger861,16,22,283,288,304,5,16,21,12
passenger862,20,18,283,287,317,4,30,34,13
passenger863,7,10,284,320,349,36,29,65,14
passenger864,22,16,284,287,309,3,22,25,15
passenger865,8,9,284,297,330,13,33,46,0
passenger866,20,5,284,303,354,19,51,70,1
passenger867,3,20,285,318,353,33,35,68,2
passenger868,8,20,285,319,371,34,52,86,3
passenger869,14,25,286,319,392,33,73,106,4
passenger870,14,22,287,289,305,2,16,18,5
passenger871,22,6,288,290,324,2,34,36,6
passenger872,25,19,288,295,303,7,8,15,7
passenger873,3,1,289,318,324,29,6,35,8
passenger874,7,1,289,352,366,63,14,77,9
passenger875,9,25,289,312,372,23,60,83,10
passenger876,12,1,290,323,348,33,25,58,11
passenger877,13,6,290,335,344,45,9,54,12
passenger878,22,3,290,293,352,3,59,62,13
passenger879,20,12,290,293,311,3,18,21,14
passenger880,1,17,291,346,372,55,26,81,15
passenger881,12,20,291,337,359,46,22,68,0
passenger882,16,20,291,293,303,2,10,12,1
passenger883,12,1,291,299,322,8,23,31,2
passenger884,4,12,292,329,353,37,24,61,3
passenger885,10,20,292,327,377,35,50,85,4
passenger886,11,22,292,341,394,49,53,102,5
passenger887,5,10,293,327,350,34,23,57,6
passenger888,19,4,293,303,329,10,26,36,7
passenger889,9,19,294,304,360,10,56,66,8
passenger890,15,20,295,332,400,37,68,105,9
passenger891,13,22,295,304,365,9,61,70,10
passenger892,22,25,295,303,402,8,99,107,11
passenger893,4,15,295,350,385,55,35,90,12
passenger894,3,6,296,352,367,56,15,71,13
passenger895,8,17,296,317,366,21,49,70,14
passenger896,11,22,296,318,381,22,63,85,15
passenger897,8,16,296,297,349,1,52,53,0
passenger898,20,25,296,303,314,7,11,18,1
passenger899,7,19,296,310,350,14,40,54,2
passenger900,3,14,297,332,359,35,27,62,3
passenger901,11,24,297,324,389,27,65,92,4
passenger902,20,24,298,301,311,3,10,13,5
passenger903,22,11,298,378,419,80,41,121,6
passenger904,19,1,298,303,338,5,35,40,7
passenger905,14,2,298,347,413,49,66,115,8
passenger906,19,25,298,322,415,24,93,117,9
passenger907,18,21,300,357,362,57,5,62,10
passenger908,6,25,300,335,402,35,67,102,11
passenger909,14,17,300,332,389,32,57,89,12
passenger910,20,16,301,311,323,10,12,22,13
passenger911,8,16,301,317,363,16,46,62,14
passenger912,17,22,301,306,381,5,75,80,15
passenger913,13,3,301,340,412,39,72,111,0
passenger914,3,1,302,358,364,56,6,62,1
passenger915,17,11,302,344,392,42,48,90,2
passenger916,22,18,302,375,393,73,18,91,3
passenger917,4,3,302,341,344,39,3,42,4
passenger918,10,24,304,370,398,66,28,94,5
passenger919,2,5,304,334,339,30,5,35,6
passenger920,1,11,304,338,356,34,18,52,7
passenger921,25,18,305,372,383,67,11,78,8
passenger922,13,4,305,336,359,31,23,54,9
passenger923,9,14,305,312,351,7,39,46,10
passenger924,7,18,305,332,381,27,49,76,11
passenger925,25,6,306,311,344,5,33,38,12
passenger926,7,4,306,340,349,34,9,43,13
passenger927,19,12,307,370,403,63,33,96,14
passenger928,8,6,307,327,333,20,6,26,15
passenger929,2,12,308,315,337,7,22,29,0
passenger930,18,6,308,323,351,15,28,43,1
passenger931,1,12,309,322,335,13,13,26,2
passenger932,17,9,309,364,414,55,50,105,3
passenger933,7,4,310,334,341,24,7,31,4
passenger934,19,22,311,324,394,13,70,83,5
passenger935,20,13,311,374,413,63,39,102,6
passenger936,19,10,311,368,407,57,39,96,7
passenger937,1,10,312,324,339,12,15,27,8
passenger938,18,17,312,325,328,13,3,16,9
passenger939,25,7,312,372,404,60,32,92,10
passenger940,1,7,313,348,358,35,10,45,11
passenger941,22,21,313,316,319,3,3,6,12
passenger942,3,5,314,352,364,38,12,50,13
passenger943,15,17,314,360,366,46,6,52,14
passenger944,25,19,314,390,400,76,10,86,15
passenger945,6,1,314,323,418,9,95,104,0
passenger946,16,14,314,329,335,15,6,21,1
passenger947,24,15,315,363,384,48,21,69,2
passenger948,13,8,315,356,417,41,61,102,3
passenger949,3,22,315,344,383,29,39,68,4
passenger950,21,5,315,320,351,5,31,36,5
passenger951,18,10,315,368,422,53,54,107,6
passenger952,11,22,316,316,373,0,57,57,7
passenger953,22,5,316,367,404,51,37,88,8
passenger954,8,21,316,349,403,33,54,87,9
passenger955,23,2,316,368,413,52,45,97,10
passenger956,21,13,316,390,422,74,32,106,11
passenger957,15,2,317,329,354,12,25,37,12
passenger958,18,17,317,317,320,0,3,3,13
passenger959,17,20,318,366,373,48,7,55,14
passenger960,24,22,319,387,395,68,8,76,15
passenger961,19,25,319,356,372,37,16,53,0
passenger962,17,14,319,326,335,7,9,16,1
passenger963,20,2,319,353,413,34,60,94,2
passenger964,13,11,320,356,408,36,52,88,3
passenger965,23,2,320,386,433,66,47,113,4
passenger966,17,5,320,330,351,10,21,31,5
passenger967,23,22,320,381,392,61,11,72,6
passenger968,6,22,320,325,373,5,48,53,7
passenger969,13,25,321,344,372,23,28,51,8
passenger970,19,1,321,322,366,1,44,45,9
passenger971,6,11,321,321,346,0,25,25,10
passenger972,6,4,321,335,339,14,4,18,11
passenger973,25,22,322,411,416,89,5,94,12
passenger974,11,6,322,332,343,10,11,21,13
passenger975,5,23,323,324,380,1,56,57,14
passenger976,9,1,323,324,346,1,22,23,15
passenger977,10,12,324,333,337,9,4,13,0
passenger978,16,9,324,329,344,5,15,20,1
passenger979,24,17,324,363,380,39,17,56,2
passenger980,25,10,325,380,411,55,31,86,3
passenger981,17,10,325,370,415,45,45,90,4
passenger982,18,19,325,327,385,2,58,60,5
passenger983,9,24,325,347,384,22,37,59,6
passenger984,22,23,326,373,376,47,3,50,7
passenger985,6,18,326,331,357,5,26,31,8
passenger986,3,25,326,362,415,36,53,89,9
passenger987,4,22,326,327,365,1,38,39,10
passenger988,11,8,328,366,435,38,69,107,11
passenger989,2,17,328,354,389,26,35,61,12
passenger990,19,12,329,396,429,67,33,100,13
passenger991,21,9,329,376,410,47,34,81,14
passenger992,14,8,329,365,421,36,56,92,15
passenger993,15,4,329,346,409,17,63,80,0
passenger994,12,14,330,339,385,9,46,55,1
passenger995,14,12,330,339,389,9,50,59,2
passenger996,17,13,330,364,404,34,40,74,3
passenger997,8,6,330,331,337,1,6,7,4
passenger998,17,24,331,331,398,0,67,67,5
passenger999,19,16,332,371,404,39,33,72,6
passenger1000,24,23,332,379,386,47,7,54,7
passenger1001,13,3,332,344,410,12,66,78,8
passenger1002,16,7,332,392,449,60,57,117,9
passenger1003,22,9,332,365,400,33,35,68,10
passenger1004,12,5,332,369,444,37,75,112,11
passenger1005,5,7,333,347,367,14,20,34,12
passenger1006,10,7,333,335,340,2,5,7,13
passenger1007,4,12,333,339,353,6,14,20,14
passenger1008,16,9,334,369,418,35,49,84,15
passenger1009,14,7,334,343,400,9,57,66,0
passenger1010,18,17,334,391,422,57,31,88,1
passenger1011,25,2,334,366,413,32,47,79,2
passenger1012,22,9,334,375,414,41,39,80,3
passenger1013,2,18,334,347,373,13,26,39,4
passenger1014,5,25,335,351,401,16,50,66,5
passenger1015,6,14,336,342,360,6,18,24,6
passenger1016,6,4,336,347,421,11,74,85,7
passenger1017,1,12,336,416,435,80,19,99,8
passenger1018,11,1,336,342,366,6,24,30,9
passenger1019,9,7,336,342,404,6,62,68,10
passenger1020,15,25,337,418,504,81,86,167,11
passenger1021,18,23,337,392,405,55,13,68,12
passenger1022,5,6,337,346,367,9,21,30,13
passenger1023,19,8,338,370,413,32,43,75,14
passenger1024,22,12,338,381,411,43,30,73,15
passenger1025,6,22,338,403,457,65,54,119,0
passenger1026,14,21,339,385,400,46,15,61,1
passenger1027,12,4,339,389,409,50,20,70,2
passenger1028,18,4,339,367,429,28,62,90,3
passenger1029,17,11,340,370,412,30,42,72,4
passenger1030,20,22,340,388,394,48,6,54,5
passenger1031,11,23,341,353,381,12,28,40,6
passenger1032,3,25,341,342,382,1,40,41,7
passenger1033,15,12,341,350,391,9,41,50,8
passenger1034,4,8,341,359,377,18,18,36,9
passenger1035,18,21,342,357,362,15,5,20,10
passenger1036,23,11,342,396,428,54,32,86,11
passenger1037,12,5,342,376,451,34,75,109,12
passenger1038,3,11,342,352,378,10,26,36,13
passenger1039,15,3,342,360,426,18,66,84,14
passenger1040,11,17,343,360,372,17,12,29,15
passenger1041,21,24,343,362,367,19,5,24,0
passenger1042,9,10,343,344,377,1,33,34,1
passenger1043,22,18,344,357,377,13,20,33,2
passenger1044,7,18,344,344,367,0,23,23,3
passenger1045,4,12,344,351,363,7,12,19,4
passenger1046,8,25,345,366,401,21,35,56,5
passenger1047,1,22,345,444,485,99,41,140,6
passenger1048,8,1,345,351,428,6,77,83,7
passenger1049,17,4,346,354,407,8,53,61,8
passenger1050,1,3,346,366,370,20,4,24,9
passenger1051,11,4,346,346,409,0,63,63,10
passenger1052,18,2,346,381,451,35,70,105,11
passenger1053,20,22,347,398,402,51,4,55,12
passenger1054,18,24,347,393,411,46,18,64,13
passenger1055,24,2,348,383,429,35,46,81,14
passenger1056,9,20,348,356,377,8,21,29,15
passenger1057,9,19,348,396,450,48,54,102,0
passenger1058,20,25,349,397,408,48,11,59,1
passenger1059,9,1,349,398,416,49,18,67,2
passenger1060,8,12,349,417,443,68,26,94,3
passenger1061,11,22,349,360,383,11,23,34,4
passenger1062,20,19,350,388,409,38,21,59,5
passenger1063,1,12,350,444,461,94,17,111,6
passenger1064,19,7,350,368,412,18,44,62,7
passenger1065,11,19,350,394,452,44,58,102,8
passenger1066,20,22,350,400,406,50,6,56,9
passenger1067,11,10,351,394,397,43,3,46,10
passenger1068,10,17,351,363,378,12,15,27,11
passenger1069,11,5,351,373,451,22,78,100,12
passenger1070,12,6,351,381,443,30,62,92,13
passenger1071,14,23,351,357,380,6,23,29,14
passenger1072,20,12,351,377,411,26,34,60,15
passenger1073,25,12,352,372,389,20,17,37,0
passenger1074,20,9,352,397,438,45,41,86,1
passenger1075,22,10,353,357,395,4,38,42,2
passenger1076,7,4,353,420,429,67,9,76,3
passenger1077,22,8,354,383,421,29,38,67,4
passenger1078,21,3,354,391,441,37,50,87,5
passenger1079,13,11,355,357,419,2,62,64,6
passenger1080,11,5,356,356,416,0,60,60,7
passenger1081,2,9,356,413,428,57,15,72,8
passenger1082,12,20,356,385,400,29,15,44,9
passenger1083,12,7,356,391,404,35,13,48,10
passenger1084,7,16,356,358,375,2,17,19,11
passenger1085,11,23,358,373,405,15,32,47,12
passenger1086,11,15,359,378,386,19,8,27,13
passenger1087,2,5,359,429,434,70,5,75,14
passenger1088,22,9,359,381,418,22,37,59,15
passenger1089,11,15,359,392,440,33,48,81,0
passenger1090,2,13,360,361,382,1,21,22,1
passenger1091,9,4,360,398,409,38,11,49,2
passenger1092,11,12,360,408,443,48,35,83,3
passenger1093,5,14,360,426,449,66,23,89,4
passenger1094,19,7,360,385,431,25,46,71,5
passenger1095,25,16,361,387,404,26,17,43,6
passenger1096,20,2,362,391,425,29,34,63,7
passenger1097,20,9,362,363,398,1,35,36,8
passenger1098,18,21,362,396,403,34,7,41,9
passenger1099,7,2,362,404,413,42,9,51,10
passenger1100,16,20,362,375,387,13,12,25,11
passenger1101,11,5,363,373,451,10,78,88,12
passenger1102,8,11,363,371,378,8,7,15,13
passenger1103,23,4,363,380,423,17,43,60,14
passenger1104,9,16,363,418,457,55,39,94,15
passenger1105,6,23,364,403,460,39,57,96,0
passenger1106,23,10,364,404,435,40,31,71,1
passenger1107,19,18,364,374,377,10,3,13,2
passenger1108,5,2,365,432,521,67,89,156,3
passenger1109,9,4,365,418,429,53,11,64,4
passenger1110,8,16,366,366,378,0,12,12,5
passenger1111,15,6,366,407,433,41,26,67,6
passenger1112,1,6,366,428,435,62,7,69,7
passenger1113,12,20,366,391,455,25,64,89,8
passenger1114,10,8,366,381,446,15,65,80,9
passenger1115,14,2,367,385,413,18,28,46,10
passenger1116,6,1,368,441,454,73,13,86,11
passenger1117,14,12,368,382,432,14,50,64,12
passenger1118,15,16,369,386,389,17,3,20,13
passenger1119,10,22,369,407,467,38,60,98,14
passenger1120,23,3,369,384,430,15,46,61,15
passenger1121,24,5,369,369,406,0,37,37,0
passenger1122,7,14,370,372,385,2,13,15,1
passenger1123,1,10,370,416,429,46,13,59,2
passenger1124,5,13,370,432,446,62,14,76,3
passenger1125,21,24,370,380,389,10,9,19,4
passenger1126,6,14,370,434,468,64,34,98,5
passenger1127,12,11,370,416,419,46,3,49,6
passenger1128,16,25,370,399,478,29,79,108,7
passenger1129,11,2,371,432,515,61,83,144,8
passenger1130,23,24,371,409,412,38,3,41,9
passenger1131,9,13,371,400,430,29,30,59,10
passenger1132,22,13,371,393,422,22,29,51,11
passenger1133,13,24,371,379,408,8,29,37,12
passenger1134,21,13,371,402,426,31,24,55,13
passenger1135,5,11,372,420,444,48,24,72,14
passenger1136,17,7,372,372,424,0,52,52,15
passenger1137,14,17,372,385,444,13,59,72,0
passenger1138,3,15,372,450,484,78,34,112,1
passenger1139,19,6,373,374,403,1,29,30,2
passenger1140,14,18,373,401,459,28,58,86,3
passenger1141,2,17,373,433,458,60,25,85,4
passenger1142,7,10,373,431,458,58,27,85,5
passenger1143,17,1,374,401,444,27,43,70,6
passenger1144,1,12,374,428,445,54,17,71,7
passenger1145,24,1,375,375,416,0,41,41,8
passenger1146,20,2,375,400,462,25,62,87,9
passenger1147,13,11,376,388,394,12,6,18,10
passenger1148,12,3,376,425,448,49,23,72,11
passenger1149,19,7,376,395,445,19,50,69,12
passenger1150,20,17,376,399,420,23,21,44,13
passenger1151,14,8,377,399,413,22,14,36,14
passenger1152,17,25,377,404,478,27,74,101,15
passenger1153,24,23,378,463,470,85,7,92,0
passenger1154,6,15,379,445,484,66,39,105,1
passenger1155,10,25,379,395,460,16,65,81,2
passenger1156,24,22,380,383,387,3,4,7,3
passenger1157,5,8,380,426,441,46,15,61,4
passenger1158,18,19,380,382,385,2,3,5,5
passenger1159,9,4,380,426,437,46,11,57,6
passenger1160,4,18,380,421,461,41,40,81,7
passenger1161,12,13,380,391,438,11,47,58,8
passenger1162,21,1,381,403,465,22,62,84,9
passenger1163,19,7,381,444,480,63,36,99,10
passenger1164,24,13,382,399,422,17,23,40,11
passenger1165,8,6,382,442,448,60,6,66,12
passenger1166,5,25,382,446,506,64,60,124,13
passenger1167,5,12,383,420,447,37,27,64,14
passenger1168,12,17,384,411,460,27,49,76,15
passenger1169,22,14,384,457,487,73,30,103,0
passenger1170,19,15,385,394,428,9,34,43,1
passenger1171,11,4,385,392,409,7,17,24,2
passenger1172,6,11,385,425,440,40,15,55,3
passenger1173,2,8,385,433,441,48,8,56,4
passenger1174,12,21,385,420,485,35,65,100,5
passenger1175,25,19,386,387,397,1,10,11,6
passenger1176,2,11,386,425,442,39,17,56,7
passenger1177,19,15,386,452,482,66,30,96,8
passenger1178,12,11,386,386,441,0,55,55,9
passenger1179,11,15,386,394,436,8,42,50,10
passenger1180,5,13,386,444,476,58,32,90,11
passenger1181,6,18,388,448,500,60,52,112,12
passenger1182,22,13,388,405,426,17,21,38,13
passenger1183,10,24,388,407,473,19,66,85,14
passenger1184,17,11,388,404,414,16,10,26,15
passenger1185,1,6,389,418,425,29,7,36,0
passenger1186,6,19,389,445,494,56,49,105,1
passenger1187,13,25,390,434,460,44,26,70,2
passenger1188,14,23,390,401,472,11,71,82,3
passenger1189,14,9,390,407,418,17,11,28,4
passenger1190,18,12,390,412,420,22,8,30,5
passenger1191,7,12,390,430,461,40,31,71,6
passenger1192,17,10,390,396,407,6,11,17,7
passenger1193,18,25,390,449,468,59,19,78,8
passenger1194,11,8,391,441,446,50,5,55,9
passenger1195,11,21,391,394,450,3,56,59,10
passenger1196,5,25,391,444,504,53,60,113,11
passenger1197,11,22,391,435,508,44,73,117,12
passenger1198,20,23,392,399,408,7,9,16,13
passenger1199,5,15,393,420,454,27,34,61,14
passenger1200,3,8,393,430,441,37,11,48,15
passenger1201,2,18,394,415,447,21,32,53,0
passenger1202,16,19,394,425,494,31,69,100,1
passenger1203,5,9,394,406,426,12,20,32,2
passenger1204,17,21,395,396,466,1,70,71,3
passenger1205,23,2,395,396,433,1,37,38,4
passenger1206,11,1,395,423,445,28,22,50,5
passenger1207,21,4,396,482,539,86,57,143,6
passenger1208,21,4,396,468,523,72,55,127,7
passenger1209,1,22,396,416,459,20,43,63,8
passenger1210,11,17,397,441,497,44,56,100,9
passenger1211,7,18,397,404,441,7,37,44,10
passenger1212,11,7,397,428,438,31,10,41,11
passenger1213,10,1,398,438,461,40,23,63,12
passenger1214,8,15,398,437,482,39,45,84,13
passenger1215,4,3,398,423,426,25,3,28,14
passenger1216,17,11,398,404,414,6,10,16,15
passenger1217,4,19,399,409,450,10,41,51,0
passenger1218,20,1,400,415,454,15,39,54,1
passenger1219,6,10,400,403,429,3,26,29,2
passenger1220,19,2,401,462,521,61,59,120,3
passenger1221,21,8,401,468,513,67,45,112,4
passenger1222,4,22,401,438,488,37,50,87,5
passenger1223,3,4,402,440,449,38,9,47,6
passenger1224,24,13,402,475,496,73,21,94,7
passenger1225,12,18,402,435,449,33,14,47,8
passenger1226,16,1,403,432,465,29,33,62,9
passenger1227,14,7,403,433,480,30,47,77,10
passenger1228,21,13,404,408,422,4,14,18,11
passenger1229,4,23,404,454,511,50,57,107,12
passenger1230,8,7,404,437,440,33,3,36,13
passenger1231,24,20,404,473,483,69,10,79,14
passenger1232,22,17,404,469,492,65,23,88,15
passenger1233,23,3,404,460,512,56,52,108,0
passenger1234,15,8,404,428,441,24,13,37,1
passenger1235,10,6,405,429,489,24,60,84,2
passenger1236,6,12,405,509,543,104,34,138,3
passenger1237,23,16,405,474,493,69,19,88,4
passenger1238,9,11,406,427,461,21,34,55,5
passenger1239,14,7,407,410,430,3,20,23,6
passenger1240,14,18,407,449,461,42,12,54,7
passenger1241,7,15,407,424,442,17,18,35,8
passenger1242,18,13,407,426,437,19,11,30,9
passenger1243,8,14,407,421,433,14,12,26,10
passenger1244,20,6,408,411,441,3,30,33,11
passenger1245,15,18,408,427,500,19,73,92,12
passenger1246,9,10,409,434,471,25,37,62,13
passenger1247,23,10,409,470,505,61,35,96,14
passenger1248,15,4,409,454,523,45,69,114,15
passenger1249,24,15,409,463,484,54,21,75,0
passenger1250,20,16,411,415,425,4,10,14,1
passenger1251,9,18,411,426,445,15,19,34,2
passenger1252,22,4,411,469,515,58,46,104,3
passenger1253,22,21,412,471,486,59,15,74,4
passenger1254,3,18,412,441,478,29,37,66,5
passenger1255,22,10,412,485,523,73,38,111,6
passenger1256,17,25,412,458,478,46,20,66,7
passenger1257,9,6,413,428,503,15,75,90,8
passenger1258,25,8,413,415,446,2,31,33,9
passenger1259,12,14,413,427,433,14,6,20,10
passenger1260,7,17,413,438,486,25,48,73,11
passenger1261,18,6,414,422,448,8,26,34,12
passenger1262,13,2,414,426,453,12,27,39,13
passenger1263,6,25,414,417,476,3,59,62,14
passenger1264,13,16,414,448,457,34,9,43,15
passenger1265,23,18,414,460,479,46,19,65,0
passenger1266,20,18,414,415,419,1,4,5,1
passenger1267,13,16,414,434,439,20,5,25,2
passenger1268,8,23,414,417,472,3,55,58,3
passenger1269,5,23,414,426,474,12,48,60,4
passenger1270,22,4,415,488,534,73,46,119,5
passenger1271,18,25,416,475,492,59,17,76,6
passenger1272,15,9,416,452,508,36,56,92,7
passenger1273,22,13,416,459,488,43,29,72,8
passenger1274,4,7,416,456,473,40,17,57,9
passenger1275,18,12,417,441,469,24,28,52,10
passenger1276,6,20,417,441,493,24,52,76,11
passenger1277,4,6,417,454,470,37,16,53,12
passenger1278,12,1,417,429,456,12,27,39,13
passenger1279,10,23,417,441,470,24,29,53,14
passenger1280,24,22,418,475,483,57,8,65,15
passenger1281,9,2,418,430,515,12,85,97,0
passenger1282,21,10,418,498,531,80,33,113,1
passenger1283,19,3,418,448,496,30,48,78,2
passenger1284,17,15,418,456,490,38,34,72,3
passenger1285,24,3,418,477,524,59,47,106,4
passenger1286,11,25,418,423,495,5,72,77,5
passenger1287,10,17,418,422,472,4,50,54,6
passenger1288,5,19,418,418,464,0,46,46,7
passenger1289,7,15,419,424,442,5,18,23,8
passenger1290,22,17,419,420,429,1,9,10,9
passenger1291,12,5,419,427,486,8,59,67,10
passenger1292,9,22,419,432,497,13,65,78,11
passenger1293,6,17,420,448,497,28,49,77,12
passenger1294,13,9,420,426,434,6,8,14,13
passenger1295,18,10,420,459,505,39,46,85,14
passenger1296,8,14,420,421,451,1,30,31,15
passenger1297,19,22,420,450,457,30,7,37,0
passenger1298,16,17,421,425,490,4,65,69,1
passenger1299,20,7,421,451,486,30,35,65,2
passenger1300,7,13,422,422,446,0,24,24,3
passenger1301,16,17,422,455,458,33,3,36,4
passenger1302,4,20,422,438,482,16,44,60,5
passenger1303,10,22,423,423,485,0,62,62,6
passenger1304,19,25,424,464,478,40,14,54,7
passenger1305,16,14,425,445,485,20,40,60,8
passenger1306,5,10,425,453,478,28,25,53,9
passenger1307,22,10,426,453,475,27,22,49,10
passenger1308,2,7,426,451,462,25,11,36,11
passenger1309,15,16,426,427,494,1,67,68,12
passenger1310,25,24,426,506,509,80,3,83,13
passenger1311,14,21,426,451,464,25,13,38,14
passenger1312,2,15,427,433,454,6,21,27,15
passenger1313,12,20,427,435,453,8,18,26,0
passenger1314,21,17,427,498,518,71,20,91,1
passenger1315,17,18,429,442,445,13,3,16,2
passenger1316,15,6,429,450,509,21,59,80,3
passenger1317,8,19,429,441,462,12,21,33,4
passenger1318,16,6,429,472,528,43,56,99,5
passenger1319,22,25,429,485,492,56,7,63,6
passenger1320,16,6,429,455,517,26,62,88,7
passenger1321,24,6,430,465,503,35,38,73,8
passenger1322,11,22,430,441,510,11,69,80,9
passenger1323,14,7,430,433,480,3,47,50,10
passenger1324,3,10,430,448,469,18,21,39,11
passenger1325,17,18,431,497,500,66,3,69,12
passenger1326,6,4,431,443,449,12,6,18,13
passenger1327,18,4,431,459,519,28,60,88,14
passenger1328,2,13,431,433,448,2,15,17,15
passenger1329,15,7,431,440,500,9,60,69,0
passenger1330,6,9,432,445,470,13,25,38,1
passenger1331,1,10,433,502,520,69,18,87,2
passenger1332,1,8,434,524,535,90,11,101,3
passenger1333,15,1,434,452,528,18,76,94,4
passenger1334,16,15,435,472,509,37,37,74,5
passenger1335,16,21,435,469,482,34,13,47,6
passenger1336,2,5,435,527,532,92,5,97,7
passenger1337,8,18,436,497,549,61,52,113,8
passenger1338,22,23,436,510,513,74,3,77,9
passenger1339,15,11,436,436,472,0,36,36,10
passenger1340,11,2,436,472,551,36,79,115,11
passenger1341,12,13,436,482,485,46,3,49,12
passenger1342,6,20,436,443,495,7,52,59,13
passenger1343,21,8,437,464,511,27,47,74,14
passenger1344,23,3,437,472,526,35,54,89,15
passenger1345,23,20,437,460,475,23,15,38,0
passenger1346,6,17,438,445,490,7,45,52,1
passenger1347,8,20,439,483,542,44,59,103,2
passenger1348,5,7,439,512,532,73,20,93,3
passenger1349,8,5,439,441,520,2,79,81,4
passenger1350,9,16,439,455,472,16,17,33,5
passenger1351,16,14,440,469,513,29,44,73,6
passenger1352,5,6,440,520,535,80,15,95,7
passenger1353,23,7,440,462,500,22,38,60,8
passenger1354,3,12,441,459,484,18,25,43,9
passenger1355,1,9,441,496,508,55,12,67,10
passenger1356,22,7,441,497,538,56,41,97,11
passenger1357,18,13,442,500,531,58,31,89,12
passenger1358,9,17,442,468,488,26,20,46,13
passenger1359,15,8,442,454,511,12,57,69,14
passenger1360,6,23,442,517,571,75,54,129,15
passenger1361,5,24,443,506,567,63,61,124,0
passenger1362,12,25,443,477,506,34,29,63,1
passenger1363,9,15,443,480,531,37,51,88,2
passenger1364,16,9,444,453,502,9,49,58,3
passenger1365,6,14,444,517,545,73,28,101,4
passenger1366,17,7,445,475,525,30,50,80,5
passenger1367,20,16,445,479,507,34,28,62,6
passenger1368,5,24,445,520,571,75,51,126,7
passenger1369,2,17,446,515,546,69,31,100,8
passenger1370,11,17,446,481,497,35,16,51,9
passenger1371,20,18,446,447,461,1,14,15,10
passenger1372,17,22,446,486,497,40,11,51,11
passenger1373,18,21,446,500,505,54,5,59,12
passenger1374,11,6,446,474,545,28,71,99,13
passenger1375,6,16,447,515,557,68,42,110,14
passenger1376,14,2,447,451,529,4,78,82,15
passenger1377,6,25,447,503,570,56,67,123,0
passenger1378,19,5,447,494,544,47,50,97,1
passenger1379,2,8,448,499,514,51,15,66,2
passenger1380,22,13,448,469,494,21,25,46,3
passenger1381,20,13,448,465,500,17,35,52,4
passenger1382,13,16,448,465,472,17,7,24,5
passenger1383,24,11,448,489,520,41,31,72,6
passenger1384,15,23,448,452,472,4,20,24,7
passenger1385,10,21,449,493,556,44,63,107,8
passenger1386,14,22,450,490,510,40,20,60,9
passenger1387,12,16,451,469,519,18,50,68,10
passenger1388,9,16,451,466,483,15,17,32,11
passenger1389,9,16,451,475,494,24,19,43,12
passenger1390,20,11,452,495,534,43,39,82,13
passenger1391,11,9,452,502,508,50,6,56,14
passenger1392,19,15,452,464,496,12,32,44,15
passenger1393,13,1,453,490,518,37,28,65,0
passenger1394,3,1,453,458,554,5,96,101,1
passenger1395,22,2,453,455,499,2,44,46,2
passenger1396,2,20,453,521,562,68,41,109,3
passenger1397,14,8,454,497,513,43,16,59,4
passenger1398,16,6,454,472,528,18,56,74,5
passenger1399,5,10,454,536,561,82,25,107,6
passenger1400,23,20,454,472,485,18,13,31,7
passenger1401,5,15,454,506,542,52,36,88,8
passenger1402,23,24,454,513,516,59,3,62,9
passenger1403,20,4,455,457,489,2,32,34,10
passenger1404,7,6,455,462,541,7,79,86,11
passenger1405,4,5,456,456,467,0,11,11,12
passenger1406,8,14,456,465,479,9,14,23,13
passenger1407,10,11,456,505,542,49,37,86,14
passenger1408,7,4,456,514,523,58,9,67,15
passenger1409,25,15,456,466,484,10,18,28,0
passenger1410,6,21,456,463,498,7,35,42,1
passenger1411,21,25,456,466,557,10,91,101,2
passenger1412,4,16,457,515,554,58,39,97,3
passenger1413,25,21,457,480,486,23,6,29,4
passenger1414,6,23,457,528,577,71,49,120,5
passenger1415,11,13,457,458,464,1,6,7,6
passenger1416,14,20,457,493,563,36,70,106,7
passenger1417,4,14,457,509,539,52,30,82,8
passenger1418,21,14,457,507,532,50,25,75,9
passenger1419,7,2,458,480,493,22,13,35,10
passenger1420,14,18,458,479,489,21,10,31,11
passenger1421,14,25,459,488,515,29,27,56,12
passenger1422,16,13,459,485,530,26,45,71,13
passenger1423,2,14,459,525,551,66,26,92,14
passenger1424,5,19,459,520,563,61,43,104,15
passenger1425,5,23,459,506,564,47,58,105,0
passenger1426,8,11,460,467,474,7,7,14,1
passenger1427,4,6,461,493,510,32,17,49,2
passenger1428,24,8,461,475,505,14,30,44,3
passenger1429,13,25,461,500,570,39,70,109,4
passenger1430,16,2,462,472,538,10,66,76,5
passenger1431,9,10,462,526,561,64,35,99,6
passenger1432,7,13,463,514,546,51,32,83,7
passenger1433,10,8,463,493,497,30,4,34,8
passenger1434,11,9,464,481,543,17,62,79,9
passenger1435,6,12,465,483,513,18,30,48,10
passenger1436,24,13,467,501,524,34,23,57,11
passenger1437,15,25,467,491,515,24,24,48,12
passenger1438,16,6,467,485,545,18,60,78,13
passenger1439,10,13,468,505,548,37,43,80,14
passenger1440,12,4,469,501,523,32,22,54,15
passenger1441,3,9,469,512,532,43,20,63,0
passenger1442,23,18,470,502,515,32,13,45,1
passenger1443,22,5,470,548,593,78,45,123,2
passenger1444,11,15,470,498,551,28,53,81,3
passenger1445,11,9,471,506,510,35,4,39,4
passenger1446,2,22,471,538,574,67,36,103,5
passenger1447,24,3,471,489,542,18,53,71,6
passenger1448,11,13,471,502,546,31,44,75,7
passenger1449,20,25,471,475,566,4,91,95,8
passenger1450,11,19,472,481,503,9,22,31,9
passenger1451,24,21,472,535,540,63,5,68,10
passenger1452,8,21,472,535,594,63,59,122,11
passenger1453,11,1,474,479,557,5,78,83,12
passenger1454,19,21,474,492,498,18,6,24,13
passenger1455,9,12,475,508,545,33,37,70,14
passenger1456,10,3,475,505,526,30,21,51,15
passenger1457,25,1,475,570,612,95,42,137,0
passenger1458,14,1,475,481,554,6,73,79,1
passenger1459,18,23,475,536,551,61,15,76,2
passenger1460,17,16,475,484,487,9,3,12,3
passenger1461,21,25,476,486,570,10,84,94,4
passenger1462,22,6,476,488,528,12,40,52,5
passenger1463,15,21,476,510,586,34,76,110,6
passenger1464,8,17,477,511,556,34,45,79,7
passenger1465,1,22,477,518,559,41,41,82,8
passenger1466,16,19,478,494,503,16,9,25,9
passenger1467,21,6,478,530,569,52,39,91,10
passenger1468,12,22,478,527,597,49,70,119,11
passenger1469,5,21,479,551,599,72,48,120,12
passenger1470,8,15,480,541,578,61,37,98,13
passenger1471,13,18,480,498,561,18,63,81,14
passenger1472,21,9,481,486,508,5,22,27,15
passenger1473,5,11,481,506,536,25,30,55,0
passenger1474,16,19,481,487,494,6,7,13,1
passenger1475,19,9,481,539,583,58,44,102,2
passenger1476,24,3,481,572,617,91,45,136,3
passenger1477,3,1,482,524,528,42,4,46,4
passenger1478,24,5,482,492,531,10,39,49,5
passenger1479,16,21,482,507,586,25,79,104,6
passenger1480,20,24,482,485,571,3,86,89,7
passenger1481,2,11,482,515,534,33,19,52,8
passenger1482,13,18,483,487,500,4,13,17,9
passenger1483,16,14,483,519,551,36,32,68,10
passenger1484,8,3,484,535,548,51,13,64,11
passenger1485,11,7,484,537,545,53,8,61,12
passenger1486,14,20,484,527,591,43,64,107,13
passenger1487,14,15,484,493,554,9,61,70,14
passenger1488,2,17,484,529,556,45,27,72,15
passenger1489,11,4,485,494,509,9,15,24,0
passenger1490,6,20,485,541,585,56,44,100,1
passenger1491,23,13,486,551,573,65,22,87,2
passenger1492,25,5,486,575,611,89,36,125,3
passenger1493,8,24,486,513,567,27,54,81,4
passenger1494,5,17,486,531,561,45,30,75,5
passenger1495,6,9,486,533,558,47,25,72,6
passenger1496,12,9,487,499,508,12,9,21,7
passenger1497,22,25,487,559,566,72,7,79,8
passenger1498,13,14,487,487,490,0,3,3,9
passenger1499,2,6,487,493,503,6,10,16,10
passenger1500,1,22,488,554,597,66,43,109,11
passenger1501,6,9,488,548,573,60,25,85,12
passenger1502,22,18,488,501,519,13,18,31,13
passenger1503,16,1,489,489,528,0,39,39,14
passenger1504,15,8,489,496,511,7,15,22,15
passenger1505,19,24,490,550,567,60,17,77,0
passenger1506,7,9,490,538,564,48,26,74,1
passenger1507,9,21,490,517,545,27,28,55,2
passenger1508,2,23,491,521,569,30,48,78,3
passenger1509,20,13,491,559,592,68,33,101,4
passenger1510,15,23,491,509,577,18,68,86,5
passenger1511,20,7,491,499,530,8,31,39,6
passenger1512,2,17,491,527,556,36,29,65,7
passenger1513,4,3,491,509,512,18,3,21,8
passenger1514,25,12,492,519,536,27,17,44,9
passenger1515,17,6,492,522,569,30,47,77,10
passenger1516,3,2,492,548,551,56,3,59,11
passenger1517,9,1,493,541,557,48,16,64,12
passenger1518,11,9,494,534,538,40,4,44,13
passenger1519,14,15,495,495,554,0,59,59,14
passenger1520,8,12,495,511,545,16,34,50,15
passenger1521,2,8,495,515,529,20,14,34,0
passenger1522,25,13,497,506,524,9,18,27,1
passenger1523,24,13,497,554,573,57,19,76,2
passenger1524,4,22,497,515,566,18,51,69,3
passenger1525,11,16,499,506,551,7,45,52,4
passenger1526,17,8,499,505,522,6,17,23,5
passenger1527,19,13,500,502,516,2,14,16,6
passenger1528,10,8,500,505,511,5,6,11,7
passenger1529,19,7,500,552,596,52,44,96,8
passenger1530,4,23,500,556,603,56,47,103,9
passenger1531,9,17,501,508,522,7,14,21,10
passenger1532,18,21,501,515,594,14,79,93,11
passenger1533,16,18,501,526,592,25,66,91,12
passenger1534,21,24,502,514,601,12,87,99,13
passenger1535,2,19,502,531,564,29,33,62,14
passenger1536,5,23,503,534,571,31,37,68,15
passenger1537,2,7,503,515,526,12,11,23,0
passenger1538,5,16,503,544,575,41,31,72,1
passenger1539,1,13,503,503,527,0,24,24,2
passenger1540,25,14,503,575,590,72,15,87,3
passenger1541,12,17,503,503,554,0,51,51,4
passenger1542,14,10,503,512,518,9,6,15,5
passenger1543,15,1,504,510,546,6,36,42,6
passenger1544,7,17,504,514,556,10,42,52,7
passenger1545,9,2,505,530,609,25,79,104,8
passenger1546,4,22,505,556,600,51,44,95,9
passenger1547,9,1,506,508,582,2,74,76,10
passenger1548,19,14,506,512,521,6,9,15,11
passenger1549,12,23,506,534,603,28,69,97,12
passenger1550,8,15,506,541,578,35,37,72,13
passenger1551,19,16,506,564,587,58,23,81,14
passenger1552,6,18,507,517,559,10,42,52,15
passenger1553,19,4,508,550,603,42,53,95,0
passenger1554,5,17,508,544,578,36,34,70,1
passenger1555,3,23,508,599,649,91,50,141,2
passenger1556,3,25,509,518,575,9,57,66,3
passenger1557,17,12,509,554,595,45,41,86,4
passenger1558,7,9,509,525,547,16,22,38,5
passenger1559,19,6,509,580,633,71,53,124,6
passenger1560,14,25,510,549,574,39,25,64,7
passenger1561,7,18,510,526,549,16,23,39,8
passenger1562,5,21,510,553,597,43,44,87,9
passenger1563,5,8,510,572,593,62,21,83,10
passenger1564,12,10,511,527,531,16,4,20,11
passenger1565,5,17,511,551,589,40,38,78,12
passenger1566,1,25,511,554,604,43,50,93,13
passenger1567,2,9,512,619,634,107,15,122,14
passenger1568,24,4,513,574,623,61,49,110,15
passenger1569,2,19,513,515,550,2,35,37,0
passenger1570,2,23,513,551,594,38,43,81,1
passenger1571,12,22,514,524,548,10,24,34,2
passenger1572,7,4,514,532,614,18,82,100,3
passenger1573,25,20,514,570,577,56,7,63,4
passenger1574,23,8,515,577,610,62,33,95,5
passenger1575,11,15,515,520,572,5,52,57,6
passenger1576,12,7,515,543,604,28,61,89,7
passenger1577,10,16,515,587,629,72,42,114,8
passenger1578,1,9,515,563,575,48,12,60,9
passenger1579,8,2,516,563,579,47,16,63,10
passenger1580,4,13,516,545,574,29,29,58,11
passenger1581,3,9,517,563,573,46,10,56,12
passenger1582,15,22,517,524,597,7,73,80,13
passenger1583,3,11,518,522,542,4,20,24,14
passenger1584,3,11,518,526,542,8,16,24,15
passenger1585,13,20,518,540,553,22,13,35,0
passenger1586,12,24,518,527,597,9,70,79,1
passenger1587,4,2,519,596,602,77,6,83,2
passenger1588,1,9,519,524,538,5,14,19,3
passenger1589,5,3,519,520,524,1,4,5,4
passenger1590,6,25,519,528,583,9,55,64,5
passenger1591,21,1,520,586,646,66,60,126,6
passenger1592,23,6,520,568,607,48,39,87,7
passenger1593,11,9,521,534,590,13,56,69,8
passenger1594,11,20,522,539,594,17,55,72,9
passenger1595,18,15,522,525,548,3,23,26,10
passenger1596,16,19,523,581,590,58,9,67,11
passenger1597,5,10,524,551,576,27,25,52,12
passenger1598,3,18,525,550,585,25,35,60,13
passenger1599,11,16,525,542,557,17,15,32,14
passenger1600,15,7,526,552,615,26,63,89,15
passenger1601,4,25,526,603,656,77,53,130,0
passenger1602,8,3,527,535,548,8,13,21,1
passenger1603,8,23,528,586,649,58,63,121,2
passenger1604,7,25,528,607,661,79,54,133,3
passenger1605,12,22,528,541,563,13,22,35,4
passenger1606,17,2,528,561,624,33,63,96,5
passenger1607,13,11,528,568,622,40,54,94,6
passenger1608,6,14,529,535,549,6,14,20,7
passenger1609,3,18,529,606,635,77,29,106,8
passenger1610,21,3,529,597,651,68,54,122,9
passenger1611,12,17,529,555,610,26,55,81,10
passenger1612,2,10,529,551,567,22,16,38,11
passenger1613,7,1,529,545,557,16,12,28,12
passenger1614,21,12,530,594,627,64,33,97,13
passenger1615,19,15,530,564,590,34,26,60,14
passenger1616,22,25,530,568,577,38,9,47,15
passenger1617,16,9,531,545,592,14,47,61,0
passenger1618,11,21,531,568,588,37,20,57,1
passenger1619,11,13,531,577,627,46,50,96,2
passenger1620,5,25,533,611,661,78,50,128,3
passenger1621,17,9,533,554,604,21,50,71,4
passenger1622,15,11,533,555,603,22,48,70,5
passenger1623,4,22,533,539,589,6,50,56,6
passenger1624,23,21,534,568,580,34,12,46,7
passenger1625,10,7,534,587,596,53,9,62,8
passenger1626,2,19,535,560,591,25,31,56,9
passenger1627,9,23,535,560,626,25,66,91,10
passenger1628,22,4,536,597,639,61,42,103,11
passenger1629,23,4,536,603,640,67,37,104,12
passenger1630,13,12,536,574,627,38,53,91,13
passenger1631,24,17,536,575,584,39,9,48,14
passenger1632,22,15,537,568,595,31,27,58,15
passenger1633,21,22,537,558,561,21,3,24,0
passenger1634,22,11,537,591,626,54,35,89,1
passenger1635,10,25,538,580,655,42,75,117,2
passenger1636,19,23,538,559,569,21,10,31,3
passenger1637,15,24,539,548,567,9,19,28,4
passenger1638,18,19,539,564,567,25,3,28,5
passenger1639,5,15,539,552,572,13,20,33,6
passenger1640,19,20,540,560,563,20,3,23,7
passenger1641,24,9,540,563,590,23,27,50,8
passenger1642,8,25,540,546,609,6,63,69,9
passenger1643,25,5,540,630,662,90,32,122,10
passenger1644,10,24,540,567,603,27,36,63,11
passenger1645,5,20,541,551,596,10,45,55,12
passenger1646,3,5,541,550,560,9,10,19,13
passenger1647,20,16,541,567,587,26,20,46,14
passenger1648,14,22,542,549,568,7,19,26,15
passenger1649,8,13,542,595,630,53,35,88,0
passenger1650,16,19,542,575,582,33,7,40,1
passenger1651,9,16,543,583,634,40,51,91,2
passenger1652,12,14,544,544,548,0,4,4,3
passenger1653,22,10,544,563,601,19,38,57,4
passenger1654,17,24,545,561,580,16,19,35,5
passenger1655,20,25,545,583,596,38,13,51,6
passenger1656,15,8,546,552,601,6,49,55,7
passenger1657,25,17,546,566,576,20,10,30,8
passenger1658,7,8,546,549,572,3,23,26,9
passenger1659,7,21,546,566,620,20,54,74,10
passenger1660,3,19,547,548,590,1,42,43,11
passenger1661,14,2,547,584,646,37,62,99,12
passenger1662,16,19,548,581,588,33,7,40,13
passenger1663,19,14,548,564,593,16,29,45,14
passenger1664,9,5,549,609,620,60,11,71,15
passenger1665,1,9,549,612,624,63,12,75,0
passenger1666,16,1,549,575,650,26,75,101,1
passenger1667,25,15,550,557,569,7,12,19,2
passenger1668,8,25,550,604,661,54,57,111,3
passenger1669,5,24,550,612,659,62,47,109,4
passenger1670,8,10,551,610,636,59,26,85,5
passenger1671,11,25,551,564,596,13,32,45,6
passenger1672,7,25,551,604,660,53,56,109,7
passenger1673,9,8,552,590,593,38,3,41,8
passenger1674,16,18,552,584,588,32,4,36,9
passenger1675,9,4,552,560,575,8,15,23,10
passenger1676,10,14,554,567,577,13,10,23,11
passenger1677,2,23,554,560,603,6,43,49,12
passenger1678,1,11,554,554,570,0,16,16,13
passenger1679,20,9,555,567,604,12,37,49,14
passenger1680,13,3,555,599,626,44,27,71,15
passenger1681,20,16,555,555,583,0,28,28,0
passenger1682,22,9,555,591,632,36,41,77,1
passenger1683,2,9,556,602,617,46,15,61,2
passenger1684,4,14,556,614,636,58,22,80,3
passenger1685,4,24,556,615,659,59,44,103,4
passenger1686,16,7,557,558,613,1,55,56,5
passenger1687,24,20,557,593,605,36,12,48,6
passenger1688,11,4,558,596,613,38,17,55,7
passenger1689,9,15,558,590,626,32,36,68,8
passenger1690,20,7,559,594,641,35,47,82,9
passenger1691,19,8,559,614,655,55,41,96,10
passenger1692,7,12,559,562,571,3,9,12,11
passenger1693,5,11,559,567,579,8,12,20,12
passenger1694,9,8,560,566,635,6,69,75,13
passenger1695,20,9,560,567,604,7,37,44,14
passenger1696,18,19,560,560,563,0,3,3,15
passenger1697,17,7,560,580,598,20,18,38,0
passenger1698,21,6,560,588,637,28,49,77,1
passenger1699,7,22,561,589,646,28,57,85,2
passenger1700,9,18,561,601,646,40,45,85,3
passenger1701,2,16,561,619,647,58,28,86,4
passenger1702,22,18,561,574,594,13,20,33,5
passenger1703,15,22,562,572,589,10,17,27,6
passenger1704,8,10,562,601,629,39,28,67,7
passenger1705,2,18,562,609,635,47,26,73,8
passenger1706,19,4,563,591,648,28,57,85,9
passenger1707,17,20,563,610,617,47,7,54,10
passenger1708,6,12,563,635,665,72,30,102,11
passenger1709,23,11,563,603,627,40,24,64,12
passenger1710,19,14,563,588,621,25,33,58,13
passenger1711,17,16,563,584,587,21,3,24,14
passenger1712,17,20,563,589,665,26,76,102,15
passenger1713,23,8,564,564,595,0,31,31,0
passenger1714,24,16,564,597,615,33,18,51,1
passenger1715,15,9,564,569,583,5,14,19,2
passenger1716,11,17,564,597,643,33,46,79,3
passenger1717,10,8,565,601,607,36,6,42,4
passenger1718,21,11,565,571,603,6,32,38,5
passenger1719,17,1,566,576,646,10,70,80,6
passenger1720,2,22,567,619,651,52,32,84,7
passenger1721,4,20,567,603,641,36,38,74,8
passenger1722,23,13,567,603,625,36,22,58,9
passenger1723,23,11,568,626,648,58,22,80,10
passenger1724,24,6,568,603,635,35,32,67,11
passenger1725,11,10,568,579,630,11,51,62,12
passenger1726,20,2,568,591,653,23,62,85,13
passenger1727,21,1,570,570,622,0,52,52,14
passenger1728,8,15,572,612,654,40,42,82,15
passenger1729,4,13,572,603,630,31,27,58,0
passenger1730,25,21,572,600,608,28,8,36,1
passenger1731,1,15,572,605,631,33,26,59,2
passenger1732,15,2,572,587,620,15,33,48,3
passenger1733,17,14,572,582,589,10,7,17,4
passenger1734,18,8,573,594,610,21,16,37,5
passenger1735,7,19,573,630,676,57,46,103,6
passenger1736,19,5,573,584,610,11,26,37,7
passenger1737,6,15,573,599,626,26,27,53,8
passenger1738,21,6,573,597,644,24,47,71,9
passenger1739,6,21,574,589,620,15,31,46,10
passenger1740,18,23,574,585,600,11,15,26,11
passenger1741,20,24,575,596,606,21,10,31,12
passenger1742,5,7,575,644,666,69,22,91,13
passenger1743,6,2,576,611,619,35,8,43,14
passenger1744,20,17,576,584,589,8,5,13,15
passenger1745,3,5,577,606,618,29,12,41,0
passenger1746,5,11,578,640,664,62,24,86,1
passenger1747,12,8,579,624,688,45,64,109,2
passenger1748,24,6,579,658,700,79,42,121,3
passenger1749,15,11,580,586,598,6,12,18,4
passenger1750,10,21,580,606,657,26,51,77,5
passenger1751,25,1,580,596,646,16,50,66,6
passenger1752,12,3,580,593,616,13,23,36,7
passenger1753,11,16,580,584,629,4,45,49,8
passenger1754,11,8,581,631,638,50,7,57,9
passenger1755,8,9,581,593,596,12,3,15,10
passenger1756,10,18,581,623,679,42,56,98,11
passenger1757,3,2,581,643,646,62,3,65,12
passenger1758,13,18,581,624,687,43,63,106,13
passenger1759,7,6,582,608,611,26,3,29,14
passenger1760,16,10,583,592,606,9,14,23,15
passenger1761,19,4,583,642,695,59,53,112,0
passenger1762,4,14,583,643,669,60,26,86,1
passenger1763,10,19,584,620,641,36,21,57,2
passenger1764,13,9,584,593,601,9,8,17,3
passenger1765,4,5,584,615,628,31,13,44,4
passenger1766,19,6,585,591,616,6,25,31,5
passenger1767,13,21,586,618,682,32,64,96,6
passenger1768,23,7,586,654,694,68,40,108,7
passenger1769,3,20,586,606,641,20,35,55,8
passenger1770,18,9,587,588,635,1,47,48,9
passenger1771,15,5,587,604,662,17,58,75,10
passenger1772,18,19,587,587,590,0,3,3,11
passenger1773,8,12,588,634,666,46,32,78,12
passenger1774,9,1,589,632,656,43,24,67,13
passenger1775,4,24,589,615,661,26,46,72,14
passenger1776,12,4,589,602,623,13,21,34,15
passenger1777,2,9,589,609,624,20,15,35,0
passenger1778,25,10,589,600,629,11,29,40,1
passenger1779,25,13,590,655,677,65,22,87,2
passenger1780,20,1,590,650,711,60,61,121,3
passenger1781,1,24,590,622,659,32,37,69,4
passenger1782,24,4,591,664,706,73,42,115,5
passenger1783,17,24,591,612,691,21,79,100,6
passenger1784,24,8,592,657,691,65,34,99,7
passenger1785,21,17,592,644,660,52,16,68,8
passenger1786,24,4,592,606,648,14,42,56,9
passenger1787,16,1,593,607,674,14,67,81,10
passenger1788,9,1,593,626,646,33,20,53,11
passenger1789,12,21,593,624,685,31,61,92,12
passenger1790,17,8,596,616,635,20,19,39,13
passenger1791,11,10,596,598,601,2,3,5,14
passenger1792,19,7,597,662,706,65,44,109,15
passenger1793,3,13,597,606,630,9,24,33,0
passenger1794,21,12,598,608,623,10,15,25,1
passenger1795,6,2,598,612,704,14,92,106,2
passenger1796,24,20,599,664,672,65,8,73,3
passenger1797,4,2,599,615,619,16,4,20,4
passenger1798,4,10,599,620,636,21,16,37,5
passenger1799,21,4,600,602,639,2,37,39,6
passenger1800,21,1,600,648,710,48,62,110,7
passenger1801,19,8,601,638,683,37,45,82,8
passenger1802,25,12,601,609,628,8,19,27,9
passenger1803,7,21,601,658,712,57,54,111,10
passenger1804,11,9,601,620,626,19,6,25,11
passenger1805,19,14,601,613,620,12,7,19,12
passenger1806,17,12,601,616,627,15,11,26,13
passenger1807,2,1,602,619,622,17,3,20,14
passenger1808,1,15,602,630,654,28,24,52,15
passenger1809,13,19,602,630,642,28,12,40,0
passenger1810,23,5,602,604,640,2,36,38,1
passenger1811,24,16,602,652,670,50,18,68,2
passenger1812,14,5,603,636,703,33,67,100,3
passenger1813,5,1,603,612,622,9,10,19,4
passenger1814,17,11,604,649,689,45,40,85,5
passenger1815,5,4,605,636,639,31,3,34,6
passenger1816,2,17,605,619,642,14,23,37,7
passenger1817,18,16,606,635,663,29,28,57,8
passenger1818,3,2,606,651,654,45,3,48,9
passenger1819,3,19,606,668,706,62,38,100,10
passenger1820,19,8,607,610,629,3,19,22,11
passenger1821,2,8,608,646,660,38,14,52,12
passenger1822,21,4,608,610,647,2,37,39,13
passenger1823,20,12,608,653,689,45,36,81,14
passenger1824,4,24,608,623,675,15,52,67,15
passenger1825,13,17,608,630,638,22,8,30,0
passenger1826,3,10,608,646,661,38,15,53,1
passenger1827,16,17,609,634,637,25,3,28,2
passenger1828,2,16,609,620,640,11,20,31,3
passenger1829,24,20,609,659,665,50,6,56,4
passenger1830,6,23,609,616,661,7,45,52,5
passenger1831,18,2,609,609,643,0,34,34,6
passenger1832,4,24,609,613,657,4,44,48,7
passenger1833,6,3,610,615,696,5,81,86,8
passenger1834,12,14,610,628,674,18,46,64,9
passenger1835,15,17,610,642,702,32,60,92,10
passenger1836,25,19,612,696,704,84,8,92,11
passenger1837,1,3,612,649,653,37,4,41,12
passenger1838,1,10,612,656,673,44,17,61,13
passenger1839,9,24,612,634,661,22,27,49,14
passenger1840,10,1,612,645,722,33,77,110,15
passenger1841,23,7,613,652,688,39,36,75,0
passenger1842,23,20,613,692,703,79,11,90,1
passenger1843,23,21,613,649,661,36,12,48,2
passenger1844,4,16,613,614,640,1,26,27,3
passenger1845,11,16,614,640,647,26,7,33,4
passenger1846,19,13,614,653,685,39,32,71,5
passenger1847,8,23,614,627,688,13,61,74,6
passenger1848,17,23,614,642,654,28,12,40,7
passenger1849,6,21,615,615,644,0,29,29,8
passenger1850,9,12,615,635,670,20,35,55,9
passenger1851,22,9,615,623,652,8,29,37,10
passenger1852,7,23,615,632,690,17,58,75,11
passenger1853,25,8,616,695,730,79,35,114,12
passenger1854,8,6,616,635,641,19,6,25,13
passenger1855,1,14,616,622,643,6,21,27,14
passenger1856,7,22,616,616,671,0,55,55,15
passenger1857,5,16,616,618,635,2,17,19,0
passenger1858,13,16,617,620,675,3,55,58,1
passenger1859,3,12,618,701,724,83,23,106,2
passenger1860,16,9,619,640,693,21,53,74,3
passenger1861,22,14,619,655,677,36,22,58,4
passenger1862,10,1,619,636,713,17,77,94,5
passenger1863,5,12,620,652,661,32,9,41,6
passenger1864,11,22,621,632,651,11,19,30,7
passenger1865,20,4,621,641,691,20,50,70,8
passenger1866,15,12,621,621,628,0,7,7,9
passenger1867,3,17,621,668,702,47,34,81,10
passenger1868,14,3,622,669,738,47,69,116,11
passenger1869,12,19,622,624,681,2,57,59,12
passenger1870,9,3,622,632,650,10,18,28,13
passenger1871,6,25,623,629,664,6,35,41,14
passenger1872,16,5,623,657,712,34,55,89,15
passenger1873,13,5,623,630,692,7,62,69,0
passenger1874,12,4,623,623,643,0,20,20,1
passenger1875,16,15,623,634,673,11,39,50,2
passenger1876,16,12,624,640,688,16,48,64,3
passenger1877,8,7,625,635,692,10,57,67,4
passenger1878,6,11,625,630,639,5,9,14,5
passenger1879,12,17,625,661,672,36,11,47,6
passenger1880,2,8,625,707,719,82,12,94,7
passenger1881,22,23,626,647,650,21,3,24,8
passenger1882,24,8,626,696,730,70,34,104,9
passenger1883,4,5,626,665,680,39,15,54,10
passenger1884,4,24,626,639,693,13,54,67,11
passenger1885,23,21,626,689,701,63,12,75,12
passenger1886,19,9,626,690,734,64,44,108,13
passenger1887,12,22,627,639,657,12,18,30,14
passenger1888,21,13,628,668,692,40,24,64,15
passenger1889,21,9,628,646,682,18,36,54,0
passenger1890,11,21,629,664,686,35,22,57,1
passenger1891,10,19,629,684,739,55,55,110,2
passenger1892,12,8,630,632,696,2,64,66,3
passenger1893,6,16,630,631,647,1,16,17,4
passenger1894,12,10,630,642,692,12,50,62,5
passenger1895,19,1,630,676,736,46,60,106,6
passenger1896,3,25,631,704,754,73,50,123,7
passenger1897,17,14,631,632,667,1,35,36,8
passenger1898,1,15,631,657,677,26,20,46,9
passenger1899,11,15,631,648,696,17,48,65,10
passenger1900,2,14,631,643,669,12,26,38,11
passenger1901,15,8,631,671,730,40,59,99,12
passenger1902,2,25,631,653,704,22,51,73,13
passenger1903,18,16,632,649,679,17,30,47,14
passenger1904,20,17,632,665,686,33,21,54,15
passenger1905,4,12,632,695,709,63,14,77,0
passenger1906,23,8,632,692,731,60,39,99,1
passenger1907,25,2,633,655,704,22,49,71,2
passenger1908,9,16,633,693,738,60,45,105,3
passenger1909,5,6,633,696,711,63,15,78,4
passenger1910,17,8,634,649,698,15,49,64,5
passenger1911,22,8,634,685,719,51,34,85,6
passenger1912,14,9,635,637,688,2,51,53,7
passenger1913,9,17,635,680,726,45,46,91,8
passenger1914,8,4,635,638,648,3,10,13,9
passenger1915,7,24,636,658,722,22,64,86,10
passenger1916,7,10,636,656,661,20,5,25,11
passenger1917,16,3,636,674,739,38,65,103,12
passenger1918,7,5,636,638,644,2,6,8,13
passenger1919,24,19,637,661,674,24,13,37,14
passenger1920,7,16,638,638,657,0,19,19,15
passenger1921,17,22,638,638,649,0,11,11,0
passenger1922,4,19,639,643,682,4,39,43,1
passenger1923,5,15,639,695,731,56,36,92,2
passenger1924,22,2,639,654,708,15,54,69,3
passenger1925,4,21,639,699,742,60,43,103,4
passenger1926,1,18,639,713,738,74,25,99,5
passenger1927,13,9,641,664,716,23,52,75,6
passenger1928,22,9,641,651,688,10,37,47,7
passenger1929,1,4,641,700,705,59,5,64,8
passenger1930,3,25,642,651,699,9,48,57,9
passenger1931,15,17,642,642,702,0,60,60,10
passenger1932,6,22,642,653,687,11,34,45,11
passenger1933,19,12,642,681,718,39,37,76,12
passenger1934,18,14,642,687,723,45,36,81,13
passenger1935,10,15,642,695,726,53,31,84,14
passenger1936,9,24,642,642,675,0,33,33,15
passenger1937,18,19,643,665,724,22,59,81,0
passenger1938,18,12,644,679,721,35,42,77,1
passenger1939,24,6,644,652,692,8,40,48,2
passenger1940,15,2,646,681,708,35,27,62,3
passenger1941,8,15,646,689,724,43,35,78,4
passenger1942,13,24,647,685,756,38,71,109,5
passenger1943,16,11,647,669,710,22,41,63,6
passenger1944,11,16,647,684,733,37,49,86,7
passenger1945,20,7,647,655,686,8,31,39,8
passenger1946,15,1,647,677,747,30,70,100,9
passenger1947,23,15,648,719,743,71,24,95,10
passenger1948,7,16,648,656,675,8,19,27,11
passenger1949,17,23,649,677,689,28,12,40,12
passenger1950,1,11,649,656,676,7,20,27,13
passenger1951,5,15,649,706,726,57,20,77,14
passenger1952,13,12,649,650,695,1,45,46,15
passenger1953,25,14,649,656,671,7,15,22,0
passenger1954,11,2,650,664,745,14,81,95,1
passenger1955,8,23,651,688,751,37,63,100,2
passenger1956,12,23,651,688,755,37,67,104,3
passenger1957,14,11,652,677,684,25,7,32,4
passenger1958,14,2,652,682,710,30,28,58,5
passenger1959,2,12,652,733,759,81,26,107,6
passenger1960,15,14,652,676,679,24,3,27,7
passenger1961,11,8,652,674,683,22,9,31,8
passenger1962,18,16,652,684,712,32,28,60,9
passenger1963,2,12,653,671,689,18,18,36,10
passenger1964,18,20,653,679,683,26,4,30,11
passenger1965,8,24,653,660,692,7,32,39,12
passenger1966,17,11,653,684,730,31,46,77,13
passenger1967,16,22,653,679,743,26,64,90,14
passenger1968,6,4,653,709,715,56,6,62,15
passenger1969,12,3,653,675,698,22,23,45,0
passenger1970,21,25,654,686,696,32,10,42,1
passenger1971,16,25,654,670,755,16,85,101,2
passenger1972,2,16,654,708,738,54,30,84,3
passenger1973,12,7,654,681,692,27,11,38,4
passenger1974,8,14,655,698,730,43,32,75,5
passenger1975,17,5,655,672,726,17,54,71,6
passenger1976,16,24,656,673,751,17,78,95,7
passenger1977,1,22,656,700,741,44,41,85,8
passenger1978,16,9,656,680,727,24,47,71,9
passenger1979,19,16,656,706,740,50,34,84,10
passenger1980,20,3,656,683,738,27,55,82,11
passenger1981,2,17,657,742,777,85,35,120,12
passenger1982,8,6,657,669,743,12,74,86,13
passenger1983,11,19,658,692,736,34,44,78,14
passenger1984,5,25,658,712,762,54,50,104,15
passenger1985,11,4,658,678,695,20,17,37,0
passenger1986,2,22,658,745,779,87,34,121,1
passenger1987,3,11,658,711,721,53,10,63,2
passenger1988,17,13,658,677,685,19,8,27,3
passenger1989,7,3,658,692,702,34,10,44,4
passenger1990,18,13,659,674,685,15,11,26,5
passenger1991,2,5,659,733,744,74,11,85,6
passenger1992,15,5,659,676,700,17,24,41,7
passenger1993,10,4,659,677,691,18,14,32,8
passenger1994,20,16,659,688,712,29,24,53,9
passenger1995,20,2,659,709,778,50,69,119,10
passenger1996,10,7,659,661,728,2,67,69,11
passenger1997,16,21,659,674,685,15,11,26,12
passenger1998,6,20,660,663,693,3,30,33,13
passenger1999,15,21,660,682,740,22,58,80,14
passenger2000,3,25,661,718,762,57,44,101,15
passenger2001,11,8,661,678,685,17,7,24,0
passenger2002,5,25,661,738,788,77,50,127,1
passenger2003,23,4,662,751,798,89,47,136,2
passenger2004,12,19,662,688,745,26,57,83,3
passenger2005,15,5,662,674,696,12,22,34,4
passenger2006,10,8,663,692,698,29,6,35,5
passenger2007,25,6,663,694,723,31,29,60,6
passenger2008,18,23,663,669,748,6,79,85,7
passenger2009,20,4,663,735,785,72,50,122,8
passenger2010,4,20,664,738,784,74,46,120,9
passenger2011,19,11,664,706,751,42,45,87,10
passenger2012,14,1,664,669,744,5,75,80,11
passenger2013,8,14,664,730,768,66,38,104,12
passenger2014,4,2,664,749,755,85,6,91,13
passenger2015,6,25,665,703,752,38,49,87,14
passenger2016,18,24,665,683,759,18,76,94,15
passenger2017,7,15,665,688,716,23,28,51,0
passenger2018,23,9,666,692,728,26,36,62,1
passenger2019,17,18,666,667,736,1,69,70,2
passenger2020,21,25,666,669,761,3,92,95,3
passenger2021,16,15,667,671,674,4,3,7,4
passenger2022,22,18,667,668,674,1,6,7,5
passenger2023,10,16,667,713,771,46,58,104,6
passenger2024,14,6,667,679,697,12,18,30,7
passenger2025,13,16,668,670,723,2,53,55,8
passenger2026,23,15,668,693,715,25,22,47,9
passenger2027,5,25,668,680,725,12,45,57,10
passenger2028,15,8,668,672,725,4,53,57,11
passenger2029,19,10,668,681,724,13,43,56,12
passenger2030,10,21,669,673,696,4,23,27,13
passenger2031,22,14,669,669,685,0,16,16,14
passenger2032,10,22,669,701,753,32,52,84,15
passenger2033,5,19,669,692,724,23,32,55,0
passenger2034,15,22,670,672,689,2,17,19,1
passenger2035,11,21,670,681,745,11,64,75,2
passenger2036,1,19,670,711,745,41,34,75,3
passenger2037,2,17,670,705,730,35,25,60,4
passenger2038,5,25,670,703,759,33,56,89,5
passenger2039,20,3,671,679,730,8,51,59,6
passenger2040,23,7,671,748,784,77,36,113,7
passenger2041,14,3,671,719,788,48,69,117,8
passenger2042,3,7,672,741,759,69,18,87,9
passenger2043,14,22,672,693,716,21,23,44,10
passenger2044,5,19,673,732,780,59,48,107,11
passenger2045,1,8,673,745,758,72,13,85,12
passenger2046,5,4,674,746,749,72,3,75,13
passenger2047,15,23,674,682,746,8,64,72,14
passenger2048,17,22,674,686,753,12,67,79,15
passenger2049,15,2,674,716,775,42,59,101,0
passenger2050,9,21,675,728,776,53,48,101,1
passenger2051,2,3,675,704,711,29,7,36,2
passenger2052,21,2,675,751,806,76,55,131,3
passenger2053,24,19,676,747,760,71,13,84,4
passenger2054,17,14,676,677,682,1,5,6,5
passenger2055,3,11,677,730,756,53,26,79,6
passenger2056,21,23,677,744,748,67,4,71,7
passenger2057,12,21,677,715,738,38,23,61,8
passenger2058,20,2,678,688,744,10,56,66,9
passenger2059,16,14,678,699,746,21,47,68,10
passenger2060,20,23,679,683,690,4,7,11,11
passenger2061,14,9,679,712,727,33,15,48,12
passenger2062,25,18,680,704,717,24,13,37,13
passenger2063,17,3,680,732,794,52,62,114,14
passenger2064,11,5,680,698,712,18,14,32,15
passenger2065,13,21,681,712,730,31,18,49,0
passenger2066,6,25,681,735,788,54,53,107,1
passenger2067,4,3,682,698,701,16,3,19,2
passenger2068,25,3,683,761,803,78,42,120,3
passenger2069,19,20,683,736,739,53,3,56,4
passenger2070,9,2,683,695,710,12,15,27,5
passenger2071,8,2,684,719,733,35,14,49,6
passenger2072,17,23,684,736,748,52,12,64,7
passenger2073,25,21,684,748,754,64,6,70,8
passenger2074,20,23,684,688,693,4,5,9,9
passenger2075,20,17,684,709,737,25,28,53,10
passenger2076,25,9,684,696,722,12,26,38,11
passenger2077,11,23,684,721,791,37,70,107,12
passenger2078,8,4,684,737,749,53,12,65,13
passenger2079,7,15,685,700,726,15,26,41,14
passenger2080,23,4,686,756,809,70,53,123,15
passenger2081,18,20,686,721,727,35,6,41,0
passenger2082,23,19,686,692,706,6,14,20,1
passenger2083,4,13,686,698,727,12,29,41,2
passenger2084,24,23,686,758,765,72,7,79,3
passenger2085,16,25,687,727,750,40,23,63,4
passenger2086,17,2,687,735,806,48,71,119,5
passenger2087,23,5,688,688,726,0,38,38,6
passenger2088,10,6,688,723,787,35,64,99,7
passenger2089,18,1,688,729,794,41,65,106,8
passenger2090,17,22,688,709,790,21,81,102,9
passenger2091,20,8,689,709,760,20,51,71,10
passenger2092,23,10,690,690,719,0,29,29,11
passenger2093,18,13,690,706,715,16,9,25,12
passenger2094,2,1,691,755,758,64,3,67,13
passenger2095,5,24,691,706,749,15,43,58,14
passenger2096,24,11,691,759,794,68,35,103,15
passenger2097,25,2,691,738,775,47,37,84,0
passenger2098,25,6,691,696,735,5,39,44,1
passenger2099,1,19,692,707,739,15,32,47,2
passenger2100,10,8,692,728,792,36,64,100,3
passenger2101,19,9,693,736,782,43,46,89,4
passenger2102,19,5,693,741,797,48,56,104,5
passenger2103,3,9,693,730,752,37,22,59,6
passenger2104,16,6,693,733,787,40,54,94,7
passenger2105,4,19,693,693,732,0,39,39,8
passenger2106,13,11,693,719,723,26,4,30,9
passenger2107,6,1,693,766,781,73,15,88,10
passenger2108,2,18,693,741,777,48,36,84,11
passenger2109,3,7,694,739,755,45,16,61,12
passenger2110,23,9,695,700,734,5,34,39,13
passenger2111,19,9,696,736,782,40,46,86,14
passenger2112,24,21,696,759,770,63,11,74,15
passenger2113,12,18,697,709,721,12,12,24,0
passenger2114,11,24,698,724,785,26,61,87,1
passenger2115,9,21,698,783,843,85,60,145,2
passenger2116,16,17,700,738,741,38,3,41,3
passenger2117,9,21,700,716,742,16,26,42,4
passenger2118,19,21,700,741,747,41,6,47,5
passenger2119,21,4,701,781,830,80,49,129,6
passenger2120,22,7,701,759,784,58,25,83,7
passenger2121,25,14,701,748,767,47,19,66,8
passenger2122,9,6,702,727,734,25,7,32,9
passenger2123,10,1,702,754,781,52,27,79,10
passenger2124,18,17,702,707,710,5,3,8,11
passenger2125,14,10,702,712,724,10,12,22,12
passenger2126,19,22,702,714,801,12,87,99,13
passenger2127,3,10,702,710,719,8,9,17,14
passenger2128,25,22,703,762,767,59,5,64,15
passenger2129,25,5,703,738,768,35,30,65,0
passenger2130,12,4,704,721,741,17,20,37,1
passenger2131,22,13,704,748,775,44,27,71,2
passenger2132,7,3,704,719,803,15,84,99,3
passenger2133,19,21,704,736,742,32,6,38,4
passenger2134,22,25,704,750,759,46,9,55,5
passenger2135,21,20,706,781,800,75,19,94,6
passenger2136,21,25,706,744,754,38,10,48,7
passenger2137,12,19,706,715,732,9,17,26,8
passenger2138,21,3,707,787,836,80,49,129,9
passenger2139,18,9,707,734,757,27,23,50,10
passenger2140,4,5,708,735,754,27,19,46,11
passenger2141,3,23,709,739,791,30,52,82,12
passenger2142,20,3,709,711,752,2,41,43,13
passenger2143,16,17,709,729,732,20,3,23,14
passenger2144,13,16,709,736,743,27,7,34,15
passenger2145,23,13,710,734,756,24,22,46,0
passenger2146,17,15,710,710,714,0,4,4,1
passenger2147,10,23,710,780,849,70,69,139,2
passenger2148,11,20,710,731,748,21,17,38,3
passenger2149,16,18,710,727,733,17,6,23,4
passenger2150,20,19,710,744,769,34,25,59,5
passenger2151,15,16,711,768,771,57,3,60,6
passenger2152,13,9,711,728,778,17,50,67,7
passenger2153,19,22,712,732,741,20,9,29,8
passenger2154,18,20,712,778,784,66,6,72,9
passenger2155,21,10,713,713,754,0,41,41,10
passenger2156,2,9,713,741,760,28,19,47,11
passenger2157,19,21,714,781,785,67,4,71,12
passenger2158,13,20,714,726,797,12,71,83,13
passenger2159,2,17,715,797,820,82,23,105,14
passenger2160,17,13,716,746,790,30,44,74,15
passenger2161,18,13,716,721,756,5,35,40,0
passenger2162,14,16,717,717,765,0,48,48,1
passenger2163,20,7,718,742,789,24,47,71,2
passenger2164,8,11,719,722,731,3,9,12,3
passenger2165,6,9,719,787,808,68,21,89,4
passenger2166,9,8,719,723,788,4,65,69,5
passenger2167,11,13,721,756,762,35,6,41,6
passenger2168,18,8,721,739,781,18,42,60,7
passenger2169,22,12,722,741,773,19,32,51,8
passenger2170,19,3,722,781,836,59,55,114,9
passenger2171,5,12,722,769,800,47,31,78,10
passenger2172,10,13,722,763,768,41,5,46,11
passenger2173,4,12,722,736,764,14,28,42,12
passenger2174,18,19,723,791,794,68,3,71,13
passenger2175,7,9,723,786,806,63,20,83,14
passenger2176,14,13,723,739,790,16,51,67,15
passenger2177,20,10,723,727,761,4,34,38,0
passenger2178,17,23,724,768,782,44,14,58,1
passenger2179,8,21,724,786,843,62,57,119,2
passenger2180,9,17,724,725,741,1,16,17,3
passenger2181,16,14,724,727,771,3,44,47,4
passenger2182,6,3,725,794,803,69,9,78,5
passenger2183,23,22,725,787,796,62,9,71,6
passenger2184,23,13,725,748,772,23,24,47,7
passenger2185,23,12,726,744,773,18,29,47,8
passenger2186,2,5,726,744,755,18,11,29,9
passenger2187,7,10,726,763,794,37,31,68,10
passenger2188,24,9,727,789,824,62,35,97,11
passenger2189,16,7,727,774,827,47,53,100,12
passenger2190,17,15,728,788,820,60,32,92,13
passenger2191,4,12,729,791,813,62,22,84,14
passenger2192,3,23,729,812,854,83,42,125,15
passenger2193,18,24,730,747,823,17,76,93,0
passenger2194,22,6,730,779,819,49,40,89,1
passenger2195,18,3,731,736,801,5,65,70,2
passenger2196,25,20,731,761,770,30,9,39,3
passenger2197,18,25,731,733,750,2,17,19,4
passenger2198,22,3,731,750,803,19,53,72,5
passenger2199,1,25,731,736,791,5,55,60,6
passenger2200,7,11,732,784,816,52,32,84,7
passenger2201,2,16,732,791,821,59,30,89,8
passenger2202,21,22,732,787,790,55,3,58,9
passenger2203,15,17,732,743,813,11,70,81,10
passenger2204,13,12,733,768,819,35,51,86,11
passenger2205,14,24,734,768,794,34,26,60,12
passenger2206,7,12,735,740,775,5,35,40,13
passenger2207,16,15,735,763,766,28,3,31,14
passenger2208,1,8,735,816,825,81,9,90,15
passenger2209,17,18,736,750,807,14,57,71,0
passenger2210,19,25,736,772,788,36,16,52,1
passenger2211,17,15,737,765,771,28,6,34,2
passenger2212,9,10,737,789,822,52,33,85,3
passenger2213,21,12,737,742,775,5,33,38,4
passenger2214,18,4,737,738,800,1,62,63,5
passenger2215,4,6,737,741,747,4,6,10,6
passenger2216,5,16,738,790,829,52,39,91,7
passenger2217,16,14,738,763,767,25,4,29,8
passenger2218,8,15,738,762,773,24,11,35,9
passenger2219,3,12,740,775,800,35,25,60,10
passenger2220,4,2,740,751,841,11,90,101,11
passenger2221,5,3,740,751,838,11,87,98,12
passenger2222,12,14,740,775,781,35,6,41,13
passenger2223,16,11,741,763,778,22,15,37,14
passenger2224,5,1,741,806,816,65,10,75,15
passenger2225,18,25,741,747,826,6,79,85,0
passenger2226,8,6,742,753,819,11,66,77,1
passenger2227,8,6,742,786,792,44,6,50,2
passenger2228,6,13,743,798,829,55,31,86,3
passenger2229,20,18,743,757,763,14,6,20,4
passenger2230,24,9,744,756,785,12,29,41,5
passenger2231,13,10,744,762,814,18,52,70,6
passenger2232,2,10,744,797,813,53,16,69,7
passenger2233,7,12,744,780,813,36,33,69,8
passenger2234,4,19,744,752,781,8,29,37,9
passenger2235,22,25,744,826,835,82,9,91,10
passenger2236,3,25,744,748,792,4,44,48,11
passenger2237,22,15,744,788,807,44,19,63,12
passenger2238,9,13,745,770,778,25,8,33,13
passenger2239,14,22,745,769,833,24,64,88,14
passenger2240,14,1,746,787,816,41,29,70,15
passenger2241,18,20,747,747,813,0,66,66,0
passenger2242,8,3,747,753,828,6,75,81,1
passenger2243,4,22,747,798,846,51,48,99,2
passenger2244,12,14,748,784,832,36,48,84,3
passenger2245,25,2,748,750,797,2,47,49,4
passenger2246,6,21,748,794,838,46,44,90,5
passenger2247,14,1,748,765,839,17,74,91,6
passenger2248,18,4,749,765,793,16,28,44,7
passenger2249,20,21,749,757,834,8,77,85,8
passenger2250,12,7,749,768,828,19,60,79,9
passenger2251,23,14,750,829,852,79,23,102,10
passenger2252,16,4,750,773,837,23,64,87,11
passenger2253,16,15,750,774,807,24,33,57,12
passenger2254,8,20,750,767,797,17,30,47,13
passenger2255,4,18,751,791,823,40,32,72,14
passenger2256,25,15,751,762,784,11,22,33,15
passenger2257,3,14,751,772,799,21,27,48,0
passenger2258,14,7,752,761,816,9,55,64,1
passenger2259,16,7,752,768,789,16,21,37,2
passenger2260,14,15,752,780,835,28,55,83,3
passenger2261,17,20,752,766,831,14,65,79,4
passenger2262,23,20,752,753,766,1,13,14,5
passenger2263,20,22,753,778,784,25,6,31,6
passenger2264,7,8,753,784,807,31,23,54,7
passenger2265,14,12,753,767,773,14,6,20,8
passenger2266,18,1,754,778,842,24,64,88,9
passenger2267,4,19,754,772,819,18,47,65,10
passenger2268,21,8,754,784,827,30,43,73,11
passenger2269,8,15,755,758,771,3,13,16,12
passenger2270,12,5,755,775,842,20,67,87,13
passenger2271,13,21,756,772,830,16,58,74,14
passenger2272,19,21,756,774,848,18,74,92,15
passenger2273,17,22,756,804,817,48,13,61,0
passenger2274,7,2,756,816,831,60,15,75,1
passenger2275,3,25,757,801,855,44,54,98,2
passenger2276,17,7,758,775,795,17,20,37,3
passenger2277,22,8,758,837,871,79,34,113,4
passenger2278,15,7,758,777,791,19,14,33,5
passenger2279,3,7,758,833,847,75,14,89,6
passenger2280,6,14,759,787,825,28,38,66,7
passenger2281,1,6,759,794,803,35,9,44,8
passenger2282,15,10,760,773,821,13,48,61,9
passenger2283,16,17,760,810,813,50,3,53,10
passenger2284,25,21,760,792,800,32,8,40,11
passenger2285,6,18,760,831,873,71,42,113,12
passenger2286,16,15,760,785,820,25,35,60,13
passenger2287,20,4,760,827,876,67,49,116,14
passenger2288,10,21,760,797,848,37,51,88,15
passenger2289,23,1,760,820,872,60,52,112,0
passenger2290,12,7,761,809,816,48,7,55,1
passenger2291,5,2,761,795,804,34,9,43,2
passenger2292,14,17,761,780,839,19,59,78,3
passenger2293,14,10,762,771,779,9,8,17,4
passenger2294,20,17,762,766,773,4,7,11,5
passenger2295,23,9,762,787,817,25,30,55,6
passenger2296,6,12,763,787,819,24,32,56,7
passenger2297,13,12,763,770,773,7,3,10,8
passenger2298,21,2,764,787,839,23,52,75,9
passenger2299,14,11,764,806,859,42,53,95,10
passenger2300,6,17,764,831,866,67,35,102,11
passenger2301,21,14,765,785,810,20,25,45,12
passenger2302,3,2,765,848,851,83,3,86,13
passenger2303,11,17,766,778,820,12,42,54,14
passenger2304,8,22,766,801,851,35,50,85,15
passenger2305,1,2,767,778,781,11,3,14,0
passenger2306,4,25,767,825,878,58,53,111,1
passenger2307,13,4,767,775,798,8,23,31,2
passenger2308,8,25,767,792,857,25,65,90,3
passenger2309,18,6,767,825,877,58,52,110,4
passenger2310,7,2,767,791,806,24,15,39,5
passenger2311,20,4,767,778,830,11,52,63,6
passenger2312,8,9,767,781,810,14,29,43,7
passenger2313,16,20,768,821,831,53,10,63,8
passenger2314,8,10,769,825,855,56,30,86,9
passenger2315,10,2,769,794,878,25,84,109,10
passenger2316,19,14,769,780,813,11,33,44,11
passenger2317,12,25,769,816,890,47,74,121,12
passenger2318,5,25,770,842,898,72,56,128,13
passenger2319,18,6,770,823,870,53,47,100,14
passenger2320,17,19,770,780,842,10,62,72,15
passenger2321,10,9,770,791,854,21,63,84,0
passenger2322,21,5,770,776,822,6,46,52,1
passenger2323,1,17,770,807,831,37,24,61,2
passenger2324,23,13,770,851,875,81,24,105,3
passenger2325,4,14,770,793,817,23,24,47,4
passenger2326,7,21,771,791,838,20,47,67,5
passenger2327,16,9,772,772,817,0,45,45,6
passenger2328,16,17,773,829,832,56,3,59,7
passenger2329,17,10,773,824,861,51,37,88,8
passenger2330,15,2,773,773,839,0,66,66,9
passenger2331,11,10,773,797,862,24,65,89,10
passenger2332,14,24,773,813,886,40,73,113,11
passenger2333,24,13,773,794,813,21,19,40,12
passenger2334,17,3,774,788,848,14,60,74,13
passenger2335,13,18,774,774,823,0,49,49,14
passenger2336,18,25,774,777,858,3,81,84,15
passenger2337,12,23,775,795,820,20,25,45,0
passenger2338,25,15,775,788,804,13,16,29,1
passenger2339,3,10,775,801,818,26,17,43,2
passenger2340,20,15,775,844,869,69,25,94,3
passenger2341,24,21,776,841,846,65,5,70,4
passenger2342,2,22,776,806,841,30,35,65,5
passenger2343,9,21,777,817,871,40,54,94,6
passenger2344,13,12,778,822,859,44,37,81,7
passenger2345,2,3,778,791,798,13,7,20,8
passenger2346,15,14,778,811,814,33,3,36,9
passenger2347,4,13,779,786,803,7,17,24,10
passenger2348,2,4,779,841,845,62,4,66,11
passenger2349,13,16,780,813,869,33,56,89,12
passenger2350,17,25,780,788,806,8,18,26,13
passenger2351,22,10,780,833,864,53,31,84,14
passenger2352,20,3,780,845,894,65,49,114,15
passenger2353,22,10,782,817,851,35,34,69,0
passenger2354,20,25,782,797,878,15,81,96,1
passenger2355,18,24,782,834,852,52,18,70,2
passenger2356,1,5,783,809,815,26,6,32,3
passenger2357,16,14,783,821,859,38,38,76,4
passenger2358,4,18,783,800,833,17,33,50,5
passenger2359,2,25,784,836,881,52,45,97,6
passenger2360,4,12,784,793,819,9,26,35,7
passenger2361,21,13,784,834,852,50,18,68,8
passenger2362,19,18,785,803,806,18,3,21,9
passenger2363,24,12,785,832,856,47,24,71,10
passenger2364,25,13,785,792,816,7,24,31,11
passenger2365,23,19,785,791,801,6,10,16,12
passenger2366,4,17,786,845,878,59,33,92,13
passenger2367,22,4,786,833,876,47,43,90,14
passenger2368,21,3,787,848,894,61,46,107,15
passenger2369,22,20,787,817,833,30,16,46,0
passenger2370,4,19,788,825,864,37,39,76,1
passenger2371,3,15,788,801,825,13,24,37,2
passenger2372,24,6,789,854,894,65,40,105,3
passenger2373,5,11,789,790,812,1,22,23,4
passenger2374,10,2,789,819,883,30,64,94,5
passenger2375,12,7,789,810,823,21,13,34,6
passenger2376,4,7,789,793,804,4,11,15,7
passenger2377,1,23,790,794,838,4,44,48,8
passenger2378,25,10,791,795,821,4,26,30,9
passenger2379,22,12,792,826,856,34,30,64,10
passenger2380,23,5,792,796,834,4,38,42,11
passenger2381,8,19,792,824,876,32,52,84,12
passenger2382,6,21,792,839,888,47,49,96,13
passenger2383,11,12,792,810,813,18,3,21,14
passenger2384,20,1,793,845,900,52,55,107,15
passenger2385,19,20,793,810,813,17,3,20,0
passenger2386,21,25,794,794,878,0,84,84,1
passenger2387,20,14,794,840,876,46,36,82,2
passenger2388,12,10,794,826,884,32,58,90,3
passenger2389,21,10,794,834,867,40,33,73,4
passenger2390,15,3,795,828,880,33,52,85,5
passenger2391,8,7,796,820,823,24,3,27,6
passenger2392,11,13,796,816,822,20,6,26,7
passenger2393,18,11,796,827,858,31,31,62,8
passenger2394,4,14,797,833,861,36,28,64,9
passenger2395,2,22,798,878,926,80,48,128,10
passenger2396,20,6,798,803,831,5,28,33,11
passenger2397,7,1,798,827,844,29,17,46,12
passenger2398,10,1,798,831,854,33,23,56,13
passenger2399,24,4,798,839,876,41,37,78,14
passenger2400,17,15,799,836,872,37,36,73,15
passenger2401,6,21,799,859,914,60,55,115,0
passenger2402,3,23,799,828,872,29,44,73,1
passenger2403,19,16,799,837,870,38,33,71,2
passenger2404,22,11,799,848,881,49,33,82,3
passenger2405,8,4,799,805,883,6,78,84,4
passenger2406,24,11,799,845,864,46,19,65,5
passenger2407,21,9,801,871,911,70,40,110,6
passenger2408,24,22,802,843,847,41,4,45,7
passenger2409,8,13,803,807,816,4,9,13,8
passenger2410,20,6,803,875,921,72,46,118,9
passenger2411,1,8,803,881,890,78,9,87,10
passenger2412,15,4,804,810,837,6,27,33,11
passenger2413,9,23,804,821,884,17,63,80,12
passenger2414,2,11,805,851,868,46,17,63,13
passenger2415,1,5,805,885,893,80,8,88,14
passenger2416,3,21,806,812,848,6,36,42,15
passenger2417,4,14,806,865,897,59,32,91,0
passenger2418,18,16,806,889,895,83,6,89,1
passenger2419,17,9,806,831,889,25,58,83,2
passenger2420,23,2,807,851,902,44,51,95,3
passenger2421,3,22,807,886,935,79,49,128,4
passenger2422,2,5,807,807,812,0,5,5,5
passenger2423,5,1,808,827,839,19,12,31,6
passenger2424,3,15,809,880,910,71,30,101,7
passenger2425,17,3,809,824,876,15,52,67,8
passenger2426,24,3,810,887,928,77,41,118,9
passenger2427,18,21,810,816,823,6,7,13,10
passenger2428,14,13,811,861,913,50,52,102,11
passenger2429,3,7,811,838,854,27,16,43,12
passenger2430,22,9,811,811,834,0,23,23,13
passenger2431,1,19,811,885,917,74,32,106,14
passenger2432,18,2,811,839,897,28,58,86,15
passenger2433,2,3,812,869,876,57,7,64,0
passenger2434,2,16,812,831,857,19,26,45,1
passenger2435,4,16,813,902,940,89,38,127,2
passenger2436,5,25,813,815,857,2,42,44,3
passenger2437,19,10,813,828,867,15,39,54,4
passenger2438,11,2,813,822,883,9,61,70,5
passenger2439,2,14,813,836,860,23,24,47,6
passenger2440,1,16,814,886,913,72,27,99,7
passenger2441,10,4,815,861,873,46,12,58,8
passenger2442,14,19,815,815,872,0,57,57,9
passenger2443,5,14,816,871,906,55,35,90,10
passenger2444,22,7,817,882,925,65,43,108,11
passenger2445,21,19,817,880,900,63,20,83,12
passenger2446,11,23,818,828,892,10,64,74,13
passenger2447,25,6,818,842,870,24,28,52,14
passenger2448,25,1,819,858,900,39,42,81,15
passenger2449,4,2,819,865,869,46,4,50,0
passenger2450,10,24,819,845,875,26,30,56,1
passenger2451,16,3,820,828,905,8,77,85,2
passenger2452,13,10,820,829,884,9,55,64,3
passenger2453,12,7,820,863,874,43,11,54,4
passenger2454,6,24,820,875,927,55,52,107,5
passenger2455,14,11,820,860,905,40,45,85,6
passenger2456,2,20,820,883,923,63,40,103,7
passenger2457,12,10,820,855,861,35,6,41,8
passenger2458,17,4,821,868,925,47,57,104,9
passenger2459,14,22,822,852,926,30,74,104,10
passenger2460,12,1,823,857,935,34,78,112,11
passenger2461,6,2,824,831,841,7,10,17,12
passenger2462,13,10,824,824,831,0,7,7,13
passenger2463,4,18,824,876,914,52,38,90,14
passenger2464,5,9,825,906,916,81,10,91,15
passenger2465,25,2,826,826,869,0,43,43,0
passenger2466,7,8,826,838,841,12,3,15,1
passenger2467,13,7,826,879,893,53,14,67,2
passenger2468,25,1,826,857,905,31,48,79,3
passenger2469,24,14,827,841,859,14,18,32,4
passenger2470,1,3,827,886,890,59,4,63,5
passenger2471,3,8,827,833,850,6,17,23,6
passenger2472,9,17,827,866,916,39,50,89,7
passenger2473,8,19,828,865,910,37,45,82,8
passenger2474,8,7,828,851,918,23,67,90,9
passenger2475,7,9,828,867,893,39,26,65,10
passenger2476,21,7,828,879,925,51,46,97,11
passenger2477,7,24,828,828,887,0,59,59,12
passenger2478,17,5,829,878,934,49,56,105,13
passenger2479,22,5,830,833,873,3,40,43,14
passenger2480,5,12,831,906,921,75,15,90,15
passenger2481,18,5,831,837,862,6,25,31,0
passenger2482,19,4,831,864,923,33,59,92,1
passenger2483,20,3,831,864,905,33,41,74,2
passenger2484,12,17,831,878,933,47,55,102,3
passenger2485,7,16,832,874,919,42,45,87,4
passenger2486,18,17,832,833,854,1,21,22,5
passenger2487,10,20,833,854,868,21,14,35,6
passenger2488,19,9,834,836,866,2,30,32,7
passenger2489,19,23,834,844,922,10,78,88,8
passenger2490,21,19,834,878,894,44,16,60,9
passenger2491,20,21,834,842,923,8,81,89,10
passenger2492,8,19,834,851,872,17,21,38,11
passenger2493,5,9,834,834,858,0,24,24,12
passenger2494,24,8,835,895,927,60,32,92,13
passenger2495,22,11,835,835,861,0,26,26,14
passenger2496,6,3,835,889,894,54,5,59,15
passenger2497,14,12,837,843,847,6,4,10,0
passenger2498,13,2,837,852,929,15,77,92,1
passenger2499,7,1,838,893,911,55,18,73,2
passenger2500,8,24,838,890,950,52,60,112,3
passenger2501,4,18,838,883,925,45,42,87,4
passenger2502,1,15,838,886,908,48,22,70,5
passenger2503,24,9,839,876,911,37,35,72,6
passenger2504,5,15,839,874,910,35,36,71,7
passenger2505,7,23,840,868,922,28,54,82,8
passenger2506,22,17,840,881,898,41,17,58,9
passenger2507,16,19,840,848,917,8,69,77,10
passenger2508,12,25,840,857,889,17,32,49,11
passenger2509,9,1,840,858,936,18,78,96,12
passenger2510,18,17,842,881,910,39,29,68,13
passenger2511,25,10,843,843,864,0,21,21,14
passenger2512,11,15,843,880,926,37,46,83,15
passenger2513,10,20,843,851,911,8,60,68,0
passenger2514,11,20,844,848,867,4,19,23,1
passenger2515,11,6,844,883,896,39,13,52,2
passenger2516,25,14,844,857,872,13,15,28,3
passenger2517,18,15,844,851,856,7,5,12,4
passenger2518,9,25,845,870,930,25,60,85,5
passenger2519,10,25,845,854,881,9,27,36,6
passenger2520,11,1,845,862,886,17,24,41,7
passenger2521,1,25,846,880,926,34,46,80,8
passenger2522,14,10,846,861,913,15,52,67,9
passenger2523,21,16,846,923,944,77,21,98,10
passenger2524,17,18,847,866,869,19,3,22,11
passenger2525,5,3,848,850,932,2,82,84,12
passenger2526,19,1,848,884,944,36,60,96,13
passenger2527,18,4,848,852,876,4,24,28,14
passenger2528,7,18,850,886,933,36,47,83,15
passenger2529,16,20,850,903,911,53,8,61,0
passenger2530,16,2,850,857,929,7,72,79,1
passenger2531,21,6,850,861,896,11,35,46,2
passenger2532,4,22,850,898,946,48,48,96,3
passenger2533,5,14,850,880,913,30,33,63,4
passenger2534,13,20,850,860,917,10,57,67,5
passenger2535,2,3,851,926,933,75,7,82,6
passenger2536,11,12,851,862,905,11,43,54,7
passenger2537,20,16,851,913,941,62,28,90,8
passenger2538,4,25,851,925,966,74,41,115,9
passenger2539,12,25,852,856,933,4,77,81,10
passenger2540,25,2,852,889,932,37,43,80,11
passenger2541,13,11,852,864,914,12,50,62,12
passenger2542,13,8,853,872,927,19,55,74,13
passenger2543,14,13,853,908,947,55,39,94,14
passenger2544,5,8,853,906,913,53,7,60,15
passenger2545,4,22,854,865,917,11,52,63,0
passenger2546,17,10,854,860,909,6,49,55,1
passenger2547,10,2,855,886,908,31,22,53,2
passenger2548,8,24,855,890,950,35,60,95,3
passenger2549,1,4,855,892,897,37,5,42,4
passenger2550,22,14,855,921,943,66,22,88,5
passenger2551,1,13,855,929,949,74,20,94,6
passenger2552,19,9,855,920,948,65,28,93,7
passenger2553,10,16,856,861,901,5,40,45,8
passenger2554,15,23,856,864,884,8,20,28,9
passenger2555,7,4,857,867,874,10,7,17,10
passenger2556,17,14,857,866,910,9,44,53,11
passenger2557,9,18,858,858,873,0,15,15,12
passenger2558,10,5,858,865,934,7,69,76,13
passenger2559,14,11,859,908,953,49,45,94,14
passenger2560,11,12,860,880,921,20,41,61,15
passenger2561,23,6,860,920,947,60,27,87,0
passenger2562,7,15,860,916,946,56,30,86,1
passenger2563,2,4,860,908,916,48,8,56,2
passenger2564,15,13,860,869,875,9,6,15,3
passenger2565,17,3,861,922,962,61,40,101,4
passenger2566,22,13,862,921,946,59,25,84,5
passenger2567,4,8,862,922,940,60,18,78,6
passenger2568,6,12,862,871,905,9,34,43,7
passenger2569,12,11,862,893,948,31,55,86,8
passenger2570,12,23,862,907,960,45,53,98,9
passenger2571,24,13,862,930,949,68,19,87,10
passenger2572,25,21,862,889,897,27,8,35,11
passenger2573,21,6,863,880,925,17,45,62,12
passenger2574,11,9,863,868,924,5,56,61,13
passenger2575,3,2,863,879,882,16,3,19,14
passenger2576,16,11,864,869,880,5,11,16,15
passenger2577,21,17,864,914,928,50,14,64,0
passenger2578,3,21,866,926,956,60,30,90,1
passenger2579,13,15,866,879,937,13,58,71,2
passenger2580,25,17,866,953,963,87,10,97,3
passenger2581,1,5,866,892,900,26,8,34,4
passenger2582,11,1,866,866,886,0,20,20,5
passenger2583,5,20,867,919,960,52,41,93,6
passenger2584,4,5,867,877,892,10,15,25,7
passenger2585,13,3,867,896,964,29,68,97,8
passenger2586,7,24,869,918,963,49,45,94,9
passenger2587,16,25,869,910,933,41,23,64,10
passenger2588,9,16,869,921,954,52,33,85,11
passenger2589,6,10,869,925,947,56,22,78,12
passenger2590,5,21,870,934,972,64,38,102,13
passenger2591,5,6,870,873,896,3,23,26,14
passenger2592,12,11,870,877,880,7,3,10,15
passenger2593,8,9,871,885,888,14,3,17,0
passenger2594,8,23,871,913,960,42,47,89,1
passenger2595,15,23,871,873,951,2,78,80,2
passenger2596,25,17,871,953,963,82,10,92,3
passenger2597,21,3,872,932,962,60,30,90,4
passenger2598,24,13,872,927,946,55,19,74,5
passenger2599,18,7,872,892,915,20,23,43,6
passenger2600,3,23,872,880,928,8,48,56,7
passenger2601,12,4,873,893,961,20,68,88,8
passenger2602,17,2,873,898,931,25,33,58,9
passenger2603,12,18,873,902,914,29,12,41,10
passenger2604,19,12,873,873,916,0,43,43,11
passenger2605,10,21,873,917,966,44,49,93,12
passenger2606,5,2,873,934,941,61,7,68,13
passenger2607,4,21,874,876,921,2,45,47,14
passenger2608,12,1,874,877,900,3,23,26,15
passenger2609,5,1,874,880,954,6,74,80,0
passenger2610,21,12,874,884,905,10,21,31,1
passenger2611,2,6,874,908,920,34,12,46,2
passenger2612,16,15,874,930,967,56,37,93,3
passenger2613,21,1,874,932,966,58,34,92,4
passenger2614,2,1,875,883,886,8,3,11,5
passenger2615,10,19,875,908,957,33,49,82,6
passenger2616,17,6,875,916,953,41,37,78,7
passenger2617,17,5,876,904,958,28,54,82,8
passenger2618,19,11,876,894,910,18,16,34,9
passenger2619,2,10,876,878,896,2,18,20,10
passenger2620,20,18,876,876,902,0,26,26,11
passenger2621,7,19,877,922,960,45,38,83,12
passenger2622,10,12,877,921,959,44,38,82,13
passenger2623,3,25,877,879,931,2,52,54,14
passenger2624,21,5,877,938,968,61,30,91,15
passenger2625,15,20,877,900,911,23,11,34,0
passenger2626,13,6,878,902,919,24,17,41,1
passenger2627,25,7,878,955,977,77,22,99,2
passenger2628,9,10,878,887,918,9,31,40,3
passenger2629,23,13,878,938,950,60,12,72,4
passenger2630,18,23,878,913,924,35,11,46,5
passenger2631,24,22,878,878,886,0,8,8,6
passenger2632,23,24,879,928,931,49,3,52,7
passenger2633,25,17,879,926,938,47,12,59,8
passenger2634,4,3,879,925,928,46,3,49,9
passenger2635,20,8,879,920,958,41,38,79,10
passenger2636,21,24,879,879,886,0,7,7,11
passenger2637,17,20,879,904,963,25,59,84,12
passenger2638,7,11,879,930,956,51,26,77,13
passenger2639,25,21,880,931,937,51,6,57,14
passenger2640,6,24,880,909,947,29,38,67,15
passenger2641,13,22,880,894,917,14,23,37,0
passenger2642,14,16,880,899,949,19,50,69,1
passenger2643,5,9,881,899,925,18,26,44,2
passenger2644,19,22,881,939,946,58,7,65,3
passenger2645,3,2,881,886,889,5,3,8,4
passenger2646,18,12,882,913,949,31,36,67,5
passenger2647,22,2,882,886,926,4,40,44,6
passenger2648,9,1,882,898,964,16,66,82,7
passenger2649,18,22,884,907,919,23,12,35,8
passenger2650,4,9,884,925,940,41,15,56,9
passenger2651,22,2,884,926,968,42,42,84,10
passenger2652,24,23,885,886,893,1,7,8,11
passenger2653,4,18,885,929,957,44,28,72,12
passenger2654,1,13,886,944,962,58,18,76,13
passenger2655,2,14,886,888,908,2,20,22,14
passenger2656,9,18,886,916,933,30,17,47,15
passenger2657,23,13,886,920,936,34,16,50,0
passenger2658,17,16,887,892,895,5,3,8,1
passenger2659,25,6,887,955,980,68,25,93,2
passenger2660,6,10,887,894,918,7,24,31,3
passenger2661,19,22,887,928,935,41,7,48,4
passenger2662,7,3,888,896,962,8,66,74,5
passenger2663,16,15,888,896,899,8,3,11,6
passenger2664,10,5,888,901,956,13,55,68,7
passenger2665,22,19,888,919,934,31,15,46,8
passenger2666,15,7,888,902,918,14,16,30,9
passenger2667,11,2,889,899,968,10,69,79,10
passenger2668,7,12,889,925,948,36,23,59,11
passenger2669,11,3,889,914,932,25,18,43,12
passenger2670,24,7,889,895,930,6,35,41,13
passenger2671,13,12,889,905,950,16,45,61,14
passenger2672,12,22,889,921,941,32,20,52,15
passenger2673,19,22,890,908,917,18,9,27,0
passenger2674,10,7,890,909,916,19,7,26,1
passenger2675,11,15,890,929,937,39,8,47,2
passenger2676,9,12,890,915,924,25,9,34,3
passenger2677,4,15,890,897,916,7,19,26,4
passenger2678,18,14,890,913,943,23,30,53,5
passenger2679,22,25,891,964,969,73,5,78,6
passenger2680,23,3,891,928,960,37,32,69,7
passenger2681,23,9,892,922,952,30,30,60,8
passenger2682,12,11,892,907,910,15,3,18,9
passenger2683,8,22,893,958,990,65,32,97,10
passenger2684,16,25,893,906,967,13,61,74,11
passenger2685,24,11,893,893,914,0,21,21,12
passenger2686,19,13,893,906,916,13,10,23,13
passenger2687,13,19,894,905,917,11,12,23,14
passenger2688,18,23,894,933,944,39,11,50,15
passenger2689,20,16,894,911,931,17,20,37,0
passenger2690,23,3,894,960,982,66,22,88,1
passenger2691,20,10,894,946,972,52,26,78,2
passenger2692,11,20,894,921,942,27,21,48,3
passenger2693,7,23,894,904,938,10,34,44,4
passenger2694,13,9,895,904,954,9,50,59,5
passenger2695,9,11,895,911,945,16,34,50,6
passenger2696,24,3,895,931,960,36,29,65,7
passenger2697,13,21,895,896,916,1,20,21,8
passenger2698,12,15,896,945,950,49,5,54,9
passenger2699,9,4,897,955,964,58,9,67,10
passenger2700,16,23,897,906,963,9,57,66,11
passenger2701,14,11,897,909,914,12,5,17,12
passenger2702,4,24,897,937,977,40,40,80,13
passenger2703,22,23,897,924,927,27,3,30,14
passenger2704,9,16,897,916,929,19,13,32,15
passenger2705,11,6,898,940,947,42,7,49,0
passenger2706,6,10,898,919,939,21,20,41,1
passenger2707,14,4,898,934,984,36,50,86,2
passenger2708,18,12,899,936,972,37,36,73,3
