id,source,dest,submit_tick,pickup_tick,dropoff_tick,wait_time,travel_time,total_time,elevator
passenger1,1,16,0,0,41,0,41,41,6
passenger2,1,6,0,0,7,0,7,7,0
passenger3,1,8,0,0,9,0,9,9,1
passenger4,1,7,0,0,8,0,8,8,2
passenger5,1,10,1,1,17,0,16,16,7
passenger6,1,17,1,1,19,0,18,18,8
passenger7,1,11,1,1,13,0,12,12,9
passenger8,1,9,1,1,11,0,10,10,3
passenger9,1,14,2,2,21,0,19,19,10
passenger10,1,16,2,2,41,0,39,39,6
passenger11,1,2,2,2,5,0,3,3,4
passenger12,1,23,2,2,26,0,24,24,11
passenger13,1,23,2,2,26,0,24,24,12
passenger14,1,16,3,3,25,0,22,22,7
passenger15,1,15,4,4,24,0,20,20,10
passenger16,1,18,4,4,23,0,19,19,13
passenger17,1,12,4,4,31,0,27,27,6
passenger18,1,10,4,4,17,0,13,13,7
passenger19,1,10,4,4,15,0,11,11,10
passenger20,1,5,4,4,18,0,14,14,5
passenger21,1,22,4,4,27,0,23,23,14
passenger22,1,9,5,5,30,0,25,25,5
passenger23,1,8,6,6,27,0,21,21,5
passenger24,1,25,6,6,49,0,43,43,15
passenger25,1,14,6,6,35,0,29,29,6
passenger26,1,16,6,6,25,0,19,19,7
passenger27,1,7,7,7,24,0,17,17,5
passenger28,1,8,7,7,27,0,20,20,5
passenger29,1,19,8,8,35,0,27,27,15
passenger30,1,12,8,8,31,0,23,23,6
passenger31,1,5,9,9,18,0,9,9,5
passenger32,1,22,9,9,42,0,33,33,15
passenger33,1,11,9,9,28,0,19,19,6
passenger34,1,18,9,9,32,0,23,23,15
passenger35,1,10,9,9,25,0,16,16,6
passenger36,1,15,10,10,38,0,28,28,6
passenger37,1,20,10,10,38,0,28,28,15
passenger38,1,23,10,10,45,0,35,35,15
passenger39,1,6,10,10,21,0,11,11,5
passenger40,1,18,11,11,32,0,21,21,15
passenger41,1,23,12,12,45,0,33,33,15
passenger42,1,17,12,12,44,0,32,32,6
passenger43,1,5,12,12,18,0,6,6,5
passenger44,1,6,12,12,21,0,9,9,5
passenger45,1,6,12,12,21,0,9,9,5
passenger46,1,4,12,40,51,28,11,39,5
passenger47,1,20,13,13,38,0,25,25,15
passenger48,1,25,13,13,49,0,36,36,15
passenger49,1,14,14,14,35,0,21,21,6
passenger50,1,16,14,62,89,48,27,75,6
passenger51,1,20,14,75,100,61,25,86,15
passenger52,1,11,14,62,74,48,12,60,6
passenger53,1,13,14,62,80,48,18,66,6
passenger54,1,16,16,62,89,46,27,73,6
passenger55,1,9,16,17,47,1,30,31,4
passenger56,1,3,17,17,31,0,14,14,4
passenger57,1,15,17,62,86,45,24,69,6
passenger58,1,21,18,75,103,57,28,85,15
passenger59,1,3,18,18,31,0,13,13,4
passenger60,1,7,18,18,41,0,23,23,4
passenger61,1,8,19,19,44,0,25,25,4
passenger62,1,21,19,75,103,56,28,84,15
passenger63,1,14,19,62,83,43,21,64,6
passenger64,1,14,19,62,83,43,21,64,6
passenger65,1,17,21,62,92,41,30,71,6
passenger66,1,8,21,21,44,0,23,23,4
passenger67,1,19,22,75,97,53,22,75,15
passenger68,1,2,22,22,28,0,6,6,4
passenger69,1,4,23,23,34,0,11,11,4
passenger70,1,21,23,75,103,52,28,80,15
passenger71,1,17,23,62,92,39,30,69,6
passenger72,1,6,24,24,38,0,14,14,4
passenger73,1,12,24,62,77,38,15,53,6
passenger74,1,3,25,25,31,0,6,6,4
passenger75,1,18,25,75,94,50,19,69,15
passenger76,1,20,25,75,100,50,25,75,15
passenger77,1,8,25,57,72,32,15,47,4
passenger78,1,10,26,110,121,84,11,95,6
passenger79,1,7,26,57,69,31,12,43,4
passenger80,1,11,26,110,124,84,14,98,6
passenger81,1,8,26,57,72,31,15,46,4
passenger82,1,7,26,57,69,31,12,43,4
passenger83,1,12,27,110,127,83,17,100,6
passenger84,1,22,27,75,106,48,31,79,15
passenger85,1,20,27,75,100,48,25,73,15
passenger86,1,9,28,57,75,29,18,47,4
passenger87,1,24,28,75,110,47,35,82,15
passenger88,1,7,28,57,69,29,12,41,4
passenger89,1,23,28,135,169,107,34,141,15
passenger90,1,9,29,57,75,28,18,46,4
passenger91,1,14,29,39,62,10,23,33,9
passenger92,1,6,29,57,66,28,9,37,4
passenger93,1,20,29,135,160,106,25,131,15
passenger94,1,9,30,57,75,27,18,45,4
passenger95,1,22,31,135,166,104,31,135,15
passenger96,1,3,31,57,61,26,4,30,4
passenger97,1,14,32,39,62,7,23,30,9
passenger98,1,5,32,85,97,53,12,65,4
passenger99,1,23,33,50,78,17,28,45,13
passenger100,1,12,33,39,56,6,17,23,9
passenger101,1,18,33,50,69,17,19,36,13
passenger102,1,23,33,50,78,17,28,45,13
passenger103,1,14,34,39,62,5,23,28,9
passenger104,1,3,34,85,91,51,6,57,4
passenger105,1,7,34,85,101,51,16,67,4
passenger106,1,7,35,85,101,50,16,66,4
passenger107,1,23,35,50,78,15,28,43,13
passenger108,1,23,35,50,78,15,28,43,13
passenger109,1,13,35,39,59,4,20,24,9
passenger110,1,23,35,50,78,15,28,43,13
passenger111,1,7,36,85,101,49,16,65,4
passenger112,1,18,36,50,69,14,19,33,13
passenger113,1,11,36,39,53,3,14,17,9
passenger114,1,7,37,40,58,3,18,21,5
passenger115,1,8,37,40,61,3,21,24,5
passenger116,1,12,37,39,56,2,17,19,9
passenger117,1,10,37,39,50,2,11,13,9
passenger118,1,7,38,40,58,2,18,20,5
passenger119,1,10,38,39,50,1,11,12,9
passenger120,1,5,38,40,54,2,14,16,5
passenger121,1,25,38,50,82,12,32,44,13
passenger122,1,11,38,39,53,1,14,15,9
passenger123,1,4,39,40,51,1,11,12,5
passenger124,1,15,39,77,99,38,22,60,9
passenger125,1,23,40,50,78,10,28,38,13
passenger126,1,10,40,77,88,37,11,48,9
passenger127,1,22,40,50,75,10,25,35,13
passenger128,1,16,40,77,102,37,25,62,9
passenger129,1,19,41,108,128,67,20,87,13
passenger130,1,9,41,41,64,0,23,23,5
passenger131,1,2,41,41,47,0,6,6,5
passenger132,1,10,42,77,88,35,11,46,9
passenger133,1,24,42,108,139,66,31,97,13
passenger134,1,20,43,108,131,65,23,88,13
passenger135,1,20,43,108,131,65,23,88,13
passenger136,1,23,43,108,136,65,28,93,13
passenger137,1,10,43,77,88,34,11,45,9
passenger138,1,9,43,43,64,0,21,21,5
passenger139,1,24,43,108,139,65,31,96,13
passenger140,1,15,43,77,99,34,22,56,9
passenger141,1,9,44,44,64,0,20,20,5
passenger142,1,8,44,74,91,30,17,47,5
passenger143,1,23,44,108,136,64,28,92,13
passenger144,1,3,45,74,80,29,6,35,5
passenger145,1,3,45,74,80,29,6,35,5
passenger146,1,19,45,108,128,63,20,83,13
passenger147,1,2,46,74,77,28,3,31,5
passenger148,1,6,46,74,87,28,13,41,5
passenger149,1,25,47,108,142,61,34,95,13
passenger150,1,12,47,77,92,30,15,45,9
passenger151,1,19,47,108,128,61,20,81,13
passenger152,1,13,48,77,95,29,18,47,9
passenger153,1,4,48,74,83,26,9,35,5
passenger154,1,6,48,74,87,26,13,39,5
passenger155,1,20,48,168,193,120,25,145,13
passenger156,1,4,50,74,83,24,9,33,5
passenger157,1,16,51,77,102,26,25,51,9
passenger158,1,10,51,77,88,26,11,37,9
passenger159,1,10,52,119,130,67,11,78,9
passenger160,1,24,52,168,201,116,33,149,13
passenger161,1,16,52,119,144,67,25,92,9
passenger162,1,16,52,119,144,67,25,92,9
passenger163,1,10,53,110,121,57,11,68,6
passenger164,1,11,53,110,124,57,14,71,6
passenger165,1,18,54,168,187,114,19,133,13
passenger166,1,2,54,85,88,31,3,34,4
passenger167,1,7,54,85,101,31,16,47,4
passenger168,1,16,54,110,135,56,25,81,6
passenger169,1,16,55,110,135,55,25,80,6
passenger170,1,4,55,85,94,30,9,39,4
passenger171,1,20,55,168,193,113,25,138,13
passenger172,1,15,56,110,132,54,22,76,6
passenger173,1,7,56,85,101,29,16,45,4
passenger174,1,20,57,168,193,111,25,136,13
passenger175,1,25,57,168,204,111,36,147,13
passenger176,1,12,57,110,127,53,17,70,6
passenger177,1,8,58,85,104,27,19,46,4
passenger178,1,9,58,113,133,55,20,75,4
passenger179,1,16,58,110,135,52,25,77,6
passenger180,1,3,58,113,119,55,6,61,4
passenger181,1,13,59,152,170,93,18,111,6
passenger182,1,2,59,113,116,54,3,57,4
passenger183,1,2,59,113,116,54,3,57,4
passenger184,1,12,60,152,167,92,15,107,6
passenger185,1,19,60,168,190,108,22,130,13
passenger186,1,23,60,168,198,108,30,138,13
passenger187,1,4,60,113,122,53,9,62,4
passenger188,1,7,60,113,129,53,16,69,4
passenger189,1,12,61,152,167,91,15,106,6
passenger190,1,15,61,152,176,91,24,115,6
passenger191,1,25,61,168,204,107,36,143,13
passenger192,1,18,61,168,187,107,19,126,13
passenger193,1,14,62,152,173,90,21,111,6
passenger194,1,3,62,113,119,51,6,57,4
passenger195,1,3,62,113,119,51,6,57,4
passenger196,1,5,63,113,125,50,12,62,4
passenger197,1,17,64,152,180,88,28,116,6
passenger198,1,9,64,113,133,49,20,69,4
passenger199,1,7,65,143,157,78,14,92,4
passenger200,1,18,65,135,154,70,19,89,15
passenger201,1,21,66,135,163,69,28,97,15
passenger202,1,12,67,152,167,85,15,100,6
passenger203,1,23,68,135,169,67,34,101,15
passenger204,1,19,69,135,157,66,22,88,15
passenger205,1,19,70,135,157,65,22,87,15
passenger206,1,22,70,135,166,65,31,96,15
passenger207,1,6,70,74,87,4,13,17,5
passenger208,1,20,71,135,160,64,25,89,15
passenger209,1,24,71,193,228,122,35,157,15
passenger210,1,25,72,193,231,121,38,159,15
passenger211,1,15,73,119,141,46,22,68,9
passenger212,1,20,73,193,216,120,23,143,15
passenger213,1,23,73,193,225,120,32,152,15
passenger214,1,22,74,193,222,119,29,148,15
passenger215,1,23,74,193,225,119,32,151,15
passenger216,1,21,75,193,219,118,26,144,15
passenger217,1,11,76,119,133,43,14,57,9
passenger218,1,19,76,193,213,117,20,137,15
passenger219,1,11,76,119,133,43,14,57,9
passenger220,1,21,76,193,219,117,26,143,15
passenger221,1,21,76,193,219,117,26,143,15
passenger222,1,24,76,257,292,181,35,216,15
passenger223,1,16,77,119,144,42,25,67,9
passenger224,1,13,77,119,137,42,18,60,9
passenger225,1,5,77,100,110,23,10,33,5
passenger226,1,17,78,119,147,41,28,69,9
passenger227,1,15,78,119,141,41,22,63,9
passenger228,1,14,78,165,184,87,19,106,9
passenger229,1,18,78,257,276,179,19,198,15
passenger230,1,22,78,257,288,179,31,210,15
passenger231,1,5,79,100,110,21,10,31,5
passenger232,1,12,79,165,178,86,13,99,9
passenger233,1,19,80,257,279,177,22,199,15
passenger234,1,21,80,257,285,177,28,205,15
passenger235,1,20,81,257,282,176,25,201,15
passenger236,1,21,81,257,285,176,28,204,15
passenger237,1,22,81,257,288,176,31,207,15
passenger238,1,25,82,257,295,175,38,213,15
passenger239,1,16,82,165,190,83,25,108,9
passenger240,1,7,82,100,114,18,14,32,5
passenger241,1,15,82,165,187,83,22,105,9
passenger242,1,19,82,257,279,175,22,197,15
passenger243,1,4,82,100,107,18,7,25,5
passenger244,1,20,83,321,344,238,23,261,15
passenger245,1,15,83,165,187,82,22,104,9
passenger246,1,24,83,321,354,238,33,271,15
passenger247,1,7,83,143,157,60,14,74,4
passenger248,1,23,83,321,351,238,30,268,15
passenger249,1,12,84,165,178,81,13,94,9
passenger250,1,15,84,165,187,81,22,103,9
passenger251,1,17,84,165,193,81,28,109,9
passenger252,1,15,85,165,187,80,22,102,9
passenger253,1,23,85,321,351,236,30,266,15
passenger254,1,6,86,143,154,57,11,68,4
passenger255,1,19,86,321,341,235,20,255,15
passenger256,1,25,86,321,357,235,36,271,15
passenger257,1,7,86,143,157,57,14,71,4
passenger258,1,8,86,143,160,57,17,74,4
passenger259,1,13,87,165,181,78,16,94,9
passenger260,1,19,87,321,341,234,20,254,15
passenger261,1,25,87,321,357,234,36,270,15
passenger262,1,21,87,321,347,234,26,260,15
passenger263,1,21,88,321,347,233,26,259,15
passenger264,1,12,88,211,226,123,15,138,9
passenger265,1,17,88,211,239,123,28,151,9
passenger266,1,7,89,143,157,54,14,68,4
passenger267,1,13,89,211,229,122,18,140,9
passenger268,1,6,89,143,154,54,11,65,4
passenger269,1,2,89,143,146,54,3,57,4
passenger270,1,22,89,383,414,294,31,325,15
passenger271,1,21,90,383,411,293,28,321,15
passenger272,1,14,90,211,232,121,21,142,9
passenger273,1,2,91,143,146,52,3,55,4
passenger274,1,4,91,143,150,52,7,59,4
passenger275,1,4,92,169,176,77,7,84,4
passenger276,1,19,92,383,405,291,22,313,15
passenger277,1,6,92,169,182,77,13,90,4
passenger278,1,8,92,169,186,77,17,94,4
passenger279,1,22,92,383,414,291,31,322,15
passenger280,1,23,93,230,262,137,32,169,13
passenger281,1,20,93,230,253,137,23,160,13
passenger282,1,9,94,169,189,75,20,95,4
passenger283,1,15,94,211,235,117,24,141,9
passenger284,1,6,94,169,182,75,13,88,4
passenger285,1,22,95,230,259,135,29,164,13
passenger286,1,4,95,169,176,74,7,81,4
passenger287,1,19,95,230,250,135,20,155,13
passenger288,1,14,95,211,232,116,21,137,9
passenger289,1,20,95,230,253,135,23,158,13
passenger290,1,12,95,211,226,116,15,131,9
passenger291,1,5,95,169,179,74,10,84,4
passenger292,1,20,96,230,253,134,23,157,13
passenger293,1,17,96,211,239,115,28,143,9
passenger294,1,13,96,211,229,115,18,133,9
passenger295,1,10,96,211,222,115,11,126,9
passenger296,1,10,97,257,268,160,11,171,9
passenger297,1,13,97,257,275,160,18,178,9
passenger298,1,8,98,100,117,2,17,19,5
passenger299,1,8,98,100,117,2,17,19,5
passenger300,1,8,98,100,117,2,17,19,5
passenger301,1,2,98,100,103,2,3,5,5
passenger302,1,24,99,230,265,131,35,166,13
passenger303,1,7,99,100,114,1,14,15,5
passenger304,1,5,99,100,110,1,10,11,5
passenger305,1,5,100,126,138,26,12,38,5
passenger306,1,25,100,230,268,130,38,168,13
passenger307,1,13,100,152,170,52,18,70,6
passenger308,1,9,100,126,146,26,20,46,5
passenger309,1,11,101,152,164,51,12,63,6
passenger310,1,4,101,126,135,25,9,34,5
passenger311,1,9,101,126,146,25,20,45,5
passenger312,1,7,102,126,142,24,16,40,5
passenger313,1,21,103,230,256,127,26,153,13
passenger314,1,3,104,126,132,22,6,28,5
passenger315,1,12,104,152,167,48,15,63,6
passenger316,1,20,104,230,253,126,23,149,13
passenger317,1,22,104,294,323,190,29,219,13
passenger318,1,14,106,198,219,92,21,113,6
passenger319,1,7,107,126,142,19,16,35,5
passenger320,1,10,107,198,209,91,11,102,6
passenger321,1,7,107,126,142,19,16,35,5
passenger322,1,17,108,198,224,90,26,116,6
passenger323,1,9,108,126,146,18,20,38,5
passenger324,1,17,108,198,224,90,26,116,6
passenger325,1,17,108,198,224,90,26,116,6
passenger326,1,24,108,294,327,186,33,219,13
passenger327,1,10,109,198,209,89,11,100,6
passenger328,1,25,110,294,330,184,36,220,13
passenger329,1,11,110,198,212,88,14,102,6
passenger330,1,18,110,294,313,184,19,203,13
passenger331,1,17,110,198,224,88,26,114,6
passenger332,1,21,111,294,320,183,26,209,13
passenger333,1,13,111,198,216,87,18,105,6
passenger334,1,21,112,294,320,182,26,208,13
passenger335,1,10,112,198,209,86,11,97,6
passenger336,1,13,112,242,260,130,18,148,6
passenger337,1,13,113,242,260,129,18,147,6
passenger338,1,18,114,294,313,180,19,199,13
passenger339,1,16,114,242,269,128,27,155,6
passenger340,1,3,114,169,173,55,4,59,4
passenger341,1,21,115,294,320,179,26,205,13
passenger342,1,20,115,294,317,179,23,202,13
passenger343,1,4,115,169,176,54,7,61,4
passenger344,1,25,115,294,330,179,36,215,13
passenger345,1,17,116,257,285,141,28,169,9
passenger346,1,4,116,169,176,53,7,60,4
passenger347,1,13,116,257,275,141,18,159,9
passenger348,1,22,117,356,381,239,25,264,13
passenger349,1,8,117,199,220,82,21,103,4
passenger350,1,24,117,356,387,239,31,270,13
passenger351,1,12,117,257,272,140,15,155,9
passenger352,1,7,118,199,217,81,18,99,4
passenger353,1,10,118,257,268,139,11,150,9
passenger354,1,14,118,257,278,139,21,160,9
passenger355,1,18,119,356,375,237,19,256,13
passenger356,1,24,120,356,387,236,31,267,13
passenger357,1,6,120,199,214,79,15,94,4
passenger358,1,25,120,356,390,236,34,270,13
passenger359,1,14,120,257,278,137,21,158,9
passenger360,1,5,121,199,211,78,12,90,4
passenger361,1,24,121,356,387,235,31,266,13
passenger362,1,10,121,257,268,136,11,147,9
passenger363,1,16,123,257,282,134,25,159,9
passenger364,1,18,123,383,402,260,19,279,15
passenger365,1,2,124,126,129,2,3,5,5
passenger366,1,7,124,156,170,32,14,46,5
passenger367,1,18,124,383,402,259,19,278,15
passenger368,1,9,124,156,176,32,20,52,5
passenger369,1,2,124,156,159,32,3,35,5
passenger370,1,2,125,156,159,31,3,34,5
passenger371,1,21,125,383,411,258,28,286,15
passenger372,1,5,125,156,166,31,10,41,5
passenger373,1,4,125,156,163,31,7,38,5
passenger374,1,15,126,303,327,177,24,201,9
passenger375,1,4,126,156,163,30,7,37,5
passenger376,1,17,126,303,331,177,28,205,9
passenger377,1,15,126,303,327,177,24,201,9
passenger378,1,17,126,303,331,177,28,205,9
passenger379,1,13,126,303,321,177,18,195,9
passenger380,1,20,126,383,408,257,25,282,15
passenger381,1,17,127,303,331,176,28,204,9
passenger382,1,11,127,303,315,176,12,188,9
passenger383,1,2,128,156,159,28,3,31,5
passenger384,1,8,128,156,173,28,17,45,5
passenger385,1,5,129,156,166,27,10,37,5
passenger386,1,2,129,186,189,57,3,60,5
passenger387,1,8,130,186,203,56,17,73,5
passenger388,1,6,130,186,199,56,13,69,5
passenger389,1,3,131,186,192,55,6,61,5
passenger390,1,9,131,186,206,55,20,75,5
passenger391,1,14,131,303,324,172,21,193,9
passenger392,1,6,132,186,199,54,13,67,5
passenger393,1,8,132,186,203,54,17,71,5
passenger394,1,2,133,186,189,53,3,56,5
passenger395,1,3,133,186,192,53,6,59,5
passenger396,1,5,133,186,196,53,10,63,5
passenger397,1,12,133,303,318,170,15,185,9
passenger398,1,17,133,303,331,170,28,198,9
passenger399,1,20,133,383,408,250,25,275,15
passenger400,1,17,134,349,379,215,30,245,9
passenger401,1,16,135,349,376,214,27,241,9
passenger402,1,24,135,383,418,248,35,283,15
passenger403,1,8,136,216,231,80,15,95,5
passenger404,1,21,136,443,471,307,28,335,15
passenger405,1,24,136,443,480,307,37,344,15
passenger406,1,15,136,349,373,213,24,237,9
passenger407,1,22,136,443,474,307,31,338,15
passenger408,1,5,136,216,224,80,8,88,5
passenger409,1,23,137,443,477,306,34,340,15
passenger410,1,15,137,349,373,212,24,236,9
passenger411,1,7,138,216,228,78,12,90,5
passenger412,1,3,138,216,220,78,4,82,5
passenger413,1,19,138,443,465,305,22,327,15
passenger414,1,12,139,349,366,210,17,227,9
passenger415,1,9,139,199,223,60,24,84,4
passenger416,1,11,140,242,254,102,12,114,6
passenger417,1,25,140,443,483,303,40,343,15
passenger418,1,12,141,242,257,101,15,116,6
passenger419,1,3,141,199,205,58,6,64,4
passenger420,1,8,142,199,220,57,21,78,4
passenger421,1,5,142,199,211,57,12,69,4
passenger422,1,18,142,443,462,301,19,320,15
passenger423,1,21,142,443,471,301,28,329,15
passenger424,1,22,142,443,474,301,31,332,15
passenger425,1,17,143,242,272,99,30,129,6
passenger426,1,20,144,443,468,299,25,324,15
passenger427,1,12,144,242,257,98,15,113,6
passenger428,1,17,144,242,272,98,30,128,6
passenger429,1,4,144,199,208,55,9,64,4
passenger430,1,14,144,242,263,98,21,119,6
passenger431,1,15,145,242,266,97,24,121,6
passenger432,1,2,145,199,202,54,3,57,4
passenger433,1,15,145,290,314,145,24,169,6
passenger434,1,19,145,509,531,364,22,386,15
passenger435,1,10,145,290,301,145,11,156,6
passenger436,1,15,146,290,314,144,24,168,6
passenger437,1,8,146,233,248,87,15,102,4
passenger438,1,8,147,233,248,86,15,101,4
passenger439,1,5,147,233,243,86,10,96,4
passenger440,1,9,147,233,251,86,18,104,4
passenger441,1,21,148,509,537,361,28,389,15
passenger442,1,24,149,509,544,360,35,395,15
passenger443,1,17,149,290,320,141,30,171,6
passenger444,1,16,149,290,317,141,27,168,6
passenger445,1,16,149,290,317,141,27,168,6
passenger446,1,13,150,290,310,140,20,160,6
passenger447,1,12,150,290,307,140,17,157,6
passenger448,1,16,150,290,317,140,27,167,6
passenger449,1,20,150,509,534,359,25,384,15
passenger450,1,11,150,290,304,140,14,154,6
passenger451,1,15,151,338,362,187,24,211,6
passenger452,1,13,151,338,356,187,18,205,6
passenger453,1,8,151,233,248,82,15,97,4
passenger454,1,8,151,233,248,82,15,97,4
passenger455,1,3,151,233,239,82,6,88,4
passenger456,1,12,151,338,353,187,15,202,6
passenger457,1,19,152,509,531,357,22,379,15
passenger458,1,18,152,509,528,357,19,376,15
passenger459,1,25,152,509,547,357,38,395,15
passenger460,1,2,152,233,236,81,3,84,4
passenger461,1,20,152,509,534,357,25,382,15
passenger462,1,21,152,509,537,357,28,385,15
passenger463,1,12,153,338,353,185,15,200,6
passenger464,1,8,153,216,231,63,15,78,5
passenger465,1,10,153,338,349,185,11,196,6
passenger466,1,18,155,356,375,201,19,220,13
passenger467,1,22,155,356,381,201,25,226,13
passenger468,1,17,155,338,368,183,30,213,6
passenger469,1,14,155,338,359,183,21,204,6
passenger470,1,17,155,338,368,183,30,213,6
passenger471,1,3,155,216,220,61,4,65,5
passenger472,1,16,155,338,365,183,27,210,6
passenger473,1,3,156,216,220,60,4,64,5
passenger474,1,25,156,356,390,200,34,234,13
passenger475,1,23,156,356,384,200,28,228,13
passenger476,1,14,156,338,359,182,21,203,6
passenger477,1,10,157,386,397,229,11,240,6
passenger478,1,19,158,416,438,258,22,280,13
passenger479,1,17,158,386,414,228,28,256,6
passenger480,1,18,158,416,435,258,19,277,13
passenger481,1,14,159,386,407,227,21,248,6
passenger482,1,7,159,216,228,57,12,69,5
passenger483,1,3,159,216,220,57,4,61,5
passenger484,1,8,160,216,231,56,15,71,5
passenger485,1,14,160,349,370,189,21,210,9
passenger486,1,12,160,349,366,189,17,206,9
passenger487,1,14,161,349,370,188,21,209,9
passenger488,1,8,161,240,257,79,17,96,5
passenger489,1,24,162,416,451,254,35,289,13
passenger490,1,10,162,349,360,187,11,198,9
passenger491,1,22,162,416,445,254,29,283,13
passenger492,1,11,162,349,363,187,14,201,9
passenger493,1,12,163,397,414,234,17,251,9
passenger494,1,16,163,397,424,234,27,261,9
passenger495,1,8,163,240,257,77,17,94,5
passenger496,1,7,163,240,254,77,14,91,5
passenger497,1,11,164,397,411,233,14,247,9
passenger498,1,21,164,416,442,252,26,278,13
passenger499,1,5,165,240,250,75,10,85,5
passenger500,1,12,166,397,414,231,17,248,9
passenger501,1,18,166,416,435,250,19,269,13
passenger502,1,18,166,416,435,250,19,269,13
passenger503,1,12,166,397,414,231,17,248,9
passenger504,1,3,166,233,239,67,6,73,4
passenger505,1,2,167,233,236,66,3,69,4
passenger506,1,13,167,397,417,230,20,250,9
passenger507,1,21,167,416,442,249,26,275,13
passenger508,1,2,167,261,264,94,3,97,4
passenger509,1,23,167,416,448,249,32,281,13
passenger510,1,18,167,416,435,249,19,268,13
passenger511,1,2,168,261,264,93,3,96,4
passenger512,1,10,169,397,408,228,11,239,9
passenger513,1,7,171,261,275,90,14,104,4
passenger514,1,24,171,476,511,305,35,340,13
passenger515,1,15,171,397,421,226,24,250,9
passenger516,1,9,172,261,281,89,20,109,4
passenger517,1,8,172,261,278,89,17,106,4
passenger518,1,15,172,397,421,225,24,249,9
passenger519,1,2,172,261,264,89,3,92,4
passenger520,1,8,172,261,278,89,17,106,4
passenger521,1,5,173,261,269,88,8,96,4
passenger522,1,16,173,397,424,224,27,251,9
passenger523,1,18,173,476,495,303,19,322,13
passenger524,1,13,173,441,461,268,20,288,9
passenger525,1,5,173,261,269,88,8,96,4
passenger526,1,10,174,441,452,267,11,278,9
passenger527,1,22,174,476,505,302,29,331,13
passenger528,1,6,175,261,272,86,11,97,4
passenger529,1,5,175,291,301,116,10,126,4
passenger530,1,4,176,291,298,115,7,122,4
passenger531,1,21,176,476,502,300,26,326,13
passenger532,1,4,176,291,298,115,7,122,4
passenger533,1,15,176,441,467,265,26,291,9
passenger534,1,25,176,476,514,300,38,338,13
passenger535,1,17,176,441,471,265,30,295,9
passenger536,1,11,177,441,455,264,14,278,9
passenger537,1,6,177,291,304,114,13,127,4
passenger538,1,2,177,291,294,114,3,117,4
passenger539,1,5,177,291,301,114,10,124,4
passenger540,1,24,177,476,511,299,35,334,13
passenger541,1,5,178,291,301,113,10,123,4
passenger542,1,2,178,291,294,113,3,116,4
passenger543,1,21,178,476,502,298,26,324,13
passenger544,1,12,178,441,458,263,17,280,9
passenger545,1,10,179,441,452,262,11,273,9
passenger546,1,19,179,476,498,297,22,319,13
passenger547,1,14,180,441,464,261,23,284,9
passenger548,1,23,181,476,508,295,32,327,13
passenger549,1,13,181,441,461,260,20,280,9
passenger550,1,19,181,476,498,295,22,317,13
passenger551,1,23,182,509,541,327,32,359,15
passenger552,1,13,183,441,461,258,20,278,9
passenger553,1,8,184,240,257,56,17,73,5
passenger554,1,25,184,573,607,389,34,423,15
passenger555,1,7,185,240,254,55,14,69,5
passenger556,1,2,186,240,243,54,3,57,5
passenger557,1,15,186,386,410,200,24,224,6
passenger558,1,25,187,573,607,386,34,420,15
passenger559,1,4,187,240,247,53,7,60,5
passenger560,1,22,187,573,600,386,27,413,15
passenger561,1,21,188,573,597,385,24,409,15
passenger562,1,24,188,573,604,385,31,416,15
passenger563,1,12,188,386,401,198,15,213,6
passenger564,1,8,188,240,257,52,17,69,5
passenger565,1,14,189,386,407,197,21,218,6
passenger566,1,5,189,240,250,51,10,61,5
passenger567,1,22,189,573,600,384,27,411,15
passenger568,1,17,190,386,414,196,28,224,6
passenger569,1,13,191,386,404,195,18,213,6
passenger570,1,14,191,386,407,195,21,216,6
passenger571,1,19,193,573,593,380,20,400,15
passenger572,1,14,193,386,407,193,21,214,6
passenger573,1,22,194,573,600,379,27,406,15
passenger574,1,24,195,573,604,378,31,409,15
passenger575,1,24,195,573,604,378,31,409,15
passenger576,1,16,196,432,461,236,29,265,6
passenger577,1,19,196,633,655,437,22,459,15
passenger578,1,9,196,291,309,95,18,113,4
passenger579,1,2,197,291,294,94,3,97,4
passenger580,1,11,197,432,446,235,14,249,6
passenger581,1,22,197,633,664,436,31,467,15
passenger582,1,5,197,319,329,122,10,132,4
passenger583,1,15,197,432,458,235,26,261,6
passenger584,1,6,198,319,332,121,13,134,4
passenger585,1,12,198,432,449,234,17,251,6
passenger586,1,5,198,319,329,121,10,131,4
passenger587,1,19,198,633,655,435,22,457,15
passenger588,1,21,198,633,661,435,28,463,15
passenger589,1,20,198,633,658,435,25,460,15
passenger590,1,18,199,633,652,434,19,453,15
passenger591,1,7,199,319,335,120,16,136,4
passenger592,1,14,199,432,455,233,23,256,6
passenger593,1,4,200,319,326,119,7,126,4
passenger594,1,10,202,432,443,230,11,241,6
passenger595,1,14,203,432,455,229,23,252,6
passenger596,1,18,203,633,652,430,19,449,15
passenger597,1,4,203,319,326,116,7,123,4
passenger598,1,21,203,633,661,430,28,458,15
passenger599,1,13,204,432,452,228,20,248,6
passenger600,1,23,204,633,667,429,34,463,15
passenger601,1,14,204,432,455,228,23,251,6
passenger602,1,15,205,432,458,227,26,253,6
passenger603,1,18,205,633,652,428,19,447,15
passenger604,1,21,205,691,717,486,26,512,15
passenger605,1,5,205,319,329,114,10,124,4
passenger606,1,14,207,489,508,282,19,301,9
passenger607,1,2,207,319,322,112,3,115,4
passenger608,1,13,207,489,505,282,16,298,9
passenger609,1,21,207,691,717,484,26,510,15
passenger610,1,22,207,691,720,484,29,513,15
passenger611,1,8,208,319,338,111,19,130,4
passenger612,1,11,208,489,501,281,12,293,9
passenger613,1,15,209,489,511,280,22,302,9
passenger614,1,11,209,489,501,280,12,292,9
passenger615,1,6,209,319,332,110,13,123,4
passenger616,1,9,209,347,367,138,20,158,4
passenger617,1,11,210,489,501,279,12,291,9
passenger618,1,14,210,489,508,279,19,298,9
passenger619,1,24,210,691,726,481,35,516,15
passenger620,1,15,211,489,511,278,22,300,9
passenger621,1,11,211,489,501,278,12,290,9
passenger622,1,17,211,489,515,278,26,304,9
passenger623,1,20,211,691,714,480,23,503,15
passenger624,1,12,211,533,548,322,15,337,9
passenger625,1,13,212,533,551,321,18,339,9
passenger626,1,7,212,266,282,54,16,70,5
passenger627,1,22,212,691,720,479,29,508,15
passenger628,1,22,212,691,720,479,29,508,15
passenger629,1,6,213,266,279,53,13,66,5
passenger630,1,10,213,533,544,320,11,331,9
passenger631,1,8,213,266,285,53,19,72,5
passenger632,1,24,214,540,575,326,35,361,13
passenger633,1,3,214,266,270,52,4,56,5
passenger634,1,6,214,266,279,52,13,65,5
passenger635,1,9,215,266,288,51,22,73,5
passenger636,1,15,215,533,557,318,24,342,9
passenger637,1,7,216,266,282,50,16,66,5
passenger638,1,14,216,533,554,317,21,338,9
passenger639,1,19,216,540,562,324,22,346,13
passenger640,1,21,216,540,568,324,28,352,13
passenger641,1,4,216,266,273,50,7,57,5
passenger642,1,5,216,266,276,50,10,60,5
passenger643,1,4,217,266,273,49,7,56,5
passenger644,1,23,217,540,572,323,32,355,13
passenger645,1,17,217,533,563,316,30,346,9
passenger646,1,14,217,533,554,316,21,337,9
passenger647,1,20,217,540,565,323,25,348,13
passenger648,1,16,218,533,560,315,27,342,9
passenger649,1,7,218,298,314,80,16,96,5
passenger650,1,14,218,533,554,315,21,336,9
passenger651,1,18,218,540,559,322,19,341,13
passenger652,1,2,219,298,301,79,3,82,5
passenger653,1,16,220,533,560,313,27,340,9
passenger654,1,13,220,581,601,361,20,381,9
passenger655,1,3,220,298,304,78,6,84,5
passenger656,1,8,220,298,317,78,19,97,5
passenger657,1,12,220,581,598,361,17,378,9
passenger658,1,10,221,581,592,360,11,371,9
passenger659,1,8,221,298,317,77,19,96,5
passenger660,1,17,221,581,611,360,30,390,9
passenger661,1,11,221,581,595,360,14,374,9
passenger662,1,13,221,581,601,360,20,380,9
passenger663,1,21,222,540,568,318,28,346,13
passenger664,1,4,222,298,307,76,9,85,5
passenger665,1,10,223,581,592,358,11,369,9
passenger666,1,3,224,298,304,74,6,80,5
passenger667,1,24,224,540,575,316,35,351,13
passenger668,1,6,224,298,311,74,13,87,5
passenger669,1,21,224,540,568,316,28,344,13
passenger670,1,6,225,298,311,73,13,86,5
passenger671,1,9,225,298,320,73,22,95,5
passenger672,1,16,225,581,608,356,27,383,9
passenger673,1,21,226,540,568,314,28,342,13
passenger674,1,6,226,330,343,104,13,117,5
passenger675,1,7,227,232,248,5,16,21,0
passenger676,1,23,228,600,630,372,30,402,13
passenger677,1,9,228,232,252,4,20,24,0
passenger678,1,7,228,232,248,4,16,20,0
passenger679,1,19,228,600,620,372,20,392,13
passenger680,1,4,229,232,241,3,9,12,0
passenger681,1,22,229,600,627,371,27,398,13
passenger682,1,23,229,600,630,371,30,401,13
passenger683,1,22,229,600,627,371,27,398,13
passenger684,1,9,230,232,252,2,20,22,0
passenger685,1,4,230,232,241,2,9,11,0
passenger686,1,12,230,478,495,248,17,265,6
passenger687,1,10,230,478,489,248,11,259,6
passenger688,1,25,231,600,636,369,36,405,13
passenger689,1,17,231,478,506,247,28,275,6
passenger690,1,24,232,600,633,368,33,401,13
passenger691,1,20,232,600,623,368,23,391,13
passenger692,1,19,232,600,620,368,20,388,13
passenger693,1,4,233,233,241,0,8,8,0
passenger694,1,3,234,234,238,0,4,4,0
passenger695,1,3,234,234,238,0,4,4,0
passenger696,1,16,234,478,503,244,25,269,6
passenger697,1,6,234,234,245,0,11,11,0
passenger698,1,25,235,600,636,365,36,401,13
passenger699,1,5,235,262,277,27,15,42,0
passenger700,1,24,235,662,693,427,31,458,13
passenger701,1,18,236,662,681,426,19,445,13
passenger702,1,4,236,262,274,26,12,38,0
passenger703,1,3,236,262,271,26,9,35,0
passenger704,1,11,237,478,492,241,14,255,6
passenger705,1,10,237,478,489,241,11,252,6
passenger706,1,9,238,347,367,109,20,129,4
passenger707,1,14,238,478,499,240,21,261,6
passenger708,1,5,239,330,340,91,10,101,5
passenger709,1,5,239,330,340,91,10,101,5
passenger710,1,18,239,662,681,423,19,442,13
passenger711,1,25,239,662,696,423,34,457,13
passenger712,1,8,239,330,347,91,17,108,5
passenger713,1,24,240,662,693,422,31,453,13
passenger714,1,10,241,478,489,237,11,248,6
passenger715,1,10,241,478,489,237,11,248,6
passenger716,1,4,241,330,337,89,7,96,5
passenger717,1,12,241,478,495,237,17,254,6
passenger718,1,13,241,524,540,283,16,299,6
passenger719,1,17,241,524,550,283,26,309,6
passenger720,1,5,242,330,340,88,10,98,5
passenger721,1,6,242,330,343,88,13,101,5
passenger722,1,12,243,524,537,281,13,294,6
passenger723,1,3,243,330,334,87,4,91,5
passenger724,1,5,243,330,340,87,10,97,5
passenger725,1,17,243,524,550,281,26,307,6
passenger726,1,24,244,662,693,418,31,449,13
passenger727,1,15,244,524,546,280,22,302,6
passenger728,1,5,245,330,340,85,10,95,5
passenger729,1,25,245,691,729,446,38,484,15
passenger730,1,14,246,524,543,278,19,297,6
passenger731,1,19,246,691,711,445,20,465,15
passenger732,1,6,246,356,371,110,15,125,5
passenger733,1,15,246,524,546,278,22,300,6
passenger734,1,3,247,356,362,109,6,115,5
passenger735,1,17,247,524,550,277,26,303,6
passenger736,1,6,247,356,371,109,15,124,5
passenger737,1,23,247,691,723,444,32,476,15
passenger738,1,3,248,356,362,108,6,114,5
passenger739,1,17,248,524,550,276,26,302,6
passenger740,1,5,249,356,368,107,12,119,5
passenger741,1,18,249,755,774,506,19,525,15
passenger742,1,13,249,524,540,275,16,291,6
passenger743,1,25,249,755,789,506,34,540,15
passenger744,1,17,249,568,596,319,28,347,6
passenger745,1,10,250,568,579,318,11,329,6
passenger746,1,4,250,356,365,106,9,115,5
passenger747,1,16,250,568,593,318,25,343,6
passenger748,1,12,251,581,598,330,17,347,9
passenger749,1,3,251,356,362,105,6,111,5
passenger750,1,15,252,581,605,329,24,353,9
passenger751,1,7,252,356,374,104,18,122,5
passenger752,1,7,253,356,374,103,18,121,5
passenger753,1,2,253,356,359,103,3,106,5
passenger754,1,10,253,629,640,376,11,387,9
passenger755,1,7,253,382,396,129,14,143,5
passenger756,1,3,253,382,386,129,4,133,5
passenger757,1,12,254,629,644,375,15,390,9
passenger758,1,7,254,260,276,6,16,22,2
passenger759,1,5,254,260,272,6,12,18,2
passenger760,1,13,254,629,647,375,18,393,9
passenger761,1,3,254,260,266,6,6,12,2
passenger762,1,25,255,755,789,500,34,534,15
passenger763,1,13,255,629,647,374,18,392,9
passenger764,1,25,256,755,789,499,34,533,15
passenger765,1,23,256,755,785,499,30,529,15
passenger766,1,25,256,755,789,499,34,533,15
passenger767,1,15,256,629,651,373,22,395,9
passenger768,1,12,256,629,644,373,15,388,9
passenger769,1,19,256,755,777,499,22,521,15
passenger770,1,3,257,260,266,3,6,9,2
passenger771,1,22,257,755,782,498,27,525,15
passenger772,1,9,257,260,280,3,20,23,2
passenger773,1,2,257,260,263,3,3,6,2
passenger774,1,7,257,260,276,3,16,19,2
passenger775,1,7,258,260,276,2,16,18,2
passenger776,1,2,258,260,263,2,3,5,2
passenger777,1,18,258,755,774,497,19,516,15
passenger778,1,4,258,260,269,2,9,11,2
passenger779,1,22,259,755,782,496,27,523,15
passenger780,1,12,259,629,644,370,15,385,9
passenger781,1,19,260,815,835,555,20,575,15
passenger782,1,10,260,629,640,369,11,380,9
passenger783,1,5,261,290,304,29,14,43,2
passenger784,1,6,262,262,280,0,18,18,0
passenger785,1,17,262,629,655,367,26,393,9
passenger786,1,19,262,815,835,553,20,573,15
passenger787,1,8,263,263,286,0,23,23,0
passenger788,1,10,263,629,640,366,11,377,9
passenger789,1,24,264,815,846,551,31,582,15
passenger790,1,22,265,815,842,550,27,577,15
passenger791,1,11,265,673,685,408,12,420,9
passenger792,1,7,265,265,283,0,18,18,0
passenger793,1,9,266,266,289,0,23,23,0
passenger794,1,14,266,673,694,407,21,428,9
passenger795,1,15,266,673,697,407,24,431,9
passenger796,1,6,266,266,280,0,14,14,0
passenger797,1,3,266,266,271,0,5,5,0
passenger798,1,13,267,673,691,406,18,424,9
passenger799,1,21,267,815,839,548,24,572,15
passenger800,1,5,267,267,277,0,10,10,0
passenger801,1,11,267,673,685,406,12,418,9
passenger802,1,5,268,299,309,31,10,41,0
passenger803,1,7,268,299,315,31,16,47,0
passenger804,1,16,268,673,700,405,27,432,9
passenger805,1,8,268,299,318,31,19,50,0
passenger806,1,8,268,299,318,31,19,50,0
passenger807,1,25,268,815,849,547,34,581,15
passenger808,1,6,269,299,312,30,13,43,0
passenger809,1,6,269,299,312,30,13,43,0
passenger810,1,24,269,815,846,546,31,577,15
passenger811,1,15,269,673,697,404,24,428,9
passenger812,1,3,270,299,303,29,4,33,0
passenger813,1,12,270,673,688,403,15,418,9
passenger814,1,15,270,673,697,403,24,427,9
passenger815,1,8,270,299,318,29,19,48,0
passenger816,1,15,270,673,697,403,24,427,9
passenger817,1,17,270,717,741,447,24,471,9
passenger818,1,8,270,299,318,29,19,48,0
passenger819,1,21,270,815,839,545,24,569,15
passenger820,1,12,270,717,732,447,15,462,9
passenger821,1,25,271,815,849,544,34,578,15
passenger822,1,4,271,299,306,28,7,35,0
passenger823,1,9,272,327,347,55,20,75,0
passenger824,1,19,272,815,835,543,20,563,15
passenger825,1,23,272,875,903,603,28,631,15
passenger826,1,7,273,327,341,54,14,68,0
passenger827,1,25,273,875,909,602,34,636,15
passenger828,1,6,274,327,338,53,11,64,0
passenger829,1,11,274,717,729,443,12,455,9
passenger830,1,9,274,327,347,53,20,73,0
passenger831,1,12,275,717,732,442,15,457,9
passenger832,1,23,275,875,903,600,28,628,15
passenger833,1,19,276,875,895,599,20,619,15
passenger834,1,21,276,875,899,599,24,623,15
passenger835,1,8,277,327,344,50,17,67,0
passenger836,1,24,277,662,693,385,31,416,13
passenger837,1,12,277,717,732,440,15,455,9
passenger838,1,17,277,717,741,440,24,464,9
passenger839,1,18,278,662,681,384,19,403,13
passenger840,1,17,278,568,596,290,28,318,6
passenger841,1,16,279,568,593,289,25,314,6
passenger842,1,13,279,568,586,289,18,307,6
passenger843,1,17,279,568,596,289,28,317,6
passenger844,1,23,279,662,690,383,28,411,13
passenger845,1,11,280,568,582,288,14,302,6
passenger846,1,14,280,568,589,288,21,309,6
passenger847,1,6,280,327,338,47,11,58,0
passenger848,1,10,280,568,579,288,11,299,6
passenger849,1,20,280,662,685,382,23,405,13
passenger850,1,17,280,614,642,334,28,362,6
passenger851,1,7,280,327,341,47,14,61,0
passenger852,1,15,281,614,638,333,24,357,6
passenger853,1,21,281,722,748,441,26,467,13
passenger854,1,4,281,327,334,46,7,53,0
passenger855,1,3,282,327,331,45,4,49,0
passenger856,1,11,282,614,626,332,12,344,6
passenger857,1,17,283,614,642,331,28,359,6
passenger858,1,9,283,327,347,44,20,64,0
passenger859,1,21,283,722,748,439,26,465,13
passenger860,1,22,283,722,751,439,29,468,13
passenger861,1,14,283,614,635,331,21,352,6
passenger862,1,11,283,614,626,331,12,343,6
passenger863,1,3,284,290,300,6,10,16,2
passenger864,1,21,284,722,748,438,26,464,13
passenger865,1,23,284,722,754,438,32,470,13
passenger866,1,12,284,614,629,330,15,345,6
passenger867,1,14,285,614,635,329,21,350,6
passenger868,1,20,285,722,745,437,23,460,13
passenger869,1,18,286,722,741,436,19,455,13
passenger870,1,5,287,290,304,3,14,17,2
passenger871,1,18,288,722,741,434,19,453,13
passenger872,1,24,288,722,757,434,35,469,13
passenger873,1,20,289,722,745,433,23,456,13
passenger874,1,13,289,614,632,325,18,343,6
passenger875,1,14,289,614,635,325,21,346,6
passenger876,1,8,290,290,313,0,23,23,2
passenger877,1,17,290,660,688,370,28,398,6
passenger878,1,7,290,290,310,0,20,20,2
passenger879,1,10,290,660,671,370,11,381,6
passenger880,1,8,291,291,313,0,22,22,2
passenger881,1,10,291,660,671,369,11,380,6
passenger882,1,10,291,660,671,369,11,380,6
passenger883,1,3,291,291,300,0,9,9,2
passenger884,1,19,292,782,804,490,22,512,13
passenger885,1,12,292,660,675,368,15,383,6
passenger886,1,24,292,782,815,490,33,523,13
passenger887,1,6,293,293,307,0,14,14,2
passenger888,1,18,293,782,801,489,19,508,13
passenger889,1,6,294,294,307,0,13,13,2
passenger890,1,15,295,660,682,365,22,387,6
passenger891,1,13,295,660,678,365,18,383,6
passenger892,1,12,295,660,675,365,15,380,6
passenger893,1,17,295,660,688,365,28,393,6
passenger894,1,21,296,782,808,486,26,512,13
passenger895,1,9,296,296,316,0,20,20,2
passenger896,1,22,296,782,811,486,29,515,13
passenger897,1,6,296,326,335,30,9,39,2
passenger898,1,9,296,326,340,30,14,44,2
passenger899,1,9,296,326,340,30,14,44,2
passenger900,1,24,297,782,815,485,33,518,13
passenger901,1,4,297,326,331,29,5,34,2
passenger902,1,11,298,717,729,419,12,431,9
passenger903,1,12,298,717,732,419,15,434,9
passenger904,1,21,298,782,808,484,26,510,13
passenger905,1,13,298,717,735,419,18,437,9
passenger906,1,25,298,782,818,484,36,520,13
passenger907,1,19,300,782,804,482,22,504,13
passenger908,1,18,300,782,801,482,19,501,13
passenger909,1,20,300,844,869,544,25,569,13
passenger910,1,5,301,357,369,56,12,68,0
passenger911,1,12,301,717,732,416,15,431,9
passenger912,1,16,301,759,780,458,21,479,9
passenger913,1,7,301,357,375,56,18,74,0
passenger914,1,4,302,357,366,55,9,64,0
passenger915,1,5,302,357,369,55,12,67,0
passenger916,1,20,302,844,869,542,25,567,13
passenger917,1,17,302,759,783,457,24,481,9
passenger918,1,8,304,357,378,53,21,74,0
passenger919,1,19,304,844,866,540,22,562,13
passenger920,1,18,304,844,863,540,19,559,13
passenger921,1,21,305,844,872,539,28,567,13
passenger922,1,23,305,844,876,539,32,571,13
passenger923,1,23,305,844,876,539,32,571,13
passenger924,1,6,305,357,372,52,15,67,0
passenger925,1,20,306,844,869,538,25,563,13
passenger926,1,11,306,759,771,453,12,465,9
passenger927,1,11,307,759,771,452,12,464,9
passenger928,1,17,307,759,783,452,24,476,9
passenger929,1,16,308,759,780,451,21,472,9
passenger930,1,12,308,759,774,451,15,466,9
passenger931,1,25,309,875,909,566,34,600,15
passenger932,1,6,309,382,393,73,11,84,5
passenger933,1,4,310,357,366,47,9,56,0
passenger934,1,2,311,357,360,46,3,49,0
passenger935,1,21,311,875,899,564,24,588,15
passenger936,1,11,311,759,771,448,12,460,9
passenger937,1,12,312,759,774,447,15,462,9
passenger938,1,17,312,759,783,447,24,471,9
passenger939,1,12,312,801,816,489,15,504,9
passenger940,1,15,313,801,825,488,24,512,9
passenger941,1,3,313,357,363,44,6,50,0
passenger942,1,5,314,347,357,33,10,43,4
passenger943,1,24,314,875,906,561,31,592,15
passenger944,1,12,314,801,816,487,15,502,9
passenger945,1,6,314,347,360,33,13,46,4
passenger946,1,10,314,801,812,487,11,498,9
passenger947,1,10,315,801,812,486,11,497,9
passenger948,1,8,315,347,364,32,17,49,4
passenger949,1,9,315,347,367,32,20,52,4
passenger950,1,19,315,875,895,560,20,580,15
passenger951,1,4,315,347,354,32,7,39,4
passenger952,1,9,316,347,367,31,20,51,4
passenger953,1,13,316,801,819,485,18,503,9
passenger954,1,14,316,801,822,485,21,506,9
passenger955,1,23,316,875,903,559,28,587,15
passenger956,1,24,316,935,970,619,35,654,15
passenger957,1,9,317,347,367,30,20,50,4
passenger958,1,14,317,801,822,484,21,505,9
passenger959,1,2,318,347,350,29,3,32,4
passenger960,1,16,319,801,828,482,27,509,9
passenger961,1,5,319,377,387,58,10,68,4
passenger962,1,3,319,377,381,58,4,62,4
passenger963,1,18,319,935,954,616,19,635,15
passenger964,1,6,320,377,390,57,13,70,4
passenger965,1,13,320,801,819,481,18,499,9
passenger966,1,4,320,377,384,57,7,64,4
passenger967,1,19,320,935,957,615,22,637,15
passenger968,1,20,320,935,960,615,25,640,15
passenger969,1,15,321,845,867,524,22,546,9
passenger970,1,22,321,935,964,614,29,643,15
passenger971,1,12,321,845,860,524,15,539,9
passenger972,1,6,321,377,390,56,13,69,4
passenger973,1,5,322,377,387,55,10,65,4
passenger974,1,7,322,377,393,55,16,71,4
passenger975,1,6,323,377,390,54,13,67,4
passenger976,1,9,323,377,397,54,20,74,4
passenger977,1,7,324,377,393,53,16,69,4
passenger978,1,16,324,845,870,521,25,546,9
passenger979,1,5,324,407,419,83,12,95,4
passenger980,1,16,325,660,685,335,25,360,6
passenger981,1,10,325,706,717,381,11,392,6
passenger982,1,18,325,935,954,610,19,629,15
passenger983,1,14,325,706,727,381,21,402,6
passenger984,1,23,326,935,967,609,32,641,15
passenger985,1,12,326,706,721,380,15,395,6
passenger986,1,9,326,326,340,0,14,14,2
passenger987,1,16,326,706,733,380,27,407,6
passenger988,1,17,328,706,736,378,30,408,6
passenger989,1,12,328,706,721,378,15,393,6
passenger990,1,15,329,706,730,377,24,401,6
passenger991,1,13,329,706,724,377,18,395,6
passenger992,1,9,329,357,381,28,24,52,0
passenger993,1,9,329,391,411,62,20,82,0
passenger994,1,23,330,935,967,605,32,637,15
passenger995,1,18,330,935,954,605,19,624,15
passenger996,1,4,330,382,389,52,7,59,5
passenger997,1,25,330,935,973,605,38,643,15
passenger998,1,19,331,999,1019,668,20,688,15
passenger999,1,3,332,382,386,50,4,54,5
passenger1000,1,19,332,999,1019,667,20,687,15
passenger1001,1,16,332,706,733,374,27,401,6
passenger1002,1,23,332,999,1031,667,32,699,15
passenger1003,1,13,332,706,724,374,18,392,6
passenger1004,1,14,332,754,773,422,19,441,6
passenger1005,1,9,333,382,402,49,20,69,5
passenger1006,1,9,333,382,402,49,20,69,5
passenger1007,1,16,333,754,779,421,25,446,6
passenger1008,1,21,334,999,1025,665,26,691,15
passenger1009,1,23,334,999,1031,665,32,697,15
passenger1010,1,20,334,999,1022,665,23,688,15
passenger1011,1,16,334,754,779,420,25,445,6
passenger1012,1,14,334,754,773,420,19,439,6
passenger1013,1,10,334,754,765,420,11,431,6
passenger1014,1,20,335,999,1022,664,23,687,15
passenger1015,1,9,336,382,402,46,20,66,5
passenger1016,1,8,336,382,399,46,17,63,5
passenger1017,1,22,336,999,1028,663,29,692,15
passenger1018,1,16,336,754,779,418,25,443,6
passenger1019,1,10,336,754,765,418,11,429,6
passenger1020,1,22,337,999,1028,662,29,691,15
passenger1021,1,25,337,999,1035,662,36,698,15
passenger1022,1,9,337,382,402,45,20,65,5
passenger1023,1,14,338,754,773,416,19,435,6
passenger1024,1,13,338,754,770,416,16,432,6
passenger1025,1,18,338,1061,1080,723,19,742,15
passenger1026,1,24,339,1061,1096,722,35,757,15
passenger1027,1,15,339,754,776,415,22,437,6
passenger1028,1,21,339,1061,1089,722,28,750,15
passenger1029,1,16,340,796,823,456,27,483,6
passenger1030,1,23,340,844,876,504,32,536,13
passenger1031,1,11,341,796,808,455,12,467,6
passenger1032,1,11,341,796,808,455,12,467,6
passenger1033,1,12,341,796,811,455,15,470,6
passenger1034,1,25,341,844,880,503,36,539,13
passenger1035,1,16,342,796,823,454,27,481,6
passenger1036,1,5,342,412,424,70,12,82,5
passenger1037,1,2,342,412,415,70,3,73,5
passenger1038,1,14,342,796,817,454,21,475,6
passenger1039,1,21,342,906,932,564,26,590,13
passenger1040,1,13,343,796,814,453,18,471,6
passenger1041,1,15,343,796,820,453,24,477,6
passenger1042,1,21,343,906,932,563,26,589,13
passenger1043,1,14,344,796,817,452,21,473,6
passenger1044,1,23,344,906,938,562,32,594,13
passenger1045,1,17,344,796,826,452,30,482,6
passenger1046,1,19,345,906,926,561,20,581,13
passenger1047,1,20,345,906,929,561,23,584,13
passenger1048,1,17,345,845,873,500,28,528,9
passenger1049,1,3,346,407,413,61,6,67,4
passenger1050,1,12,346,845,860,499,15,514,9
passenger1051,1,5,346,407,419,61,12,73,4
passenger1052,1,14,346,845,864,499,19,518,9
passenger1053,1,5,347,407,419,60,12,72,4
passenger1054,1,14,347,845,864,498,19,517,9
passenger1055,1,10,348,845,856,497,11,508,9
passenger1056,1,2,348,407,410,59,3,62,4
passenger1057,1,4,348,407,416,59,9,68,4
passenger1058,1,14,349,845,864,496,19,515,9
passenger1059,1,3,349,407,413,58,6,64,4
passenger1060,1,22,349,906,935,557,29,586,13
passenger1061,1,20,349,906,929,557,23,580,13
passenger1062,1,19,350,906,926,556,20,576,13
passenger1063,1,6,350,407,422,57,15,72,4
passenger1064,1,21,350,906,932,556,26,582,13
passenger1065,1,17,350,845,873,495,28,523,9
passenger1066,1,11,350,891,903,541,12,553,9
passenger1067,1,2,351,407,410,56,3,59,4
passenger1068,1,14,351,891,912,540,21,561,9
passenger1069,1,21,351,906,932,555,26,581,13
passenger1070,1,2,351,407,410,56,3,59,4
passenger1071,1,3,351,429,433,78,4,82,4
passenger1072,1,11,351,891,903,540,12,552,9
passenger1073,1,14,352,891,912,539,21,560,9
passenger1074,1,13,352,891,909,539,18,557,9
passenger1075,1,12,353,891,906,538,15,553,9
passenger1076,1,8,353,429,446,76,17,93,4
passenger1077,1,3,354,412,418,58,6,64,5
passenger1078,1,2,354,412,415,58,3,61,5
passenger1079,1,4,355,412,421,57,9,66,5
passenger1080,1,18,356,962,981,606,19,625,13
passenger1081,1,20,356,962,987,606,25,631,13
passenger1082,1,12,356,891,906,535,15,550,9
passenger1083,1,3,356,412,418,56,6,62,5
passenger1084,1,11,356,891,903,535,12,547,9
passenger1085,1,25,358,962,998,604,36,640,13
passenger1086,1,7,359,391,405,32,14,46,0
passenger1087,1,13,359,891,909,532,18,550,9
passenger1088,1,14,359,891,912,532,21,553,9
passenger1089,1,9,359,391,411,32,20,52,0
passenger1090,1,12,360,927,942,567,15,582,9
passenger1091,1,13,360,927,945,567,18,585,9
passenger1092,1,13,360,927,945,567,18,585,9
passenger1093,1,19,360,962,984,602,22,624,13
passenger1094,1,15,360,927,951,567,24,591,9
passenger1095,1,3,361,391,397,30,6,36,0
passenger1096,1,2,362,391,394,29,3,32,0
passenger1097,1,11,362,927,939,565,12,577,9
passenger1098,1,23,362,962,994,600,32,632,13
passenger1099,1,2,362,391,394,29,3,32,0
passenger1100,1,3,362,391,397,29,6,35,0
passenger1101,1,18,363,962,981,599,19,618,13
passenger1102,1,12,363,927,942,564,15,579,9
passenger1103,1,7,363,391,405,28,14,42,0
passenger1104,1,6,363,391,402,28,11,39,0
passenger1105,1,17,364,927,955,563,28,591,9
passenger1106,1,14,364,927,948,563,21,584,9
passenger1107,1,17,364,927,955,563,28,591,9
passenger1108,1,8,365,391,408,26,17,43,0
passenger1109,1,14,365,927,948,562,21,583,9
passenger1110,1,22,366,962,991,596,29,625,13
passenger1111,1,9,366,421,441,55,20,75,0
passenger1112,1,11,366,973,987,607,14,621,9
passenger1113,1,5,366,421,429,55,8,63,0
passenger1114,1,17,366,973,1003,607,30,637,9
passenger1115,1,2,367,421,424,54,3,57,0
passenger1116,1,7,368,421,435,53,14,67,0
passenger1117,1,19,368,962,984,594,22,616,13
passenger1118,1,2,369,421,424,52,3,55,0
passenger1119,1,25,369,962,998,593,36,629,13
passenger1120,1,11,369,973,987,604,14,618,9
passenger1121,1,11,369,973,987,604,14,618,9
passenger1122,1,14,370,973,994,603,21,624,9
passenger1123,1,17,370,973,1003,603,30,633,9
passenger1124,1,13,370,973,991,603,18,621,9
passenger1125,1,23,370,962,994,592,32,624,13
passenger1126,1,25,370,1024,1060,654,36,690,13
passenger1127,1,6,370,421,432,51,11,62,0
passenger1128,1,18,370,1024,1043,654,19,673,13
passenger1129,1,9,371,421,441,50,20,70,0
passenger1130,1,25,371,1061,1099,690,38,728,15
passenger1131,1,8,371,421,438,50,17,67,0
passenger1132,1,9,371,421,441,50,20,70,0
passenger1133,1,19,371,1061,1083,690,22,712,15
passenger1134,1,20,371,1061,1086,690,25,715,15
passenger1135,1,5,372,412,424,40,12,52,5
passenger1136,1,15,372,973,997,601,24,625,9
passenger1137,1,10,372,973,984,601,11,612,9
passenger1138,1,16,372,973,1000,601,27,628,9
passenger1139,1,15,373,844,866,471,22,493,6
passenger1140,1,25,373,1061,1099,688,38,726,15
passenger1141,1,24,373,1061,1096,688,35,723,15
passenger1142,1,17,373,844,872,471,28,499,6
passenger1143,1,18,374,1061,1080,687,19,706,15
passenger1144,1,23,374,1061,1093,687,32,719,15
passenger1145,1,6,375,429,442,54,13,67,4
passenger1146,1,19,375,1125,1147,750,22,772,15
passenger1147,1,20,376,1125,1150,749,25,774,15
passenger1148,1,5,376,429,439,53,10,63,4
passenger1149,1,23,376,1125,1157,749,32,781,15
passenger1150,1,18,376,1125,1144,749,19,768,15
passenger1151,1,10,377,844,855,467,11,478,6
passenger1152,1,13,377,844,862,467,18,485,6
passenger1153,1,13,378,844,862,466,18,484,6
passenger1154,1,24,379,1125,1160,746,35,781,15
passenger1155,1,25,379,1125,1163,746,38,784,15
passenger1156,1,21,380,1125,1153,745,28,773,15
passenger1157,1,17,380,844,872,464,28,492,6
passenger1158,1,4,380,429,436,49,7,56,4
passenger1159,1,23,380,1125,1157,745,32,777,15
passenger1160,1,5,380,429,439,49,10,59,4
passenger1161,1,6,380,429,442,49,13,62,4
passenger1162,1,3,381,412,418,31,6,37,5
passenger1163,1,24,381,1125,1160,744,35,779,15
passenger1164,1,13,382,844,862,462,18,480,6
passenger1165,1,7,382,412,428,30,16,46,5
passenger1166,1,3,382,412,418,30,6,36,5
passenger1167,1,11,383,844,858,461,14,475,6
passenger1168,1,19,384,1125,1147,741,22,763,15
passenger1169,1,25,384,1189,1225,805,36,841,15
passenger1170,1,15,385,844,866,459,22,481,6
passenger1171,1,16,385,844,869,459,25,484,6
passenger1172,1,22,385,1189,1216,804,27,831,15
passenger1173,1,23,385,1189,1219,804,30,834,15
passenger1174,1,8,385,436,453,51,17,68,5
passenger1175,1,25,386,1189,1225,803,36,839,15
passenger1176,1,14,386,890,909,504,19,523,6
passenger1177,1,24,386,1189,1222,803,33,836,15
passenger1178,1,4,386,436,443,50,7,57,5
passenger1179,1,4,386,436,443,50,7,57,5
passenger1180,1,23,386,1189,1219,803,30,833,15
passenger1181,1,18,388,1189,1208,801,19,820,15
passenger1182,1,6,388,436,449,48,13,61,5
passenger1183,1,23,388,1189,1219,801,30,831,15
passenger1184,1,4,388,436,443,48,7,55,5
passenger1185,1,18,389,1189,1208,800,19,819,15
passenger1186,1,6,389,421,432,32,11,43,0
passenger1187,1,3,390,451,457,61,6,67,0
passenger1188,1,21,390,1189,1213,799,24,823,15
passenger1189,1,22,390,1251,1280,861,29,890,15
passenger1190,1,4,390,451,460,61,9,70,0
passenger1191,1,4,390,451,460,61,9,70,0
passenger1192,1,16,390,890,915,500,25,525,6
passenger1193,1,2,390,451,454,61,3,64,0
passenger1194,1,19,391,1251,1273,860,22,882,15
passenger1195,1,23,391,1251,1283,860,32,892,15
passenger1196,1,20,391,1251,1276,860,25,885,15
passenger1197,1,7,391,451,467,60,16,76,0
passenger1198,1,6,392,451,464,59,13,72,0
passenger1199,1,18,393,1251,1270,858,19,877,15
passenger1200,1,3,393,451,457,58,6,64,0
passenger1201,1,14,394,1021,1042,627,21,648,9
passenger1202,1,12,394,1021,1036,627,15,642,9
passenger1203,1,19,394,1251,1273,857,22,879,15
passenger1204,1,6,395,451,464,56,13,69,0
passenger1205,1,20,395,1251,1276,856,25,881,15
passenger1206,1,18,395,1251,1270,856,19,875,15
passenger1207,1,7,396,451,467,55,16,71,0
passenger1208,1,10,396,1021,1032,625,11,636,9
passenger1209,1,3,396,451,457,55,6,61,0
passenger1210,1,12,397,1021,1036,624,15,639,9
passenger1211,1,8,397,475,492,78,17,95,0
passenger1212,1,4,397,475,484,78,9,87,0
passenger1213,1,15,398,1021,1045,623,24,647,9
passenger1214,1,15,398,1021,1045,623,24,647,9
passenger1215,1,4,398,475,484,77,9,86,0
passenger1216,1,6,398,475,488,77,13,90,0
passenger1217,1,3,399,475,481,76,6,82,0
passenger1218,1,18,400,1251,1270,851,19,870,15
passenger1219,1,10,400,1021,1032,621,11,632,9
passenger1220,1,3,401,475,481,74,6,80,0
passenger1221,1,6,401,475,488,74,13,87,0
passenger1222,1,25,401,1024,1060,623,36,659,13
passenger1223,1,8,402,429,446,27,17,44,4
passenger1224,1,18,402,1024,1043,622,19,641,13
passenger1225,1,13,402,1021,1039,619,18,637,9
passenger1226,1,6,403,429,442,26,13,39,4
passenger1227,1,9,403,429,449,26,20,46,4
passenger1228,1,2,404,459,462,55,3,58,4
passenger1229,1,19,404,1024,1046,620,22,642,13
passenger1230,1,10,404,1021,1032,617,11,628,9
passenger1231,1,13,404,1021,1039,617,18,635,9
passenger1232,1,5,404,459,467,55,8,63,4
passenger1233,1,21,404,1024,1050,620,26,646,13
passenger1234,1,7,404,459,473,55,14,69,4
passenger1235,1,15,405,1061,1081,656,20,676,9
passenger1236,1,22,405,1024,1053,619,29,648,13
passenger1237,1,19,405,1024,1046,619,22,641,13
passenger1238,1,16,406,1061,1084,655,23,678,9
passenger1239,1,23,407,1024,1056,617,32,649,13
passenger1240,1,6,407,459,470,52,11,63,4
passenger1241,1,25,407,1024,1060,617,36,653,13
passenger1242,1,15,407,1061,1081,654,20,674,9
passenger1243,1,11,407,1061,1073,654,12,666,9
passenger1244,1,8,408,459,476,51,17,68,4
passenger1245,1,19,408,1086,1108,678,22,700,13
passenger1246,1,25,409,1086,1122,677,36,713,13
passenger1247,1,18,409,1086,1105,677,19,696,13
passenger1248,1,2,409,459,462,50,3,53,4
passenger1249,1,13,409,1061,1077,652,16,668,9
passenger1250,1,19,411,1086,1108,675,22,697,13
passenger1251,1,11,411,1061,1073,650,12,662,9
passenger1252,1,20,411,1086,1111,675,25,700,13
passenger1253,1,18,412,1086,1105,674,19,693,13
passenger1254,1,3,412,436,440,24,4,28,5
passenger1255,1,15,412,1061,1081,649,20,669,9
passenger1256,1,6,412,436,449,24,13,37,5
passenger1257,1,13,413,1061,1077,648,16,664,9
passenger1258,1,11,413,1061,1073,648,12,660,9
passenger1259,1,21,413,1086,1114,673,28,701,13
passenger1260,1,22,413,1086,1117,673,31,704,13
passenger1261,1,13,414,1061,1077,647,16,663,9
passenger1262,1,14,414,1101,1120,687,19,706,9
passenger1263,1,17,414,1101,1125,687,24,711,9
passenger1264,1,17,414,1101,1125,687,24,711,9
passenger1265,1,17,414,1101,1125,687,24,711,9
passenger1266,1,20,414,1086,1111,672,25,697,13
passenger1267,1,25,414,1086,1122,672,36,708,13
passenger1268,1,21,414,1148,1174,734,26,760,13
passenger1269,1,5,414,436,446,22,10,32,5
passenger1270,1,13,415,1101,1117,686,16,702,9
passenger1271,1,13,416,1101,1117,685,16,701,9
passenger1272,1,14,416,1101,1120,685,19,704,9
passenger1273,1,14,416,1101,1120,685,19,704,9
passenger1274,1,19,416,1148,1170,732,22,754,13
passenger1275,1,12,417,1101,1114,684,13,697,9
passenger1276,1,8,417,436,453,19,17,36,5
passenger1277,1,12,417,1101,1114,684,13,697,9
passenger1278,1,22,417,1148,1177,731,29,760,13
passenger1279,1,9,417,436,456,19,20,39,5
passenger1280,1,2,418,466,469,48,3,51,5
passenger1281,1,25,418,1148,1184,730,36,766,13
passenger1282,1,6,418,466,481,48,15,63,5
passenger1283,1,16,418,1143,1168,725,25,750,9
passenger1284,1,21,418,1148,1174,730,26,756,13
passenger1285,1,8,418,466,487,48,21,69,5
passenger1286,1,10,418,1143,1154,725,11,736,9
passenger1287,1,8,418,466,487,48,21,69,5
passenger1288,1,5,418,466,478,48,12,60,5
passenger1289,1,5,419,466,478,47,12,59,5
passenger1290,1,6,419,466,481,47,15,62,5
passenger1291,1,12,419,1143,1158,724,15,739,9
passenger1292,1,14,419,1143,1162,724,19,743,9
passenger1293,1,2,420,475,478,55,3,58,0
passenger1294,1,22,420,1148,1177,728,29,757,13
passenger1295,1,18,420,1148,1167,728,19,747,13
passenger1296,1,3,420,475,481,55,6,61,0
passenger1297,1,22,420,1148,1177,728,29,757,13
passenger1298,1,2,421,475,478,54,3,57,0
passenger1299,1,15,421,890,912,469,22,491,6
passenger1300,1,13,422,890,906,468,16,484,6
passenger1301,1,14,422,890,909,468,19,487,6
passenger1302,1,24,422,1148,1181,726,33,759,13
passenger1303,1,24,423,1148,1181,725,33,758,13
passenger1304,1,8,424,501,514,77,13,90,0
passenger1305,1,15,425,890,912,465,22,487,6
passenger1306,1,25,425,1210,1248,785,38,823,13
passenger1307,1,19,426,1210,1232,784,22,806,13
passenger1308,1,23,426,1210,1242,784,32,816,13
passenger1309,1,12,426,890,903,464,13,477,6
passenger1310,1,8,426,501,514,75,13,88,0
passenger1311,1,14,426,890,909,464,19,483,6
passenger1312,1,21,427,1210,1238,783,28,811,13
passenger1313,1,24,427,1210,1245,783,35,818,13
passenger1314,1,18,427,1210,1229,783,19,802,13
passenger1315,1,18,429,1210,1229,781,19,800,13
passenger1316,1,14,429,890,909,461,19,480,6
passenger1317,1,9,429,459,479,30,20,50,4
passenger1318,1,12,429,890,903,461,13,474,6
passenger1319,1,13,429,932,948,503,16,519,6
passenger1320,1,21,429,1210,1238,781,28,809,13
passenger1321,1,15,430,932,954,502,22,524,6
passenger1322,1,21,430,1210,1238,780,28,808,13
passenger1323,1,2,430,459,462,29,3,32,4
passenger1324,1,20,430,1210,1235,780,25,805,13
passenger1325,1,14,431,932,951,501,19,520,6
passenger1326,1,25,431,1251,1287,820,36,856,15
passenger1327,1,13,431,932,948,501,16,517,6
passenger1328,1,13,431,932,948,501,16,517,6
passenger1329,1,5,431,459,467,28,8,36,4
passenger1330,1,21,432,1313,1337,881,24,905,15
passenger1331,1,18,433,1313,1332,880,19,899,15
passenger1332,1,22,434,1313,1340,879,27,906,15
passenger1333,1,4,434,466,475,32,9,41,5
passenger1334,1,7,435,466,484,31,18,49,5
passenger1335,1,23,435,1313,1343,878,30,908,15
passenger1336,1,3,435,466,472,31,6,37,5
passenger1337,1,14,436,932,951,496,19,515,6
passenger1338,1,11,436,932,944,496,12,508,6
passenger1339,1,24,436,1313,1346,877,33,910,15
passenger1340,1,22,436,1313,1340,877,27,904,15
passenger1341,1,23,436,1313,1343,877,30,907,15
passenger1342,1,8,436,496,515,60,19,79,5
passenger1343,1,16,437,932,957,495,25,520,6
passenger1344,1,18,437,1313,1332,876,19,895,15
passenger1345,1,25,437,1313,1349,876,36,912,15
passenger1346,1,2,438,496,499,58,3,61,5
passenger1347,1,25,439,1313,1349,874,36,910,15
passenger1348,1,10,439,1143,1154,704,11,715,9
passenger1349,1,5,439,496,506,57,10,67,5
passenger1350,1,16,439,1143,1168,704,25,729,9
passenger1351,1,20,440,1375,1396,935,21,956,15
passenger1352,1,5,440,496,506,56,10,66,5
passenger1353,1,2,440,496,499,56,3,59,5
passenger1354,1,23,441,1375,1403,934,28,962,15
passenger1355,1,24,441,1375,1406,934,31,965,15
passenger1356,1,5,441,496,506,55,10,65,5
passenger1357,1,23,442,1375,1403,933,28,961,15
passenger1358,1,23,442,1375,1403,933,28,961,15
passenger1359,1,25,442,1375,1409,933,34,967,15
passenger1360,1,7,442,496,512,54,16,70,5
passenger1361,1,15,443,1143,1165,700,22,722,9
passenger1362,1,25,443,1375,1409,932,34,966,15
passenger1363,1,23,443,1375,1403,932,28,960,15
passenger1364,1,16,444,1143,1168,699,25,724,9
passenger1365,1,6,444,496,509,52,13,65,5
passenger1366,1,4,445,496,503,51,7,58,5
passenger1367,1,8,445,496,515,51,19,70,5
passenger1368,1,3,445,524,530,79,6,85,5
passenger1369,1,6,446,524,537,78,13,91,5
passenger1370,1,3,446,524,530,78,6,84,5
passenger1371,1,20,446,1375,1396,929,21,950,15
passenger1372,1,16,446,1143,1168,697,25,722,9
passenger1373,1,14,446,1143,1162,697,19,716,9
passenger1374,1,21,446,1375,1399,929,24,953,15
passenger1375,1,11,447,1185,1199,738,14,752,9
passenger1376,1,11,447,1185,1199,738,14,752,9
passenger1377,1,6,447,501,510,54,9,63,0
passenger1378,1,12,447,1185,1202,738,17,755,9
passenger1379,1,6,448,501,510,53,9,62,0
passenger1380,1,16,448,1185,1214,737,29,766,9
passenger1381,1,25,448,1435,1473,987,38,1025,15
passenger1382,1,14,448,1185,1208,737,23,760,9
passenger1383,1,9,448,501,517,53,16,69,0
passenger1384,1,18,448,1435,1454,987,19,1006,15
passenger1385,1,21,449,1435,1463,986,28,1014,15
passenger1386,1,13,450,1185,1205,735,20,755,9
passenger1387,1,8,451,501,514,50,13,63,0
passenger1388,1,19,451,1435,1457,984,22,1006,15
passenger1389,1,6,451,501,510,50,9,59,0
passenger1390,1,25,452,1435,1473,983,38,1021,15
passenger1391,1,9,452,501,517,49,16,65,0
passenger1392,1,10,452,1185,1196,733,11,744,9
passenger1393,1,19,453,1435,1457,982,22,1004,15
passenger1394,1,2,453,501,504,48,3,51,0
passenger1395,1,6,453,501,510,48,9,57,0
passenger1396,1,5,453,527,537,74,10,84,0
passenger1397,1,11,454,1185,1199,731,14,745,9
passenger1398,1,15,454,1185,1211,731,26,757,9
passenger1399,1,6,454,527,540,73,13,86,0
passenger1400,1,10,454,1185,1196,731,11,742,9
passenger1401,1,20,454,1435,1460,981,25,1006,15
passenger1402,1,24,454,1435,1470,981,35,1016,15
passenger1403,1,2,455,527,530,72,3,75,0
passenger1404,1,17,455,1231,1259,776,28,804,9
passenger1405,1,2,456,527,530,71,3,74,0
passenger1406,1,14,456,1231,1250,775,19,794,9
passenger1407,1,23,456,1435,1467,979,32,1011,15
passenger1408,1,21,456,1435,1463,979,28,1007,15
passenger1409,1,7,456,527,543,71,16,87,0
passenger1410,1,8,456,527,546,71,19,90,0
passenger1411,1,20,456,1499,1522,1043,23,1066,15
passenger1412,1,21,457,1499,1525,1042,26,1068,15
passenger1413,1,8,457,459,476,2,17,19,4
passenger1414,1,2,457,489,495,32,6,38,4
passenger1415,1,12,457,1231,1246,774,15,789,9
passenger1416,1,16,457,1231,1256,774,25,799,9
passenger1417,1,12,457,1231,1246,774,15,789,9
passenger1418,1,24,457,1499,1532,1042,33,1075,15
passenger1419,1,21,458,1499,1525,1041,26,1067,15
passenger1420,1,20,458,1499,1522,1041,23,1064,15
passenger1421,1,2,459,489,495,30,6,36,4
passenger1422,1,22,459,1499,1528,1040,29,1069,15
passenger1423,1,20,459,1499,1522,1040,23,1063,15
passenger1424,1,11,459,1231,1243,772,12,784,9
passenger1425,1,16,459,1231,1256,772,25,797,9
passenger1426,1,21,460,1499,1525,1039,26,1065,15
passenger1427,1,23,461,1274,1306,813,32,845,13
passenger1428,1,15,461,1231,1253,770,22,792,9
passenger1429,1,2,461,489,495,28,6,34,4
passenger1430,1,16,462,1231,1256,769,25,794,9
passenger1431,1,18,462,1274,1293,812,19,831,13
passenger1432,1,3,463,489,498,26,9,35,4
passenger1433,1,21,463,1274,1300,811,26,837,13
passenger1434,1,6,464,489,505,25,16,41,4
passenger1435,1,23,465,1274,1306,809,32,841,13
passenger1436,1,15,467,932,954,465,22,487,6
passenger1437,1,9,467,524,544,57,20,77,5
passenger1438,1,3,467,524,530,57,6,63,5
passenger1439,1,2,468,524,527,56,3,59,5
passenger1440,1,19,469,1274,1296,805,22,827,13
passenger1441,1,11,469,932,944,463,12,475,6
passenger1442,1,22,470,1274,1303,804,29,833,13
passenger1443,1,7,470,524,540,54,16,70,5
passenger1444,1,24,470,1274,1309,804,35,839,13
passenger1445,1,24,471,1274,1309,803,35,838,13
passenger1446,1,4,471,524,533,53,9,62,5
passenger1447,1,17,471,974,1002,503,28,531,6
passenger1448,1,24,471,1274,1309,803,35,838,13
passenger1449,1,9,471,524,544,53,20,73,5
passenger1450,1,3,472,524,530,52,6,58,5
passenger1451,1,23,472,1274,1306,802,32,834,13
passenger1452,1,13,472,974,992,502,18,520,6
passenger1453,1,2,474,527,530,53,3,56,0
passenger1454,1,22,474,1334,1363,860,29,889,13
passenger1455,1,18,475,1334,1353,859,19,878,13
passenger1456,1,3,475,527,533,52,6,58,0
passenger1457,1,8,475,527,546,52,19,71,0
passenger1458,1,2,475,527,530,52,3,55,0
passenger1459,1,24,475,1334,1369,859,35,894,13
passenger1460,1,2,475,555,558,80,3,83,0
passenger1461,1,21,476,1334,1360,858,26,884,13
passenger1462,1,14,476,974,995,498,21,519,6
passenger1463,1,15,476,974,998,498,24,522,6
passenger1464,1,21,477,1334,1360,857,26,883,13
passenger1465,1,23,477,1334,1366,857,32,889,13
passenger1466,1,5,478,555,567,77,12,89,0
passenger1467,1,2,478,555,558,77,3,80,0
passenger1468,1,4,478,555,564,77,9,86,0
passenger1469,1,18,479,1334,1353,855,19,874,13
passenger1470,1,15,480,974,998,494,24,518,6
passenger1471,1,4,480,555,564,75,9,84,0
passenger1472,1,7,481,555,573,74,18,92,0
passenger1473,1,14,481,974,995,493,21,514,6
passenger1474,1,19,481,1334,1356,853,22,875,13
passenger1475,1,10,481,974,985,493,11,504,6
passenger1476,1,24,481,1334,1369,853,35,888,13
passenger1477,1,25,482,1334,1372,852,38,890,13
passenger1478,1,20,482,1398,1423,916,25,941,13
passenger1479,1,12,482,974,989,492,15,507,6
passenger1480,1,23,482,1398,1432,916,34,950,13
passenger1481,1,19,482,1398,1420,916,22,938,13
passenger1482,1,14,483,974,995,491,21,512,6
passenger1483,1,12,483,974,989,491,15,506,6
passenger1484,1,21,484,1398,1426,914,28,942,13
passenger1485,1,15,484,1020,1042,536,22,558,6
passenger1486,1,6,484,555,570,71,15,86,0
passenger1487,1,25,484,1398,1438,914,40,954,13
passenger1488,1,3,484,555,561,71,6,77,0
passenger1489,1,18,485,1398,1417,913,19,932,13
passenger1490,1,17,485,1231,1259,746,28,774,9
passenger1491,1,16,486,1277,1302,791,25,816,9
passenger1492,1,3,486,489,498,3,9,12,4
passenger1493,1,13,486,1277,1293,791,16,807,9
passenger1494,1,23,486,1398,1432,912,34,946,13
passenger1495,1,7,486,489,508,3,19,22,4
passenger1496,1,18,487,1398,1417,911,19,930,13
passenger1497,1,22,487,1398,1429,911,31,942,13
passenger1498,1,24,487,1398,1435,911,37,948,13
passenger1499,1,14,487,1277,1296,790,19,809,9
passenger1500,1,9,488,489,512,1,23,24,4
passenger1501,1,18,488,1464,1483,976,19,995,13
passenger1502,1,13,488,1277,1293,789,16,805,9
passenger1503,1,17,489,1277,1305,788,28,816,9
passenger1504,1,19,489,1464,1486,975,22,997,13
passenger1505,1,19,490,1464,1486,974,22,996,13
passenger1506,1,7,490,490,508,0,18,18,4
passenger1507,1,20,490,1464,1489,974,25,999,13
passenger1508,1,15,491,1277,1299,786,22,808,9
passenger1509,1,24,491,1464,1497,973,33,1006,13
passenger1510,1,17,491,1277,1305,786,28,814,9
passenger1511,1,23,491,1464,1494,973,30,1003,13
passenger1512,1,25,491,1464,1500,973,36,1009,13
passenger1513,1,25,491,1464,1500,973,36,1009,13
passenger1514,1,19,492,1464,1486,972,22,994,13
passenger1515,1,16,492,1277,1302,785,25,810,9
passenger1516,1,4,492,492,501,0,9,9,4
passenger1517,1,11,493,1277,1289,784,12,796,9
passenger1518,1,13,494,1277,1293,783,16,799,9
passenger1519,1,20,495,1499,1522,1004,23,1027,15
passenger1520,1,16,495,1323,1348,828,25,853,9
passenger1521,1,12,495,1323,1338,828,15,843,9
passenger1522,1,5,497,554,566,57,12,69,5
passenger1523,1,19,497,1499,1519,1002,20,1022,15
passenger1524,1,12,497,1323,1338,826,15,841,9
passenger1525,1,2,499,554,557,55,3,58,5
passenger1526,1,8,499,554,575,55,21,76,5
passenger1527,1,23,500,1557,1587,1057,30,1087,15
passenger1528,1,4,500,554,563,54,9,63,5
passenger1529,1,11,500,1323,1335,823,12,835,9
passenger1530,1,14,500,1323,1344,823,21,844,9
passenger1531,1,4,501,555,564,54,9,63,0
passenger1532,1,5,501,555,567,54,12,66,0
passenger1533,1,24,501,1557,1590,1056,33,1089,15
passenger1534,1,16,502,1323,1348,821,25,846,9
passenger1535,1,7,502,581,595,79,14,93,0
passenger1536,1,6,503,581,592,78,11,89,0
passenger1537,1,12,503,1323,1338,820,15,835,9
passenger1538,1,19,503,1557,1577,1054,20,1074,15
passenger1539,1,19,503,1557,1577,1054,20,1074,15
passenger1540,1,6,503,581,592,78,11,89,0
passenger1541,1,19,503,1557,1577,1054,20,1074,15
passenger1542,1,23,503,1557,1587,1054,30,1084,15
passenger1543,1,7,504,581,595,77,14,91,0
passenger1544,1,2,504,581,584,77,3,80,0
passenger1545,1,25,505,1557,1593,1052,36,1088,15
passenger1546,1,14,505,1323,1344,818,21,839,9
passenger1547,1,20,506,1557,1580,1051,23,1074,15
passenger1548,1,9,506,581,599,75,18,93,0
passenger1549,1,9,506,581,599,75,18,93,0
passenger1550,1,7,506,581,595,75,14,89,0
passenger1551,1,7,506,581,595,75,14,89,0
passenger1552,1,13,507,1323,1341,816,18,834,9
passenger1553,1,4,508,581,588,73,7,80,0
passenger1554,1,22,508,1557,1584,1049,27,1076,15
passenger1555,1,14,508,1323,1344,815,21,836,9
passenger1556,1,23,509,1557,1587,1048,30,1078,15
passenger1557,1,14,509,1365,1384,856,19,875,9
passenger1558,1,9,509,609,631,100,22,122,0
passenger1559,1,14,509,1365,1384,856,19,875,9
passenger1560,1,5,510,554,566,44,12,56,5
passenger1561,1,21,510,1619,1647,1109,28,1137,15
passenger1562,1,19,510,1619,1641,1109,22,1131,15
passenger1563,1,5,510,554,566,44,12,56,5
passenger1564,1,15,511,1020,1042,509,22,531,6
passenger1565,1,14,511,1020,1039,509,19,528,6
passenger1566,1,6,511,554,569,43,15,58,5
passenger1567,1,4,512,609,618,97,9,106,0
passenger1568,1,20,513,1619,1644,1106,25,1131,15
passenger1569,1,8,513,554,575,41,21,62,5
passenger1570,1,14,513,1020,1039,507,19,526,6
passenger1571,1,7,514,554,572,40,18,58,5
passenger1572,1,17,514,1020,1048,506,28,534,6
passenger1573,1,3,514,554,560,40,6,46,5
passenger1574,1,10,515,1020,1031,505,11,516,6
passenger1575,1,15,515,1020,1042,505,22,527,6
passenger1576,1,12,515,1020,1035,505,15,520,6
passenger1577,1,16,515,1020,1045,505,25,530,6
passenger1578,1,6,515,522,533,7,11,18,1
passenger1579,1,12,516,1020,1035,504,15,519,6
passenger1580,1,20,516,1619,1644,1103,25,1128,15
passenger1581,1,10,517,1066,1077,549,11,560,6
passenger1582,1,5,517,522,530,5,8,13,1
passenger1583,1,22,518,1619,1650,1101,31,1132,15
passenger1584,1,20,518,1619,1644,1101,25,1126,15
passenger1585,1,18,518,1619,1638,1101,19,1120,15
passenger1586,1,21,518,1619,1647,1101,28,1129,15
passenger1587,1,20,519,1619,1644,1100,25,1125,15
passenger1588,1,19,519,1619,1641,1100,22,1122,15
passenger1589,1,14,519,1066,1087,547,21,568,6
passenger1590,1,2,519,522,525,3,3,6,1
passenger1591,1,16,520,1066,1093,546,27,573,6
passenger1592,1,8,520,522,537,2,15,17,1
passenger1593,1,20,521,1673,1698,1152,25,1177,15
passenger1594,1,13,522,1066,1084,544,18,562,6
passenger1595,1,23,522,1673,1705,1151,32,1183,15
passenger1596,1,16,523,1066,1093,543,27,570,6
passenger1597,1,15,524,1066,1090,542,24,566,6
passenger1598,1,24,525,1673,1708,1148,35,1183,15
passenger1599,1,13,525,1066,1084,541,18,559,6
passenger1600,1,11,526,1066,1080,540,14,554,6
passenger1601,1,10,526,1066,1077,540,11,551,6
passenger1602,1,23,527,1464,1494,937,30,967,13
passenger1603,1,20,528,1526,1551,998,25,1023,13
passenger1604,1,5,528,609,621,81,12,93,0
passenger1605,1,13,528,1066,1084,538,18,556,6
passenger1606,1,10,528,1110,1121,582,11,593,6
passenger1607,1,17,528,1110,1136,582,26,608,6
passenger1608,1,3,529,609,615,80,6,86,0
passenger1609,1,19,529,1526,1548,997,22,1019,13
passenger1610,1,19,529,1526,1548,997,22,1019,13
passenger1611,1,7,529,609,625,80,16,96,0
passenger1612,1,5,529,609,621,80,12,92,0
passenger1613,1,17,529,1110,1136,581,26,607,6
passenger1614,1,8,530,609,628,79,19,98,0
passenger1615,1,24,530,1526,1559,996,33,1029,13
passenger1616,1,20,530,1526,1551,996,25,1021,13
passenger1617,1,24,531,1526,1559,995,33,1028,13
passenger1618,1,14,531,1365,1384,834,19,853,9
passenger1619,1,24,531,1526,1559,995,33,1028,13
passenger1620,1,2,533,609,612,76,3,79,0
passenger1621,1,8,533,609,628,76,19,95,0
passenger1622,1,2,533,609,612,76,3,79,0
passenger1623,1,18,533,1526,1545,993,19,1012,13
passenger1624,1,14,534,1365,1384,831,19,850,9
passenger1625,1,8,534,641,656,107,15,122,0
passenger1626,1,9,535,641,659,106,18,124,0
passenger1627,1,17,535,1365,1391,830,26,856,9
passenger1628,1,6,536,641,650,105,9,114,0
passenger1629,1,14,536,1365,1384,829,19,848,9
passenger1630,1,16,536,1365,1388,829,23,852,9
passenger1631,1,7,536,641,653,105,12,117,0
passenger1632,1,7,537,641,653,104,12,116,0
passenger1633,1,10,537,1365,1376,828,11,839,9
passenger1634,1,16,537,1365,1388,828,23,851,9
passenger1635,1,8,538,641,656,103,15,118,0
passenger1636,1,11,538,1365,1379,827,14,841,9
passenger1637,1,15,539,1409,1431,870,22,892,9
passenger1638,1,6,539,641,650,102,9,111,0
passenger1639,1,15,539,1409,1431,870,22,892,9
passenger1640,1,5,540,641,647,101,6,107,0
passenger1641,1,5,540,641,647,101,6,107,0
passenger1642,1,7,540,641,653,101,12,113,0
passenger1643,1,8,540,669,686,129,17,146,0
passenger1644,1,2,540,669,672,129,3,132,0
passenger1645,1,25,541,1526,1562,985,36,1021,13
passenger1646,1,9,541,669,689,128,20,148,0
passenger1647,1,21,541,1526,1554,985,28,1013,13
passenger1648,1,23,542,1588,1618,1046,30,1076,13
passenger1649,1,21,542,1588,1614,1046,26,1072,13
passenger1650,1,21,542,1588,1614,1046,26,1072,13
passenger1651,1,4,543,669,678,126,9,135,0
passenger1652,1,10,544,1409,1420,865,11,876,9
passenger1653,1,19,544,1588,1610,1044,22,1066,13
passenger1654,1,15,545,1409,1431,864,22,886,9
passenger1655,1,2,545,669,672,124,3,127,0
passenger1656,1,15,546,1409,1431,863,22,885,9
passenger1657,1,21,546,1588,1614,1042,26,1068,13
passenger1658,1,21,546,1588,1614,1042,26,1068,13
passenger1659,1,11,546,1409,1423,863,14,877,9
passenger1660,1,7,547,554,569,7,15,22,1
passenger1661,1,9,547,554,575,7,21,28,1
passenger1662,1,9,548,554,575,6,21,27,1
passenger1663,1,10,548,1409,1420,861,11,872,9
passenger1664,1,9,549,554,575,5,21,26,1
passenger1665,1,12,549,1409,1426,860,17,877,9
passenger1666,1,2,549,554,558,5,4,9,1
passenger1667,1,8,550,554,572,4,18,22,1
passenger1668,1,9,550,554,575,4,21,25,1
passenger1669,1,5,550,554,565,4,11,15,1
passenger1670,1,23,551,1588,1618,1037,30,1067,13
passenger1671,1,18,551,1588,1607,1037,19,1056,13
passenger1672,1,23,551,1588,1618,1037,30,1067,13
passenger1673,1,15,552,1409,1431,857,22,879,9
passenger1674,1,4,552,554,562,2,8,10,1
passenger1675,1,23,552,1588,1618,1036,30,1066,13
passenger1676,1,12,554,1409,1426,855,17,872,9
passenger1677,1,18,554,1642,1661,1088,19,1107,13
passenger1678,1,11,554,1447,1461,893,14,907,9
passenger1679,1,13,555,1110,1126,555,16,571,6
passenger1680,1,13,555,1110,1126,555,16,571,6
passenger1681,1,8,555,555,572,0,17,17,1
passenger1682,1,15,555,1110,1130,555,20,575,6
passenger1683,1,19,556,1642,1664,1086,22,1108,13
passenger1684,1,2,556,585,593,29,8,37,1
passenger1685,1,5,556,584,594,28,10,38,5
passenger1686,1,22,557,1642,1673,1085,31,1116,13
passenger1687,1,15,557,1110,1130,553,20,573,6
passenger1688,1,25,558,1673,1711,1115,38,1153,15
passenger1689,1,16,558,1110,1133,552,23,575,6
passenger1690,1,17,559,1110,1136,551,26,577,6
passenger1691,1,23,559,1673,1705,1114,32,1146,15
passenger1692,1,17,559,1110,1136,551,26,577,6
passenger1693,1,9,559,585,610,26,25,51,1
passenger1694,1,14,560,1154,1175,594,21,615,6
passenger1695,1,7,560,585,604,25,19,44,1
passenger1696,1,10,560,1154,1165,594,11,605,6
passenger1697,1,18,560,1673,1692,1113,19,1132,15
passenger1698,1,5,560,585,600,25,15,40,1
passenger1699,1,18,561,1673,1692,1112,19,1131,15
passenger1700,1,16,561,1154,1179,593,25,618,6
passenger1701,1,9,561,584,604,23,20,43,5
passenger1702,1,3,561,584,588,23,4,27,5
passenger1703,1,18,562,1673,1692,1111,19,1130,15
passenger1704,1,21,562,1673,1701,1111,28,1139,15
passenger1705,1,19,562,1673,1695,1111,22,1133,15
passenger1706,1,12,563,1154,1171,591,17,608,6
passenger1707,1,17,563,1154,1182,591,28,619,6
passenger1708,1,11,563,1154,1168,591,14,605,6
passenger1709,1,10,563,1154,1165,591,11,602,6
passenger1710,1,9,563,669,689,106,20,126,0
passenger1711,1,7,563,669,683,106,14,120,0
passenger1712,1,25,563,1737,1771,1174,34,1208,15
passenger1713,1,17,564,1154,1182,590,28,618,6
passenger1714,1,6,564,584,597,20,13,33,5
passenger1715,1,22,564,1737,1762,1173,25,1198,15
passenger1716,1,5,564,584,594,20,10,30,5
passenger1717,1,16,565,1154,1179,589,25,614,6
passenger1718,1,5,565,584,594,19,10,29,5
passenger1719,1,10,566,1154,1165,588,11,599,6
passenger1720,1,17,567,1200,1226,633,26,659,6
passenger1721,1,25,567,1737,1771,1170,34,1204,15
passenger1722,1,25,567,1737,1771,1170,34,1204,15
passenger1723,1,23,568,1737,1765,1169,28,1197,15
passenger1724,1,7,568,584,600,16,16,32,5
passenger1725,1,4,568,584,591,16,7,23,5
passenger1726,1,23,568,1737,1765,1169,28,1197,15
passenger1727,1,24,570,1737,1768,1167,31,1198,15
passenger1728,1,8,572,669,686,97,17,114,0
passenger1729,1,2,572,669,672,97,3,100,0
passenger1730,1,17,572,1200,1226,628,26,654,6
passenger1731,1,3,572,669,675,97,6,103,0
passenger1732,1,2,572,699,702,127,3,130,0
passenger1733,1,24,572,1737,1768,1165,31,1196,15
passenger1734,1,13,573,1200,1216,627,16,643,6
passenger1735,1,4,573,584,591,11,7,18,5
passenger1736,1,17,573,1200,1226,627,26,653,6
passenger1737,1,10,573,1200,1211,627,11,638,6
passenger1738,1,14,573,1200,1219,627,19,646,6
passenger1739,1,23,574,1737,1765,1163,28,1191,15
passenger1740,1,7,574,584,600,10,16,26,5
passenger1741,1,17,575,1200,1226,625,26,651,6
passenger1742,1,21,575,1737,1759,1162,22,1184,15
passenger1743,1,12,576,1447,1464,871,17,888,9
passenger1744,1,25,576,1797,1831,1221,34,1255,15
passenger1745,1,12,577,1447,1464,870,17,887,9
passenger1746,1,13,578,1447,1467,869,20,889,9
passenger1747,1,23,579,1797,1827,1218,30,1248,15
passenger1748,1,17,579,1447,1477,868,30,898,9
passenger1749,1,22,580,1797,1824,1217,27,1244,15
passenger1750,1,20,580,1797,1820,1217,23,1240,15
passenger1751,1,19,580,1797,1817,1217,20,1237,15
passenger1752,1,7,580,699,713,119,14,133,0
passenger1753,1,11,580,1447,1461,867,14,881,9
passenger1754,1,22,581,1797,1824,1216,27,1243,15
passenger1755,1,16,581,1447,1474,866,27,893,9
passenger1756,1,8,581,699,716,118,17,135,0
passenger1757,1,9,581,699,719,118,20,138,0
passenger1758,1,20,581,1797,1820,1216,23,1239,15
passenger1759,1,6,582,699,710,117,11,128,0
passenger1760,1,4,583,699,706,116,7,123,0
passenger1761,1,20,583,1797,1820,1214,23,1237,15
passenger1762,1,8,583,699,716,116,17,133,0
passenger1763,1,20,584,1797,1820,1213,23,1236,15
passenger1764,1,14,584,1447,1470,863,23,886,9
passenger1765,1,25,584,1797,1831,1213,34,1247,15
passenger1766,1,14,585,1447,1470,862,23,885,9
passenger1767,1,22,586,1857,1884,1271,27,1298,15
passenger1768,1,22,586,1857,1884,1271,27,1298,15
passenger1769,1,7,586,586,604,0,18,18,1
passenger1770,1,25,587,1857,1891,1270,34,1304,15
passenger1771,1,19,587,1857,1879,1270,22,1292,15
passenger1772,1,4,587,587,597,0,10,10,1
passenger1773,1,2,588,588,593,0,5,5,1
passenger1774,1,8,589,589,607,0,18,18,1
passenger1775,1,2,589,589,593,0,4,4,1
passenger1776,1,10,589,1447,1458,858,11,869,9
passenger1777,1,25,589,1642,1678,1053,36,1089,13
passenger1778,1,13,589,1495,1513,906,18,924,9
passenger1779,1,2,590,590,593,0,3,3,1
passenger1780,1,13,590,1495,1513,905,18,923,9
passenger1781,1,7,590,620,636,30,16,46,1
passenger1782,1,22,591,1642,1673,1051,31,1082,13
passenger1783,1,4,591,620,627,29,7,36,1
passenger1784,1,20,592,1642,1667,1050,25,1075,13
passenger1785,1,12,592,1495,1510,903,15,918,9
passenger1786,1,2,592,620,623,28,3,31,1
passenger1787,1,18,593,1642,1661,1049,19,1068,13
passenger1788,1,12,593,1495,1510,902,15,917,9
passenger1789,1,20,593,1642,1667,1049,25,1074,13
passenger1790,1,16,596,1495,1518,899,23,922,9
passenger1791,1,20,596,1642,1667,1046,25,1071,13
passenger1792,1,13,597,1495,1513,898,18,916,9
passenger1793,1,2,597,620,623,23,3,26,1
passenger1794,1,5,598,620,630,22,10,32,1
passenger1795,1,13,598,1495,1513,897,18,915,9
passenger1796,1,11,599,1495,1507,896,12,908,9
passenger1797,1,21,599,1642,1670,1043,28,1071,13
passenger1798,1,11,599,1495,1507,896,12,908,9
passenger1799,1,22,600,1704,1729,1104,25,1129,13
passenger1800,1,6,600,620,633,20,13,33,1
passenger1801,1,11,601,1495,1507,894,12,906,9
passenger1802,1,20,601,1704,1725,1103,21,1124,13
passenger1803,1,4,601,620,627,19,7,26,1
passenger1804,1,9,601,620,640,19,20,39,1
passenger1805,1,20,601,1704,1725,1103,21,1124,13
passenger1806,1,16,601,1535,1560,934,25,959,9
passenger1807,1,20,602,1704,1725,1102,21,1123,13
passenger1808,1,14,602,1200,1219,598,19,617,6
passenger1809,1,22,602,1704,1729,1102,25,1127,13
passenger1810,1,23,602,1704,1732,1102,28,1130,13
passenger1811,1,25,602,1704,1736,1102,32,1134,13
passenger1812,1,4,603,620,627,17,7,24,1
passenger1813,1,16,603,1200,1223,597,23,620,6
passenger1814,1,4,604,699,706,95,7,102,0
passenger1815,1,7,605,699,713,94,14,108,0
passenger1816,1,9,605,699,719,94,20,114,0
passenger1817,1,17,606,1200,1226,594,26,620,6
passenger1818,1,12,606,1244,1259,638,15,653,6
passenger1819,1,22,606,1704,1729,1098,25,1123,13
passenger1820,1,9,607,729,747,122,18,140,0
passenger1821,1,16,608,1244,1267,636,23,659,6
passenger1822,1,20,608,1704,1725,1096,21,1117,13
passenger1823,1,25,608,1704,1736,1096,32,1128,13
passenger1824,1,7,608,729,743,121,14,135,0
passenger1825,1,19,608,1762,1784,1154,22,1176,13
passenger1826,1,4,608,729,738,121,9,130,0
passenger1827,1,15,609,1244,1264,635,20,655,6
passenger1828,1,11,609,1244,1256,635,12,647,6
passenger1829,1,25,609,1762,1798,1153,36,1189,13
passenger1830,1,20,609,1762,1787,1153,25,1178,13
passenger1831,1,24,609,1762,1795,1153,33,1186,13
passenger1832,1,22,609,1762,1791,1153,29,1182,13
passenger1833,1,11,610,1244,1256,634,12,646,6
passenger1834,1,19,610,1762,1784,1152,22,1174,13
passenger1835,1,2,610,729,732,119,3,122,0
passenger1836,1,15,612,1244,1264,632,20,652,6
passenger1837,1,3,612,729,735,117,6,123,0
passenger1838,1,19,612,1762,1784,1150,22,1172,13
passenger1839,1,25,612,1762,1798,1150,36,1186,13
passenger1840,1,18,612,1762,1781,1150,19,1169,13
passenger1841,1,22,613,1762,1791,1149,29,1178,13
passenger1842,1,7,613,729,743,116,14,130,0
passenger1843,1,25,613,1824,1860,1211,36,1247,13
passenger1844,1,15,613,1244,1264,631,20,651,6
passenger1845,1,18,614,1824,1843,1210,19,1229,13
passenger1846,1,20,614,1824,1849,1210,25,1235,13
passenger1847,1,17,614,1244,1270,630,26,656,6
passenger1848,1,9,614,729,747,115,18,133,0
passenger1849,1,16,615,1244,1267,629,23,652,6
passenger1850,1,17,615,1244,1270,629,26,655,6
passenger1851,1,22,615,1824,1853,1209,29,1238,13
passenger1852,1,13,615,1288,1308,673,20,693,6
passenger1853,1,14,616,1288,1311,672,23,695,6
passenger1854,1,14,616,1288,1311,672,23,695,6
passenger1855,1,4,616,729,738,113,9,122,0
passenger1856,1,4,616,729,738,113,9,122,0
passenger1857,1,2,616,729,732,113,3,116,0
passenger1858,1,17,617,1288,1318,671,30,701,6
passenger1859,1,12,618,1288,1305,670,17,687,6
passenger1860,1,22,619,1857,1884,1238,27,1265,15
passenger1861,1,18,619,1857,1876,1238,19,1257,15
passenger1862,1,5,619,620,630,1,10,11,1
passenger1863,1,4,620,650,659,30,9,39,1
passenger1864,1,10,621,1288,1299,667,11,678,6
passenger1865,1,24,621,1857,1888,1236,31,1267,15
passenger1866,1,3,621,650,656,29,6,35,1
passenger1867,1,6,621,650,665,29,15,44,1
passenger1868,1,2,622,650,653,28,3,31,1
passenger1869,1,11,622,1288,1302,666,14,680,6
passenger1870,1,25,622,1857,1891,1235,34,1269,15
passenger1871,1,18,623,1857,1876,1234,19,1253,15
passenger1872,1,13,623,1535,1553,912,18,930,9
passenger1873,1,5,623,650,662,27,12,39,1
passenger1874,1,10,623,1535,1546,912,11,923,9
passenger1875,1,14,623,1535,1556,912,21,933,9
passenger1876,1,8,624,650,669,26,19,45,1
passenger1877,1,18,625,1857,1876,1232,19,1251,15
passenger1878,1,25,625,1917,1951,1292,34,1326,15
passenger1879,1,6,625,650,665,25,15,40,1
passenger1880,1,8,625,650,669,25,19,44,1
passenger1881,1,5,626,650,662,24,12,36,1
passenger1882,1,19,626,1917,1939,1291,22,1313,15
passenger1883,1,13,626,1535,1553,909,18,927,9
passenger1884,1,8,626,650,669,24,19,43,1
passenger1885,1,7,626,678,692,52,14,66,1
passenger1886,1,3,626,678,684,52,6,58,1
passenger1887,1,13,627,1535,1553,908,18,926,9
passenger1888,1,18,628,1917,1936,1289,19,1308,15
passenger1889,1,7,628,678,692,50,14,64,1
passenger1890,1,2,629,678,681,49,3,52,1
passenger1891,1,13,629,1535,1553,906,18,924,9
passenger1892,1,18,630,1917,1936,1287,19,1306,15
passenger1893,1,10,630,1535,1546,905,11,916,9
passenger1894,1,8,630,678,695,48,17,65,1
passenger1895,1,5,630,678,688,48,10,58,1
passenger1896,1,19,631,1917,1939,1286,22,1308,15
passenger1897,1,22,631,1917,1946,1286,29,1315,15
passenger1898,1,20,631,1917,1942,1286,25,1311,15
passenger1899,1,14,631,1535,1556,904,21,925,9
passenger1900,1,19,631,1917,1939,1286,22,1308,15
passenger1901,1,11,631,1535,1549,904,14,918,9
passenger1902,1,2,631,678,681,47,3,50,1
passenger1903,1,10,632,1577,1588,945,11,956,9
passenger1904,1,18,632,1917,1936,1285,19,1304,15
passenger1905,1,17,632,1577,1603,945,26,971,9
passenger1906,1,25,632,1917,1951,1285,34,1319,15
passenger1907,1,25,633,1977,2015,1344,38,1382,15
passenger1908,1,7,633,678,692,45,14,59,1
passenger1909,1,2,633,678,681,45,3,48,1
passenger1910,1,8,634,678,695,44,17,61,1
passenger1911,1,23,634,1977,2009,1343,32,1375,15
passenger1912,1,21,635,1977,2003,1342,26,1368,15
passenger1913,1,4,635,704,713,69,9,78,1
passenger1914,1,5,635,704,716,69,12,81,1
passenger1915,1,15,636,1577,1599,941,22,963,9
passenger1916,1,17,636,1577,1603,941,26,967,9
passenger1917,1,25,636,1977,2015,1341,38,1379,15
passenger1918,1,20,636,1977,2000,1341,23,1364,15
passenger1919,1,7,637,757,775,120,18,138,0
passenger1920,1,2,638,757,760,119,3,122,0
passenger1921,1,17,638,1577,1603,939,26,965,9
passenger1922,1,15,639,1577,1599,938,22,960,9
passenger1923,1,24,639,1977,2012,1338,35,1373,15
passenger1924,1,15,639,1577,1599,938,22,960,9
passenger1925,1,14,639,1577,1596,938,19,957,9
passenger1926,1,9,639,757,781,118,24,142,0
passenger1927,1,4,641,757,766,116,9,125,0
passenger1928,1,23,641,1977,2009,1336,32,1368,15
passenger1929,1,21,641,1977,2003,1336,26,1362,15
passenger1930,1,5,642,757,769,115,12,127,0
passenger1931,1,18,642,1977,1996,1335,19,1354,15
passenger1932,1,10,642,1577,1588,935,11,946,9
passenger1933,1,12,642,1577,1592,935,15,950,9
passenger1934,1,22,642,1977,2006,1335,29,1364,15
passenger1935,1,22,642,2041,2070,1399,29,1428,15
passenger1936,1,6,642,757,772,115,15,130,0
passenger1937,1,9,643,757,781,114,24,138,0
passenger1938,1,21,644,2041,2067,1397,26,1423,15
passenger1939,1,24,644,2041,2074,1397,33,1430,15
passenger1940,1,3,646,757,763,111,6,117,0
passenger1941,1,22,646,2041,2070,1395,29,1424,15
passenger1942,1,13,647,1621,1639,974,18,992,9
passenger1943,1,16,647,1621,1646,974,25,999,9
passenger1944,1,3,647,704,710,57,6,63,1
passenger1945,1,18,647,2041,2060,1394,19,1413,15
passenger1946,1,18,647,2041,2060,1394,19,1413,15
passenger1947,1,17,648,1288,1318,640,30,670,6
passenger1948,1,20,648,2041,2064,1393,23,1416,15
passenger1949,1,24,649,1824,1857,1175,33,1208,13
passenger1950,1,22,649,1824,1853,1175,29,1204,13
passenger1951,1,19,649,1824,1846,1175,22,1197,13
passenger1952,1,25,649,1824,1860,1175,36,1211,13
passenger1953,1,18,649,1824,1843,1175,19,1194,13
passenger1954,1,18,650,1824,1843,1174,19,1193,13
passenger1955,1,15,651,1288,1314,637,26,663,6
passenger1956,1,20,651,1886,1909,1235,23,1258,13
passenger1957,1,3,652,704,710,52,6,58,1
passenger1958,1,14,652,1288,1311,636,23,659,6
passenger1959,1,12,652,1336,1353,684,17,701,6
passenger1960,1,23,652,1886,1916,1234,30,1264,13
passenger1961,1,3,652,704,710,52,6,58,1
passenger1962,1,17,652,1336,1364,684,28,712,6
passenger1963,1,6,653,704,719,51,15,66,1
passenger1964,1,23,653,1886,1916,1233,30,1263,13
passenger1965,1,22,653,1886,1913,1233,27,1260,13
passenger1966,1,7,653,704,722,51,18,69,1
passenger1967,1,22,653,1886,1913,1233,27,1260,13
passenger1968,1,13,653,1336,1356,683,20,703,6
passenger1969,1,25,653,1886,1920,1233,34,1267,13
passenger1970,1,19,654,1886,1906,1232,20,1252,13
passenger1971,1,2,654,704,707,50,3,53,1
passenger1972,1,6,654,704,719,50,15,65,1
passenger1973,1,11,654,1336,1350,682,14,696,6
passenger1974,1,7,655,704,722,49,18,67,1
passenger1975,1,5,655,730,740,75,10,85,1
passenger1976,1,25,656,1886,1920,1230,34,1264,13
passenger1977,1,22,656,1886,1913,1230,27,1257,13
passenger1978,1,12,656,1336,1353,680,17,697,6
passenger1979,1,7,656,730,746,74,16,90,1
passenger1980,1,6,656,730,743,74,13,87,1
passenger1981,1,23,657,1886,1916,1229,30,1259,13
passenger1982,1,9,657,730,750,73,20,93,1
passenger1983,1,2,658,730,733,72,3,75,1
passenger1984,1,11,658,1336,1350,678,14,692,6
passenger1985,1,12,658,1336,1353,678,17,695,6
passenger1986,1,16,658,1336,1361,678,25,703,6
passenger1987,1,10,658,1336,1347,678,11,689,6
passenger1988,1,24,658,1946,1979,1288,33,1321,13
passenger1989,1,17,658,1336,1364,678,28,706,6
passenger1990,1,25,659,1946,1982,1287,36,1323,13
passenger1991,1,10,659,1382,1393,723,11,734,6
passenger1992,1,17,659,1382,1408,723,26,749,6
passenger1993,1,10,659,1382,1393,723,11,734,6
passenger1994,1,18,659,1946,1965,1287,19,1306,13
passenger1995,1,19,659,1946,1968,1287,22,1309,13
passenger1996,1,9,659,730,750,71,20,91,1
passenger1997,1,24,659,1946,1979,1287,33,1320,13
passenger1998,1,22,660,1946,1973,1286,27,1313,13
passenger1999,1,23,660,1946,1976,1286,30,1316,13
passenger2000,1,7,661,730,746,69,16,85,1
passenger2001,1,19,661,1946,1968,1285,22,1307,13
passenger2002,1,4,661,730,737,69,7,76,1
passenger2003,1,4,662,730,737,68,7,75,1
passenger2004,1,25,662,1946,1982,1284,36,1320,13
passenger2005,1,5,662,730,740,68,10,78,1
passenger2006,1,22,663,1946,1973,1283,27,1310,13
passenger2007,1,12,663,1382,1397,719,15,734,6
passenger2008,1,9,663,760,778,97,18,115,1
passenger2009,1,3,663,760,764,97,4,101,1
passenger2010,1,18,664,2008,2027,1344,19,1363,13
passenger2011,1,19,664,2008,2030,1344,22,1366,13
passenger2012,1,13,664,1382,1400,718,18,736,6
passenger2013,1,21,664,2008,2036,1344,28,1372,13
passenger2014,1,9,664,760,778,96,18,114,1
passenger2015,1,15,665,1382,1404,717,22,739,6
passenger2016,1,8,665,757,778,92,21,113,0
passenger2017,1,15,665,1382,1404,717,22,739,6
passenger2018,1,5,666,757,769,91,12,103,0
passenger2019,1,13,666,1382,1400,716,18,734,6
passenger2020,1,15,666,1382,1404,716,22,738,6
passenger2021,1,15,667,1382,1404,715,22,737,6
passenger2022,1,12,667,1426,1443,759,17,776,6
passenger2023,1,17,667,1426,1454,759,28,787,6
passenger2024,1,14,667,1426,1447,759,21,780,6
passenger2025,1,8,668,791,808,123,17,140,0
passenger2026,1,7,668,791,805,123,14,137,0
passenger2027,1,17,668,1621,1649,953,28,981,9
passenger2028,1,24,668,2008,2045,1340,37,1377,13
passenger2029,1,20,668,2008,2033,1340,25,1365,13
passenger2030,1,17,669,1621,1649,952,28,980,9
passenger2031,1,24,669,2008,2045,1339,37,1376,13
passenger2032,1,23,669,2008,2042,1339,34,1373,13
passenger2033,1,14,669,1621,1642,952,21,973,9
passenger2034,1,4,670,791,796,121,5,126,0
passenger2035,1,17,670,1621,1649,951,28,979,9
passenger2036,1,16,670,1621,1646,951,25,976,9
passenger2037,1,8,670,791,808,121,17,138,0
passenger2038,1,22,670,2008,2039,1338,31,1369,13
passenger2039,1,22,671,2008,2039,1337,31,1368,13
passenger2040,1,9,671,791,811,120,20,140,0
passenger2041,1,13,671,1621,1639,950,18,968,9
passenger2042,1,6,672,791,802,119,11,130,0
passenger2043,1,6,672,791,802,119,11,130,0
passenger2044,1,8,673,791,808,118,17,135,0
passenger2045,1,10,673,1621,1632,948,11,959,9
passenger2046,1,8,674,791,808,117,17,134,0
passenger2047,1,5,674,791,799,117,8,125,0
passenger2048,1,12,674,1621,1636,947,15,962,9
passenger2049,1,16,674,1667,1694,993,27,1020,9
passenger2050,1,9,675,821,841,146,20,166,0
passenger2051,1,14,675,1667,1688,992,21,1013,9
passenger2052,1,8,675,821,838,146,17,163,0
passenger2053,1,18,676,2008,2027,1332,19,1351,13
passenger2054,1,17,676,1667,1697,991,30,1021,9
passenger2055,1,25,677,2070,2106,1393,36,1429,13
passenger2056,1,3,677,760,764,83,4,87,1
passenger2057,1,22,677,2070,2099,1393,29,1422,13
passenger2058,1,10,678,1667,1678,989,11,1000,9
passenger2059,1,3,678,760,764,82,4,86,1
passenger2060,1,18,679,2041,2060,1362,19,1381,15
passenger2061,1,6,679,760,771,81,11,92,1
passenger2062,1,6,680,760,771,80,11,91,1
passenger2063,1,25,680,2041,2077,1361,36,1397,15
passenger2064,1,7,680,760,774,80,14,94,1
passenger2065,1,15,681,1667,1691,986,24,1010,9
passenger2066,1,6,681,760,771,79,11,90,1
passenger2067,1,4,682,760,767,78,7,85,1
passenger2068,1,2,683,788,791,105,3,108,1
passenger2069,1,2,683,788,791,105,3,108,1
passenger2070,1,13,683,1667,1685,984,18,1002,9
passenger2071,1,12,684,1667,1682,983,15,998,9
passenger2072,1,2,684,788,791,104,3,107,1
passenger2073,1,10,684,1667,1678,983,11,994,9
passenger2074,1,8,684,788,807,104,19,123,1
passenger2075,1,15,684,1667,1691,983,24,1007,9
passenger2076,1,25,684,2041,2077,1357,36,1393,15
passenger2077,1,18,684,2103,2122,1419,19,1438,15
passenger2078,1,24,684,2103,2138,1419,35,1454,15
passenger2079,1,6,685,788,801,103,13,116,1
passenger2080,1,7,686,788,804,102,16,118,1
passenger2081,1,20,686,2103,2126,1417,23,1440,15
passenger2082,1,9,686,788,810,102,22,124,1
passenger2083,1,22,686,2103,2132,1417,29,1446,15
passenger2084,1,13,686,1667,1685,981,18,999,9
passenger2085,1,6,687,788,801,101,13,114,1
passenger2086,1,22,687,2103,2132,1416,29,1445,15
passenger2087,1,15,688,1715,1737,1027,22,1049,9
passenger2088,1,21,688,2103,2129,1415,26,1441,15
passenger2089,1,12,688,1715,1732,1027,17,1044,9
passenger2090,1,5,688,788,798,100,10,110,1
passenger2091,1,18,689,2103,2122,1414,19,1433,15
passenger2092,1,4,690,788,795,98,7,105,1
passenger2093,1,17,690,1715,1741,1025,26,1051,9
passenger2094,1,12,691,1715,1732,1024,17,1041,9
passenger2095,1,20,691,2103,2126,1412,23,1435,15
passenger2096,1,22,691,2103,2132,1412,29,1441,15
passenger2097,1,11,691,1715,1729,1024,14,1038,9
passenger2098,1,23,691,2103,2135,1412,32,1444,15
passenger2099,1,4,692,820,827,128,7,135,1
passenger2100,1,4,692,820,827,128,7,135,1
passenger2101,1,25,693,2163,2199,1470,36,1506,15
passenger2102,1,15,693,1715,1737,1022,22,1044,9
passenger2103,1,12,693,1715,1732,1022,17,1039,9
passenger2104,1,5,693,821,831,128,10,138,0
passenger2105,1,8,693,821,838,128,17,145,0
passenger2106,1,18,693,2163,2182,1470,19,1489,15
passenger2107,1,21,693,2163,2187,1470,24,1494,15
passenger2108,1,23,693,2163,2193,1470,30,1500,15
passenger2109,1,11,694,1426,1440,732,14,746,6
passenger2110,1,12,695,1426,1443,731,17,748,6
passenger2111,1,5,696,821,831,125,10,135,0
passenger2112,1,3,696,821,825,125,4,129,0
passenger2113,1,12,697,1426,1443,729,17,746,6
passenger2114,1,15,698,1426,1450,728,24,752,6
passenger2115,1,4,698,821,828,123,7,130,0
passenger2116,1,11,700,1426,1440,726,14,740,6
passenger2117,1,17,700,1426,1454,726,28,754,6
passenger2118,1,21,700,2163,2187,1463,24,1487,15
passenger2119,1,24,701,2163,2196,1462,33,1495,15
passenger2120,1,10,701,1426,1437,725,11,736,6
passenger2121,1,11,701,1472,1486,771,14,785,6
passenger2122,1,22,702,2163,2190,1461,27,1488,15
passenger2123,1,18,702,2163,2182,1461,19,1480,15
passenger2124,1,8,702,821,838,119,17,136,0
passenger2125,1,18,702,2163,2182,1461,19,1480,15
passenger2126,1,5,702,821,831,119,10,129,0
passenger2127,1,12,702,1472,1489,770,17,787,6
passenger2128,1,9,703,820,838,117,18,135,1
passenger2129,1,25,703,2163,2199,1460,36,1496,15
passenger2130,1,2,704,820,823,116,3,119,1
passenger2131,1,22,704,2225,2256,1521,31,1552,15
passenger2132,1,8,704,820,835,116,15,131,1
passenger2133,1,2,704,820,823,116,3,119,1
passenger2134,1,17,704,1472,1498,768,26,794,6
passenger2135,1,18,706,2225,2244,1519,19,1538,15
passenger2136,1,5,706,820,830,114,10,124,1
passenger2137,1,2,706,820,823,114,3,117,1
passenger2138,1,4,707,820,827,113,7,120,1
passenger2139,1,11,707,1472,1486,765,14,779,6
passenger2140,1,5,708,820,830,112,10,122,1
passenger2141,1,18,709,2070,2089,1361,19,1380,13
passenger2142,1,3,709,848,854,139,6,145,1
passenger2143,1,20,709,2070,2095,1361,25,1386,13
passenger2144,1,22,709,2070,2099,1361,29,1390,13
passenger2145,1,19,710,2070,2092,1360,22,1382,13
passenger2146,1,24,710,2070,2103,1360,33,1393,13
passenger2147,1,24,710,2070,2103,1360,33,1393,13
passenger2148,1,3,710,848,854,138,6,144,1
passenger2149,1,10,710,1472,1483,762,11,773,6
passenger2150,1,20,710,2070,2095,1360,25,1385,13
passenger2151,1,10,711,1472,1483,761,11,772,6
passenger2152,1,19,711,2070,2092,1359,22,1381,13
passenger2153,1,20,712,2132,2157,1420,25,1445,13
passenger2154,1,25,712,2132,2168,1420,36,1456,13
passenger2155,1,9,713,848,868,135,20,155,1
passenger2156,1,10,713,1715,1726,1002,11,1013,9
passenger2157,1,2,714,848,851,134,3,137,1
passenger2158,1,8,714,848,865,134,17,151,1
passenger2159,1,8,715,848,865,133,17,150,1
passenger2160,1,12,716,1715,1732,999,17,1016,9
passenger2161,1,12,716,1715,1732,999,17,1016,9
passenger2162,1,22,717,2132,2163,1415,31,1446,13
passenger2163,1,20,718,2132,2157,1414,25,1439,13
passenger2164,1,19,719,2132,2154,1413,22,1435,13
passenger2165,1,2,719,848,851,129,3,132,1
passenger2166,1,13,719,1759,1777,1040,18,1058,9
passenger2167,1,19,721,2132,2154,1411,22,1433,13
passenger2168,1,7,721,848,862,127,14,141,1
passenger2169,1,12,722,1759,1774,1037,15,1052,9
passenger2170,1,19,722,2132,2154,1410,22,1432,13
passenger2171,1,21,722,2132,2160,1410,28,1438,13
passenger2172,1,22,722,2132,2163,1410,31,1441,13
passenger2173,1,12,722,1759,1774,1037,15,1052,9
passenger2174,1,11,723,1759,1771,1036,12,1048,9
passenger2175,1,11,723,1759,1771,1036,12,1048,9
passenger2176,1,18,723,2132,2151,1409,19,1428,13
passenger2177,1,12,723,1759,1774,1036,15,1051,9
passenger2178,1,11,724,1759,1771,1035,12,1047,9
passenger2179,1,6,724,821,834,97,13,110,0
passenger2180,1,13,724,1759,1777,1035,18,1053,9
passenger2181,1,7,724,851,867,127,16,143,0
passenger2182,1,14,725,1759,1780,1034,21,1055,9
passenger2183,1,23,725,2194,2224,1469,30,1499,13
passenger2184,1,20,725,2194,2215,1469,21,1490,13
passenger2185,1,13,726,1759,1777,1033,18,1051,9
passenger2186,1,25,726,2194,2228,1468,34,1502,13
passenger2187,1,25,726,2194,2228,1468,34,1502,13
passenger2188,1,12,727,1795,1810,1068,15,1083,9
passenger2189,1,20,727,2194,2215,1467,21,1488,13
passenger2190,1,10,728,1795,1806,1067,11,1078,9
passenger2191,1,23,729,2194,2224,1465,30,1495,13
passenger2192,1,10,729,1795,1806,1066,11,1077,9
passenger2193,1,8,730,851,870,121,19,140,0
passenger2194,1,5,730,851,861,121,10,131,0
passenger2195,1,22,731,2194,2221,1463,27,1490,13
passenger2196,1,9,731,851,873,120,22,142,0
passenger2197,1,21,731,2194,2218,1463,24,1487,13
passenger2198,1,4,731,851,858,120,7,127,0
passenger2199,1,14,731,1795,1816,1064,21,1085,9
passenger2200,1,12,732,1795,1810,1063,15,1078,9
passenger2201,1,12,732,1795,1810,1063,15,1078,9
passenger2202,1,6,732,848,859,116,11,127,1
passenger2203,1,3,732,848,854,116,6,122,1
passenger2204,1,10,733,1795,1806,1062,11,1073,9
passenger2205,1,13,734,1795,1813,1061,18,1079,9
passenger2206,1,21,735,2194,2218,1459,24,1483,13
passenger2207,1,13,735,1795,1813,1060,18,1078,9
passenger2208,1,7,735,878,894,143,16,159,1
passenger2209,1,8,736,851,870,115,19,134,0
passenger2210,1,16,736,1795,1820,1059,25,1084,9
passenger2211,1,12,737,1837,1854,1100,17,1117,9
passenger2212,1,23,737,2194,2224,1457,30,1487,13
passenger2213,1,12,737,1837,1854,1100,17,1117,9
passenger2214,1,15,737,1837,1861,1100,24,1124,9
passenger2215,1,3,737,851,855,114,4,118,0
passenger2216,1,6,738,851,864,113,13,126,0
passenger2217,1,22,738,2254,2281,1516,27,1543,13
passenger2218,1,10,738,1837,1848,1099,11,1110,9
passenger2219,1,12,740,754,769,14,15,29,10
passenger2220,1,16,740,754,779,14,25,39,10
passenger2221,1,3,740,851,855,111,4,115,0
passenger2222,1,14,740,754,773,14,19,33,10
passenger2223,1,10,741,754,765,13,11,24,10
passenger2224,1,5,741,851,861,110,10,120,0
passenger2225,1,12,741,754,769,13,15,28,10
passenger2226,1,12,742,754,769,12,15,27,10
passenger2227,1,6,742,878,891,136,13,149,1
passenger2228,1,15,743,754,776,11,22,33,10
passenger2229,1,19,743,2225,2247,1482,22,1504,15
passenger2230,1,8,744,878,897,134,19,153,1
passenger2231,1,25,744,2225,2263,1481,38,1519,15
passenger2232,1,16,744,754,779,10,25,35,10
passenger2233,1,20,744,2225,2250,1481,25,1506,15
passenger2234,1,3,744,878,882,134,4,138,1
passenger2235,1,20,744,2225,2250,1481,25,1506,15
passenger2236,1,10,744,754,765,10,11,21,10
passenger2237,1,19,744,2225,2247,1481,22,1503,15
passenger2238,1,21,745,2225,2253,1480,28,1508,15
passenger2239,1,8,745,878,897,133,19,152,1
passenger2240,1,8,746,878,897,132,19,151,1
passenger2241,1,3,747,878,882,131,4,135,1
passenger2242,1,16,747,754,779,7,25,32,10
passenger2243,1,20,747,2225,2250,1478,25,1503,15
passenger2244,1,11,748,796,810,48,14,62,10
passenger2245,1,5,748,878,888,130,10,140,1
passenger2246,1,9,748,878,900,130,22,152,1
passenger2247,1,11,748,796,810,48,14,62,10
passenger2248,1,23,749,2225,2259,1476,34,1510,15
passenger2249,1,4,749,878,885,129,7,136,1
passenger2250,1,10,749,796,807,47,11,58,10
passenger2251,1,17,750,796,822,46,26,72,10
passenger2252,1,7,750,883,899,133,16,149,0
passenger2253,1,23,750,2289,2323,1539,34,1573,15
passenger2254,1,23,750,2289,2323,1539,34,1573,15
passenger2255,1,11,751,796,810,45,14,59,10
passenger2256,1,19,751,2289,2311,1538,22,1560,15
passenger2257,1,20,751,2289,2314,1538,25,1563,15
passenger2258,1,18,752,2289,2308,1537,19,1556,15
passenger2259,1,6,752,883,896,131,13,144,0
passenger2260,1,3,752,883,889,131,6,137,0
passenger2261,1,10,752,796,807,44,11,55,10
passenger2262,1,5,752,883,893,131,10,141,0
passenger2263,1,9,753,883,905,130,22,152,0
passenger2264,1,17,753,796,822,43,26,69,10
passenger2265,1,16,753,796,819,43,23,66,10
passenger2266,1,7,754,883,899,129,16,145,0
passenger2267,1,2,754,883,886,129,3,132,0
passenger2268,1,7,754,883,899,129,16,145,0
passenger2269,1,12,755,796,813,41,17,58,10
passenger2270,1,20,755,2289,2314,1534,25,1559,15
passenger2271,1,10,756,796,807,40,11,51,10
passenger2272,1,8,756,883,902,127,19,146,0
passenger2273,1,15,756,840,864,84,24,108,10
passenger2274,1,3,756,883,889,127,6,133,0
passenger2275,1,7,757,915,931,158,16,174,0
passenger2276,1,2,758,915,918,157,3,160,0
passenger2277,1,14,758,1837,1858,1079,21,1100,9
passenger2278,1,12,758,1837,1854,1079,17,1096,9
passenger2279,1,15,758,1837,1861,1079,24,1103,9
passenger2280,1,16,759,1837,1864,1078,27,1105,9
passenger2281,1,11,759,1837,1851,1078,14,1092,9
passenger2282,1,22,760,2289,2320,1529,31,1560,15
passenger2283,1,24,760,2289,2326,1529,37,1566,15
passenger2284,1,4,760,910,919,150,9,159,1
passenger2285,1,24,760,2289,2326,1529,37,1566,15
passenger2286,1,6,760,910,923,150,13,163,1
passenger2287,1,7,760,910,926,150,16,166,1
passenger2288,1,14,760,1837,1858,1077,21,1098,9
passenger2289,1,2,760,910,913,150,3,153,1
passenger2290,1,10,761,1881,1892,1120,11,1131,9
passenger2291,1,6,761,910,923,149,13,162,1
passenger2292,1,13,761,1881,1899,1120,18,1138,9
passenger2293,1,21,762,2289,2317,1527,28,1555,15
passenger2294,1,24,762,2351,2384,1589,33,1622,15
passenger2295,1,7,762,910,926,148,16,164,1
passenger2296,1,15,763,1881,1905,1118,24,1142,9
passenger2297,1,13,763,1881,1899,1118,18,1136,9
passenger2298,1,11,764,1881,1895,1117,14,1131,9
passenger2299,1,17,764,1881,1909,1117,28,1145,9
passenger2300,1,25,764,2351,2387,1587,36,1623,15
passenger2301,1,11,765,1881,1895,1116,14,1130,9
passenger2302,1,3,765,915,921,150,6,156,0
passenger2303,1,23,766,2351,2381,1585,30,1615,15
passenger2304,1,24,766,2351,2384,1585,33,1618,15
passenger2305,1,9,767,915,935,148,20,168,0
passenger2306,1,14,767,1881,1902,1114,21,1135,9
passenger2307,1,22,767,2351,2378,1584,27,1611,15
passenger2308,1,14,767,1881,1902,1114,21,1135,9
passenger2309,1,13,767,1881,1899,1114,18,1132,9
passenger2310,1,24,767,2351,2384,1584,33,1617,15
passenger2311,1,21,767,2351,2375,1584,24,1608,15
passenger2312,1,14,767,1927,1946,1160,19,1179,9
passenger2313,1,5,768,915,927,147,12,159,0
passenger2314,1,12,769,1927,1942,1158,15,1173,9
passenger2315,1,18,769,2351,2370,1582,19,1601,15
passenger2316,1,8,769,910,929,141,19,160,1
passenger2317,1,14,769,1927,1946,1158,19,1177,9
passenger2318,1,17,770,1927,1953,1157,26,1183,9
passenger2319,1,4,770,915,924,145,9,154,0
passenger2320,1,15,770,1927,1949,1157,22,1179,9
passenger2321,1,19,770,2254,2274,1484,20,1504,13
passenger2322,1,7,770,915,931,145,16,161,0
passenger2323,1,15,770,1927,1949,1157,22,1179,9
passenger2324,1,19,770,2254,2274,1484,20,1504,13
passenger2325,1,3,770,915,921,145,6,151,0
passenger2326,1,17,771,1927,1953,1156,26,1182,9
passenger2327,1,8,772,910,929,138,19,157,1
passenger2328,1,11,773,1927,1939,1154,12,1166,9
passenger2329,1,17,773,1927,1953,1154,26,1180,9
passenger2330,1,2,773,910,913,137,3,140,1
passenger2331,1,2,773,915,918,142,3,145,0
passenger2332,1,12,773,1927,1942,1154,15,1169,9
passenger2333,1,24,773,2254,2287,1481,33,1514,13
passenger2334,1,2,774,915,918,141,3,144,0
passenger2335,1,20,774,2254,2277,1480,23,1503,13
passenger2336,1,3,774,945,951,171,6,177,0
passenger2337,1,13,775,1971,1989,1196,18,1214,9
passenger2338,1,12,775,1971,1986,1196,15,1211,9
passenger2339,1,13,775,1971,1989,1196,18,1214,9
passenger2340,1,3,775,910,916,135,6,141,1
passenger2341,1,20,776,2254,2277,1478,23,1501,13
passenger2342,1,8,776,938,955,162,17,179,1
passenger2343,1,20,777,2254,2277,1477,23,1500,13
passenger2344,1,17,778,1971,1999,1193,28,1221,9
passenger2345,1,15,778,1971,1995,1193,24,1217,9
passenger2346,1,9,778,945,965,167,20,187,0
passenger2347,1,17,779,1971,1999,1192,28,1220,9
passenger2348,1,25,779,2254,2290,1475,36,1511,13
passenger2349,1,24,780,2254,2287,1474,33,1507,13
passenger2350,1,23,780,2254,2284,1474,30,1504,13
passenger2351,1,7,780,945,961,165,16,181,0
passenger2352,1,16,780,795,824,15,29,44,7
passenger2353,1,11,782,795,809,13,14,27,7
passenger2354,1,25,782,2316,2354,1534,38,1572,13
passenger2355,1,24,782,2316,2351,1534,35,1569,13
passenger2356,1,22,783,2316,2347,1533,31,1564,13
passenger2357,1,5,783,938,946,155,8,163,1
passenger2358,1,9,783,938,958,155,20,175,1
passenger2359,1,19,784,2316,2338,1532,22,1554,13
passenger2360,1,19,784,2316,2338,1532,22,1554,13
passenger2361,1,10,784,795,806,11,11,22,7
passenger2362,1,5,785,938,946,153,8,161,1
passenger2363,1,5,785,938,946,153,8,161,1
passenger2364,1,18,785,2316,2335,1531,19,1550,13
passenger2365,1,12,785,795,812,10,17,27,7
passenger2366,1,13,786,795,815,9,20,29,7
passenger2367,1,21,786,2316,2344,1530,28,1558,13
passenger2368,1,2,787,938,941,151,3,154,1
passenger2369,1,20,787,2316,2341,1529,25,1554,13
passenger2370,1,8,788,938,955,150,17,167,1
passenger2371,1,24,788,2316,2351,1528,35,1563,13
passenger2372,1,24,789,2316,2351,1527,35,1562,13
passenger2373,1,14,789,795,818,6,23,29,7
passenger2374,1,9,789,938,958,149,20,169,1
passenger2375,1,7,789,938,952,149,14,163,1
passenger2376,1,6,789,938,949,149,11,160,1
passenger2377,1,25,790,2380,2416,1590,36,1626,13
passenger2378,1,6,791,945,958,154,13,167,0
passenger2379,1,12,792,795,812,3,17,20,7
passenger2380,1,13,792,795,815,3,20,23,7
passenger2381,1,18,792,2380,2399,1588,19,1607,13
passenger2382,1,22,792,2380,2411,1588,31,1619,13
passenger2383,1,15,792,795,821,3,26,29,7
passenger2384,1,20,793,2380,2405,1587,25,1612,13
passenger2385,1,15,793,795,821,2,26,28,7
passenger2386,1,12,794,841,854,47,13,60,7
passenger2387,1,5,794,945,955,151,10,161,0
passenger2388,1,7,794,945,961,151,16,167,0
passenger2389,1,12,794,841,854,47,13,60,7
passenger2390,1,3,795,945,951,150,6,156,0
passenger2391,1,9,796,968,988,172,20,192,1
passenger2392,1,13,796,840,858,44,18,62,10
passenger2393,1,13,796,841,857,45,16,61,7
passenger2394,1,21,797,2380,2408,1583,28,1611,13
passenger2395,1,25,798,2380,2416,1582,36,1618,13
passenger2396,1,19,798,2380,2402,1582,22,1604,13
passenger2397,1,3,798,945,951,147,6,153,0
passenger2398,1,11,798,840,852,42,12,54,10
passenger2399,1,19,798,2380,2402,1582,22,1604,13
passenger2400,1,16,799,840,867,41,27,68,10
passenger2401,1,12,799,840,855,41,15,56,10
passenger2402,1,12,799,840,855,41,15,56,10
passenger2403,1,11,799,840,852,41,12,53,10
passenger2404,1,15,799,840,864,41,24,65,10
passenger2405,1,6,799,968,979,169,11,180,1
passenger2406,1,14,799,840,861,41,21,62,10
passenger2407,1,6,801,945,958,144,13,157,0
passenger2408,1,18,802,2351,2370,1549,19,1568,15
passenger2409,1,22,803,2351,2378,1548,27,1575,15
passenger2410,1,14,803,1971,1992,1168,21,1189,9
passenger2411,1,11,803,1971,1983,1168,12,1180,9
passenger2412,1,24,804,2413,2446,1609,33,1642,15
passenger2413,1,17,804,1971,1999,1167,28,1195,9
passenger2414,1,12,805,1971,1986,1166,15,1181,9
passenger2415,1,2,805,968,971,163,3,166,1
passenger2416,1,2,806,945,948,139,3,142,0
passenger2417,1,7,806,975,989,169,14,183,0
passenger2418,1,7,806,968,982,162,14,176,1
passenger2419,1,19,806,2413,2435,1607,22,1629,15
passenger2420,1,14,807,2017,2040,1210,23,1233,9
passenger2421,1,25,807,2413,2449,1606,36,1642,15
passenger2422,1,14,807,2017,2040,1210,23,1233,9
passenger2423,1,23,808,2413,2443,1605,30,1635,15
passenger2424,1,15,809,2017,2043,1208,26,1234,9
passenger2425,1,10,809,2017,2028,1208,11,1219,9
passenger2426,1,19,810,2413,2435,1603,22,1625,15
passenger2427,1,12,810,2017,2034,1207,17,1224,9
passenger2428,1,8,811,819,838,8,19,27,2
passenger2429,1,13,811,2017,2037,1206,20,1226,9
passenger2430,1,17,811,2017,2047,1206,30,1236,9
passenger2431,1,11,811,2017,2031,1206,14,1220,9
passenger2432,1,18,811,2413,2432,1602,19,1621,15
passenger2433,1,25,812,2413,2449,1601,36,1637,15
passenger2434,1,11,812,2017,2031,1205,14,1219,9
passenger2435,1,9,813,819,841,6,22,28,2
passenger2436,1,11,813,2017,2031,1204,14,1218,9
passenger2437,1,22,813,2413,2440,1600,27,1627,15
passenger2438,1,6,813,819,834,6,15,21,2
passenger2439,1,25,813,2413,2449,1600,36,1636,15
passenger2440,1,11,814,2065,2079,1251,14,1265,9
passenger2441,1,22,815,2413,2440,1598,27,1625,15
passenger2442,1,20,815,2475,2500,1660,25,1685,15
passenger2443,1,20,816,2475,2500,1659,25,1684,15
passenger2444,1,23,817,2475,2507,1658,32,1690,15
passenger2445,1,6,817,819,834,2,15,17,2
passenger2446,1,16,818,2065,2090,1247,25,1272,9
passenger2447,1,4,818,819,830,1,11,12,2
passenger2448,1,9,819,819,841,0,22,22,2
passenger2449,1,2,819,819,824,0,5,5,2
passenger2450,1,18,819,2475,2494,1656,19,1675,15
passenger2451,1,16,820,2065,2090,1245,25,1270,9
passenger2452,1,19,820,2475,2497,1655,22,1677,15
passenger2453,1,6,820,820,834,0,14,14,2
passenger2454,1,9,820,820,841,0,21,21,2
passenger2455,1,18,820,2475,2494,1655,19,1674,15
passenger2456,1,21,820,2475,2503,1655,28,1683,15
passenger2457,1,23,820,2475,2507,1655,32,1687,15
passenger2458,1,3,821,821,827,0,6,6,2
passenger2459,1,11,822,2065,2079,1243,14,1257,9
passenger2460,1,2,823,851,854,28,3,31,2
passenger2461,1,21,824,2475,2503,1651,28,1679,15
passenger2462,1,4,824,851,858,27,7,34,2
passenger2463,1,21,824,2475,2503,1651,28,1679,15
passenger2464,1,5,825,851,861,26,10,36,2
passenger2465,1,2,826,851,854,25,3,28,2
passenger2466,1,23,826,2531,2561,1705,30,1735,15
passenger2467,1,12,826,840,855,14,15,29,10
passenger2468,1,12,826,884,901,58,17,75,10
passenger2469,1,17,827,884,914,57,30,87,10
passenger2470,1,8,827,851,866,24,15,39,2
passenger2471,1,18,827,2531,2550,1704,19,1723,15
passenger2472,1,12,827,884,901,57,17,74,10
passenger2473,1,8,828,851,866,23,15,38,2
passenger2474,1,11,828,884,898,56,14,70,10
passenger2475,1,2,828,851,854,23,3,26,2
passenger2476,1,9,828,851,869,23,18,41,2
passenger2477,1,16,828,884,911,56,27,83,10
passenger2478,1,5,829,851,861,22,10,32,2
passenger2479,1,4,830,851,858,21,7,28,2
passenger2480,1,17,831,884,914,53,30,83,10
passenger2481,1,12,831,884,901,53,17,70,10
passenger2482,1,5,831,879,891,48,12,60,2
passenger2483,1,19,831,2380,2402,1549,22,1571,13
passenger2484,1,20,831,2380,2405,1549,25,1574,13
passenger2485,1,2,832,879,882,47,3,50,2
passenger2486,1,6,832,879,894,47,15,62,2
passenger2487,1,10,833,884,895,51,11,62,10
passenger2488,1,19,834,2442,2464,1608,22,1630,13
passenger2489,1,3,834,879,885,45,6,51,2
passenger2490,1,21,834,2442,2470,1608,28,1636,13
passenger2491,1,9,834,879,901,45,22,67,2
passenger2492,1,5,834,879,891,45,12,57,2
passenger2493,1,22,834,2442,2473,1608,31,1639,13
passenger2494,1,4,835,879,888,44,9,53,2
passenger2495,1,5,835,879,891,44,12,56,2
passenger2496,1,24,835,2442,2479,1607,37,1644,13
passenger2497,1,14,837,884,907,47,23,70,10
passenger2498,1,13,837,884,904,47,20,67,10
passenger2499,1,18,838,2442,2461,1604,19,1623,13
passenger2500,1,17,838,932,960,94,28,122,10
passenger2501,1,16,838,932,957,94,25,119,10
passenger2502,1,2,838,879,882,41,3,44,2
passenger2503,1,15,839,932,954,93,22,115,10
passenger2504,1,8,839,879,898,40,19,59,2
passenger2505,1,21,840,2442,2470,1602,28,1630,13
passenger2506,1,14,840,932,951,92,19,111,10
passenger2507,1,4,840,911,916,71,5,76,2
passenger2508,1,23,840,2442,2476,1602,34,1636,13
passenger2509,1,8,840,911,926,71,15,86,2
passenger2510,1,8,842,968,985,126,17,143,1
passenger2511,1,24,843,2442,2479,1599,37,1636,13
passenger2512,1,20,843,2442,2467,1599,25,1624,13
passenger2513,1,22,843,2442,2473,1599,31,1630,13
passenger2514,1,17,844,1472,1498,628,26,654,6
passenger2515,1,23,844,2504,2536,1660,32,1692,13
passenger2516,1,4,844,968,975,124,7,131,1
passenger2517,1,16,844,1472,1495,628,23,651,6
passenger2518,1,9,845,968,988,123,20,143,1
passenger2519,1,11,845,1472,1486,627,14,641,6
passenger2520,1,7,845,968,982,123,14,137,1
passenger2521,1,6,846,968,979,122,11,133,1
passenger2522,1,12,846,1472,1489,626,17,643,6
passenger2523,1,24,846,2504,2539,1658,35,1693,13
passenger2524,1,17,847,2065,2093,1218,28,1246,9
passenger2525,1,10,848,2065,2076,1217,11,1228,9
passenger2526,1,12,848,2065,2082,1217,17,1234,9
passenger2527,1,14,848,2065,2086,1217,21,1238,9
passenger2528,1,7,850,968,982,118,14,132,1
passenger2529,1,14,850,2065,2086,1215,21,1236,9
passenger2530,1,18,850,2504,2523,1654,19,1673,13
passenger2531,1,7,850,998,1012,148,14,162,1
passenger2532,1,16,850,2065,2090,1215,25,1240,9
passenger2533,1,19,850,2504,2526,1654,22,1676,13
passenger2534,1,14,850,2111,2130,1261,19,1280,9
passenger2535,1,9,851,911,929,60,18,78,2
passenger2536,1,15,851,2111,2133,1260,22,1282,9
passenger2537,1,21,851,2504,2532,1653,28,1681,13
passenger2538,1,7,851,911,923,60,12,72,2
passenger2539,1,15,852,2111,2133,1259,22,1281,9
passenger2540,1,18,852,2504,2523,1652,19,1671,13
passenger2541,1,9,852,911,929,59,18,77,2
passenger2542,1,11,853,2111,2125,1258,14,1272,9
passenger2543,1,23,853,2504,2536,1651,32,1683,13
passenger2544,1,10,853,2111,2122,1258,11,1269,9
passenger2545,1,16,854,2111,2136,1257,25,1282,9
passenger2546,1,5,854,911,919,57,8,65,2
passenger2547,1,24,855,2504,2539,1649,35,1684,13
passenger2548,1,16,855,2111,2136,1256,25,1281,9
passenger2549,1,20,855,2504,2529,1649,25,1674,13
passenger2550,1,16,855,2111,2136,1256,25,1281,9
passenger2551,1,10,855,2111,2122,1256,11,1267,9
passenger2552,1,10,855,2111,2122,1256,11,1267,9
passenger2553,1,18,856,2504,2523,1648,19,1667,13
passenger2554,1,22,856,2564,2593,1708,29,1737,13
passenger2555,1,5,857,911,919,54,8,62,2
passenger2556,1,22,857,2564,2593,1707,29,1736,13
passenger2557,1,21,858,2564,2590,1706,26,1732,13
passenger2558,1,4,858,911,916,53,5,58,2
passenger2559,1,4,859,911,916,52,5,57,2
passenger2560,1,18,860,2564,2583,1704,19,1723,13
passenger2561,1,22,860,2564,2593,1704,29,1733,13
passenger2562,1,11,860,1516,1528,656,12,668,6
passenger2563,1,17,860,1516,1544,656,28,684,6
passenger2564,1,25,860,2564,2600,1704,36,1740,13
passenger2565,1,9,861,911,929,50,18,68,2
passenger2566,1,7,862,939,951,77,12,89,2
passenger2567,1,25,862,2531,2565,1669,34,1703,15
passenger2568,1,8,862,939,954,77,15,92,2
passenger2569,1,13,862,2153,2171,1291,18,1309,9
passenger2570,1,12,862,2153,2168,1291,15,1306,9
passenger2571,1,14,862,2153,2174,1291,21,1312,9
passenger2572,1,8,862,939,954,77,15,92,2
passenger2573,1,18,863,2531,2550,1668,19,1687,15
passenger2574,1,18,863,2531,2550,1668,19,1687,15
passenger2575,1,6,863,939,948,76,9,85,2
passenger2576,1,13,864,876,894,12,18,30,7
passenger2577,1,3,864,939,943,75,4,79,2
passenger2578,1,7,866,975,989,109,14,123,0
passenger2579,1,25,866,2531,2565,1665,34,1699,15
passenger2580,1,14,866,876,897,10,21,31,7
passenger2581,1,16,866,876,903,10,27,37,7
passenger2582,1,23,866,2531,2561,1665,30,1695,15
passenger2583,1,19,867,2531,2553,1664,22,1686,15
passenger2584,1,21,867,2531,2557,1664,26,1690,15
passenger2585,1,19,867,2531,2553,1664,22,1686,15
passenger2586,1,13,869,876,894,7,18,25,7
passenger2587,1,17,869,876,906,7,30,37,7
passenger2588,1,8,869,975,992,106,17,123,0
passenger2589,1,23,869,2591,2621,1722,30,1752,15
passenger2590,1,6,870,975,986,105,11,116,0
passenger2591,1,23,870,2591,2621,1721,30,1751,15
passenger2592,1,23,870,2591,2621,1721,30,1751,15
passenger2593,1,5,871,975,983,104,8,112,0
passenger2594,1,19,871,2591,2613,1720,22,1742,15
passenger2595,1,25,871,2591,2627,1720,36,1756,15
passenger2596,1,15,871,876,900,5,24,29,7
passenger2597,1,10,872,876,887,4,11,15,7
passenger2598,1,23,872,2591,2621,1719,30,1749,15
passenger2599,1,14,872,876,897,4,21,25,7
passenger2600,1,4,872,998,1007,126,9,135,1
passenger2601,1,7,873,998,1012,125,14,139,1
passenger2602,1,18,873,2591,2610,1718,19,1737,15
passenger2603,1,12,873,876,891,3,15,18,7
passenger2604,1,7,873,998,1012,125,14,139,1
passenger2605,1,21,873,2591,2617,1718,26,1744,15
passenger2606,1,4,873,998,1007,125,9,134,1
passenger2607,1,7,874,998,1012,124,14,138,1
passenger2608,1,13,874,876,894,2,18,20,7
passenger2609,1,2,874,998,1001,124,3,127,1
passenger2610,1,11,874,924,938,50,14,64,7
passenger2611,1,23,874,2591,2621,1717,30,1747,15
passenger2612,1,24,874,2591,2624,1717,33,1750,15
passenger2613,1,22,874,2653,2682,1779,29,1808,15
passenger2614,1,9,875,998,1016,123,18,141,1
passenger2615,1,3,875,998,1004,123,6,129,1
passenger2616,1,21,875,2653,2679,1778,26,1804,15
passenger2617,1,10,876,924,935,48,11,59,7
passenger2618,1,19,876,2653,2675,1777,22,1799,15
passenger2619,1,4,876,998,1007,122,9,131,1
passenger2620,1,18,876,2653,2672,1777,19,1796,15
passenger2621,1,16,877,924,949,47,25,72,7
passenger2622,1,24,877,2653,2688,1776,35,1811,15
passenger2623,1,4,877,1026,1031,149,5,154,1
passenger2624,1,11,877,924,938,47,14,61,7
passenger2625,1,25,877,2653,2691,1776,38,1814,15
passenger2626,1,11,878,924,938,46,14,60,7
passenger2627,1,17,878,924,952,46,28,74,7
passenger2628,1,5,878,1026,1034,148,8,156,1
passenger2629,1,19,878,2653,2675,1775,22,1797,15
passenger2630,1,8,878,1026,1039,148,13,161,1
passenger2631,1,15,878,924,946,46,22,68,7
passenger2632,1,23,879,2653,2685,1774,32,1806,15
passenger2633,1,17,879,924,952,45,28,73,7
passenger2634,1,13,879,924,942,45,18,63,7
passenger2635,1,6,879,939,948,60,9,69,2
passenger2636,1,10,879,924,935,45,11,56,7
passenger2637,1,22,879,2653,2682,1774,29,1803,15
passenger2638,1,7,879,939,951,60,12,72,2
passenger2639,1,17,880,970,990,90,20,110,7
passenger2640,1,13,880,970,984,90,14,104,7
passenger2641,1,9,880,939,957,59,18,77,2
passenger2642,1,19,880,2653,2675,1773,22,1795,15
passenger2643,1,10,881,932,943,51,11,62,10
passenger2644,1,8,881,939,954,58,15,73,2
passenger2645,1,14,881,932,951,51,19,70,10
passenger2646,1,20,882,2717,2740,1835,23,1858,15
passenger2647,1,22,882,2717,2744,1835,27,1862,15
passenger2648,1,17,882,932,960,50,28,78,10
passenger2649,1,17,884,932,960,48,28,76,10
passenger2650,1,20,884,2717,2740,1833,23,1856,15
passenger2651,1,8,884,975,992,91,17,108,0
passenger2652,1,8,885,975,992,90,17,107,0
passenger2653,1,13,885,932,948,47,16,63,10
passenger2654,1,17,886,932,960,46,28,74,10
passenger2655,1,17,886,978,1002,92,24,116,10
passenger2656,1,5,886,975,983,89,8,97,0
passenger2657,1,20,886,2717,2740,1831,23,1854,15
passenger2658,1,10,887,978,989,91,11,102,10
passenger2659,1,23,887,2717,2747,1830,30,1860,15
passenger2660,1,19,887,2717,2737,1830,20,1850,15
passenger2661,1,25,887,2717,2753,1830,36,1866,15
passenger2662,1,17,888,978,1002,90,24,114,10
passenger2663,1,14,888,978,997,90,19,109,10
passenger2664,1,6,888,975,986,87,11,98,0
passenger2665,1,11,888,978,992,90,14,104,10
passenger2666,1,22,888,2717,2744,1829,27,1856,15
passenger2667,1,11,889,1516,1528,627,12,639,6
passenger2668,1,3,889,975,979,86,4,90,0
passenger2669,1,7,889,1001,1013,112,12,124,0
passenger2670,1,16,889,1516,1541,627,25,652,6
passenger2671,1,17,889,1516,1544,627,28,655,6
passenger2672,1,25,889,2717,2753,1828,36,1864,15
passenger2673,1,24,890,2717,2750,1827,33,1860,15
passenger2674,1,14,890,1516,1535,626,19,645,6
passenger2675,1,15,890,1516,1538,626,22,648,6
passenger2676,1,21,890,2779,2803,1889,24,1913,15
passenger2677,1,3,890,1001,1005,111,4,115,0
passenger2678,1,16,890,1516,1541,626,25,651,6
passenger2679,1,13,891,1516,1532,625,16,641,6
passenger2680,1,20,891,2779,2800,1888,21,1909,15
passenger2681,1,21,892,2564,2590,1672,26,1698,13
passenger2682,1,17,892,1516,1544,624,28,652,6
passenger2683,1,17,893,2153,2183,1260,30,1290,9
passenger2684,1,18,893,2564,2583,1671,19,1690,13
passenger2685,1,15,893,2153,2177,1260,24,1284,9
passenger2686,1,7,893,939,951,46,12,58,2
passenger2687,1,8,894,1001,1016,107,15,122,0
passenger2688,1,19,894,2564,2586,1670,22,1692,13
passenger2689,1,16,894,2153,2180,1259,27,1286,9
passenger2690,1,7,894,1001,1013,107,12,119,0
passenger2691,1,23,894,2564,2596,1670,32,1702,13
passenger2692,1,25,894,2626,2660,1732,34,1766,13
passenger2693,1,17,894,2153,2183,1259,30,1289,9
passenger2694,1,7,895,1001,1013,106,12,118,0
passenger2695,1,24,895,2626,2657,1731,31,1762,13
passenger2696,1,7,895,1001,1013,106,12,118,0
passenger2697,1,12,895,2153,2168,1258,15,1273,9
passenger2698,1,22,896,2626,2653,1730,27,1757,13
passenger2699,1,14,897,2153,2174,1256,21,1277,9
passenger2700,1,7,897,1001,1013,104,12,116,0
passenger2701,1,3,897,1001,1005,104,4,108,0
passenger2702,1,10,897,2153,2164,1256,11,1267,9
passenger2703,1,18,897,2626,2645,1729,19,1748,13
passenger2704,1,19,897,2626,2648,1729,22,1751,13
passenger2705,1,7,898,1001,1013,103,12,115,0
passenger2706,1,5,898,1001,1009,103,8,111,0
passenger2707,1,18,898,2626,2645,1728,19,1747,13
passenger2708,1,5,899,1025,1031,126,6,132,0
