tick,e0,e1,e2,e3,e4,e5,e6,e7,e8,e9,e10,e11,e12,e13,e14,e15
0,1,1,1,1,1,1,1,1,1,1,1,1,1,1,1,1
1,1,1,1,1,1,1,1,1,1,1,1,1,1,1,1,1
2,1,1,1,1,1,1,1,1,1,1,1,1,1,1,1,1
3,2,2,2,1,1,1,1,1,1,1,1,1,1,1,1,1
4,3,3,3,2,1,1,1,1,2,2,1,1,1,1,1,1
5,4,4,4,3,2,1,1,1,3,3,1,2,2,1,1,1
6,5,5,5,4,2,1,1,1,4,4,1,3,3,1,1,1
7,6,6,6,5,2,1,1,1,5,5,2,4,4,2,2,1
8,6,7,7,6,2,1,1,1,6,6,3,5,5,3,3,1
9,6,8,7,7,2,1,1,2,7,7,4,6,6,4,4,1
10,6,8,7,8,2,1,1,3,8,8,5,7,7,5,5,1
11,6,8,7,9,2,1,1,4,9,9,6,8,8,6,6,1
12,6,8,7,9,2,1,1,5,10,10,7,9,9,7,7,1
13,6,8,7,9,2,1,1,6,11,11,8,10,10,8,8,1
14,6,8,7,9,2,1,1,7,12,11,9,11,11,9,9,1
15,6,8,7,9,2,2,1,8,13,11,10,12,12,10,10,1
16,6,8,7,9,2,3,1,9,14,11,10,13,13,11,11,2
17,6,8,7,9,1,4,2,10,15,11,10,14,14,12,12,3
18,6,8,7,9,1,5,3,10,16,11,11,15,15,13,13,4
19,6,8,7,9,1,5,4,10,17,11,12,16,16,14,14,5
20,6,8,7,9,1,5,5,11,17,11,13,17,17,15,15,6
21,6,8,7,9,1,6,6,12,17,11,14,18,18,16,16,7
22,6,8,7,9,1,6,7,13,17,11,14,19,19,17,17,8
23,6,8,7,9,1,6,8,14,17,11,14,20,20,18,18,9
24,6,8,7,9,1,7,9,15,17,11,15,21,21,18,19,10
25,6,8,7,9,1,7,10,16,17,11,15,22,22,18,20,11
26,6,8,7,9,1,7,10,16,17,11,15,23,23,18,21,12
27,6,8,7,9,1,8,10,16,17,11,15,23,23,18,22,13
28,6,8,7,9,2,8,11,16,17,11,15,23,23,18,22,14
29,6,8,7,9,2,8,11,16,17,11,15,23,23,18,22,15
30,6,8,7,9,2,9,11,16,17,10,15,23,23,18,22,16
31,6,8,7,9,3,9,12,16,17,9,15,23,23,18,22,17
32,6,8,7,9,3,9,12,16,17,8,15,23,23,18,22,18
33,6,8,7,9,3,8,12,16,17,7,15,23,23,18,22,18
34,6,8,7,9,4,7,13,16,17,6,15,23,23,17,22,18
35,6,8,7,9,4,6,14,16,17,5,15,23,23,16,22,19
36,6,8,7,9,4,5,14,16,17,4,15,23,23,15,22,19
37,6,8,7,9,5,4,14,16,17,3,15,23,23,14,22,19
38,6,8,7,9,6,3,15,16,17,2,15,23,23,13,22,20
39,6,8,7,9,6,2,15,16,17,1,15,23,23,12,22,20
40,6,8,7,9,6,1,15,16,17,1,15,23,23,11,22,20
41,6,8,7,9,7,1,16,16,17,1,15,23,23,10,22,21
42,6,8,7,9,7,1,16,16,17,2,15,23,23,9,22,22
43,6,8,7,9,7,1,16,16,17,3,15,23,23,8,22,22
44,6,8,7,9,8,1,17,16,17,4,15,23,23,7,22,22
45,6,8,7,9,8,1,17,16,17,5,15,23,23,6,22,23
46,6,8,7,9,8,1,17,16,17,6,15,23,23,5,22,23
47,6,8,7,9,9,2,16,16,17,7,15,23,23,4,22,23
48,6,8,7,9,9,2,15,16,17,8,15,23,23,3,22,24
49,6,8,7,9,9,2,14,16,17,9,15,23,23,2,22,25
50,6,8,7,9,8,3,13,16,17,10,15,23,23,1,22,25
51,6,8,7,9,7,4,12,16,17,10,15,23,23,1,22,25
52,6,8,7,9,6,4,11,16,17,10,15,23,23,1,22,24
53,6,8,7,9,5,4,10,16,17,11,15,23,23,2,22,23
54,6,8,7,9,4,5,9,16,17,11,15,23,23,3,22,22
55,6,8,7,9,3,5,8,16,17,11,15,23,23,4,22,21
56,6,8,7,9,2,5,7,16,17,12,15,23,23,5,22,20
57,6,8,7,9,1,6,6,16,17,12,15,23,23,6,22,19
58,6,8,7,9,1,7,5,16,17,12,15,23,23,7,22,18
59,6,8,7,9,1,7,4,16,17,13,15,23,23,8,22,17
60,6,8,7,9,2,7,3,16,17,13,15,23,23,9,22,16
61,6,8,7,9,3,8,2,16,17,13,15,23,23,10,22,15
62,6,8,7,9,3,8,1,16,17,14,15,23,23,11,22,14
63,6,8,7,9,3,8,1,16,17,14,15,23,23,12,22,13
64,6,8,7,9,4,9,1,16,17,14,15,23,23,13,22,12
65,6,8,7,9,5,9,2,16,17,13,15,23,23,14,22,11
66,6,8,7,9,6,9,3,16,17,12,15,23,23,15,22,10
67,6,8,7,9,6,8,4,16,17,11,15,23,23,16,22,9
68,6,8,7,9,6,7,5,16,17,10,15,23,23,17,22,8
69,6,8,7,9,7,6,6,16,17,9,15,23,23,18,22,7
70,6,8,7,9,7,5,7,16,17,8,15,23,23,18,22,6
71,6,8,7,9,7,4,8,16,17,7,15,23,23,18,22,5
72,6,8,7,9,8,3,9,16,17,6,15,23,23,19,22,4
73,6,8,7,9,8,2,10,16,17,5,15,23,23,20,22,3
74,6,8,7,9,8,1,11,16,17,4,15,23,23,21,22,2
75,6,8,7,9,9,1,11,16,17,3,15,23,23,22,22,1
76,6,8,7,9,9,1,11,16,17,2,15,23,23,22,22,1
77,6,8,7,9,9,2,12,16,17,1,15,23,23,22,22,1
78,6,8,7,9,8,2,12,16,17,1,15,23,23,23,22,2
79,6,8,7,9,7,2,12,16,17,1,15,23,23,23,22,3
80,6,8,7,9,6,3,13,16,17,2,15,23,23,23,22,4
81,6,8,7,9,5,3,13,16,17,3,15,23,23,24,22,5
82,6,8,7,9,4,3,13,16,17,4,15,23,23,25,22,6
83,6,8,7,9,3,4,14,16,17,5,15,23,23,25,22,7
84,6,8,7,9,2,4,14,16,17,6,15,23,23,25,22,8
85,6,8,7,9,1,4,14,16,17,7,15,23,23,24,22,9
86,6,8,7,9,1,5,15,16,17,8,15,23,23,23,22,10
87,6,8,7,9,1,6,15,16,17,9,15,23,23,22,22,11
88,6,8,7,9,2,6,15,16,17,10,15,23,23,21,22,12
89,6,8,7,9,2,6,16,16,17,10,15,23,23,20,22,13
90,6,8,7,9,2,7,16,16,17,10,15,23,23,19,22,14
91,6,8,7,9,3,8,16,16,17,11,15,23,23,18,22,15
92,6,8,7,9,3,8,17,16,17,12,15,23,23,17,22,16
93,6,8,7,9,3,8,17,16,17,12,15,23,23,16,22,17
94,6,8,7,9,4,7,17,16,17,12,15,23,23,15,22,18
95,6,8,7,9,4,6,16,16,17,13,15,23,23,14,22,18
96,6,8,7,9,4,5,15,16,17,13,15,23,23,13,22,18
97,6,8,7,9,5,4,14,16,17,13,15,23,23,12,22,19
98,6,8,7,9,5,3,13,16,17,14,15,23,23,11,22,19
99,6,8,7,9,5,2,12,16,17,15,15,23,23,10,22,19
100,6,8,7,9,6,1,11,16,17,15,15,23,23,9,22,20
101,6,8,7,9,7,1,10,16,17,15,15,23,23,8,22,20
102,6,8,7,9,7,1,9,16,17,16,15,23,23,7,22,20
103,6,8,7,9,7,2,8,16,17,16,15,23,23,6,22,21
104,6,8,7,9,8,2,7,16,17,16,15,23,23,5,22,21
105,6,8,7,9,8,2,6,16,17,15,15,23,23,4,22,21
106,6,8,7,9,8,3,5,16,17,14,15,23,23,3,22,22
107,6,8,7,9,7,4,4,16,17,13,15,23,23,2,22,22
108,6,8,7,9,6,4,3,16,17,12,15,23,23,1,22,22
109,6,8,7,9,5,4,2,16,17,11,15,23,23,1,22,23
110,6,8,7,9,4,5,1,16,17,10,15,23,23,1,22,24
111,6,8,7,9,3,5,1,16,17,9,15,23,23,2,22,24
112,6,8,7,9,2,5,1,16,17,8,15,23,23,3,22,24
113,6,8,7,9,1,6,2,16,17,7,15,23,23,4,22,23
114,6,8,7,9,1,7,3,16,17,6,15,23,23,5,22,22
115,6,8,7,9,1,7,4,16,17,5,15,23,23,6,22,21
116,6,8,7,9,2,7,5,16,17,4,15,23,23,7,22,20
117,6,8,7,9,2,8,6,16,17,3,15,23,23,8,22,19
118,6,8,7,9,2,8,7,16,17,2,15,23,23,9,22,18
119,6,8,7,9,3,8,8,16,17,1,15,23,23,10,22,17
120,6,8,7,9,3,7,9,16,17,1,15,23,23,11,22,16
121,6,8,7,9,3,6,10,16,17,1,15,23,23,12,22,15
122,6,8,7,9,4,5,10,16,17,2,15,23,23,13,22,14
123,6,8,7,9,4,4,10,16,17,3,15,23,23,14,22,13
124,6,8,7,9,4,3,11,16,17,4,15,23,23,15,22,12
125,6,8,7,9,5,2,11,16,17,5,15,23,23,16,22,11
126,6,8,7,9,5,1,11,16,17,6,15,23,23,17,22,10
127,6,8,7,9,5,1,12,16,17,7,15,23,23,18,22,9
128,6,8,7,9,6,1,12,16,17,8,15,23,23,19,22,8
129,6,8,7,9,7,2,12,16,17,9,15,23,23,19,22,7
130,6,8,7,9,7,2,13,16,17,10,15,23,23,19,22,6
131,6,8,7,9,7,2,14,16,17,10,15,23,23,20,22,5
132,6,8,7,9,8,3,15,16,17,10,15,23,23,20,22,4
133,6,8,7,9,9,3,15,16,17,11,15,23,23,20,22,3
134,6,8,7,9,9,3,15,16,17,11,15,23,23,21,22,2
135,6,8,7,9,9,4,16,16,17,11,15,23,23,22,22,1
136,6,8,7,9,8,4,16,16,17,12,15,23,23,23,22,1
137,6,8,7,9,7,4,16,16,17,13,15,23,23,23,22,1
138,6,8,7,9,6,5,15,16,17,13,15,23,23,23,22,2
139,6,8,7,9,5,5,14,16,17,13,15,23,23,24,22,3
140,6,8,7,9,4,5,13,16,17,14,15,23,23,24,22,4
141,6,8,7,9,3,6,12,16,17,15,15,23,23,24,22,5
142,6,8,7,9,2,7,11,16,17,15,15,23,23,25,22,6
143,6,8,7,9,1,7,10,16,17,15,15,23,23,25,22,7
144,6,8,7,9,1,7,9,16,17,16,15,23,23,25,22,8
145,6,8,7,9,1,8,8,16,17,16,15,23,23,24,22,9
146,6,8,7,9,2,9,7,16,17,16,15,23,23,23,22,10
147,6,8,7,9,2,9,6,16,17,17,15,23,23,22,22,11
148,6,8,7,9,2,9,5,16,17,17,15,23,23,21,22,12
149,6,8,7,9,3,8,4,16,17,17,15,23,23,20,22,13
150,6,8,7,9,4,7,3,16,17,16,15,23,23,19,22,14
151,6,8,7,9,4,6,2,16,17,15,15,23,23,18,22,15
152,6,8,7,9,4,5,1,16,17,14,15,23,23,17,22,16
153,6,8,7,9,5,4,1,16,17,13,15,23,23,16,22,17
154,6,8,7,9,6,3,1,16,17,12,15,23,23,15,22,18
155,6,8,7,9,6,2,2,16,17,11,15,23,23,14,22,18
156,6,8,7,9,6,1,3,16,17,10,15,23,23,13,22,18
157,6,8,7,9,7,1,4,16,17,9,15,23,23,12,22,19
158,6,8,7,9,7,1,5,16,17,8,15,23,23,11,22,19
159,6,8,7,9,7,2,6,16,17,7,15,23,23,10,22,19
160,6,8,7,9,8,2,7,16,17,6,15,23,23,9,22,20
161,6,8,7,9,8,2,8,16,17,5,15,23,23,8,22,20
162,6,8,7,9,8,3,9,16,17,4,15,23,23,7,22,20
163,6,8,7,9,7,4,10,16,17,3,15,23,23,6,22,21
164,6,8,7,9,6,4,11,16,17,2,15,23,23,5,22,21
165,6,8,7,9,5,4,11,16,17,1,15,23,23,4,22,21
166,6,8,7,9,4,5,11,16,17,1,15,23,23,3,22,22
167,6,8,7,9,3,5,12,16,17,1,15,23,23,2,22,22
168,6,8,7,9,2,5,12,16,17,2,15,23,23,1,22,22
169,6,8,7,9,1,6,12,16,17,3,15,23,23,1,22,23
170,6,8,7,9,1,7,13,16,17,4,15,23,23,1,22,23
171,6,8,7,9,1,7,13,16,17,5,15,23,23,2,22,23
172,6,8,7,9,2,7,13,16,17,6,15,23,23,3,22,22
173,6,8,7,9,3,8,14,16,17,7,15,23,23,4,22,21
174,6,8,7,9,3,8,14,16,17,8,15,23,23,5,22,20
175,6,8,7,9,3,8,14,16,17,9,15,23,23,6,22,19
176,6,8,7,9,4,9,15,16,17,10,15,23,23,7,22,18
177,6,8,7,9,4,9,15,16,17,11,15,23,23,8,22,17
178,6,8,7,9,4,9,15,16,17,12,15,23,23,9,22,16
179,6,8,7,9,5,8,16,16,17,12,15,23,23,10,22,15
180,6,8,7,9,5,7,17,16,17,12,15,23,23,11,22,14
181,6,8,7,9,5,6,17,16,17,13,15,23,23,12,22,13
182,6,8,7,9,6,5,17,16,17,13,15,23,23,13,22,12
183,6,8,7,9,6,4,16,16,17,13,15,23,23,14,22,11
184,6,8,7,9,6,3,15,16,17,14,15,23,23,15,22,10
185,6,8,7,9,7,2,14,16,17,14,15,23,23,16,22,9
186,6,8,7,9,8,1,13,16,17,14,15,23,23,17,22,8
187,6,8,7,9,8,1,12,16,17,15,15,23,23,18,22,7
188,6,8,7,9,8,1,11,16,17,15,15,23,23,18,22,6
189,6,8,7,9,9,2,10,16,17,15,15,23,23,18,22,5
190,6,8,7,9,9,2,9,16,17,16,15,23,23,19,22,4
191,6,8,7,9,9,2,8,16,17,16,15,23,23,19,22,3
192,6,8,7,9,8,3,7,16,17,16,15,23,23,19,22,2
193,6,8,7,9,7,3,6,16,17,17,15,23,23,20,22,1
194,6,8,7,9,6,3,5,16,17,17,15,23,23,20,22,1
195,6,8,7,9,5,4,4,16,17,17,15,23,23,20,22,1
196,6,8,7,9,4,5,3,16,17,16,15,23,23,21,22,2
197,6,8,7,9,3,5,2,16,17,15,15,23,23,22,22,3
198,6,8,7,9,2,5,1,16,17,14,15,23,23,23,22,4
199,6,8,7,9,1,6,1,16,17,13,15,23,23,23,22,5
200,6,8,7,9,1,6,1,16,17,12,15,23,23,23,22,6
201,6,8,7,9,1,6,2,16,17,11,15,23,23,24,22,7
202,6,8,7,9,2,7,3,16,17,10,15,23,23,24,22,8
203,6,8,7,9,2,8,4,16,17,9,15,23,23,24,22,9
204,6,8,7,9,2,8,5,16,17,8,15,23,23,25,22,10
205,6,8,7,9,3,8,6,16,17,7,15,23,23,25,22,11
206,6,8,7,9,3,9,7,16,17,6,15,23,23,25,22,12
207,6,8,7,9,3,9,8,16,17,5,15,23,23,24,22,13
208,6,8,7,9,4,9,9,16,17,4,15,23,23,23,22,14
209,6,8,7,9,4,8,10,16,17,3,15,23,23,22,22,15
210,6,8,7,9,4,7,10,16,17,2,15,23,23,21,22,16
211,6,8,7,9,5,6,10,16,17,1,15,23,23,20,22,17
212,6,8,7,9,5,5,11,16,17,1,15,23,23,19,22,18
213,6,8,7,9,5,4,11,16,17,1,15,23,23,18,22,19
214,6,8,7,9,6,3,11,16,17,2,15,23,23,17,22,19
215,6,8,7,9,6,2,12,16,17,3,15,23,23,16,22,19
216,6,8,7,9,6,1,13,16,17,4,15,23,23,15,22,20
217,6,8,7,9,7,1,13,16,17,5,15,23,23,14,22,20
218,6,8,7,9,7,1,13,16,17,6,15,23,23,13,22,20
219,6,8,7,9,7,2,14,16,17,7,15,23,23,12,22,21
220,6,8,7,9,8,3,14,16,17,8,15,23,23,11,22,21
221,6,8,7,9,8,3,14,16,17,9,15,23,23,10,22,21
222,6,8,7,9,8,3,15,16,17,10,15,23,23,9,22,22
223,6,8,7,9,9,4,16,16,17,10,15,23,23,8,22,22
224,6,8,7,9,9,5,17,16,17,10,15,23,23,7,22,22
225,6,8,7,9,9,5,17,16,17,11,15,23,23,6,22,23
226,6,8,7,9,8,5,17,16,17,12,15,23,23,5,22,23
227,6,8,7,9,7,6,16,16,17,12,15,23,23,4,22,23
228,5,8,7,9,6,7,15,16,17,12,15,23,23,3,22,24
229,4,8,7,9,5,7,14,16,17,13,15,23,23,2,22,24
230,3,8,7,9,4,7,13,16,17,13,15,23,23,1,22,24
231,2,8,7,9,3,8,12,16,17,13,15,23,23,1,22,25
232,1,8,7,9,2,8,11,16,17,14,15,23,23,1,22,25
233,1,8,7,9,1,8,10,16,17,14,15,23,23,2,22,25
234,1,8,7,9,1,7,9,16,17,14,15,23,23,3,22,24
235,1,8,7,9,1,6,8,16,17,15,15,23,23,4,22,23
236,1,8,7,9,2,5,7,16,17,15,15,23,23,5,22,22
237,2,8,7,9,2,4,6,16,17,15,15,23,23,6,22,21
238,3,8,7,9,2,3,5,16,17,16,15,23,23,7,22,20
239,3,8,7,9,3,2,4,16,17,17,15,23,23,8,22,19
240,3,8,7,9,3,1,3,16,17,17,15,23,23,9,22,18
241,4,8,7,9,3,1,2,16,17,17,15,23,23,10,22,17
242,4,8,7,9,4,1,1,16,17,16,15,23,23,11,22,16
243,4,8,7,9,5,2,1,16,17,15,15,23,23,12,22,15
244,5,8,7,9,5,2,1,16,17,14,15,23,23,13,22,14
245,6,8,7,9,5,2,2,16,17,13,15,23,23,14,22,13
246,6,8,7,9,6,3,3,16,17,12,15,23,23,15,22,12
247,6,8,7,9,7,4,4,16,17,11,15,23,23,16,22,11
248,7,8,7,9,8,4,5,16,17,10,15,23,23,17,22,10
249,7,8,7,9,8,4,6,16,17,9,15,23,23,18,22,9
250,7,8,7,9,8,5,7,16,17,8,15,23,23,19,22,8
251,8,8,7,9,9,5,8,16,17,7,15,23,23,19,22,7
252,9,8,7,9,9,5,9,16,17,6,15,23,23,19,22,6
253,9,8,7,9,9,6,10,16,17,5,15,23,23,20,22,5
254,9,8,7,9,8,7,11,16,17,4,15,23,23,20,22,4
255,8,8,6,9,7,7,11,16,17,3,15,23,23,20,22,3
256,7,8,5,9,6,7,11,16,17,2,15,23,23,21,22,2
257,6,8,4,9,5,8,12,16,17,1,15,23,23,21,22,1
258,5,8,3,9,4,8,12,16,17,1,15,23,23,21,22,1
259,4,8,2,9,3,8,12,16,17,1,15,23,23,22,22,1
260,3,8,1,9,2,7,13,16,17,2,15,23,23,22,22,2
261,2,8,1,9,1,6,13,16,17,3,15,23,23,22,22,3
262,1,8,1,9,1,5,13,16,17,4,15,23,23,23,22,4
263,1,8,2,9,1,4,14,16,17,5,15,23,23,23,22,5
264,1,8,2,9,2,3,14,16,17,6,15,23,23,23,22,6
265,1,8,2,9,2,2,14,16,17,7,15,23,23,24,22,7
266,1,8,3,9,2,1,15,16,17,8,15,23,23,24,22,8
267,1,8,3,9,3,1,15,16,17,9,15,23,23,24,22,9
268,1,8,3,9,4,1,15,16,17,10,15,23,23,25,22,10
269,1,8,4,9,5,2,16,16,17,10,15,23,23,25,22,11
270,2,8,4,9,5,3,16,16,17,10,15,23,23,25,22,12
271,3,8,4,9,5,3,16,16,17,11,15,23,23,24,22,13
272,3,8,5,9,6,3,17,16,17,12,15,23,23,23,22,14
273,3,8,5,9,6,4,17,16,17,12,15,23,23,22,22,15
274,4,8,5,9,6,4,17,16,17,12,15,23,23,21,22,16
275,4,8,6,9,7,4,16,16,17,13,15,23,23,20,22,17
276,4,8,7,9,7,5,15,16,17,13,15,23,23,19,22,18
277,5,8,7,9,7,5,14,16,17,13,15,23,23,18,22,18
278,5,8,7,9,8,5,13,16,17,14,15,23,23,17,22,18
279,5,8,8,9,8,6,12,16,17,14,15,23,23,16,22,19
280,6,8,9,9,8,6,11,16,17,14,15,23,23,15,22,19
281,6,8,9,9,9,6,10,16,17,15,15,23,23,14,22,19
282,6,8,9,9,9,7,9,16,17,16,15,23,23,13,22,20
283,7,8,8,9,9,7,8,16,17,16,15,23,23,12,22,20
284,7,8,7,9,8,7,7,16,17,16,15,23,23,11,22,20
285,7,8,6,9,7,8,6,16,17,17,15,23,23,10,22,21
286,8,8,5,9,6,8,5,16,17,17,15,23,23,9,22,21
287,8,8,4,9,5,8,4,16,17,17,15,23,23,8,22,21
288,8,8,3,9,4,9,3,16,17,16,15,23,23,7,22,22
289,9,8,2,9,3,9,2,16,17,15,15,23,23,6,22,22
290,9,8,1,9,2,9,1,16,17,14,15,23,23,5,22,22
291,9,8,1,9,1,8,1,16,17,13,15,23,23,4,22,23
292,8,8,1,9,1,7,1,16,17,12,15,23,23,3,22,24
293,7,8,1,9,1,6,2,16,17,11,15,23,23,2,22,24
294,6,8,1,9,2,5,3,16,17,10,15,23,23,1,22,24
295,5,8,1,9,2,4,4,16,17,9,15,23,23,1,22,25
296,4,8,1,9,2,3,5,16,17,8,15,23,23,1,22,25
297,3,8,1,9,3,2,6,16,17,7,15,23,23,2,22,25
298,2,8,1,9,4,1,7,16,17,6,15,23,23,3,22,24
299,1,8,2,9,4,1,8,16,17,5,15,23,23,4,22,23
300,1,8,3,9,4,1,9,16,17,4,15,23,23,5,22,22
301,1,8,3,9,5,2,10,16,17,3,15,23,23,6,22,21
302,2,8,3,9,5,2,10,16,17,2,15,23,23,7,22,20
303,3,8,4,9,5,2,10,16,17,1,15,23,23,8,22,19
304,3,8,5,9,6,3,11,16,17,1,15,23,23,9,22,18
305,3,8,5,9,6,3,11,16,17,1,15,23,23,10,22,17
306,4,8,5,9,6,3,11,16,17,2,15,23,23,11,22,16
307,4,8,6,9,7,4,12,16,17,3,15,23,23,12,22,15
308,4,8,6,9,8,4,12,16,17,4,15,23,23,13,22,14
309,5,8,6,9,9,4,12,16,17,5,15,23,23,14,22,13
310,5,8,7,9,9,5,13,16,17,6,15,23,23,15,22,12
311,5,8,7,9,9,6,13,16,17,7,15,23,23,16,22,11
312,6,8,7,9,8,6,13,16,17,8,15,23,23,17,22,10
313,6,8,8,9,7,6,14,16,17,9,15,23,23,18,22,9
314,6,8,8,9,6,7,15,16,17,10,15,23,23,18,22,8
315,7,8,8,9,5,7,15,16,17,11,15,23,23,18,22,7
316,7,8,9,9,4,7,15,16,17,11,15,23,23,19,22,6
317,7,8,9,9,3,8,16,16,17,11,15,23,23,20,22,5
318,8,8,9,9,2,8,16,16,17,12,15,23,23,20,22,4
319,8,8,8,9,1,8,16,16,17,12,15,23,23,20,22,3
320,8,8,7,9,1,9,17,16,17,12,15,23,23,21,22,2
321,7,8,6,9,1,9,17,16,17,13,15,23,23,21,22,1
322,6,8,5,9,2,9,17,16,17,13,15,23,23,21,22,1
323,5,8,4,9,2,8,16,16,17,13,15,23,23,22,22,1
324,4,8,3,9,2,7,15,16,17,14,15,23,23,22,22,2
325,3,8,2,9,3,6,14,16,17,14,15,23,23,22,22,3
326,2,8,1,9,4,5,13,16,17,14,15,23,23,23,22,4
327,1,8,1,9,4,4,12,16,17,15,15,23,23,24,22,5
328,1,8,1,9,4,3,11,16,17,15,15,23,23,24,22,6
329,1,8,2,9,5,2,10,16,17,15,15,23,23,24,22,7
330,2,8,3,9,5,1,9,16,17,16,15,23,23,25,22,8
331,3,8,4,9,5,1,8,16,17,17,15,23,23,25,22,9
332,3,8,4,9,6,1,7,16,17,17,15,23,23,25,22,10
333,3,8,4,9,6,2,6,16,17,17,15,23,23,24,22,11
334,4,8,5,9,6,3,5,16,17,16,15,23,23,23,22,12
335,4,8,6,9,7,3,4,16,17,15,15,23,23,22,22,13
336,4,8,6,9,7,3,3,16,17,14,15,23,23,21,22,14
337,5,8,6,9,7,4,2,16,17,13,15,23,23,20,22,15
338,6,8,7,9,8,4,1,16,17,12,15,23,23,19,22,16
339,6,8,8,9,8,4,1,16,17,11,15,23,23,18,22,17
340,6,8,9,9,8,5,1,16,17,10,15,23,23,17,22,18
341,7,8,9,9,7,5,2,16,17,9,15,23,23,16,22,19
342,7,8,9,9,6,5,3,16,17,8,15,23,23,15,22,19
343,7,8,9,9,5,6,4,16,17,7,15,23,23,14,22,19
344,8,8,9,9,4,6,5,16,17,6,15,23,23,13,22,20
345,8,8,9,9,3,6,6,16,17,5,15,23,23,12,22,20
346,8,8,9,9,2,7,7,16,17,4,15,23,23,11,22,20
347,9,8,9,9,1,8,8,16,17,3,15,23,23,10,22,21
348,9,8,9,9,1,8,9,16,17,2,15,23,23,9,22,21
349,9,8,9,9,1,8,10,16,17,1,15,23,23,8,22,21
350,8,8,9,9,2,7,10,16,17,1,15,23,23,7,22,22
351,7,8,9,9,2,6,10,16,17,1,15,23,23,6,22,23
352,6,8,9,9,2,5,11,16,17,2,15,23,23,5,22,23
353,5,8,9,9,3,4,12,16,17,3,15,23,23,4,22,23
354,4,8,9,9,4,3,12,16,17,4,15,23,23,3,22,24
355,3,8,9,9,4,2,12,16,17,5,15,23,23,2,22,24
356,2,8,9,9,4,1,13,16,17,6,15,23,23,1,22,24
357,1,8,9,9,5,1,13,16,17,7,15,23,23,1,22,25
358,1,8,9,9,5,1,13,16,17,8,15,23,23,1,22,25
359,1,8,9,9,5,2,14,16,17,9,15,23,23,2,22,25
360,2,8,9,9,6,2,14,16,17,10,15,23,23,3,22,24
361,2,8,9,9,6,2,14,16,17,10,15,23,23,4,22,23
362,2,8,9,9,6,3,15,16,17,10,15,23,23,5,22,22
363,3,8,9,9,7,3,15,16,17,11,15,23,23,6,22,21
364,3,8,9,9,8,3,15,16,17,11,15,23,23,7,22,20
365,3,8,9,9,8,4,16,16,17,11,15,23,23,8,22,19
366,4,8,9,9,8,4,16,16,17,12,15,23,23,9,22,18
367,4,8,9,9,9,4,16,16,17,12,15,23,23,10,22,17
368,4,8,9,9,9,5,17,16,17,12,15,23,23,11,22,16
369,5,8,9,9,9,5,17,16,17,13,15,23,23,12,22,15
370,5,8,9,9,8,5,17,16,17,14,15,23,23,13,22,14
371,5,8,9,9,7,6,16,16,17,14,15,23,23,14,22,13
372,6,8,9,9,6,6,15,16,17,14,15,23,23,15,22,12
373,6,8,9,9,5,6,14,16,17,15,15,23,23,16,22,11
374,6,8,9,9,4,7,13,16,17,15,15,23,23,17,22,10
375,7,8,9,9,3,7,12,16,17,15,15,23,23,18,22,9
376,7,8,9,9,2,7,11,16,17,16,15,23,23,18,22,8
377,7,8,9,9,1,6,10,16,17,16,15,23,23,18,22,7
378,8,8,9,9,1,5,9,16,17,16,15,23,23,19,22,6
379,8,8,9,9,1,4,8,16,17,17,15,23,23,20,22,5
380,8,8,9,9,2,3,7,16,17,17,15,23,23,21,22,4
381,9,8,9,9,3,2,6,16,17,17,15,23,23,22,22,3
382,9,8,9,9,3,1,5,16,17,16,15,23,23,22,22,2
383,9,8,9,9,3,1,4,16,17,15,15,23,23,22,22,1
384,8,8,9,9,4,1,3,16,17,14,15,23,23,23,22,1
385,7,8,9,9,4,2,2,16,17,13,15,23,23,23,22,1
386,6,8,9,9,4,3,1,16,17,12,15,23,23,23,22,2
387,5,8,9,9,5,3,1,16,17,11,15,23,23,24,22,3
388,4,8,9,9,5,3,1,16,17,10,15,23,23,24,22,4
389,3,8,9,9,5,4,2,16,17,9,15,23,23,24,22,5
390,2,8,9,9,6,4,3,16,17,8,15,23,23,25,22,6
391,1,8,9,9,6,4,4,16,17,7,15,23,23,25,22,7
392,1,8,9,9,6,5,5,16,17,6,15,23,23,25,22,8
393,1,8,9,9,7,6,6,16,17,5,15,23,23,24,22,9
394,2,8,9,9,7,6,7,16,17,4,15,23,23,23,22,10
395,2,8,9,9,7,6,8,16,17,3,15,23,23,22,22,11
396,2,8,9,9,8,7,9,16,17,2,15,23,23,21,22,12
397,3,8,9,9,9,7,10,16,17,1,15,23,23,20,22,13
398,3,8,9,9,9,7,10,16,17,1,15,23,23,19,22,14
399,3,8,9,9,9,8,10,16,17,1,15,23,23,18,22,15
400,4,8,9,9,8,8,11,16,17,2,15,23,23,17,22,16
401,5,8,9,9,7,8,12,16,17,3,15,23,23,16,22,17
402,6,8,9,9,6,9,12,16,17,4,15,23,23,15,22,18
403,6,8,9,9,5,9,12,16,17,5,15,23,23,14,22,18
404,6,8,9,9,4,9,13,16,17,6,15,23,23,13,22,18
405,7,8,9,9,3,8,13,16,17,7,15,23,23,12,22,19
406,7,8,9,9,2,7,13,16,17,8,15,23,23,11,22,19
407,7,8,9,9,1,6,14,16,17,9,15,23,23,10,22,19
408,8,8,9,9,1,5,14,16,17,10,15,23,23,9,22,20
409,8,8,9,9,1,4,14,16,17,10,15,23,23,8,22,20
410,8,8,9,9,2,3,15,16,17,10,15,23,23,7,22,20
411,9,8,9,9,2,2,15,16,17,11,15,23,23,6,22,21
412,9,8,9,9,2,1,15,16,17,11,15,23,23,5,22,21
413,9,8,9,9,3,1,16,16,17,11,15,23,23,4,22,21
414,8,8,9,9,3,1,17,16,17,12,15,23,23,3,22,22
415,7,8,9,9,3,2,17,16,17,12,15,23,23,2,22,22
416,6,8,9,9,4,2,17,16,17,12,15,23,23,1,22,22
417,5,8,9,9,4,2,16,16,17,13,15,23,23,1,22,23
418,4,8,9,9,4,3,15,16,17,13,15,23,23,1,22,24
419,3,8,9,9,5,3,14,16,17,13,15,23,23,2,22,24
420,2,8,9,9,5,3,13,16,17,14,15,23,23,3,22,24
421,1,8,9,9,5,4,12,16,17,15,15,23,23,4,22,23
422,1,8,9,9,6,4,11,16,17,15,15,23,23,5,22,22
423,1,8,9,9,6,4,10,16,17,15,15,23,23,6,22,21
424,2,8,9,9,6,5,9,16,17,16,15,23,23,7,22,20
425,2,8,9,9,5,5,8,16,17,16,15,23,23,8,22,19
426,2,8,9,9,4,5,7,16,17,16,15,23,23,9,22,18
427,3,8,9,9,3,6,6,16,17,15,15,23,23,10,22,17
428,4,8,9,9,2,7,5,16,17,14,15,23,23,11,22,16
429,5,8,9,9,1,7,4,16,17,13,15,23,23,12,22,15
430,5,8,9,9,1,7,3,16,17,12,15,23,23,13,22,14
431,5,8,9,9,1,6,2,16,17,11,15,23,23,14,22,13
432,6,8,9,9,2,5,1,16,17,10,15,23,23,15,22,12
433,6,8,9,9,3,4,1,16,17,9,15,23,23,16,22,11
434,6,8,9,9,3,3,1,16,17,8,15,23,23,17,22,10
435,7,8,9,9,3,2,2,16,17,7,15,23,23,18,22,9
436,7,8,9,9,4,1,3,16,17,6,15,23,23,18,22,8
437,7,8,9,9,4,1,4,16,17,5,15,23,23,18,22,7
438,8,8,9,9,4,1,5,16,17,4,15,23,23,19,22,6
439,8,8,9,9,5,2,6,16,17,3,15,23,23,19,22,5
440,8,8,9,9,5,3,7,16,17,2,15,23,23,19,22,4
441,9,8,9,9,5,3,8,16,17,1,15,23,23,20,22,3
442,9,8,9,9,6,3,9,16,17,1,15,23,23,21,22,2
443,9,8,9,9,6,4,10,16,17,1,15,23,23,21,22,1
444,8,8,9,9,6,4,10,16,17,2,15,23,23,21,22,1
445,7,8,9,9,7,4,10,16,17,3,15,23,23,22,22,1
446,6,8,9,9,8,5,11,16,17,4,15,23,23,22,22,2
447,5,8,9,9,8,5,11,16,17,5,15,23,23,22,22,3
448,4,8,9,9,8,5,11,16,17,6,15,23,23,23,22,4
449,3,8,9,9,9,6,12,16,17,7,15,23,23,23,22,5
450,2,8,9,9,9,6,12,16,17,8,15,23,23,23,22,6
451,1,8,9,9,9,6,12,16,17,9,15,23,23,24,22,7
452,1,8,9,9,8,7,13,16,17,10,15,23,23,24,22,8
453,1,8,9,9,7,8,13,16,17,10,15,23,23,24,22,9
454,2,8,9,9,6,8,13,16,17,10,15,23,23,23,22,10
455,2,8,9,9,5,8,14,16,17,11,15,23,23,22,22,11
456,2,8,9,9,4,9,14,16,17,11,15,23,23,21,22,12
457,3,8,9,9,3,9,14,16,17,11,15,23,23,20,22,13
458,3,8,9,9,2,9,15,16,17,12,15,23,23,19,22,14
459,3,8,9,9,1,8,15,16,17,12,15,23,23,18,22,15
460,4,8,9,9,1,7,15,16,17,12,15,23,23,17,22,16
461,4,8,9,9,1,6,16,16,17,13,15,23,23,16,22,17
462,4,8,9,9,2,5,16,16,17,13,15,23,23,15,22,18
463,5,8,9,9,2,4,16,16,17,13,15,23,23,14,22,18
464,6,8,9,9,2,3,15,16,17,14,15,23,23,13,22,18
465,6,8,9,9,3,2,14,16,17,14,15,23,23,12,22,19
466,6,8,9,9,4,1,13,16,17,14,15,23,23,11,22,19
467,7,8,9,9,5,1,12,16,17,15,15,23,23,10,22,19
468,7,8,9,9,5,1,11,16,17,15,15,23,23,9,22,20
469,7,8,9,9,5,2,10,16,17,15,15,23,23,8,22,20
470,6,8,9,9,6,2,9,16,17,16,15,23,23,7,22,20
471,5,8,9,9,6,2,8,16,17,17,15,23,23,6,22,21
472,4,8,9,9,6,3,7,16,17,17,15,23,23,5,22,21
473,3,8,9,9,7,3,6,16,17,17,15,23,23,4,22,21
474,2,8,9,9,7,3,5,16,17,16,15,23,23,3,22,22
475,1,8,9,9,7,4,4,16,17,15,15,23,23,2,22,22
476,1,8,9,9,8,4,3,16,17,14,15,23,23,1,22,22
477,1,8,9,9,8,4,2,16,17,13,15,23,23,1,22,23
478,2,8,9,9,8,5,1,16,17,12,15,23,23,1,22,23
479,2,8,9,9,9,5,1,16,17,11,15,23,23,2,22,23
480,2,8,9,9,9,5,1,16,17,10,15,23,23,3,22,24
481,3,8,9,9,9,6,2,16,17,9,15,23,23,4,22,24
482,3,8,9,9,8,6,3,16,17,8,15,23,23,5,22,24
483,3,8,9,9,7,6,4,16,17,7,15,23,23,6,22,25
484,4,8,9,9,6,7,5,16,17,6,15,23,23,7,22,25
485,4,8,9,9,5,7,6,16,17,5,15,23,23,8,22,25
486,4,8,9,9,4,7,7,16,17,4,15,23,23,9,22,24
487,5,8,9,9,3,8,8,16,17,3,15,23,23,10,22,23
488,6,8,9,9,2,8,9,16,17,2,15,23,23,11,22,22
489,6,8,9,9,1,8,10,16,17,1,15,23,23,12,22,21
490,6,8,9,9,1,7,10,16,17,1,15,23,23,13,22,20
491,7,8,9,9,1,6,10,16,17,1,15,23,23,14,22,19
492,8,8,9,9,1,5,11,16,17,2,15,23,23,15,22,18
493,8,8,9,9,1,4,11,16,17,3,15,23,23,16,22,17
494,8,8,9,9,1,3,11,16,17,4,15,23,23,17,22,16
495,7,8,9,9,2,2,12,16,17,5,15,23,23,18,22,15
496,6,8,9,9,2,1,12,16,17,6,15,23,23,18,22,14
497,5,8,9,9,2,1,12,16,17,7,15,23,23,18,22,13
498,4,8,9,9,3,1,13,16,17,8,15,23,23,19,22,12
499,3,8,9,9,3,2,14,16,17,9,15,23,23,19,22,11
500,2,8,9,9,3,2,14,16,17,10,15,23,23,19,22,10
501,1,8,9,9,4,2,14,16,17,11,15,23,23,20,22,9
502,1,8,9,9,4,3,15,16,17,11,15,23,23,21,22,8
503,1,8,9,9,4,4,16,16,17,11,15,23,23,21,22,7
504,2,8,9,9,5,4,16,16,17,12,15,23,23,21,22,6
505,2,8,9,9,6,4,16,16,17,13,15,23,23,22,22,5
506,2,8,9,9,6,5,17,16,17,13,15,23,23,22,22,4
507,3,8,9,9,6,5,17,16,17,13,15,23,23,22,22,3
508,4,8,9,9,7,5,17,16,17,14,15,23,23,23,22,2
509,5,8,9,9,7,6,16,16,17,14,15,23,23,23,22,1
510,6,8,9,9,7,6,15,16,17,14,15,23,23,23,22,1
511,6,8,9,9,8,6,14,16,17,15,15,23,23,24,22,1
512,6,8,9,9,9,7,13,16,17,15,15,23,23,24,22,2
513,7,8,9,9,9,7,12,16,17,15,15,23,23,24,22,3
514,8,8,9,9,9,7,11,16,17,16,15,23,23,25,22,4
515,8,8,9,9,9,8,10,16,17,17,15,23,23,25,22,5
516,8,7,9,9,9,8,9,16,17,17,15,23,23,25,22,6
517,9,6,9,9,9,8,8,16,17,17,15,23,23,24,22,7
518,9,5,9,9,9,7,7,16,17,16,15,23,23,23,22,8
519,9,4,9,9,9,6,6,16,17,15,15,23,23,22,22,9
520,8,3,9,9,9,5,5,16,17,14,15,23,23,21,22,10
521,7,2,9,9,9,4,4,16,17,13,15,23,23,20,22,11
522,6,1,9,9,9,3,3,16,17,12,15,23,23,19,22,12
523,5,1,9,9,9,2,2,16,17,11,15,23,23,18,22,13
524,4,1,9,9,9,1,1,16,17,10,15,23,23,17,22,14
525,3,2,9,9,9,1,1,16,17,9,15,23,23,16,22,15
526,2,2,9,9,9,1,1,16,17,8,15,23,23,15,22,16
527,1,2,9,9,9,2,2,16,17,7,15,23,23,14,22,17
528,1,3,9,9,9,2,3,16,17,6,15,23,23,13,22,18
529,1,4,9,9,9,2,4,16,17,5,15,23,23,12,22,18
530,2,5,9,9,9,3,5,16,17,4,15,23,23,11,22,18
531,2,5,9,9,9,3,6,16,17,3,15,23,23,10,22,19
532,2,5,9,9,9,3,7,16,17,2,15,23,23,9,22,19
533,3,6,9,9,9,4,8,16,17,1,15,23,23,8,22,19
534,3,6,9,9,9,4,9,16,17,1,15,23,23,7,22,20
535,3,6,9,9,9,4,10,16,17,1,15,23,23,6,22,20
536,4,7,9,9,9,5,11,16,17,2,15,23,23,5,22,20
537,5,8,9,9,9,6,12,16,17,3,15,23,23,4,22,21
538,5,8,9,9,9,6,12,16,17,4,15,23,23,3,22,21
539,5,8,9,9,9,6,12,16,17,5,15,23,23,2,22,21
540,6,8,9,9,9,7,13,16,17,6,15,23,23,1,22,22
541,6,8,9,9,9,7,13,16,17,7,15,23,23,1,22,23
542,6,8,9,9,9,7,13,16,17,8,15,23,23,1,22,23
543,7,8,9,9,9,8,14,16,17,9,15,23,23,2,22,23
544,7,8,9,9,9,9,14,16,17,10,15,23,23,3,22,24
545,7,8,9,9,9,9,14,16,17,10,15,23,23,4,22,24
546,8,8,9,9,9,9,15,16,17,10,15,23,23,5,22,24
547,8,8,9,9,9,8,15,16,17,11,15,23,23,6,22,25
548,8,7,9,9,9,7,15,16,17,12,15,23,23,7,22,25
549,7,6,9,9,9,6,16,16,17,12,15,23,23,8,22,25
550,6,5,9,9,9,5,17,16,17,12,15,23,23,9,22,24
551,5,4,9,9,9,4,17,16,17,13,15,23,23,10,22,23
552,4,3,9,9,9,3,17,16,17,13,15,23,23,11,22,22
553,3,2,9,9,9,2,16,16,17,13,15,23,23,12,22,21
554,2,1,9,9,9,1,15,16,17,14,15,23,23,13,22,20
555,1,1,9,9,9,1,14,16,17,14,15,23,23,14,22,19
556,1,1,9,9,9,1,13,16,17,14,15,23,23,15,22,18
557,1,1,9,9,9,2,12,16,17,15,15,23,23,16,22,17
558,2,2,9,9,9,2,11,16,17,15,15,23,23,17,22,16
559,2,2,9,9,9,2,10,16,17,15,15,23,23,18,22,15
560,2,2,9,9,9,3,9,16,17,16,15,23,23,18,22,14
561,3,3,9,9,9,3,8,16,17,16,15,23,23,18,22,13
562,3,4,9,9,9,3,7,16,17,16,15,23,23,19,22,12
563,3,4,9,9,9,4,6,16,17,17,15,23,23,19,22,11
564,4,4,9,9,9,4,5,16,17,17,15,23,23,19,22,10
565,4,5,9,9,9,4,4,16,17,17,15,23,23,20,22,9
566,4,5,9,9,9,5,3,16,17,16,15,23,23,20,22,8
567,5,5,9,9,9,5,2,16,17,15,15,23,23,20,22,7
568,5,6,9,9,9,5,1,16,17,14,15,23,23,21,22,6
569,5,7,9,9,9,6,1,16,17,13,15,23,23,21,22,5
570,6,7,9,9,9,6,1,16,17,12,15,23,23,21,22,4
571,6,7,9,9,9,6,2,16,17,11,15,23,23,22,22,3
572,6,8,9,9,9,7,3,16,17,10,15,23,23,23,22,2
573,7,8,9,9,9,7,4,16,17,9,15,23,23,23,22,1
574,7,8,9,9,9,7,5,16,17,8,15,23,23,23,22,1
575,7,9,9,9,9,8,6,16,17,7,15,23,23,24,22,1
576,6,9,9,9,9,8,7,16,17,6,15,23,23,24,22,2
577,5,9,9,9,9,8,8,16,17,5,15,23,23,24,22,3
578,4,8,9,9,9,7,9,16,17,4,15,23,23,23,22,4
579,3,7,9,9,9,6,10,16,17,3,15,23,23,22,22,5
580,2,6,9,9,9,5,10,16,17,2,15,23,23,21,22,6
581,1,5,9,9,9,4,10,16,17,1,15,23,23,20,22,7
582,1,4,9,9,9,3,11,16,17,1,15,23,23,19,22,8
583,1,3,9,9,9,2,11,16,17,1,15,23,23,18,22,9
584,2,2,9,9,9,1,11,16,17,2,15,23,23,17,22,10
585,2,1,9,9,9,1,12,16,17,3,15,23,23,16,22,11
586,2,1,9,9,9,1,13,16,17,4,15,23,23,15,22,12
587,3,1,9,9,9,2,13,16,17,5,15,23,23,14,22,13
588,4,1,9,9,9,3,13,16,17,6,15,23,23,13,22,14
589,4,1,9,9,9,3,14,16,17,7,15,23,23,12,22,15
590,4,1,9,9,9,3,14,16,17,8,15,23,23,11,22,16
591,5,1,9,9,9,4,14,16,17,9,15,23,23,10,22,17
592,6,1,9,9,9,4,15,16,17,10,15,23,23,9,22,18
593,6,2,9,9,9,4,16,16,17,10,15,23,23,8,22,19
594,6,2,9,9,9,5,16,16,17,10,15,23,23,7,22,19
595,7,2,9,9,9,5,16,16,17,11,15,23,23,6,22,19
596,7,3,9,9,9,5,17,16,17,11,15,23,23,5,22,20
597,7,4,9,9,9,6,17,16,17,11,15,23,23,4,22,21
598,8,4,9,9,9,6,17,16,17,12,15,23,23,3,22,21
599,9,4,9,9,9,6,16,16,17,12,15,23,23,2,22,21
600,9,5,9,9,9,7,15,16,17,12,15,23,23,1,22,22
601,9,5,9,9,9,7,14,16,17,13,15,23,23,1,22,22
602,8,5,9,9,9,7,13,16,17,13,15,23,23,1,22,22
603,7,6,9,9,9,8,12,16,17,13,15,23,23,2,22,23
604,6,7,9,9,9,9,11,16,17,14,15,23,23,3,22,24
605,5,7,9,9,9,9,10,16,17,15,15,23,23,4,22,24
606,4,7,9,9,9,9,9,16,17,15,15,23,23,5,22,24
607,3,8,9,9,9,9,8,16,17,15,15,23,23,6,22,25
608,2,8,9,9,9,9,7,16,17,16,15,23,23,7,22,25
609,1,8,9,9,9,9,6,16,17,16,15,23,23,8,22,25
610,1,9,9,9,9,9,5,16,17,16,15,23,23,9,22,24
611,1,9,9,9,9,9,4,16,17,17,15,23,23,10,22,23
612,2,9,9,9,9,9,3,16,17,17,15,23,23,11,22,22
613,2,8,9,9,9,9,2,16,17,17,15,23,23,12,22,21
614,2,7,9,9,9,9,1,16,17,16,15,23,23,13,22,20
615,3,6,9,9,9,9,1,16,17,15,15,23,23,14,22,19
616,3,5,9,9,9,9,1,16,17,14,15,23,23,15,22,18
617,3,4,9,9,9,9,2,16,17,13,15,23,23,16,22,17
618,4,3,9,9,9,9,3,16,17,12,15,23,23,17,22,16
619,4,2,9,9,9,9,4,16,17,11,15,23,23,18,22,15
620,4,1,9,9,9,9,5,16,17,10,15,23,23,19,22,14
621,5,1,9,9,9,9,6,16,17,9,15,23,23,19,22,13
622,5,1,9,9,9,9,7,16,17,8,15,23,23,19,22,12
623,5,2,9,9,9,9,8,16,17,7,15,23,23,20,22,11
624,6,2,9,9,9,9,9,16,17,6,15,23,23,20,22,10
625,7,2,9,9,9,9,10,16,17,5,15,23,23,20,22,9
626,7,3,9,9,9,9,11,16,17,4,15,23,23,21,22,8
627,7,4,9,9,9,9,11,16,17,3,15,23,23,22,22,7
628,8,4,9,9,9,9,11,16,17,2,15,23,23,22,22,6
629,8,4,9,9,9,9,12,16,17,1,15,23,23,22,22,5
630,8,5,9,9,9,9,12,16,17,1,15,23,23,23,22,4
631,9,5,9,9,9,9,12,16,17,1,15,23,23,23,22,3
632,9,5,9,9,9,9,13,16,17,2,15,23,23,23,22,2
633,9,6,9,9,9,9,13,16,17,3,15,23,23,24,22,1
634,8,6,9,9,9,9,13,16,17,4,15,23,23,24,22,1
635,7,6,9,9,9,9,14,16,17,5,15,23,23,24,22,1
636,6,7,9,9,9,9,14,16,17,6,15,23,23,25,22,2
637,5,7,9,9,9,9,14,16,17,7,15,23,23,25,22,3
638,4,7,9,9,9,9,15,16,17,8,15,23,23,25,22,4
639,3,8,9,9,9,9,15,16,17,9,15,23,23,24,22,5
640,2,9,9,9,9,9,15,16,17,10,15,23,23,23,22,6
641,1,9,9,9,9,9,16,16,17,10,15,23,23,22,22,7
642,1,9,9,9,9,9,17,16,17,10,15,23,23,21,22,8
643,1,8,9,9,9,9,17,16,17,11,15,23,23,20,22,9
644,2,7,9,9,9,9,17,16,17,12,15,23,23,19,22,10
645,3,6,9,9,9,9,16,16,17,12,15,23,23,18,22,11
646,4,5,9,9,9,9,15,16,17,12,15,23,23,17,22,12
647,5,4,9,9,9,9,14,16,17,13,15,23,23,16,22,13
648,5,3,9,9,9,9,13,16,17,13,15,23,23,15,22,14
649,5,2,9,9,9,9,12,16,17,13,15,23,23,14,22,15
650,6,1,9,9,9,9,11,16,17,14,15,23,23,13,22,16
651,6,1,9,9,9,9,10,16,17,15,15,23,23,12,22,17
652,6,1,9,9,9,9,9,16,17,15,15,23,23,11,22,18
653,7,2,9,9,9,9,8,16,17,15,15,23,23,10,22,18
654,7,2,9,9,9,9,7,16,17,16,15,23,23,9,22,18
655,7,2,9,9,9,9,6,16,17,17,15,23,23,8,22,19
656,8,3,9,9,9,9,5,16,17,17,15,23,23,7,22,19
657,8,3,9,9,9,9,4,16,17,17,15,23,23,6,22,19
658,8,3,9,9,9,9,3,16,17,16,15,23,23,5,22,20
659,9,4,9,9,9,9,2,16,17,15,15,23,23,4,22,20
660,9,4,9,9,9,9,1,16,17,14,15,23,23,3,22,20
661,9,4,9,9,9,9,1,16,17,13,15,23,23,2,22,21
662,8,5,9,9,9,9,1,16,17,12,15,23,23,1,22,21
663,7,5,9,9,9,9,2,16,17,11,15,23,23,1,22,21
664,6,5,9,9,9,9,3,16,17,10,15,23,23,1,22,22
665,5,6,9,9,9,9,4,16,17,9,15,23,23,2,22,22
666,4,6,9,9,9,9,5,16,17,8,15,23,23,3,22,22
667,3,6,9,9,9,9,6,16,17,7,15,23,23,4,22,23
668,2,7,9,9,9,9,7,16,17,6,15,23,23,5,22,23
669,1,8,9,9,9,9,8,16,17,5,15,23,23,6,22,23
670,1,8,9,9,9,9,9,16,17,4,15,23,23,7,22,22
671,1,8,9,9,9,9,10,16,17,3,15,23,23,8,22,21
672,2,7,9,9,9,9,10,16,17,2,15,23,23,9,22,20
673,2,6,9,9,9,9,10,16,17,1,15,23,23,10,22,19
674,2,5,9,9,9,9,11,16,17,1,15,23,23,11,22,18
675,3,4,9,9,9,9,12,16,17,1,15,23,23,12,22,17
676,3,3,9,9,9,9,12,16,17,2,15,23,23,13,22,16
677,3,2,9,9,9,9,12,16,17,3,15,23,23,14,22,15
678,4,1,9,9,9,9,13,16,17,4,15,23,23,15,22,14
679,4,1,9,9,9,9,13,16,17,5,15,23,23,16,22,13
680,4,1,9,9,9,9,13,16,17,6,15,23,23,17,22,12
681,5,2,9,9,9,9,14,16,17,7,15,23,23,18,22,11
682,6,2,9,9,9,9,15,16,17,8,15,23,23,18,22,10
683,7,2,9,9,9,9,15,16,17,9,15,23,23,18,22,9
684,7,3,9,9,9,9,15,16,17,10,15,23,23,19,22,8
685,7,3,9,9,9,9,16,16,17,11,15,23,23,20,22,7
686,8,3,9,9,9,9,16,16,17,11,15,23,23,20,22,6
687,8,4,9,9,9,9,16,16,17,11,15,23,23,20,22,5
688,8,5,9,9,9,9,17,16,17,12,15,23,23,21,22,4
689,9,5,9,9,9,9,17,16,17,12,15,23,23,22,22,3
690,9,5,9,9,9,9,17,16,17,12,15,23,23,23,22,2
691,9,6,9,9,9,9,16,16,17,13,15,23,23,23,22,1
692,8,7,9,9,9,9,15,16,17,13,15,23,23,23,22,1
693,7,7,9,9,9,9,14,16,17,13,15,23,23,24,22,1
694,6,7,9,9,9,9,13,16,17,14,15,23,23,24,22,2
695,5,8,9,9,9,9,12,16,17,14,15,23,23,24,22,3
696,4,8,9,9,9,9,11,16,17,14,15,23,23,25,22,4
697,3,8,9,9,9,9,10,16,17,15,15,23,23,25,22,5
698,2,7,9,9,9,9,9,16,17,15,15,23,23,25,22,6
699,1,6,9,9,9,9,8,16,17,15,15,23,23,24,22,7
700,1,5,9,9,9,9,7,16,17,16,15,23,23,23,22,8
701,1,4,9,9,9,9,6,16,17,16,15,23,23,22,22,9
702,2,3,9,9,9,9,5,16,17,16,15,23,23,21,22,10
703,2,2,9,9,9,9,4,16,17,15,15,23,23,20,22,11
704,2,1,9,9,9,9,3,16,17,14,15,23,23,19,22,12
705,3,1,9,9,9,9,2,16,17,13,15,23,23,18,22,13
706,4,1,9,9,9,9,1,16,17,12,15,23,23,17,22,14
707,4,2,9,9,9,9,1,16,17,11,15,23,23,16,22,15
708,4,2,9,9,9,9,1,16,17,10,15,23,23,15,22,16
709,5,2,9,9,9,9,2,16,17,9,15,23,23,14,22,17
710,6,3,9,9,9,9,3,16,17,8,15,23,23,13,22,18
711,6,3,9,9,9,9,4,16,17,7,15,23,23,12,22,19
712,6,3,9,9,9,9,5,16,17,6,15,23,23,11,22,19
713,7,4,9,9,9,9,6,16,17,5,15,23,23,10,22,19
714,7,4,9,9,9,9,7,16,17,4,15,23,23,9,22,20
715,7,4,9,9,9,9,8,16,17,3,15,23,23,8,22,20
716,8,5,9,9,9,9,9,16,17,2,15,23,23,7,22,20
717,8,5,9,9,9,9,10,16,17,1,15,23,23,6,22,21
718,8,5,9,9,9,9,10,16,17,1,15,23,23,5,22,21
719,9,6,9,9,9,9,10,16,17,1,15,23,23,4,22,21
720,9,6,9,9,9,9,11,16,17,2,15,23,23,3,22,22
721,9,6,9,9,9,9,12,16,17,3,15,23,23,2,22,22
722,8,7,9,9,9,9,12,16,17,4,15,23,23,1,22,22
723,7,7,9,9,9,9,12,16,17,5,15,23,23,1,22,23
724,6,7,9,9,9,9,13,16,17,6,15,23,23,1,22,23
725,5,6,9,9,9,9,13,16,17,7,15,23,23,2,22,23
726,4,5,9,9,9,9,13,16,17,8,15,23,23,3,22,24
727,3,4,9,9,9,9,14,16,17,9,15,23,23,4,22,24
728,2,3,9,9,9,9,14,16,17,10,15,23,23,5,22,24
729,1,2,9,9,9,9,14,16,17,11,15,23,23,6,22,25
730,1,1,9,9,9,9,15,16,17,11,15,23,23,7,22,25
731,1,1,9,9,9,9,15,16,17,11,15,23,23,8,22,25
732,2,1,9,9,9,9,15,16,17,12,15,23,23,9,22,24
733,2,2,9,9,9,9,16,16,17,12,15,23,23,10,22,23
734,2,2,9,9,9,9,16,16,17,12,15,23,23,11,22,22
735,3,2,9,9,9,9,16,16,17,13,15,23,23,12,22,21
736,3,3,9,9,9,9,17,16,17,13,15,23,23,13,22,20
737,3,4,9,9,9,9,17,16,17,13,15,23,23,14,22,19
738,4,4,9,9,9,9,17,16,17,14,15,23,23,15,22,18
739,4,4,9,9,9,9,16,16,17,15,15,23,23,16,22,17
740,4,5,9,9,9,9,15,16,17,16,15,23,23,17,22,16
741,5,5,9,9,9,9,14,16,17,17,14,23,23,18,22,15
742,6,5,9,9,9,9,13,16,17,17,13,23,23,18,22,14
743,7,6,9,9,9,9,12,16,17,17,12,23,23,18,22,13
744,7,6,9,9,9,9,11,16,17,16,11,23,23,19,22,12
745,7,6,9,9,9,9,10,16,17,15,10,23,23,20,22,11
746,8,7,9,9,9,9,9,16,17,14,9,23,23,20,22,10
747,9,7,9,9,9,9,8,16,17,13,8,23,23,20,22,9
748,9,7,9,9,9,9,7,16,17,12,7,23,23,21,22,8
749,9,8,9,9,9,9,6,16,17,11,6,23,23,21,22,7
750,8,9,9,9,9,9,5,16,17,10,5,23,23,21,22,6
751,7,9,9,9,9,9,4,16,17,9,4,23,23,22,22,5
752,6,9,9,9,9,9,3,16,17,8,3,23,23,22,22,4
753,5,8,9,9,9,9,2,16,17,7,2,23,23,22,22,3
754,4,7,9,9,9,9,1,16,17,6,1,23,23,23,22,2
755,3,6,9,9,9,9,1,16,17,5,1,23,23,23,22,1
756,2,5,9,9,9,9,1,16,17,4,1,23,23,23,22,1
757,1,4,9,9,9,9,2,16,17,3,2,23,23,24,22,1
758,1,3,9,9,9,9,3,16,17,2,3,23,23,24,22,2
759,1,2,9,9,9,9,4,16,17,1,4,23,23,24,22,3
760,2,1,9,9,9,9,5,16,17,1,5,23,23,23,22,4
761,2,1,9,9,9,9,6,16,17,1,6,23,23,22,22,5
762,2,1,9,9,9,9,7,16,17,2,7,23,23,21,22,6
763,3,2,9,9,9,9,8,16,17,3,8,23,23,20,22,7
764,3,3,9,9,9,9,9,16,17,4,9,23,23,19,22,8
765,3,3,9,9,9,9,10,16,17,5,10,23,23,18,22,9
766,4,3,9,9,9,9,10,16,17,6,10,23,23,17,22,10
767,4,4,9,9,9,9,10,16,17,7,10,23,23,16,22,11
768,4,4,9,9,9,9,11,16,17,8,11,23,23,15,22,12
769,5,4,9,9,9,9,12,16,17,9,12,23,23,14,22,13
770,5,5,9,9,9,9,13,16,17,10,12,23,23,13,22,14
771,5,6,9,9,9,9,13,16,17,11,12,23,23,12,22,15
772,6,6,9,9,9,9,13,16,17,11,13,23,23,11,22,16
773,6,6,9,9,9,9,14,16,17,11,14,23,23,10,22,17
774,6,7,9,9,9,9,14,16,17,12,14,23,23,9,22,18
775,7,7,9,9,9,9,14,16,17,12,14,23,23,8,22,18
776,7,7,9,9,9,9,15,16,17,12,15,23,23,7,22,18
777,7,8,9,9,9,9,15,16,17,13,15,23,23,6,22,19
778,8,9,9,9,9,9,15,16,17,14,15,23,23,5,22,19
779,8,9,9,9,9,9,16,16,17,15,16,23,23,4,22,19
780,8,9,9,9,9,9,16,16,17,16,16,23,23,3,22,20
781,9,8,9,9,9,9,16,15,17,16,16,23,23,2,22,21
782,9,7,9,9,9,9,15,14,17,16,15,23,23,1,22,22
783,9,6,9,9,9,9,14,13,17,17,14,23,23,1,22,22
784,8,5,9,9,9,9,13,12,17,17,13,23,23,1,22,22
785,7,4,9,9,9,9,12,11,17,17,12,23,23,2,22,23
786,6,3,9,9,9,9,11,10,17,16,11,23,23,3,22,23
787,5,2,9,9,9,9,10,9,17,15,10,23,23,4,22,23
788,4,1,9,9,9,9,9,8,17,14,9,23,23,5,22,24
789,3,1,9,9,9,9,8,7,17,13,8,23,23,6,22,25
790,2,1,9,9,9,9,7,6,17,12,7,23,23,7,22,25
791,1,2,9,9,9,9,6,5,17,11,6,23,23,8,22,25
792,1,2,9,9,9,9,5,4,17,10,5,23,23,9,22,24
793,1,2,9,9,9,9,4,3,17,9,4,23,23,10,22,23
794,2,3,9,9,9,9,3,2,17,8,3,23,23,11,22,22
795,3,4,9,9,9,9,2,1,17,7,2,23,23,12,22,21
796,4,4,9,9,9,9,1,1,17,6,1,23,23,13,22,20
797,4,4,9,9,9,9,1,1,17,5,1,23,23,14,22,19
798,4,5,9,9,9,9,1,2,17,4,1,23,23,15,22,18
799,5,5,9,9,9,9,2,3,17,3,2,23,23,16,22,17
800,5,5,9,9,9,9,3,4,17,2,3,23,23,17,22,16
801,5,6,9,9,9,9,4,5,17,1,4,23,23,18,22,15
802,6,6,9,9,9,9,5,6,17,1,5,23,23,18,22,14
803,6,6,9,9,9,9,6,7,17,1,6,23,23,18,22,13
804,6,7,9,9,9,9,7,8,17,2,7,23,23,19,22,12
805,7,7,9,9,9,9,8,9,17,3,8,23,23,19,22,11
806,7,7,9,9,9,9,9,10,17,4,9,23,23,19,22,10
807,7,8,9,9,9,9,10,10,17,5,10,23,23,20,22,9
808,8,8,9,9,9,9,11,10,17,6,10,23,23,21,22,8
809,8,8,9,9,9,9,11,11,17,7,10,23,23,21,22,7
810,8,9,9,9,9,9,11,11,17,8,11,23,23,21,22,6
811,9,9,9,9,9,9,12,11,17,9,11,23,23,22,22,5
812,9,9,8,9,9,9,12,12,17,10,11,23,23,22,22,4
813,9,8,7,9,9,9,12,12,17,10,12,23,23,22,22,3
814,8,7,6,9,9,9,13,12,17,10,12,23,23,23,22,2
815,7,6,5,9,9,9,13,13,17,11,12,23,23,24,22,1
816,6,5,4,9,9,9,13,13,17,12,13,23,23,24,22,1
817,5,4,3,9,9,9,14,13,17,12,14,23,23,24,22,1
818,4,3,2,9,9,9,14,14,17,12,15,23,23,25,22,2
819,3,2,1,9,9,9,14,14,17,13,16,23,23,25,22,3
820,2,1,1,9,9,9,15,14,17,13,16,23,23,25,22,4
821,1,1,1,9,9,9,15,15,17,13,16,23,23,24,22,5
822,1,1,1,9,9,9,15,15,17,14,17,23,23,23,22,6
823,1,2,1,9,9,9,16,15,17,14,17,23,23,22,22,7
824,2,2,2,9,9,9,16,16,17,14,17,23,23,21,22,8
825,3,2,2,9,9,9,16,16,17,15,16,23,23,20,22,9
826,3,3,2,9,9,9,17,16,17,15,15,23,23,19,22,10
827,3,4,3,9,9,9,17,15,17,15,14,23,23,18,22,11
828,4,4,3,9,9,9,17,14,17,16,13,23,23,17,22,12
829,4,4,3,9,9,9,16,13,17,16,12,23,23,16,22,13
830,4,5,4,9,9,9,15,12,17,16,11,23,23,15,22,14
831,5,5,4,9,9,9,14,11,17,15,10,23,23,14,22,15
832,5,5,4,9,9,9,13,10,17,14,9,23,23,13,22,16
833,5,6,5,9,9,9,12,9,17,13,8,23,23,12,22,17
834,6,7,6,9,9,9,11,8,17,12,7,23,23,11,22,18
835,6,8,6,9,9,9,10,7,17,11,6,23,23,10,22,19
836,6,8,6,9,9,9,9,6,17,10,5,23,23,9,22,19
837,7,8,7,9,9,9,8,5,17,9,4,23,23,8,22,19
838,8,9,8,9,9,9,7,4,17,8,3,23,23,7,22,20
839,8,9,8,9,9,9,6,3,17,7,2,23,23,6,22,21
840,8,9,8,9,9,9,5,2,17,6,1,23,23,5,22,21
841,9,8,9,9,9,9,4,1,17,5,1,23,23,4,22,21
842,9,7,9,9,9,9,3,1,17,4,1,23,23,3,22,22
843,9,6,9,9,9,9,2,1,17,3,2,23,23,2,22,22
844,8,5,8,9,9,9,1,2,17,2,3,23,23,1,22,22
845,7,4,7,9,9,9,1,3,17,1,4,23,23,1,22,23
846,6,3,6,9,9,9,1,4,17,1,5,23,23,1,22,24
847,5,2,5,9,9,9,2,5,17,1,6,23,23,2,22,24
848,4,1,4,9,9,9,3,6,17,2,7,23,23,3,22,24
849,3,1,3,9,9,9,4,7,17,3,8,23,23,4,22,25
850,2,1,2,9,9,9,5,8,17,4,9,23,23,5,22,25
851,1,2,1,9,9,9,6,9,17,5,10,23,23,6,22,25
852,1,2,1,9,9,9,7,10,17,6,11,23,23,7,22,24
853,1,2,1,9,9,9,8,11,17,7,11,23,23,8,22,23
854,2,3,2,9,9,9,9,12,17,8,11,23,23,9,22,22
855,3,3,2,9,9,9,10,12,17,9,12,23,23,10,22,21
856,3,3,2,9,9,9,10,12,17,10,12,23,23,11,22,20
857,3,4,3,9,9,9,10,13,17,10,12,23,23,12,22,19
858,4,5,4,9,9,9,11,13,17,10,13,23,23,13,22,18
859,4,6,4,9,9,9,11,13,17,11,13,23,23,14,22,17
860,4,6,4,9,9,9,11,13,17,12,13,23,23,15,22,16
861,5,6,5,9,9,9,12,13,17,12,14,23,23,16,22,15
862,5,7,5,9,9,9,13,13,17,12,14,23,23,17,22,14
863,5,7,5,9,9,9,13,13,17,13,14,23,23,18,22,13
864,6,7,6,9,9,9,13,13,17,14,15,23,23,18,22,12
865,6,8,7,9,9,9,14,12,17,14,15,23,23,18,22,11
866,6,8,8,9,9,9,15,11,17,14,15,23,23,19,22,10
867,7,8,8,9,9,9,15,10,17,15,16,23,23,19,22,9
868,7,9,8,9,9,9,15,9,17,15,16,23,23,19,22,8
869,7,9,9,9,9,9,16,8,17,15,16,23,23,20,22,7
870,8,9,9,9,9,9,16,7,17,16,15,23,23,20,22,6
871,8,8,9,9,9,9,16,6,17,16,14,23,23,20,22,5
872,8,7,8,9,9,9,17,5,17,16,13,23,23,21,22,4
873,9,6,7,9,9,9,17,4,17,17,12,23,23,21,22,3
874,9,5,6,9,9,9,17,3,17,17,11,23,23,21,22,2
875,9,4,5,9,9,9,16,2,17,17,10,23,23,22,22,1
876,8,3,4,9,9,9,15,1,17,16,9,23,23,23,22,1
877,7,2,3,9,9,9,14,1,17,15,8,23,23,23,22,1
878,6,1,2,9,9,9,13,1,17,14,7,23,23,23,22,2
879,5,1,1,9,9,9,12,2,17,13,6,23,23,24,22,3
880,4,1,1,9,9,9,11,3,17,12,5,23,23,25,22,4
881,3,2,1,9,9,9,10,4,17,11,4,23,23,25,22,5
882,2,3,2,9,9,9,9,5,17,10,3,23,23,25,22,6
883,1,3,2,9,9,9,8,6,17,9,2,23,23,24,22,7
884,1,3,2,9,9,9,7,7,17,8,1,23,23,23,22,8
885,1,4,3,9,9,9,6,8,17,7,1,23,23,22,22,9
886,2,4,3,9,9,9,5,9,17,6,1,23,23,21,22,10
887,2,4,3,9,9,9,4,10,17,5,2,23,23,20,22,11
888,2,5,4,9,9,9,3,10,17,4,3,23,23,19,22,12
889,3,5,4,9,9,9,2,10,17,3,4,23,23,18,22,13
890,3,5,4,9,9,9,1,11,17,2,5,23,23,17,22,14
891,3,6,5,9,9,9,1,12,17,1,6,23,23,16,22,15
892,4,6,5,9,9,9,1,12,17,1,7,23,23,15,22,16
893,5,6,5,9,9,9,2,12,17,1,8,23,23,14,22,17
894,5,7,6,9,9,9,3,13,17,2,9,23,23,13,22,18
895,5,7,6,9,9,9,4,13,17,3,10,23,23,12,22,19
896,6,7,6,9,9,9,5,13,17,4,10,23,23,11,22,19
897,6,8,7,9,9,9,6,14,17,5,10,23,23,10,22,19
898,6,8,8,9,9,9,7,14,17,6,11,23,23,9,22,20
899,7,8,8,9,9,9,8,14,17,7,11,23,23,8,22,21
900,7,9,8,9,9,9,9,15,17,8,11,23,23,7,22,21
901,7,9,9,9,9,9,10,15,17,9,12,23,23,6,22,21
902,8,9,9,9,9,9,11,15,17,10,12,23,23,5,22,22
903,8,8,9,9,9,9,12,16,17,11,12,23,23,4,22,23
904,8,7,8,9,9,9,12,16,17,11,13,23,23,3,22,23
905,9,6,7,9,9,9,12,16,17,11,13,23,23,2,22,23
906,9,5,6,9,9,9,13,17,17,12,13,23,23,1,22,24
907,9,4,5,9,9,9,13,17,17,12,14,23,23,1,22,24
908,8,3,4,9,9,9,13,17,17,12,14,23,23,1,22,24
909,7,2,3,9,9,9,14,16,17,13,14,23,23,2,22,25
910,6,1,2,9,9,9,14,15,17,13,15,23,23,3,22,25
911,5,1,1,9,9,9,14,14,17,13,16,23,23,4,22,25
912,4,1,1,9,9,9,15,13,17,14,16,23,23,5,22,24
913,3,2,1,9,9,9,15,12,17,14,16,23,23,6,22,23
914,2,2,2,9,9,9,15,11,17,14,17,23,23,7,22,22
915,1,2,3,9,9,9,16,10,17,13,17,23,23,8,22,21
916,1,3,4,9,9,9,16,9,17,12,17,23,23,9,22,20
917,1,3,4,9,9,9,16,8,17,11,16,23,23,10,22,19
918,2,3,4,9,9,9,15,7,17,10,15,23,23,11,22,18
919,2,4,5,9,9,9,14,6,17,9,14,23,23,12,22,17
920,2,4,5,9,9,9,13,5,17,8,13,23,23,13,22,16
921,3,4,5,9,9,9,12,4,17,7,12,23,23,14,22,15
922,3,5,6,9,9,9,11,3,17,6,11,23,23,15,22,14
923,3,6,7,9,9,9,10,2,17,5,10,23,23,16,22,13
924,4,6,7,9,9,9,9,1,17,4,9,23,23,17,22,12
925,4,6,7,9,9,9,8,1,17,3,8,23,23,18,22,11
926,4,7,8,9,9,9,7,1,17,2,7,23,23,19,22,10
927,5,7,8,9,9,9,6,2,17,1,6,23,23,19,22,9
928,5,7,8,9,9,9,5,3,17,1,5,23,23,19,22,8
929,5,8,9,9,9,9,4,4,17,1,4,23,23,20,22,7
930,6,8,9,9,9,9,3,5,17,2,3,23,23,20,22,6
931,7,8,9,9,9,9,2,6,17,3,2,23,23,20,22,5
932,7,7,8,9,9,9,1,7,17,4,1,23,23,21,22,4
933,7,6,7,9,9,9,1,8,17,5,1,23,23,21,22,3
934,8,5,6,9,9,9,1,9,17,6,1,23,23,21,22,2
935,9,4,5,9,9,9,2,10,17,7,2,23,23,22,22,1
936,9,3,4,9,9,9,3,10,17,8,3,23,23,22,22,1
937,9,2,3,9,9,9,4,10,17,9,4,23,23,22,22,1
938,8,1,2,9,9,9,5,11,17,10,5,23,23,23,22,2
939,7,1,1,9,9,9,6,11,17,11,6,23,23,23,22,3
940,6,1,1,9,9,9,7,11,17,11,7,23,23,23,22,4
941,5,2,1,9,9,9,8,12,17,11,8,23,23,22,22,5
942,4,2,2,9,9,9,9,13,17,12,9,23,23,21,22,6
943,3,2,3,9,9,9,10,13,17,12,10,23,23,20,22,7
944,2,3,3,9,9,9,11,13,17,12,10,23,23,19,22,8
945,1,4,3,9,9,9,11,14,17,13,10,23,23,18,22,9
946,1,5,4,9,9,9,11,15,17,13,11,23,23,17,22,10
947,1,5,5,9,9,9,12,15,17,13,12,23,23,16,22,11
948,2,5,6,9,9,9,13,15,17,14,13,23,23,15,22,12
949,2,6,6,9,9,9,13,16,17,14,13,23,23,14,22,13
950,2,6,6,9,9,9,13,16,17,14,13,23,23,13,22,14
951,3,6,7,9,9,9,14,16,17,15,14,23,23,12,22,15
952,3,7,7,9,9,9,14,17,17,15,14,23,23,11,22,16
953,3,7,7,9,9,9,14,17,17,15,14,23,23,10,22,17
954,4,7,8,9,9,9,15,17,17,16,15,23,23,9,22,18
955,5,8,8,9,9,9,15,16,17,17,15,23,23,8,22,18
956,5,8,8,9,9,9,15,15,17,17,15,23,23,7,22,18
957,5,8,9,9,9,9,16,14,17,17,16,23,23,6,22,19
958,6,9,9,9,9,9,16,13,17,16,16,23,23,5,22,19
959,6,9,9,9,9,9,16,12,17,15,16,23,23,4,22,19
960,6,9,9,9,9,9,15,11,17,14,17,23,23,3,22,20
961,7,8,9,9,9,9,14,10,17,13,17,23,23,2,22,20
962,7,7,9,9,9,9,13,9,17,12,17,23,23,1,22,20
963,7,6,9,9,9,9,12,8,17,11,16,23,23,1,22,21
964,8,5,9,9,9,9,11,7,17,10,15,23,23,1,22,22
965,9,4,9,9,9,9,10,6,17,9,14,23,23,2,22,22
966,9,3,9,9,9,9,9,5,17,8,13,23,23,3,22,22
967,9,2,9,9,9,9,8,4,17,7,12,23,23,4,22,23
968,8,1,9,9,9,9,7,3,17,6,11,23,23,5,22,23
969,7,1,9,9,9,9,6,2,17,5,10,23,23,6,22,23
970,6,1,9,9,9,9,5,1,17,4,9,23,23,7,22,24
971,5,2,9,9,9,9,4,1,17,3,8,23,23,8,22,24
972,4,2,9,9,9,9,3,1,17,2,7,23,23,9,22,24
973,3,2,9,9,9,9,2,2,17,1,6,23,23,10,22,25
974,2,3,9,9,9,9,1,3,17,1,5,23,23,11,22,25
975,1,4,9,9,9,9,1,4,17,1,4,23,23,12,22,25
976,1,4,9,9,9,9,1,5,17,2,3,23,23,13,22,24
977,1,4,9,9,9,9,2,6,17,3,2,23,23,14,22,23
978,2,5,9,9,9,9,3,7,17,4,1,23,23,15,22,22
979,3,6,9,9,9,9,4,8,17,5,1,23,23,16,22,21
980,3,6,9,9,9,9,5,9,17,6,1,23,23,17,22,20
981,3,6,9,9,9,9,6,10,17,7,2,23,23,18,22,19
982,4,7,9,9,9,9,7,11,17,8,3,23,23,18,22,18
983,5,7,9,9,9,9,8,12,17,9,4,23,23,18,22,17
984,5,7,9,9,9,9,9,13,17,10,5,23,23,19,22,16
985,5,8,9,9,9,9,10,13,17,10,6,23,23,19,22,15
986,6,8,9,9,9,9,10,13,17,10,7,23,23,19,22,14
987,6,8,9,9,9,9,10,14,17,11,8,23,23,20,22,13
988,6,9,9,9,9,9,11,15,17,11,9,23,23,20,22,12
989,7,9,9,9,9,9,12,16,17,11,10,23,23,20,22,11
990,7,9,9,9,9,9,12,17,17,12,10,23,23,21,22,10
991,7,8,9,9,9,9,12,17,17,13,10,23,23,22,22,9
992,8,7,9,9,9,9,13,17,17,13,11,23,23,22,22,8
993,8,6,9,9,9,9,13,17,17,13,11,23,23,22,22,7
994,8,5,9,9,9,9,13,17,17,14,11,23,23,23,22,6
995,7,4,9,9,9,9,14,17,17,14,12,23,23,23,22,5
996,6,3,9,9,9,9,14,17,17,14,13,23,23,23,22,4
997,5,2,9,9,9,9,14,17,17,15,14,23,23,24,22,3
998,4,1,9,9,9,9,15,17,17,15,14,23,23,25,22,2
999,3,1,9,9,9,9,15,17,17,15,14,23,23,25,22,1
1000,2,1,9,9,9,9,15,17,17,16,15,23,23,25,22,1
1001,1,2,9,9,9,9,16,17,17,16,16,23,23,24,22,1
1002,1,2,9,9,9,9,17,17,17,16,17,23,23,23,22,2
1003,1,2,9,9,9,9,17,17,17,17,17,23,23,22,22,3
1004,2,3,9,9,9,9,17,17,17,17,17,23,23,21,22,4
1005,3,3,9,9,9,9,16,17,17,17,17,23,23,20,22,5
1006,3,3,9,9,9,9,15,17,17,16,17,23,23,19,22,6
1007,3,4,9,9,9,9,14,17,17,15,17,23,23,18,22,7
1008,4,4,9,9,9,9,13,17,17,14,17,23,23,17,22,8
1009,5,4,9,9,9,9,12,17,17,13,17,23,23,16,22,9
1010,5,5,9,9,9,9,11,17,17,12,17,23,23,15,22,10
1011,5,6,9,9,9,9,10,17,17,11,17,23,23,14,22,11
1012,6,7,9,9,9,9,9,17,17,10,17,23,23,13,22,12
1013,7,7,9,9,9,9,8,17,17,9,17,23,23,12,22,13
1014,7,7,9,9,9,9,7,17,17,8,17,23,23,11,22,14
1015,7,8,9,9,9,9,6,17,17,7,17,23,23,10,22,15
1016,8,9,9,9,9,9,5,17,17,6,17,23,23,9,22,16
1017,8,9,9,9,9,9,4,17,17,5,17,23,23,8,22,17
1018,8,9,9,9,9,9,3,17,17,4,17,23,23,7,22,18
1019,7,8,9,9,9,9,2,17,17,3,17,23,23,6,22,19
1020,6,7,9,9,9,9,1,17,17,2,17,23,23,5,22,19
1021,5,6,9,9,9,9,1,17,17,1,17,23,23,4,22,19
1022,4,5,9,9,9,9,1,17,17,1,17,23,23,3,22,20
1023,3,4,9,9,9,9,2,17,17,1,17,23,23,2,22,20
1024,2,3,9,9,9,9,3,17,17,2,17,23,23,1,22,20
1025,1,2,9,9,9,9,4,17,17,3,17,23,23,1,22,21
1026,1,1,9,9,9,9,5,17,17,4,17,23,23,1,22,21
1027,1,1,9,9,9,9,6,17,17,5,17,23,23,2,22,21
1028,2,1,9,9,9,9,7,17,17,6,17,23,23,3,22,22
1029,3,2,9,9,9,9,8,17,17,7,17,23,23,4,22,22
1030,4,3,9,9,9,9,9,17,17,8,17,23,23,5,22,22
1031,5,4,9,9,9,9,10,17,17,9,17,23,23,6,22,23
1032,5,4,9,9,9,9,10,17,17,10,17,23,23,7,22,23
1033,5,4,9,9,9,9,10,17,17,10,17,23,23,8,22,23
1034,5,5,9,9,9,9,11,17,17,10,17,23,23,9,22,24
1035,5,5,9,9,9,9,12,17,17,11,17,23,23,10,22,25
1036,5,5,9,9,9,9,12,17,17,12,17,23,23,11,22,25
1037,5,6,9,9,9,9,12,17,17,12,17,23,23,12,22,25
1038,5,7,9,9,9,9,13,17,17,12,17,23,23,13,22,24
1039,5,8,9,9,9,9,14,17,17,13,17,23,23,14,22,23
1040,5,8,9,9,9,9,14,17,17,13,17,23,23,15,22,22
1041,5,8,9,9,9,9,14,17,17,13,17,23,23,16,22,21
1042,5,8,9,9,9,9,15,17,17,14,17,23,23,17,22,20
1043,5,8,9,9,9,9,15,17,17,14,17,23,23,18,22,19
1044,5,8,9,9,9,9,15,17,17,14,17,23,23,18,22,18
1045,5,8,9,9,9,9,16,17,17,15,17,23,23,18,22,17
1046,5,8,9,9,9,9,16,17,17,15,17,23,23,19,22,16
1047,5,8,9,9,9,9,16,17,17,15,17,23,23,19,22,15
1048,5,8,9,9,9,9,17,17,17,14,17,23,23,19,22,14
1049,5,8,9,9,9,9,17,17,17,13,17,23,23,20,22,13
1050,5,8,9,9,9,9,17,17,17,12,17,23,23,21,22,12
1051,5,8,9,9,9,9,16,17,17,11,17,23,23,21,22,11
1052,5,8,9,9,9,9,15,17,17,10,17,23,23,21,22,10
1053,5,8,9,9,9,9,14,17,17,9,17,23,23,22,22,9
1054,5,8,9,9,9,9,13,17,17,8,17,23,23,22,22,8
1055,5,8,9,9,9,9,12,17,17,7,17,23,23,22,22,7
1056,5,8,9,9,9,9,11,17,17,6,17,23,23,23,22,6
1057,5,8,9,9,9,9,10,17,17,5,17,23,23,23,22,5
1058,5,8,9,9,9,9,9,17,17,4,17,23,23,23,22,4
1059,5,8,9,9,9,9,8,17,17,3,17,23,23,24,22,3
1060,5,8,9,9,9,9,7,17,17,2,17,23,23,25,22,2
1061,5,8,9,9,9,9,6,17,17,1,17,23,23,25,22,1
1062,5,8,9,9,9,9,5,17,17,1,17,23,23,25,22,1
1063,5,8,9,9,9,9,4,17,17,1,17,23,23,24,22,1
1064,5,8,9,9,9,9,3,17,17,2,17,23,23,23,22,2
1065,5,8,9,9,9,9,2,17,17,3,17,23,23,22,22,3
1066,5,8,9,9,9,9,1,17,17,4,17,23,23,21,22,4
1067,5,8,9,9,9,9,1,17,17,5,17,23,23,20,22,5
1068,5,8,9,9,9,9,1,17,17,6,17,23,23,19,22,6
1069,5,8,9,9,9,9,2,17,17,7,17,23,23,18,22,7
1070,5,8,9,9,9,9,3,17,17,8,17,23,23,17,22,8
1071,5,8,9,9,9,9,4,17,17,9,17,23,23,16,22,9
1072,5,8,9,9,9,9,5,17,17,10,17,23,23,15,22,10
1073,5,8,9,9,9,9,6,17,17,11,17,23,23,14,22,11
1074,5,8,9,9,9,9,7,17,17,11,17,23,23,13,22,12
1075,5,8,9,9,9,9,8,17,17,11,17,23,23,12,22,13
1076,5,8,9,9,9,9,9,17,17,12,17,23,23,11,22,14
1077,5,8,9,9,9,9,10,17,17,13,17,23,23,10,22,15
1078,5,8,9,9,9,9,10,17,17,13,17,23,23,9,22,16
1079,5,8,9,9,9,9,10,17,17,13,17,23,23,8,22,17
1080,5,8,9,9,9,9,11,17,17,14,17,23,23,7,22,18
1081,5,8,9,9,9,9,11,17,17,15,17,23,23,6,22,18
1082,5,8,9,9,9,9,11,17,17,15,17,23,23,5,22,18
1083,5,8,9,9,9,9,12,17,17,15,17,23,23,4,22,19
1084,5,8,9,9,9,9,13,17,17,16,17,23,23,3,22,19
1085,5,8,9,9,9,9,13,17,17,16,17,23,23,2,22,19
1086,5,8,9,9,9,9,13,17,17,16,17,23,23,1,22,20
1087,5,8,9,9,9,9,14,17,17,15,17,23,23,1,22,20
1088,5,8,9,9,9,9,14,17,17,14,17,23,23,1,22,20
1089,5,8,9,9,9,9,14,17,17,13,17,23,23,2,22,21
1090,5,8,9,9,9,9,15,17,17,12,17,23,23,3,22,21
1091,5,8,9,9,9,9,15,17,17,11,17,23,23,4,22,21
1092,5,8,9,9,9,9,15,17,17,10,17,23,23,5,22,22
1093,5,8,9,9,9,9,16,17,17,9,17,23,23,6,22,23
1094,5,8,9,9,9,9,16,17,17,8,17,23,23,7,22,23
1095,5,8,9,9,9,9,16,17,17,7,17,23,23,8,22,23
1096,5,8,9,9,9,9,15,17,17,6,17,23,23,9,22,24
1097,5,8,9,9,9,9,14,17,17,5,17,23,23,10,22,24
1098,5,8,9,9,9,9,13,17,17,4,17,23,23,11,22,24
1099,5,8,9,9,9,9,12,17,17,3,17,23,23,12,22,25
1100,5,8,9,9,9,9,11,17,17,2,17,23,23,13,22,25
1101,5,8,9,9,9,9,10,17,17,1,17,23,23,14,22,25
1102,5,8,9,9,9,9,9,17,17,1,17,23,23,15,22,24
1103,5,8,9,9,9,9,8,17,17,1,17,23,23,16,22,23
1104,5,8,9,9,9,9,7,17,17,2,17,23,23,17,22,22
1105,5,8,9,9,9,9,6,17,17,3,17,23,23,18,22,21
1106,5,8,9,9,9,9,5,17,17,4,17,23,23,18,22,20
1107,5,8,9,9,9,9,4,17,17,5,17,23,23,18,22,19
1108,5,8,9,9,9,9,3,17,17,6,17,23,23,19,22,18
1109,5,8,9,9,9,9,2,17,17,7,17,23,23,19,22,17
1110,5,8,9,9,9,9,1,17,17,8,17,23,23,19,22,16
1111,5,8,9,9,9,9,1,17,17,9,17,23,23,20,22,15
1112,5,8,9,9,9,9,1,17,17,10,17,23,23,20,22,14
1113,5,8,9,9,9,9,2,17,17,11,17,23,23,20,22,13
1114,5,8,9,9,9,9,3,17,17,12,17,23,23,21,22,12
1115,5,8,9,9,9,9,4,17,17,12,17,23,23,21,22,11
1116,5,8,9,9,9,9,5,17,17,12,17,23,23,21,22,10
1117,5,8,9,9,9,9,6,17,17,13,17,23,23,22,22,9
1118,5,8,9,9,9,9,7,17,17,13,17,23,23,22,22,8
1119,5,8,9,9,9,9,8,17,17,13,17,23,23,22,22,7
1120,5,8,9,9,9,9,9,17,17,14,17,23,23,23,22,6
1121,5,8,9,9,9,9,10,17,17,14,17,23,23,24,22,5
1122,5,8,9,9,9,9,10,17,17,14,17,23,23,25,22,4
1123,5,8,9,9,9,9,10,17,17,15,17,23,23,25,22,3
1124,5,8,9,9,9,9,11,17,17,16,17,23,23,25,22,2
1125,5,8,9,9,9,9,12,17,17,17,17,23,23,24,22,1
1126,5,8,9,9,9,9,13,17,17,17,17,23,23,23,22,1
1127,5,8,9,9,9,9,13,17,17,17,17,23,23,22,22,1
1128,5,8,9,9,9,9,13,17,17,16,17,23,23,21,22,2
1129,5,8,9,9,9,9,14,17,17,15,17,23,23,20,22,3
1130,5,8,9,9,9,9,15,17,17,14,17,23,23,19,22,4
1131,5,8,9,9,9,9,15,17,17,13,17,23,23,18,22,5
1132,5,8,9,9,9,9,15,17,17,12,17,23,23,17,22,6
1133,5,8,9,9,9,9,16,17,17,11,17,23,23,16,22,7
1134,5,8,9,9,9,9,16,17,17,10,17,23,23,15,22,8
1135,5,8,9,9,9,9,16,17,17,9,17,23,23,14,22,9
1136,5,8,9,9,9,9,17,17,17,8,17,23,23,13,22,10
1137,5,8,9,9,9,9,17,17,17,7,17,23,23,12,22,11
1138,5,8,9,9,9,9,17,17,17,6,17,23,23,11,22,12
1139,5,8,9,9,9,9,16,17,17,5,17,23,23,10,22,13
1140,5,8,9,9,9,9,15,17,17,4,17,23,23,9,22,14
1141,5,8,9,9,9,9,14,17,17,3,17,23,23,8,22,15
1142,5,8,9,9,9,9,13,17,17,2,17,23,23,7,22,16
1143,5,8,9,9,9,9,12,17,17,1,17,23,23,6,22,17
1144,5,8,9,9,9,9,11,17,17,1,17,23,23,5,22,18
1145,5,8,9,9,9,9,10,17,17,1,17,23,23,4,22,18
1146,5,8,9,9,9,9,9,17,17,2,17,23,23,3,22,18
1147,5,8,9,9,9,9,8,17,17,3,17,23,23,2,22,19
1148,5,8,9,9,9,9,7,17,17,4,17,23,23,1,22,19
1149,5,8,9,9,9,9,6,17,17,5,17,23,23,1,22,19
1150,5,8,9,9,9,9,5,17,17,6,17,23,23,1,22,20
1151,5,8,9,9,9,9,4,17,17,7,17,23,23,2,22,20
1152,5,8,9,9,9,9,3,17,17,8,17,23,23,3,22,20
1153,5,8,9,9,9,9,2,17,17,9,17,23,23,4,22,21
1154,5,8,9,9,9,9,1,17,17,10,17,23,23,5,22,21
1155,5,8,9,9,9,9,1,17,17,10,17,23,23,6,22,21
1156,5,8,9,9,9,9,1,17,17,10,17,23,23,7,22,22
1157,5,8,9,9,9,9,2,17,17,11,17,23,23,8,22,23
1158,5,8,9,9,9,9,3,17,17,12,17,23,23,9,22,23
1159,5,8,9,9,9,9,4,17,17,12,17,23,23,10,22,23
1160,5,8,9,9,9,9,5,17,17,12,17,23,23,11,22,24
1161,5,8,9,9,9,9,6,17,17,13,17,23,23,12,22,24
1162,5,8,9,9,9,9,7,17,17,14,17,23,23,13,22,24
1163,5,8,9,9,9,9,8,17,17,14,17,23,23,14,22,25
1164,5,8,9,9,9,9,9,17,17,14,17,23,23,15,22,25
1165,5,8,9,9,9,9,10,17,17,15,17,23,23,16,22,25
1166,5,8,9,9,9,9,10,17,17,15,17,23,23,17,22,24
1167,5,8,9,9,9,9,10,17,17,15,17,23,23,18,22,23
1168,5,8,9,9,9,9,11,17,17,16,17,23,23,18,22,22
1169,5,8,9,9,9,9,11,17,17,16,17,23,23,18,22,21
1170,5,8,9,9,9,9,11,17,17,16,17,23,23,19,22,20
1171,5,8,9,9,9,9,12,17,17,15,17,23,23,19,22,19
1172,5,8,9,9,9,9,12,17,17,14,17,23,23,19,22,18
1173,5,8,9,9,9,9,12,17,17,13,17,23,23,20,22,17
1174,5,8,9,9,9,9,13,17,17,12,17,23,23,21,22,16
1175,5,8,9,9,9,9,14,17,17,11,17,23,23,21,22,15
1176,5,8,9,9,9,9,14,17,17,10,17,23,23,21,22,14
1177,5,8,9,9,9,9,14,17,17,9,17,23,23,22,22,13
1178,5,8,9,9,9,9,15,17,17,8,17,23,23,22,22,12
1179,5,8,9,9,9,9,16,17,17,7,17,23,23,22,22,11
1180,5,8,9,9,9,9,16,17,17,6,17,23,23,23,22,10
1181,5,8,9,9,9,9,16,17,17,5,17,23,23,24,22,9
1182,5,8,9,9,9,9,17,17,17,4,17,23,23,24,22,8
1183,5,8,9,9,9,9,17,17,17,3,17,23,23,24,22,7
1184,5,8,9,9,9,9,17,17,17,2,17,23,23,25,22,6
1185,5,8,9,9,9,9,16,17,17,1,17,23,23,25,22,5
1186,5,8,9,9,9,9,15,17,17,1,17,23,23,25,22,4
1187,5,8,9,9,9,9,14,17,17,1,17,23,23,24,22,3
1188,5,8,9,9,9,9,13,17,17,2,17,23,23,23,22,2
1189,5,8,9,9,9,9,12,17,17,3,17,23,23,22,22,1
1190,5,8,9,9,9,9,11,17,17,4,17,23,23,21,22,1
1191,5,8,9,9,9,9,10,17,17,5,17,23,23,20,22,1
1192,5,8,9,9,9,9,9,17,17,6,17,23,23,19,22,2
1193,5,8,9,9,9,9,8,17,17,7,17,23,23,18,22,3
1194,5,8,9,9,9,9,7,17,17,8,17,23,23,17,22,4
1195,5,8,9,9,9,9,6,17,17,9,17,23,23,16,22,5
1196,5,8,9,9,9,9,5,17,17,10,17,23,23,15,22,6
1197,5,8,9,9,9,9,4,17,17,10,17,23,23,14,22,7
1198,5,8,9,9,9,9,3,17,17,10,17,23,23,13,22,8
1199,5,8,9,9,9,9,2,17,17,11,17,23,23,12,22,9
1200,5,8,9,9,9,9,1,17,17,11,17,23,23,11,22,10
1201,5,8,9,9,9,9,1,17,17,11,17,23,23,10,22,11
1202,5,8,9,9,9,9,1,17,17,12,17,23,23,9,22,12
1203,5,8,9,9,9,9,2,17,17,12,17,23,23,8,22,13
1204,5,8,9,9,9,9,3,17,17,12,17,23,23,7,22,14
1205,5,8,9,9,9,9,4,17,17,13,17,23,23,6,22,15
1206,5,8,9,9,9,9,5,17,17,13,17,23,23,5,22,16
1207,5,8,9,9,9,9,6,17,17,13,17,23,23,4,22,17
1208,5,8,9,9,9,9,7,17,17,14,17,23,23,3,22,18
1209,5,8,9,9,9,9,8,17,17,14,17,23,23,2,22,18
1210,5,8,9,9,9,9,9,17,17,14,17,23,23,1,22,18
1211,5,8,9,9,9,9,10,17,17,15,17,23,23,1,22,19
1212,5,8,9,9,9,9,10,17,17,15,17,23,23,1,22,20
1213,5,8,9,9,9,9,10,17,17,15,17,23,23,2,22,21
1214,5,8,9,9,9,9,11,17,17,16,17,23,23,3,22,21
1215,5,8,9,9,9,9,12,17,17,16,17,23,23,4,22,21
1216,5,8,9,9,9,9,13,17,17,16,17,23,23,5,22,22
1217,5,8,9,9,9,9,13,17,17,15,17,23,23,6,22,22
1218,5,8,9,9,9,9,13,17,17,14,17,23,23,7,22,22
1219,5,8,9,9,9,9,14,17,17,13,17,23,23,8,22,23
1220,5,8,9,9,9,9,14,17,17,12,17,23,23,9,22,23
1221,5,8,9,9,9,9,14,17,17,11,17,23,23,10,22,23
1222,5,8,9,9,9,9,15,17,17,10,17,23,23,11,22,24
1223,5,8,9,9,9,9,16,17,17,9,17,23,23,12,22,24
1224,5,8,9,9,9,9,16,17,17,8,17,23,23,13,22,24
1225,5,8,9,9,9,9,16,17,17,7,17,23,23,14,22,25
1226,5,8,9,9,9,9,17,17,17,6,17,23,23,15,22,25
1227,5,8,9,9,9,9,17,17,17,5,17,23,23,16,22,25
1228,5,8,9,9,9,9,17,17,17,4,17,23,23,17,22,24
1229,5,8,9,9,9,9,16,17,17,3,17,23,23,18,22,23
1230,5,8,9,9,9,9,15,17,17,2,17,23,23,18,22,22
1231,5,8,9,9,9,9,14,17,17,1,17,23,23,18,22,21
1232,5,8,9,9,9,9,13,17,17,1,17,23,23,19,22,20
1233,5,8,9,9,9,9,12,17,17,1,17,23,23,19,22,19
1234,5,8,9,9,9,9,11,17,17,2,17,23,23,19,22,18
1235,5,8,9,9,9,9,10,17,17,3,17,23,23,20,22,17
1236,5,8,9,9,9,9,9,17,17,4,17,23,23,20,22,16
1237,5,8,9,9,9,9,8,17,17,5,17,23,23,20,22,15
1238,5,8,9,9,9,9,7,17,17,6,17,23,23,21,22,14
1239,5,8,9,9,9,9,6,17,17,7,17,23,23,21,22,13
1240,5,8,9,9,9,9,5,17,17,8,17,23,23,21,22,12
1241,5,8,9,9,9,9,4,17,17,9,17,23,23,22,22,11
1242,5,8,9,9,9,9,3,17,17,10,17,23,23,23,22,10
1243,5,8,9,9,9,9,2,17,17,11,17,23,23,23,22,9
1244,5,8,9,9,9,9,1,17,17,11,17,23,23,23,22,8
1245,5,8,9,9,9,9,1,17,17,11,17,23,23,24,22,7
1246,5,8,9,9,9,9,1,17,17,12,17,23,23,24,22,6
1247,5,8,9,9,9,9,2,17,17,12,17,23,23,24,22,5
1248,5,8,9,9,9,9,3,17,17,12,17,23,23,25,22,4
1249,5,8,9,9,9,9,4,17,17,13,17,23,23,25,22,3
1250,5,8,9,9,9,9,5,17,17,14,17,23,23,25,22,2
1251,5,8,9,9,9,9,6,17,17,14,17,23,23,24,22,1
1252,5,8,9,9,9,9,7,17,17,14,17,23,23,23,22,1
1253,5,8,9,9,9,9,8,17,17,15,17,23,23,22,22,1
1254,5,8,9,9,9,9,9,17,17,15,17,23,23,21,22,2
1255,5,8,9,9,9,9,10,17,17,15,17,23,23,20,22,3
1256,5,8,9,9,9,9,11,17,17,16,17,23,23,19,22,4
1257,5,8,9,9,9,9,11,17,17,16,17,23,23,18,22,5
1258,5,8,9,9,9,9,11,17,17,16,17,23,23,17,22,6
1259,5,8,9,9,9,9,12,17,17,17,17,23,23,16,22,7
1260,5,8,9,9,9,9,12,17,17,17,17,23,23,15,22,8
1261,5,8,9,9,9,9,12,17,17,17,17,23,23,14,22,9
1262,5,8,9,9,9,9,13,17,17,16,17,23,23,13,22,10
1263,5,8,9,9,9,9,14,17,17,15,17,23,23,12,22,11
1264,5,8,9,9,9,9,15,17,17,14,17,23,23,11,22,12
1265,5,8,9,9,9,9,15,17,17,13,17,23,23,10,22,13
1266,5,8,9,9,9,9,15,17,17,12,17,23,23,9,22,14
1267,5,8,9,9,9,9,16,17,17,11,17,23,23,8,22,15
1268,5,8,9,9,9,9,16,17,17,10,17,23,23,7,22,16
1269,5,8,9,9,9,9,16,17,17,9,17,23,23,6,22,17
1270,5,8,9,9,9,9,17,17,17,8,17,23,23,5,22,18
1271,5,8,9,9,9,9,17,17,17,7,17,23,23,4,22,18
1272,5,8,9,9,9,9,17,17,17,6,17,23,23,3,22,18
1273,5,8,9,9,9,9,16,17,17,5,17,23,23,2,22,19
1274,5,8,9,9,9,9,15,17,17,4,17,23,23,1,22,19
1275,5,8,9,9,9,9,14,17,17,3,17,23,23,1,22,19
1276,5,8,9,9,9,9,13,17,17,2,17,23,23,1,22,20
1277,5,8,9,9,9,9,12,17,17,1,17,23,23,2,22,20
1278,5,8,9,9,9,9,11,17,17,1,17,23,23,3,22,20
1279,5,8,9,9,9,9,10,17,17,1,17,23,23,4,22,21
1280,5,8,9,9,9,9,9,17,17,2,17,23,23,5,22,22
1281,5,8,9,9,9,9,8,17,17,3,17,23,23,6,22,22
1282,5,8,9,9,9,9,7,17,17,4,17,23,23,7,22,22
1283,5,8,9,9,9,9,6,17,17,5,17,23,23,8,22,23
1284,5,8,9,9,9,9,5,17,17,6,17,23,23,9,22,23
1285,5,8,9,9,9,9,4,17,17,7,17,23,23,10,22,23
1286,5,8,9,9,9,9,3,17,17,8,17,23,23,11,22,24
1287,5,8,9,9,9,9,2,17,17,9,17,23,23,12,22,25
1288,5,8,9,9,9,9,1,17,17,10,17,23,23,13,22,25
1289,5,8,9,9,9,9,1,17,17,11,17,23,23,14,22,25
1290,5,8,9,9,9,9,1,17,17,11,17,23,23,15,22,24
1291,5,8,9,9,9,9,2,17,17,11,17,23,23,16,22,23
1292,5,8,9,9,9,9,3,17,17,12,17,23,23,17,22,22
1293,5,8,9,9,9,9,4,17,17,13,17,23,23,18,22,21
1294,5,8,9,9,9,9,5,17,17,13,17,23,23,18,22,20
1295,5,8,9,9,9,9,6,17,17,13,17,23,23,18,22,19
1296,5,8,9,9,9,9,7,17,17,14,17,23,23,19,22,18
1297,5,8,9,9,9,9,8,17,17,14,17,23,23,19,22,17
1298,5,8,9,9,9,9,9,17,17,14,17,23,23,19,22,16
1299,5,8,9,9,9,9,10,17,17,15,17,23,23,20,22,15
1300,5,8,9,9,9,9,10,17,17,15,17,23,23,21,22,14
1301,5,8,9,9,9,9,10,17,17,15,17,23,23,21,22,13
1302,5,8,9,9,9,9,11,17,17,16,17,23,23,21,22,12
1303,5,8,9,9,9,9,11,17,17,16,17,23,23,22,22,11
1304,5,8,9,9,9,9,11,17,17,16,17,23,23,22,22,10
1305,5,8,9,9,9,9,12,17,17,17,17,23,23,22,22,9
1306,5,8,9,9,9,9,12,17,17,17,17,23,23,23,22,8
1307,5,8,9,9,9,9,12,17,17,17,17,23,23,23,22,7
1308,5,8,9,9,9,9,13,17,17,16,17,23,23,23,22,6
1309,5,8,9,9,9,9,13,17,17,15,17,23,23,24,22,5
1310,5,8,9,9,9,9,13,17,17,14,17,23,23,24,22,4
1311,5,8,9,9,9,9,14,17,17,13,17,23,23,24,22,3
1312,5,8,9,9,9,9,14,17,17,12,17,23,23,23,22,2
1313,5,8,9,9,9,9,14,17,17,11,17,23,23,22,22,1
1314,5,8,9,9,9,9,15,17,17,10,17,23,23,21,22,1
1315,5,8,9,9,9,9,15,17,17,9,17,23,23,20,22,1
1316,5,8,9,9,9,9,15,17,17,8,17,23,23,19,22,2
1317,5,8,9,9,9,9,16,17,17,7,17,23,23,18,22,3
1318,5,8,9,9,9,9,17,17,17,6,17,23,23,17,22,4
1319,5,8,9,9,9,9,17,17,17,5,17,23,23,16,22,5
1320,5,8,9,9,9,9,17,17,17,4,17,23,23,15,22,6
1321,5,8,9,9,9,9,16,17,17,3,17,23,23,14,22,7
1322,5,8,9,9,9,9,15,17,17,2,17,23,23,13,22,8
1323,5,8,9,9,9,9,14,17,17,1,17,23,23,12,22,9
1324,5,8,9,9,9,9,13,17,17,1,17,23,23,11,22,10
1325,5,8,9,9,9,9,12,17,17,1,17,23,23,10,22,11
1326,5,8,9,9,9,9,11,17,17,2,17,23,23,9,22,12
1327,5,8,9,9,9,9,10,17,17,3,17,23,23,8,22,13
1328,5,8,9,9,9,9,9,17,17,4,17,23,23,7,22,14
1329,5,8,9,9,9,9,8,17,17,5,17,23,23,6,22,15
1330,5,8,9,9,9,9,7,17,17,6,17,23,23,5,22,16
1331,5,8,9,9,9,9,6,17,17,7,17,23,23,4,22,17
1332,5,8,9,9,9,9,5,17,17,8,17,23,23,3,22,18
1333,5,8,9,9,9,9,4,17,17,9,17,23,23,2,22,18
1334,5,8,9,9,9,9,3,17,17,10,17,23,23,1,22,18
1335,5,8,9,9,9,9,2,17,17,11,17,23,23,1,22,19
1336,5,8,9,9,9,9,1,17,17,11,17,23,23,1,22,20
1337,5,8,9,9,9,9,1,17,17,11,17,23,23,2,22,21
1338,5,8,9,9,9,9,1,17,17,12,17,23,23,3,22,21
1339,5,8,9,9,9,9,2,17,17,12,17,23,23,4,22,21
1340,5,8,9,9,9,9,3,17,17,12,17,23,23,5,22,22
1341,5,8,9,9,9,9,4,17,17,13,17,23,23,6,22,22
1342,5,8,9,9,9,9,5,17,17,13,17,23,23,7,22,22
1343,5,8,9,9,9,9,6,17,17,13,17,23,23,8,22,23
1344,5,8,9,9,9,9,7,17,17,14,17,23,23,9,22,23
1345,5,8,9,9,9,9,8,17,17,14,17,23,23,10,22,23
1346,5,8,9,9,9,9,9,17,17,14,17,23,23,11,22,24
1347,5,8,9,9,9,9,10,17,17,15,17,23,23,12,22,24
1348,5,8,9,9,9,9,10,17,17,16,17,23,23,13,22,24
1349,5,8,9,9,9,9,10,17,17,16,17,23,23,14,22,25
1350,5,8,9,9,9,9,11,17,17,16,17,23,23,15,22,25
1351,5,8,9,9,9,9,11,17,17,15,17,23,23,16,22,25
1352,5,8,9,9,9,9,11,17,17,14,17,23,23,17,22,24
1353,5,8,9,9,9,9,12,17,17,13,17,23,23,18,22,23
1354,5,8,9,9,9,9,12,17,17,12,17,23,23,18,22,22
1355,5,8,9,9,9,9,12,17,17,11,17,23,23,18,22,21
1356,5,8,9,9,9,9,13,17,17,10,17,23,23,19,22,20
1357,5,8,9,9,9,9,13,17,17,9,17,23,23,19,22,19
1358,5,8,9,9,9,9,13,17,17,8,17,23,23,19,22,18
1359,5,8,9,9,9,9,14,17,17,7,17,23,23,20,22,17
1360,5,8,9,9,9,9,15,17,17,6,17,23,23,21,22,16
1361,5,8,9,9,9,9,16,17,17,5,17,23,23,21,22,15
1362,5,8,9,9,9,9,16,17,17,4,17,23,23,21,22,14
1363,5,8,9,9,9,9,16,17,17,3,17,23,23,22,22,13
1364,5,8,9,9,9,9,17,17,17,2,17,23,23,22,22,12
1365,5,8,9,9,9,9,17,17,17,1,17,23,23,22,22,11
1366,5,8,9,9,9,9,17,17,17,1,17,23,23,23,22,10
1367,5,8,9,9,9,9,16,17,17,1,17,23,23,23,22,9
1368,5,8,9,9,9,9,15,17,17,2,17,23,23,23,22,8
1369,5,8,9,9,9,9,14,17,17,3,17,23,23,24,22,7
1370,5,8,9,9,9,9,13,17,17,4,17,23,23,24,22,6
1371,5,8,9,9,9,9,12,17,17,5,17,23,23,24,22,5
1372,5,8,9,9,9,9,11,17,17,6,17,23,23,25,22,4
1373,5,8,9,9,9,9,10,17,17,7,17,23,23,25,22,3
1374,5,8,9,9,9,9,9,17,17,8,17,23,23,25,22,2
1375,5,8,9,9,9,9,8,17,17,9,17,23,23,24,22,1
1376,5,8,9,9,9,9,7,17,17,10,17,23,23,23,22,1
1377,5,8,9,9,9,9,6,17,17,10,17,23,23,22,22,1
1378,5,8,9,9,9,9,5,17,17,10,17,23,23,21,22,2
1379,5,8,9,9,9,9,4,17,17,11,17,23,23,20,22,3
1380,5,8,9,9,9,9,3,17,17,11,17,23,23,19,22,4
1381,5,8,9,9,9,9,2,17,17,11,17,23,23,18,22,5
1382,5,8,9,9,9,9,1,17,17,12,17,23,23,17,22,6
1383,5,8,9,9,9,9,1,17,17,13,17,23,23,16,22,7
1384,5,8,9,9,9,9,1,17,17,14,17,23,23,15,22,8
1385,5,8,9,9,9,9,2,17,17,14,17,23,23,14,22,9
1386,5,8,9,9,9,9,3,17,17,14,17,23,23,13,22,10
1387,5,8,9,9,9,9,4,17,17,15,17,23,23,12,22,11
1388,5,8,9,9,9,9,5,17,17,16,17,23,23,11,22,12
1389,5,8,9,9,9,9,6,17,17,16,17,23,23,10,22,13
1390,5,8,9,9,9,9,7,17,17,16,17,23,23,9,22,14
1391,5,8,9,9,9,9,8,17,17,17,17,23,23,8,22,15
1392,5,8,9,9,9,9,9,17,17,17,17,23,23,7,22,16
1393,5,8,9,9,9,9,10,17,17,17,17,23,23,6,22,17
1394,5,8,9,9,9,9,10,17,17,16,17,23,23,5,22,18
1395,5,8,9,9,9,9,10,17,17,15,17,23,23,4,22,19
1396,5,8,9,9,9,9,11,17,17,14,17,23,23,3,22,20
1397,5,8,9,9,9,9,12,17,17,13,17,23,23,2,22,20
1398,5,8,9,9,9,9,12,17,17,12,17,23,23,1,22,20
1399,5,8,9,9,9,9,12,17,17,11,17,23,23,1,22,21
1400,5,8,9,9,9,9,13,17,17,10,17,23,23,1,22,21
1401,5,8,9,9,9,9,13,17,17,9,17,23,23,2,22,21
1402,5,8,9,9,9,9,13,17,17,8,17,23,23,3,22,22
1403,5,8,9,9,9,9,14,17,17,7,17,23,23,4,22,23
1404,5,8,9,9,9,9,15,17,17,6,17,23,23,5,22,23
1405,5,8,9,9,9,9,15,17,17,5,17,23,23,6,22,23
1406,5,8,9,9,9,9,15,17,17,4,17,23,23,7,22,24
1407,5,8,9,9,9,9,16,17,17,3,17,23,23,8,22,24
1408,5,8,9,9,9,9,17,17,17,2,17,23,23,9,22,24
1409,5,8,9,9,9,9,17,17,17,1,17,23,23,10,22,25
1410,5,8,9,9,9,9,17,17,17,1,17,23,23,11,22,25
1411,5,8,9,9,9,9,16,17,17,1,17,23,23,12,22,25
1412,5,8,9,9,9,9,15,17,17,2,17,23,23,13,22,24
1413,5,8,9,9,9,9,14,17,17,3,17,23,23,14,22,23
1414,5,8,9,9,9,9,13,17,17,4,17,23,23,15,22,22
1415,5,8,9,9,9,9,12,17,17,5,17,23,23,16,22,21
1416,5,8,9,9,9,9,11,17,17,6,17,23,23,17,22,20
1417,5,8,9,9,9,9,10,17,17,7,17,23,23,18,22,19
1418,5,8,9,9,9,9,9,17,17,8,17,23,23,18,22,18
1419,5,8,9,9,9,9,8,17,17,9,17,23,23,18,22,17
1420,5,8,9,9,9,9,7,17,17,10,17,23,23,19,22,16
1421,5,8,9,9,9,9,6,17,17,10,17,23,23,19,22,15
1422,5,8,9,9,9,9,5,17,17,10,17,23,23,19,22,14
1423,5,8,9,9,9,9,4,17,17,11,17,23,23,20,22,13
1424,5,8,9,9,9,9,3,17,17,11,17,23,23,20,22,12
1425,5,8,9,9,9,9,2,17,17,11,17,23,23,20,22,11
1426,5,8,9,9,9,9,1,17,17,12,17,23,23,21,22,10
1427,5,8,9,9,9,9,1,17,17,12,17,23,23,21,22,9
1428,5,8,9,9,9,9,1,17,17,12,17,23,23,21,22,8
1429,5,8,9,9,9,9,2,17,17,13,17,23,23,22,22,7
1430,5,8,9,9,9,9,3,17,17,14,17,23,23,22,22,6
1431,5,8,9,9,9,9,4,17,17,15,17,23,23,22,22,5
1432,5,8,9,9,9,9,5,17,17,15,17,23,23,23,22,4
1433,5,8,9,9,9,9,6,17,17,15,17,23,23,23,22,3
1434,5,8,9,9,9,9,7,17,17,14,17,23,23,23,22,2
1435,5,8,9,9,9,9,8,17,17,13,17,23,23,24,22,1
1436,5,8,9,9,9,9,9,17,17,12,17,23,23,24,22,1
1437,5,8,9,9,9,9,10,17,17,11,17,23,23,24,22,1
1438,5,8,9,9,9,9,10,17,17,10,17,23,23,25,22,2
1439,5,8,9,9,9,9,10,17,17,9,17,23,23,25,22,3
1440,5,8,9,9,9,9,11,17,17,8,17,23,23,25,22,4
1441,5,8,9,9,9,9,11,17,17,7,17,23,23,24,22,5
1442,5,8,9,9,9,9,11,17,17,6,17,23,23,23,22,6
1443,5,8,9,9,9,9,12,17,17,5,17,23,23,22,22,7
1444,5,8,9,9,9,9,12,17,17,4,17,23,23,21,22,8
1445,5,8,9,9,9,9,12,17,17,3,17,23,23,20,22,9
1446,5,8,9,9,9,9,13,17,17,2,17,23,23,19,22,10
1447,5,8,9,9,9,9,14,17,17,1,17,23,23,18,22,11
1448,5,8,9,9,9,9,14,17,17,1,17,23,23,17,22,12
1449,5,8,9,9,9,9,14,17,17,1,17,23,23,16,22,13
1450,5,8,9,9,9,9,15,17,17,2,17,23,23,15,22,14
1451,5,8,9,9,9,9,15,17,17,3,17,23,23,14,22,15
1452,5,8,9,9,9,9,15,17,17,4,17,23,23,13,22,16
1453,5,8,9,9,9,9,16,17,17,5,17,23,23,12,22,17
1454,5,8,9,9,9,9,17,17,17,6,17,23,23,11,22,18
1455,5,8,9,9,9,9,17,17,17,7,17,23,23,10,22,18
1456,5,8,9,9,9,9,17,17,17,8,17,23,23,9,22,18
1457,5,8,9,9,9,9,16,17,17,9,17,23,23,8,22,19
1458,5,8,9,9,9,9,15,17,17,10,17,23,23,7,22,19
1459,5,8,9,9,9,9,14,17,17,10,17,23,23,6,22,19
1460,5,8,9,9,9,9,13,17,17,10,17,23,23,5,22,20
1461,5,8,9,9,9,9,12,17,17,11,17,23,23,4,22,20
1462,5,8,9,9,9,9,11,17,17,11,17,23,23,3,22,20
1463,5,8,9,9,9,9,10,17,17,11,17,23,23,2,22,21
1464,5,8,9,9,9,9,9,17,17,12,17,23,23,1,22,21
1465,5,8,9,9,9,9,8,17,17,12,17,23,23,1,22,21
1466,5,8,9,9,9,9,7,17,17,12,17,23,23,1,22,22
1467,5,8,9,9,9,9,6,17,17,13,17,23,23,2,22,23
1468,5,8,9,9,9,9,5,17,17,13,17,23,23,3,22,23
1469,5,8,9,9,9,9,4,17,17,13,17,23,23,4,22,23
1470,5,8,9,9,9,9,3,17,17,14,17,23,23,5,22,24
1471,5,8,9,9,9,9,2,17,17,14,17,23,23,6,22,24
1472,5,8,9,9,9,9,1,17,17,14,17,23,23,7,22,24
1473,5,8,9,9,9,9,1,17,17,15,17,23,23,8,22,25
1474,5,8,9,9,9,9,1,17,17,16,17,23,23,9,22,25
1475,5,8,9,9,9,9,2,17,17,16,17,23,23,10,22,25
1476,5,8,9,9,9,9,3,17,17,16,17,23,23,11,22,24
1477,5,8,9,9,9,9,4,17,17,17,17,23,23,12,22,23
1478,5,8,9,9,9,9,5,17,17,17,17,23,23,13,22,22
1479,5,8,9,9,9,9,6,17,17,17,17,23,23,14,22,21
1480,5,8,9,9,9,9,7,17,17,16,17,23,23,15,22,20
1481,5,8,9,9,9,9,8,17,17,15,17,23,23,16,22,19
1482,5,8,9,9,9,9,9,17,17,14,17,23,23,17,22,18
1483,5,8,9,9,9,9,10,17,17,13,17,23,23,18,22,17
1484,5,8,9,9,9,9,10,17,17,12,17,23,23,18,22,16
1485,5,8,9,9,9,9,10,17,17,11,17,23,23,18,22,15
1486,5,8,9,9,9,9,11,17,17,10,17,23,23,19,22,14
1487,5,8,9,9,9,9,11,17,17,9,17,23,23,19,22,13
1488,5,8,9,9,9,9,11,17,17,8,17,23,23,19,22,12
1489,5,8,9,9,9,9,12,17,17,7,17,23,23,20,22,11
1490,5,8,9,9,9,9,12,17,17,6,17,23,23,20,22,10
1491,5,8,9,9,9,9,12,17,17,5,17,23,23,20,22,9
1492,5,8,9,9,9,9,13,17,17,4,17,23,23,21,22,8
1493,5,8,9,9,9,9,14,17,17,3,17,23,23,22,22,7
1494,5,8,9,9,9,9,15,17,17,2,17,23,23,23,22,6
1495,5,8,9,9,9,9,16,17,17,1,17,23,23,23,22,5
1496,5,8,9,9,9,9,16,17,17,1,17,23,23,23,22,4
1497,5,8,9,9,9,9,16,17,17,1,17,23,23,24,22,3
1498,5,8,9,9,9,9,17,17,17,2,17,23,23,24,22,2
1499,5,8,9,9,9,9,17,17,17,3,17,23,23,24,22,1
1500,5,8,9,9,9,9,17,17,17,4,17,23,23,25,22,1
1501,5,8,9,9,9,9,16,17,17,5,17,23,23,25,22,1
1502,5,8,9,9,9,9,15,17,17,6,17,23,23,25,22,2
1503,5,8,9,9,9,9,14,17,17,7,17,23,23,24,22,3
1504,5,8,9,9,9,9,13,17,17,8,17,23,23,23,22,4
1505,5,8,9,9,9,9,12,17,17,9,17,23,23,22,22,5
1506,5,8,9,9,9,9,11,17,17,10,17,23,23,21,22,6
1507,5,8,9,9,9,9,10,17,17,11,17,23,23,20,22,7
1508,5,8,9,9,9,9,9,17,17,11,17,23,23,19,22,8
1509,5,8,9,9,9,9,8,17,17,11,17,23,23,18,22,9
1510,5,8,9,9,9,9,7,17,17,12,17,23,23,17,22,10
1511,5,8,9,9,9,9,6,17,17,12,17,23,23,16,22,11
1512,5,8,9,9,9,9,5,17,17,12,17,23,23,15,22,12
1513,5,8,9,9,9,9,4,17,17,13,17,23,23,14,22,13
1514,5,8,9,9,9,9,3,17,17,13,17,23,23,13,22,14
1515,5,8,9,9,9,9,2,17,17,13,17,23,23,12,22,15
1516,5,8,9,9,9,9,1,17,17,14,17,23,23,11,22,16
1517,5,8,9,9,9,9,1,17,17,15,17,23,23,10,22,17
1518,5,8,9,9,9,9,1,17,17,16,17,23,23,9,22,18
1519,5,8,9,9,9,9,2,17,17,16,17,23,23,8,22,19
1520,5,8,9,9,9,9,3,17,17,16,17,23,23,7,22,19
1521,5,8,9,9,9,9,4,17,17,15,17,23,23,6,22,19
1522,5,8,9,9,9,9,5,17,17,14,17,23,23,5,22,20
1523,5,8,9,9,9,9,6,17,17,13,17,23,23,4,22,20
1524,5,8,9,9,9,9,7,17,17,12,17,23,23,3,22,20
1525,5,8,9,9,9,9,8,17,17,11,17,23,23,2,22,21
1526,5,8,9,9,9,9,9,17,17,10,17,23,23,1,22,21
1527,5,8,9,9,9,9,10,17,17,9,17,23,23,1,22,21
1528,5,8,9,9,9,9,11,17,17,8,17,23,23,1,22,22
1529,5,8,9,9,9,9,11,17,17,7,17,23,23,2,22,22
1530,5,8,9,9,9,9,11,17,17,6,17,23,23,3,22,22
1531,5,8,9,9,9,9,12,17,17,5,17,23,23,4,22,23
1532,5,8,9,9,9,9,13,17,17,4,17,23,23,5,22,24
1533,5,8,9,9,9,9,13,17,17,3,17,23,23,6,22,24
1534,5,8,9,9,9,9,13,17,17,2,17,23,23,7,22,24
1535,5,8,9,9,9,9,14,17,17,1,17,23,23,8,22,23
1536,5,8,9,9,9,9,14,17,17,1,17,23,23,9,22,22
1537,5,8,9,9,9,9,14,17,17,1,17,23,23,10,22,21
1538,5,8,9,9,9,9,15,17,17,2,17,23,23,11,22,20
1539,5,8,9,9,9,9,15,17,17,3,17,23,23,12,22,19
1540,5,8,9,9,9,9,15,17,17,4,17,23,23,13,22,18
1541,5,8,9,9,9,9,16,17,17,5,17,23,23,14,22,17
1542,5,8,9,9,9,9,16,17,17,6,17,23,23,15,22,16
1543,5,8,9,9,9,9,16,17,17,7,17,23,23,16,22,15
1544,5,8,9,9,9,9,17,17,17,8,17,23,23,17,22,14
1545,5,8,9,9,9,9,17,17,17,9,17,23,23,18,22,13
1546,5,8,9,9,9,9,17,17,17,10,17,23,23,18,22,12
1547,5,8,9,9,9,9,17,17,17,10,17,23,23,18,22,11
1548,5,8,9,9,9,9,17,17,17,10,17,23,23,19,22,10
1549,5,8,9,9,9,9,17,17,17,11,17,23,23,19,22,9
1550,5,8,9,9,9,9,17,17,17,11,17,23,23,19,22,8
1551,5,8,9,9,9,9,17,17,17,11,17,23,23,20,22,7
1552,5,8,9,9,9,9,17,17,17,12,17,23,23,20,22,6
1553,5,8,9,9,9,9,17,17,17,13,17,23,23,20,22,5
1554,5,8,9,9,9,9,17,17,17,13,17,23,23,21,22,4
1555,5,8,9,9,9,9,17,17,17,13,17,23,23,21,22,3
1556,5,8,9,9,9,9,17,17,17,14,17,23,23,21,22,2
1557,5,8,9,9,9,9,17,17,17,14,17,23,23,22,22,1
1558,5,8,9,9,9,9,17,17,17,14,17,23,23,23,22,1
1559,5,8,9,9,9,9,17,17,17,15,17,23,23,24,22,1
1560,5,8,9,9,9,9,17,17,17,16,17,23,23,24,22,2
1561,5,8,9,9,9,9,17,17,17,16,17,23,23,24,22,3
1562,5,8,9,9,9,9,17,17,17,16,17,23,23,25,22,4
1563,5,8,9,9,9,9,17,17,17,15,17,23,23,25,22,5
1564,5,8,9,9,9,9,17,17,17,14,17,23,23,25,22,6
1565,5,8,9,9,9,9,17,17,17,13,17,23,23,24,22,7
1566,5,8,9,9,9,9,17,17,17,12,17,23,23,23,22,8
1567,5,8,9,9,9,9,17,17,17,11,17,23,23,22,22,9
1568,5,8,9,9,9,9,17,17,17,10,17,23,23,21,22,10
1569,5,8,9,9,9,9,17,17,17,9,17,23,23,20,22,11
1570,5,8,9,9,9,9,17,17,17,8,17,23,23,19,22,12
1571,5,8,9,9,9,9,17,17,17,7,17,23,23,18,22,13
1572,5,8,9,9,9,9,17,17,17,6,17,23,23,17,22,14
1573,5,8,9,9,9,9,17,17,17,5,17,23,23,16,22,15
1574,5,8,9,9,9,9,17,17,17,4,17,23,23,15,22,16
1575,5,8,9,9,9,9,17,17,17,3,17,23,23,14,22,17
1576,5,8,9,9,9,9,17,17,17,2,17,23,23,13,22,18
1577,5,8,9,9,9,9,17,17,17,1,17,23,23,12,22,19
1578,5,8,9,9,9,9,17,17,17,1,17,23,23,11,22,19
1579,5,8,9,9,9,9,17,17,17,1,17,23,23,10,22,19
1580,5,8,9,9,9,9,17,17,17,2,17,23,23,9,22,20
1581,5,8,9,9,9,9,17,17,17,3,17,23,23,8,22,20
1582,5,8,9,9,9,9,17,17,17,4,17,23,23,7,22,20
1583,5,8,9,9,9,9,17,17,17,5,17,23,23,6,22,21
1584,5,8,9,9,9,9,17,17,17,6,17,23,23,5,22,22
1585,5,8,9,9,9,9,17,17,17,7,17,23,23,4,22,22
1586,5,8,9,9,9,9,17,17,17,8,17,23,23,3,22,22
1587,5,8,9,9,9,9,17,17,17,9,17,23,23,2,22,23
1588,5,8,9,9,9,9,17,17,17,10,17,23,23,1,22,23
1589,5,8,9,9,9,9,17,17,17,10,17,23,23,1,22,23
1590,5,8,9,9,9,9,17,17,17,10,17,23,23,1,22,24
1591,5,8,9,9,9,9,17,17,17,11,17,23,23,2,22,24
1592,5,8,9,9,9,9,17,17,17,12,17,23,23,3,22,24
1593,5,8,9,9,9,9,17,17,17,12,17,23,23,4,22,25
1594,5,8,9,9,9,9,17,17,17,12,17,23,23,5,22,25
1595,5,8,9,9,9,9,17,17,17,13,17,23,23,6,22,25
1596,5,8,9,9,9,9,17,17,17,14,17,23,23,7,22,24
1597,5,8,9,9,9,9,17,17,17,14,17,23,23,8,22,23
1598,5,8,9,9,9,9,17,17,17,14,17,23,23,9,22,22
1599,5,8,9,9,9,9,17,17,17,15,17,23,23,10,22,21
1600,5,8,9,9,9,9,17,17,17,15,17,23,23,11,22,20
1601,5,8,9,9,9,9,17,17,17,15,17,23,23,12,22,19
1602,5,8,9,9,9,9,17,17,17,16,17,23,23,13,22,18
1603,5,8,9,9,9,9,17,17,17,17,17,23,23,14,22,17
1604,5,8,9,9,9,9,17,17,17,17,17,23,23,15,22,16
1605,5,8,9,9,9,9,17,17,17,17,17,23,23,16,22,15
1606,5,8,9,9,9,9,17,17,17,16,17,23,23,17,22,14
1607,5,8,9,9,9,9,17,17,17,15,17,23,23,18,22,13
1608,5,8,9,9,9,9,17,17,17,14,17,23,23,18,22,12
1609,5,8,9,9,9,9,17,17,17,13,17,23,23,18,22,11
1610,5,8,9,9,9,9,17,17,17,12,17,23,23,19,22,10
1611,5,8,9,9,9,9,17,17,17,11,17,23,23,19,22,9
1612,5,8,9,9,9,9,17,17,17,10,17,23,23,19,22,8
1613,5,8,9,9,9,9,17,17,17,9,17,23,23,20,22,7
1614,5,8,9,9,9,9,17,17,17,8,17,23,23,21,22,6
1615,5,8,9,9,9,9,17,17,17,7,17,23,23,21,22,5
1616,5,8,9,9,9,9,17,17,17,6,17,23,23,21,22,4
1617,5,8,9,9,9,9,17,17,17,5,17,23,23,22,22,3
1618,5,8,9,9,9,9,17,17,17,4,17,23,23,23,22,2
1619,5,8,9,9,9,9,17,17,17,3,17,23,23,23,22,1
1620,5,8,9,9,9,9,17,17,17,2,17,23,23,23,22,1
1621,5,8,9,9,9,9,17,17,17,1,17,23,23,22,22,1
1622,5,8,9,9,9,9,17,17,17,1,17,23,23,21,22,2
1623,5,8,9,9,9,9,17,17,17,1,17,23,23,20,22,3
1624,5,8,9,9,9,9,17,17,17,2,17,23,23,19,22,4
1625,5,8,9,9,9,9,17,17,17,3,17,23,23,18,22,5
1626,5,8,9,9,9,9,17,17,17,4,17,23,23,17,22,6
1627,5,8,9,9,9,9,17,17,17,5,17,23,23,16,22,7
1628,5,8,9,9,9,9,17,17,17,6,17,23,23,15,22,8
1629,5,8,9,9,9,9,17,17,17,7,17,23,23,14,22,9
1630,5,8,9,9,9,9,17,17,17,8,17,23,23,13,22,10
1631,5,8,9,9,9,9,17,17,17,9,17,23,23,12,22,11
1632,5,8,9,9,9,9,17,17,17,10,17,23,23,11,22,12
1633,5,8,9,9,9,9,17,17,17,10,17,23,23,10,22,13
1634,5,8,9,9,9,9,17,17,17,10,17,23,23,9,22,14
1635,5,8,9,9,9,9,17,17,17,11,17,23,23,8,22,15
1636,5,8,9,9,9,9,17,17,17,12,17,23,23,7,22,16
1637,5,8,9,9,9,9,17,17,17,12,17,23,23,6,22,17
1638,5,8,9,9,9,9,17,17,17,12,17,23,23,5,22,18
1639,5,8,9,9,9,9,17,17,17,13,17,23,23,4,22,18
1640,5,8,9,9,9,9,17,17,17,13,17,23,23,3,22,18
1641,5,8,9,9,9,9,17,17,17,13,17,23,23,2,22,19
1642,5,8,9,9,9,9,17,17,17,14,17,23,23,1,22,19
1643,5,8,9,9,9,9,17,17,17,14,17,23,23,1,22,19
1644,5,8,9,9,9,9,17,17,17,14,17,23,23,1,22,20
1645,5,8,9,9,9,9,17,17,17,15,17,23,23,2,22,20
1646,5,8,9,9,9,9,17,17,17,16,17,23,23,3,22,20
1647,5,8,9,9,9,9,17,17,17,16,17,23,23,4,22,21
1648,5,8,9,9,9,9,17,17,17,16,17,23,23,5,22,21
1649,5,8,9,9,9,9,17,17,17,17,17,23,23,6,22,21
1650,5,8,9,9,9,9,17,17,17,17,17,23,23,7,22,22
1651,5,8,9,9,9,9,17,17,17,17,17,23,23,8,22,22
1652,5,8,9,9,9,9,17,17,17,16,17,23,23,9,22,22
1653,5,8,9,9,9,9,17,17,17,15,17,23,23,10,22,21
1654,5,8,9,9,9,9,17,17,17,14,17,23,23,11,22,20
1655,5,8,9,9,9,9,17,17,17,13,17,23,23,12,22,19
1656,5,8,9,9,9,9,17,17,17,12,17,23,23,13,22,18
1657,5,8,9,9,9,9,17,17,17,11,17,23,23,14,22,17
1658,5,8,9,9,9,9,17,17,17,10,17,23,23,15,22,16
1659,5,8,9,9,9,9,17,17,17,9,17,23,23,16,22,15
1660,5,8,9,9,9,9,17,17,17,8,17,23,23,17,22,14
1661,5,8,9,9,9,9,17,17,17,7,17,23,23,18,22,13
1662,5,8,9,9,9,9,17,17,17,6,17,23,23,18,22,12
1663,5,8,9,9,9,9,17,17,17,5,17,23,23,18,22,11
1664,5,8,9,9,9,9,17,17,17,4,17,23,23,19,22,10
1665,5,8,9,9,9,9,17,17,17,3,17,23,23,19,22,9
1666,5,8,9,9,9,9,17,17,17,2,17,23,23,19,22,8
1667,5,8,9,9,9,9,17,17,17,1,17,23,23,20,22,7
1668,5,8,9,9,9,9,17,17,17,1,17,23,23,20,22,6
1669,5,8,9,9,9,9,17,17,17,1,17,23,23,20,22,5
1670,5,8,9,9,9,9,17,17,17,2,17,23,23,21,22,4
1671,5,8,9,9,9,9,17,17,17,3,17,23,23,21,22,3
1672,5,8,9,9,9,9,17,17,17,4,17,23,23,21,22,2
1673,5,8,9,9,9,9,17,17,17,5,17,23,23,22,22,1
1674,5,8,9,9,9,9,17,17,17,6,17,23,23,22,22,1
1675,5,8,9,9,9,9,17,17,17,7,17,23,23,22,22,1
1676,5,8,9,9,9,9,17,17,17,8,17,23,23,23,22,2
1677,5,8,9,9,9,9,17,17,17,9,17,23,23,24,22,3
1678,5,8,9,9,9,9,17,17,17,10,17,23,23,25,22,4
1679,5,8,9,9,9,9,17,17,17,10,17,23,23,25,22,5
1680,5,8,9,9,9,9,17,17,17,10,17,23,23,25,22,6
1681,5,8,9,9,9,9,17,17,17,11,17,23,23,24,22,7
1682,5,8,9,9,9,9,17,17,17,12,17,23,23,23,22,8
1683,5,8,9,9,9,9,17,17,17,12,17,23,23,22,22,9
1684,5,8,9,9,9,9,17,17,17,12,17,23,23,21,22,10
1685,5,8,9,9,9,9,17,17,17,13,17,23,23,20,22,11
1686,5,8,9,9,9,9,17,17,17,13,17,23,23,19,22,12
1687,5,8,9,9,9,9,17,17,17,13,17,23,23,18,22,13
1688,5,8,9,9,9,9,17,17,17,14,17,23,23,17,22,14
1689,5,8,9,9,9,9,17,17,17,14,17,23,23,16,22,15
1690,5,8,9,9,9,9,17,17,17,14,17,23,23,15,22,16
1691,5,8,9,9,9,9,17,17,17,15,17,23,23,14,22,17
1692,5,8,9,9,9,9,17,17,17,15,17,23,23,13,22,18
1693,5,8,9,9,9,9,17,17,17,15,17,23,23,12,22,18
1694,5,8,9,9,9,9,17,17,17,16,17,23,23,11,22,18
1695,5,8,9,9,9,9,17,17,17,16,17,23,23,10,22,19
1696,5,8,9,9,9,9,17,17,17,16,17,23,23,9,22,19
1697,5,8,9,9,9,9,17,17,17,17,17,23,23,8,22,19
1698,5,8,9,9,9,9,17,17,17,17,17,23,23,7,22,20
1699,5,8,9,9,9,9,17,17,17,17,17,23,23,6,22,20
1700,5,8,9,9,9,9,17,17,17,16,17,23,23,5,22,20
1701,5,8,9,9,9,9,17,17,17,15,17,23,23,4,22,21
1702,5,8,9,9,9,9,17,17,17,14,17,23,23,3,22,21
1703,5,8,9,9,9,9,17,17,17,13,17,23,23,2,22,21
1704,5,8,9,9,9,9,17,17,17,12,17,23,23,1,22,22
1705,5,8,9,9,9,9,17,17,17,11,17,23,23,1,22,23
1706,5,8,9,9,9,9,17,17,17,10,17,23,23,1,22,23
1707,5,8,9,9,9,9,17,17,17,9,17,23,23,2,22,23
1708,5,8,9,9,9,9,17,17,17,8,17,23,23,3,22,24
1709,5,8,9,9,9,9,17,17,17,7,17,23,23,4,22,24
1710,5,8,9,9,9,9,17,17,17,6,17,23,23,5,22,24
1711,5,8,9,9,9,9,17,17,17,5,17,23,23,6,22,25
1712,5,8,9,9,9,9,17,17,17,4,17,23,23,7,22,25
1713,5,8,9,9,9,9,17,17,17,3,17,23,23,8,22,25
1714,5,8,9,9,9,9,17,17,17,2,17,23,23,9,22,24
1715,5,8,9,9,9,9,17,17,17,1,17,23,23,10,22,23
1716,5,8,9,9,9,9,17,17,17,1,17,23,23,11,22,22
1717,5,8,9,9,9,9,17,17,17,1,17,23,23,12,22,21
1718,5,8,9,9,9,9,17,17,17,2,17,23,23,13,22,20
1719,5,8,9,9,9,9,17,17,17,3,17,23,23,14,22,19
1720,5,8,9,9,9,9,17,17,17,4,17,23,23,15,22,18
1721,5,8,9,9,9,9,17,17,17,5,17,23,23,16,22,17
1722,5,8,9,9,9,9,17,17,17,6,17,23,23,17,22,16
1723,5,8,9,9,9,9,17,17,17,7,17,23,23,18,22,15
1724,5,8,9,9,9,9,17,17,17,8,17,23,23,19,22,14
1725,5,8,9,9,9,9,17,17,17,9,17,23,23,20,22,13
1726,5,8,9,9,9,9,17,17,17,10,17,23,23,20,22,12
1727,5,8,9,9,9,9,17,17,17,10,17,23,23,20,22,11
1728,5,8,9,9,9,9,17,17,17,10,17,23,23,21,22,10
1729,5,8,9,9,9,9,17,17,17,11,17,23,23,22,22,9
1730,5,8,9,9,9,9,17,17,17,11,17,23,23,22,22,8
1731,5,8,9,9,9,9,17,17,17,11,17,23,23,22,22,7
1732,5,8,9,9,9,9,17,17,17,12,17,23,23,23,22,6
1733,5,8,9,9,9,9,17,17,17,12,17,23,23,23,22,5
1734,5,8,9,9,9,9,17,17,17,12,17,23,23,23,22,4
1735,5,8,9,9,9,9,17,17,17,13,17,23,23,24,22,3
1736,5,8,9,9,9,9,17,17,17,14,17,23,23,25,22,2
1737,5,8,9,9,9,9,17,17,17,15,17,23,23,25,22,1
1738,5,8,9,9,9,9,17,17,17,15,17,23,23,25,22,1
1739,5,8,9,9,9,9,17,17,17,15,17,23,23,24,22,1
1740,5,8,9,9,9,9,17,17,17,16,17,23,23,23,22,2
1741,5,8,9,9,9,9,17,17,17,17,17,23,23,22,22,3
1742,5,8,9,9,9,9,17,17,17,17,17,23,23,21,22,4
1743,5,8,9,9,9,9,17,17,17,17,17,23,23,20,22,5
1744,5,8,9,9,9,9,17,17,17,16,17,23,23,19,22,6
1745,5,8,9,9,9,9,17,17,17,15,17,23,23,18,22,7
1746,5,8,9,9,9,9,17,17,17,14,17,23,23,17,22,8
1747,5,8,9,9,9,9,17,17,17,13,17,23,23,16,22,9
1748,5,8,9,9,9,9,17,17,17,12,17,23,23,15,22,10
1749,5,8,9,9,9,9,17,17,17,11,17,23,23,14,22,11
1750,5,8,9,9,9,9,17,17,17,10,17,23,23,13,22,12
1751,5,8,9,9,9,9,17,17,17,9,17,23,23,12,22,13
1752,5,8,9,9,9,9,17,17,17,8,17,23,23,11,22,14
1753,5,8,9,9,9,9,17,17,17,7,17,23,23,10,22,15
1754,5,8,9,9,9,9,17,17,17,6,17,23,23,9,22,16
1755,5,8,9,9,9,9,17,17,17,5,17,23,23,8,22,17
1756,5,8,9,9,9,9,17,17,17,4,17,23,23,7,22,18
1757,5,8,9,9,9,9,17,17,17,3,17,23,23,6,22,19
1758,5,8,9,9,9,9,17,17,17,2,17,23,23,5,22,20
1759,5,8,9,9,9,9,17,17,17,1,17,23,23,4,22,21
1760,5,8,9,9,9,9,17,17,17,1,17,23,23,3,22,21
1761,5,8,9,9,9,9,17,17,17,1,17,23,23,2,22,21
1762,5,8,9,9,9,9,17,17,17,2,17,23,23,1,22,22
1763,5,8,9,9,9,9,17,17,17,3,17,23,23,1,22,22
1764,5,8,9,9,9,9,17,17,17,4,17,23,23,1,22,22
1765,5,8,9,9,9,9,17,17,17,5,17,23,23,2,22,23
1766,5,8,9,9,9,9,17,17,17,6,17,23,23,3,22,23
1767,5,8,9,9,9,9,17,17,17,7,17,23,23,4,22,23
1768,5,8,9,9,9,9,17,17,17,8,17,23,23,5,22,24
1769,5,8,9,9,9,9,17,17,17,9,17,23,23,6,22,24
1770,5,8,9,9,9,9,17,17,17,10,17,23,23,7,22,24
1771,5,8,9,9,9,9,17,17,17,11,17,23,23,8,22,25
1772,5,8,9,9,9,9,17,17,17,11,17,23,23,9,22,25
1773,5,8,9,9,9,9,17,17,17,11,17,23,23,10,22,25
1774,5,8,9,9,9,9,17,17,17,12,17,23,23,11,22,24
1775,5,8,9,9,9,9,17,17,17,12,17,23,23,12,22,23
1776,5,8,9,9,9,9,17,17,17,12,17,23,23,13,22,22
1777,5,8,9,9,9,9,17,17,17,13,17,23,23,14,22,21
1778,5,8,9,9,9,9,17,17,17,13,17,23,23,15,22,20
1779,5,8,9,9,9,9,17,17,17,13,17,23,23,16,22,19
1780,5,8,9,9,9,9,17,17,17,14,17,23,23,17,22,18
1781,5,8,9,9,9,9,17,17,17,14,17,23,23,18,22,17
1782,5,8,9,9,9,9,17,17,17,14,17,23,23,18,22,16
1783,5,8,9,9,9,9,17,17,17,13,17,23,23,18,22,15
1784,5,8,9,9,9,9,17,17,17,12,17,23,23,19,22,14
1785,5,8,9,9,9,9,17,17,17,11,17,23,23,19,22,13
1786,5,8,9,9,9,9,17,17,17,10,17,23,23,19,22,12
1787,5,8,9,9,9,9,17,17,17,9,17,23,23,20,22,11
1788,5,8,9,9,9,9,17,17,17,8,17,23,23,20,22,10
1789,5,8,9,9,9,9,17,17,17,7,17,23,23,20,22,9
1790,5,8,9,9,9,9,17,17,17,6,17,23,23,21,22,8
1791,5,8,9,9,9,9,17,17,17,5,17,23,23,22,22,7
1792,5,8,9,9,9,9,17,17,17,4,17,23,23,22,22,6
1793,5,8,9,9,9,9,17,17,17,3,17,23,23,22,22,5
1794,5,8,9,9,9,9,17,17,17,2,17,23,23,23,22,4
1795,5,8,9,9,9,9,17,17,17,1,17,23,23,24,22,3
1796,5,8,9,9,9,9,17,17,17,1,17,23,23,24,22,2
1797,5,8,9,9,9,9,17,17,17,1,17,23,23,24,22,1
1798,5,8,9,9,9,9,17,17,17,2,17,23,23,25,22,1
1799,5,8,9,9,9,9,17,17,17,3,17,23,23,25,22,1
1800,5,8,9,9,9,9,17,17,17,4,17,23,23,25,22,2
1801,5,8,9,9,9,9,17,17,17,5,17,23,23,24,22,3
1802,5,8,9,9,9,9,17,17,17,6,17,23,23,23,22,4
1803,5,8,9,9,9,9,17,17,17,7,17,23,23,22,22,5
1804,5,8,9,9,9,9,17,17,17,8,17,23,23,21,22,6
1805,5,8,9,9,9,9,17,17,17,9,17,23,23,20,22,7
1806,5,8,9,9,9,9,17,17,17,10,17,23,23,19,22,8
1807,5,8,9,9,9,9,17,17,17,10,17,23,23,18,22,9
1808,5,8,9,9,9,9,17,17,17,10,17,23,23,17,22,10
1809,5,8,9,9,9,9,17,17,17,11,17,23,23,16,22,11
1810,5,8,9,9,9,9,17,17,17,12,17,23,23,15,22,12
1811,5,8,9,9,9,9,17,17,17,12,17,23,23,14,22,13
1812,5,8,9,9,9,9,17,17,17,12,17,23,23,13,22,14
1813,5,8,9,9,9,9,17,17,17,13,17,23,23,12,22,15
1814,5,8,9,9,9,9,17,17,17,13,17,23,23,11,22,16
1815,5,8,9,9,9,9,17,17,17,13,17,23,23,10,22,17
1816,5,8,9,9,9,9,17,17,17,14,17,23,23,9,22,18
1817,5,8,9,9,9,9,17,17,17,14,17,23,23,8,22,19
1818,5,8,9,9,9,9,17,17,17,14,17,23,23,7,22,19
1819,5,8,9,9,9,9,17,17,17,15,17,23,23,6,22,19
1820,5,8,9,9,9,9,17,17,17,16,17,23,23,5,22,20
1821,5,8,9,9,9,9,17,17,17,16,17,23,23,4,22,20
1822,5,8,9,9,9,9,17,17,17,16,17,23,23,3,22,20
1823,5,8,9,9,9,9,17,17,17,15,17,23,23,2,22,21
1824,5,8,9,9,9,9,17,17,17,14,17,23,23,1,22,22
1825,5,8,9,9,9,9,17,17,17,13,17,23,23,1,22,22
1826,5,8,9,9,9,9,17,17,17,12,17,23,23,1,22,22
1827,5,8,9,9,9,9,17,17,17,11,17,23,23,2,22,23
1828,5,8,9,9,9,9,17,17,17,10,17,23,23,3,22,23
1829,5,8,9,9,9,9,17,17,17,9,17,23,23,4,22,23
1830,5,8,9,9,9,9,17,17,17,8,17,23,23,5,22,24
1831,5,8,9,9,9,9,17,17,17,7,17,23,23,6,22,25
1832,5,8,9,9,9,9,17,17,17,6,17,23,23,7,22,25
1833,5,8,9,9,9,9,17,17,17,5,17,23,23,8,22,25
1834,5,8,9,9,9,9,17,17,17,4,17,23,23,9,22,24
1835,5,8,9,9,9,9,17,17,17,3,17,23,23,10,22,23
1836,5,8,9,9,9,9,17,17,17,2,17,23,23,11,22,22
1837,5,8,9,9,9,9,17,17,17,1,17,23,23,12,22,21
1838,5,8,9,9,9,9,17,17,17,1,17,23,23,13,22,20
1839,5,8,9,9,9,9,17,17,17,1,17,23,23,14,22,19
1840,5,8,9,9,9,9,17,17,17,2,17,23,23,15,22,18
1841,5,8,9,9,9,9,17,17,17,3,17,23,23,16,22,17
1842,5,8,9,9,9,9,17,17,17,4,17,23,23,17,22,16
1843,5,8,9,9,9,9,17,17,17,5,17,23,23,18,22,15
1844,5,8,9,9,9,9,17,17,17,6,17,23,23,18,22,14
1845,5,8,9,9,9,9,17,17,17,7,17,23,23,18,22,13
1846,5,8,9,9,9,9,17,17,17,8,17,23,23,19,22,12
1847,5,8,9,9,9,9,17,17,17,9,17,23,23,19,22,11
1848,5,8,9,9,9,9,17,17,17,10,17,23,23,19,22,10
1849,5,8,9,9,9,9,17,17,17,10,17,23,23,20,22,9
1850,5,8,9,9,9,9,17,17,17,10,17,23,23,20,22,8
1851,5,8,9,9,9,9,17,17,17,11,17,23,23,20,22,7
1852,5,8,9,9,9,9,17,17,17,11,17,23,23,21,22,6
1853,5,8,9,9,9,9,17,17,17,11,17,23,23,22,22,5
1854,5,8,9,9,9,9,17,17,17,12,17,23,23,22,22,4
1855,5,8,9,9,9,9,17,17,17,12,17,23,23,22,22,3
1856,5,8,9,9,9,9,17,17,17,12,17,23,23,23,22,2
1857,5,8,9,9,9,9,17,17,17,13,17,23,23,24,22,1
1858,5,8,9,9,9,9,17,17,17,14,17,23,23,24,22,1
1859,5,8,9,9,9,9,17,17,17,14,17,23,23,24,22,1
1860,5,8,9,9,9,9,17,17,17,14,17,23,23,25,22,2
1861,5,8,9,9,9,9,17,17,17,15,17,23,23,25,22,3
1862,5,8,9,9,9,9,17,17,17,15,17,23,23,25,22,4
1863,5,8,9,9,9,9,17,17,17,15,17,23,23,24,22,5
1864,5,8,9,9,9,9,17,17,17,16,17,23,23,23,22,6
1865,5,8,9,9,9,9,17,17,17,16,17,23,23,22,22,7
1866,5,8,9,9,9,9,17,17,17,16,17,23,23,21,22,8
1867,5,8,9,9,9,9,17,17,17,15,17,23,23,20,22,9
1868,5,8,9,9,9,9,17,17,17,14,17,23,23,19,22,10
1869,5,8,9,9,9,9,17,17,17,13,17,23,23,18,22,11
1870,5,8,9,9,9,9,17,17,17,12,17,23,23,17,22,12
1871,5,8,9,9,9,9,17,17,17,11,17,23,23,16,22,13
1872,5,8,9,9,9,9,17,17,17,10,17,23,23,15,22,14
1873,5,8,9,9,9,9,17,17,17,9,17,23,23,14,22,15
1874,5,8,9,9,9,9,17,17,17,8,17,23,23,13,22,16
1875,5,8,9,9,9,9,17,17,17,7,17,23,23,12,22,17
1876,5,8,9,9,9,9,17,17,17,6,17,23,23,11,22,18
1877,5,8,9,9,9,9,17,17,17,5,17,23,23,10,22,18
1878,5,8,9,9,9,9,17,17,17,4,17,23,23,9,22,18
1879,5,8,9,9,9,9,17,17,17,3,17,23,23,8,22,19
1880,5,8,9,9,9,9,17,17,17,2,17,23,23,7,22,19
1881,5,8,9,9,9,9,17,17,17,1,17,23,23,6,22,19
1882,5,8,9,9,9,9,17,17,17,1,17,23,23,5,22,20
1883,5,8,9,9,9,9,17,17,17,1,17,23,23,4,22,21
1884,5,8,9,9,9,9,17,17,17,2,17,23,23,3,22,22
1885,5,8,9,9,9,9,17,17,17,3,17,23,23,2,22,22
1886,5,8,9,9,9,9,17,17,17,4,17,23,23,1,22,22
1887,5,8,9,9,9,9,17,17,17,5,17,23,23,1,22,23
1888,5,8,9,9,9,9,17,17,17,6,17,23,23,1,22,24
1889,5,8,9,9,9,9,17,17,17,7,17,23,23,2,22,24
1890,5,8,9,9,9,9,17,17,17,8,17,23,23,3,22,24
1891,5,8,9,9,9,9,17,17,17,9,17,23,23,4,22,25
1892,5,8,9,9,9,9,17,17,17,10,17,23,23,5,22,25
1893,5,8,9,9,9,9,17,17,17,10,17,23,23,6,22,25
1894,5,8,9,9,9,9,17,17,17,10,17,23,23,7,22,24
1895,5,8,9,9,9,9,17,17,17,11,17,23,23,8,22,23
1896,5,8,9,9,9,9,17,17,17,11,17,23,23,9,22,22
1897,5,8,9,9,9,9,17,17,17,11,17,23,23,10,22,21
1898,5,8,9,9,9,9,17,17,17,12,17,23,23,11,22,20
1899,5,8,9,9,9,9,17,17,17,13,17,23,23,12,22,19
1900,5,8,9,9,9,9,17,17,17,13,17,23,23,13,22,18
1901,5,8,9,9,9,9,17,17,17,13,17,23,23,14,22,17
1902,5,8,9,9,9,9,17,17,17,14,17,23,23,15,22,16
1903,5,8,9,9,9,9,17,17,17,14,17,23,23,16,22,15
1904,5,8,9,9,9,9,17,17,17,14,17,23,23,17,22,14
1905,5,8,9,9,9,9,17,17,17,15,17,23,23,18,22,13
1906,5,8,9,9,9,9,17,17,17,15,17,23,23,19,22,12
1907,5,8,9,9,9,9,17,17,17,15,17,23,23,19,22,11
1908,5,8,9,9,9,9,17,17,17,16,17,23,23,19,22,10
1909,5,8,9,9,9,9,17,17,17,17,17,23,23,20,22,9
1910,5,8,9,9,9,9,17,17,17,17,17,23,23,20,22,8
1911,5,8,9,9,9,9,17,17,17,17,17,23,23,20,22,7
1912,5,8,9,9,9,9,17,17,17,16,17,23,23,21,22,6
1913,5,8,9,9,9,9,17,17,17,15,17,23,23,22,22,5
1914,5,8,9,9,9,9,17,17,17,14,17,23,23,22,22,4
1915,5,8,9,9,9,9,17,17,17,13,17,23,23,22,22,3
1916,5,8,9,9,9,9,17,17,17,12,17,23,23,23,22,2
1917,5,8,9,9,9,9,17,17,17,11,17,23,23,23,22,1
1918,5,8,9,9,9,9,17,17,17,10,17,23,23,23,22,1
1919,5,8,9,9,9,9,17,17,17,9,17,23,23,24,22,1
1920,5,8,9,9,9,9,17,17,17,8,17,23,23,25,22,2
1921,5,8,9,9,9,9,17,17,17,7,17,23,23,25,22,3
1922,5,8,9,9,9,9,17,17,17,6,17,23,23,25,22,4
1923,5,8,9,9,9,9,17,17,17,5,17,23,23,24,22,5
1924,5,8,9,9,9,9,17,17,17,4,17,23,23,23,22,6
1925,5,8,9,9,9,9,17,17,17,3,17,23,23,22,22,7
1926,5,8,9,9,9,9,17,17,17,2,17,23,23,21,22,8
1927,5,8,9,9,9,9,17,17,17,1,17,23,23,20,22,9
1928,5,8,9,9,9,9,17,17,17,1,17,23,23,19,22,10
1929,5,8,9,9,9,9,17,17,17,1,17,23,23,18,22,11
1930,5,8,9,9,9,9,17,17,17,2,17,23,23,17,22,12
1931,5,8,9,9,9,9,17,17,17,3,17,23,23,16,22,13
1932,5,8,9,9,9,9,17,17,17,4,17,23,23,15,22,14
1933,5,8,9,9,9,9,17,17,17,5,17,23,23,14,22,15
1934,5,8,9,9,9,9,17,17,17,6,17,23,23,13,22,16
1935,5,8,9,9,9,9,17,17,17,7,17,23,23,12,22,17
1936,5,8,9,9,9,9,17,17,17,8,17,23,23,11,22,18
1937,5,8,9,9,9,9,17,17,17,9,17,23,23,10,22,18
1938,5,8,9,9,9,9,17,17,17,10,17,23,23,9,22,18
1939,5,8,9,9,9,9,17,17,17,11,17,23,23,8,22,19
1940,5,8,9,9,9,9,17,17,17,11,17,23,23,7,22,19
1941,5,8,9,9,9,9,17,17,17,11,17,23,23,6,22,19
1942,5,8,9,9,9,9,17,17,17,12,17,23,23,5,22,20
1943,5,8,9,9,9,9,17,17,17,12,17,23,23,4,22,20
1944,5,8,9,9,9,9,17,17,17,12,17,23,23,3,22,20
1945,5,8,9,9,9,9,17,17,17,13,17,23,23,2,22,21
1946,5,8,9,9,9,9,17,17,17,14,17,23,23,1,22,22
1947,5,8,9,9,9,9,17,17,17,14,17,23,23,1,22,22
1948,5,8,9,9,9,9,17,17,17,14,17,23,23,1,22,22
1949,5,8,9,9,9,9,17,17,17,15,17,23,23,2,22,23
1950,5,8,9,9,9,9,17,17,17,15,17,23,23,3,22,24
1951,5,8,9,9,9,9,17,17,17,15,17,23,23,4,22,25
1952,5,8,9,9,9,9,17,17,17,16,17,23,23,5,22,25
1953,5,8,9,9,9,9,17,17,17,17,17,23,23,6,22,25
1954,5,8,9,9,9,9,17,17,17,17,17,23,23,7,22,24
1955,5,8,9,9,9,9,17,17,17,17,17,23,23,8,22,23
1956,5,8,9,9,9,9,17,17,17,16,17,23,23,9,22,22
1957,5,8,9,9,9,9,17,17,17,15,17,23,23,10,22,21
1958,5,8,9,9,9,9,17,17,17,14,17,23,23,11,22,20
1959,5,8,9,9,9,9,17,17,17,13,17,23,23,12,22,19
1960,5,8,9,9,9,9,17,17,17,12,17,23,23,13,22,18
1961,5,8,9,9,9,9,17,17,17,11,17,23,23,14,22,17
1962,5,8,9,9,9,9,17,17,17,10,17,23,23,15,22,16
1963,5,8,9,9,9,9,17,17,17,9,17,23,23,16,22,15
1964,5,8,9,9,9,9,17,17,17,8,17,23,23,17,22,14
1965,5,8,9,9,9,9,17,17,17,7,17,23,23,18,22,13
1966,5,8,9,9,9,9,17,17,17,6,17,23,23,18,22,12
1967,5,8,9,9,9,9,17,17,17,5,17,23,23,18,22,11
1968,5,8,9,9,9,9,17,17,17,4,17,23,23,19,22,10
1969,5,8,9,9,9,9,17,17,17,3,17,23,23,19,22,9
1970,5,8,9,9,9,9,17,17,17,2,17,23,23,19,22,8
1971,5,8,9,9,9,9,17,17,17,1,17,23,23,20,22,7
1972,5,8,9,9,9,9,17,17,17,1,17,23,23,21,22,6
1973,5,8,9,9,9,9,17,17,17,1,17,23,23,22,22,5
1974,5,8,9,9,9,9,17,17,17,2,17,23,23,22,22,4
1975,5,8,9,9,9,9,17,17,17,3,17,23,23,22,22,3
1976,5,8,9,9,9,9,17,17,17,4,17,23,23,23,22,2
1977,5,8,9,9,9,9,17,17,17,5,17,23,23,23,22,1
1978,5,8,9,9,9,9,17,17,17,6,17,23,23,23,22,1
1979,5,8,9,9,9,9,17,17,17,7,17,23,23,24,22,1
1980,5,8,9,9,9,9,17,17,17,8,17,23,23,24,22,2
1981,5,8,9,9,9,9,17,17,17,9,17,23,23,24,22,3
1982,5,8,9,9,9,9,17,17,17,10,17,23,23,25,22,4
1983,5,8,9,9,9,9,17,17,17,11,17,23,23,25,22,5
1984,5,8,9,9,9,9,17,17,17,11,17,23,23,25,22,6
1985,5,8,9,9,9,9,17,17,17,11,17,23,23,24,22,7
1986,5,8,9,9,9,9,17,17,17,12,17,23,23,23,22,8
1987,5,8,9,9,9,9,17,17,17,12,17,23,23,22,22,9
1988,5,8,9,9,9,9,17,17,17,12,17,23,23,21,22,10
1989,5,8,9,9,9,9,17,17,17,13,17,23,23,20,22,11
1990,5,8,9,9,9,9,17,17,17,13,17,23,23,19,22,12
1991,5,8,9,9,9,9,17,17,17,13,17,23,23,18,22,13
1992,5,8,9,9,9,9,17,17,17,14,17,23,23,17,22,14
1993,5,8,9,9,9,9,17,17,17,14,17,23,23,16,22,15
1994,5,8,9,9,9,9,17,17,17,14,17,23,23,15,22,16
1995,5,8,9,9,9,9,17,17,17,15,17,23,23,14,22,17
1996,5,8,9,9,9,9,17,17,17,15,17,23,23,13,22,18
1997,5,8,9,9,9,9,17,17,17,15,17,23,23,12,22,18
1998,5,8,9,9,9,9,17,17,17,16,17,23,23,11,22,18
1999,5,8,9,9,9,9,17,17,17,17,17,23,23,10,22,19
2000,5,8,9,9,9,9,17,17,17,17,17,23,23,9,22,20
2001,5,8,9,9,9,9,17,17,17,17,17,23,23,8,22,20
2002,5,8,9,9,9,9,17,17,17,16,17,23,23,7,22,20
2003,5,8,9,9,9,9,17,17,17,15,17,23,23,6,22,21
2004,5,8,9,9,9,9,17,17,17,14,17,23,23,5,22,21
2005,5,8,9,9,9,9,17,17,17,13,17,23,23,4,22,21
2006,5,8,9,9,9,9,17,17,17,12,17,23,23,3,22,22
2007,5,8,9,9,9,9,17,17,17,11,17,23,23,2,22,22
2008,5,8,9,9,9,9,17,17,17,10,17,23,23,1,22,22
2009,5,8,9,9,9,9,17,17,17,9,17,23,23,1,22,23
2010,5,8,9,9,9,9,17,17,17,8,17,23,23,1,22,23
2011,5,8,9,9,9,9,17,17,17,7,17,23,23,2,22,23
2012,5,8,9,9,9,9,17,17,17,6,17,23,23,3,22,24
2013,5,8,9,9,9,9,17,17,17,5,17,23,23,4,22,24
2014,5,8,9,9,9,9,17,17,17,4,17,23,23,5,22,24
2015,5,8,9,9,9,9,17,17,17,3,17,23,23,6,22,25
2016,5,8,9,9,9,9,17,17,17,2,17,23,23,7,22,25
2017,5,8,9,9,9,9,17,17,17,1,17,23,23,8,22,25
2018,5,8,9,9,9,9,17,17,17,1,17,23,23,9,22,24
2019,5,8,9,9,9,9,17,17,17,1,17,23,23,10,22,23
2020,5,8,9,9,9,9,17,17,17,2,17,23,23,11,22,22
2021,5,8,9,9,9,9,17,17,17,3,17,23,23,12,22,21
2022,5,8,9,9,9,9,17,17,17,4,17,23,23,13,22,20
2023,5,8,9,9,9,9,17,17,17,5,17,23,23,14,22,19
2024,5,8,9,9,9,9,17,17,17,6,17,23,23,15,22,18
2025,5,8,9,9,9,9,17,17,17,7,17,23,23,16,22,17
2026,5,8,9,9,9,9,17,17,17,8,17,23,23,17,22,16
2027,5,8,9,9,9,9,17,17,17,9,17,23,23,18,22,15
2028,5,8,9,9,9,9,17,17,17,10,17,23,23,18,22,14
2029,5,8,9,9,9,9,17,17,17,10,17,23,23,18,22,13
2030,5,8,9,9,9,9,17,17,17,10,17,23,23,19,22,12
2031,5,8,9,9,9,9,17,17,17,11,17,23,23,19,22,11
2032,5,8,9,9,9,9,17,17,17,11,17,23,23,19,22,10
2033,5,8,9,9,9,9,17,17,17,11,17,23,23,20,22,9
2034,5,8,9,9,9,9,17,17,17,12,17,23,23,20,22,8
2035,5,8,9,9,9,9,17,17,17,12,17,23,23,20,22,7
2036,5,8,9,9,9,9,17,17,17,12,17,23,23,21,22,6
2037,5,8,9,9,9,9,17,17,17,13,17,23,23,21,22,5
2038,5,8,9,9,9,9,17,17,17,13,17,23,23,21,22,4
2039,5,8,9,9,9,9,17,17,17,13,17,23,23,22,22,3
2040,5,8,9,9,9,9,17,17,17,14,17,23,23,22,22,2
2041,5,8,9,9,9,9,17,17,17,14,17,23,23,22,22,1
2042,5,8,9,9,9,9,17,17,17,14,17,23,23,23,22,1
2043,5,8,9,9,9,9,17,17,17,15,17,23,23,23,22,1
2044,5,8,9,9,9,9,17,17,17,15,17,23,23,23,22,2
2045,5,8,9,9,9,9,17,17,17,15,17,23,23,24,22,3
2046,5,8,9,9,9,9,17,17,17,16,17,23,23,24,22,4
2047,5,8,9,9,9,9,17,17,17,17,17,23,23,24,22,5
2048,5,8,9,9,9,9,17,17,17,17,17,23,23,23,22,6
2049,5,8,9,9,9,9,17,17,17,17,17,23,23,22,22,7
2050,5,8,9,9,9,9,17,17,17,16,17,23,23,21,22,8
2051,5,8,9,9,9,9,17,17,17,15,17,23,23,20,22,9
2052,5,8,9,9,9,9,17,17,17,14,17,23,23,19,22,10
2053,5,8,9,9,9,9,17,17,17,13,17,23,23,18,22,11
2054,5,8,9,9,9,9,17,17,17,12,17,23,23,17,22,12
2055,5,8,9,9,9,9,17,17,17,11,17,23,23,16,22,13
2056,5,8,9,9,9,9,17,17,17,10,17,23,23,15,22,14
2057,5,8,9,9,9,9,17,17,17,9,17,23,23,14,22,15
2058,5,8,9,9,9,9,17,17,17,8,17,23,23,13,22,16
2059,5,8,9,9,9,9,17,17,17,7,17,23,23,12,22,17
2060,5,8,9,9,9,9,17,17,17,6,17,23,23,11,22,18
2061,5,8,9,9,9,9,17,17,17,5,17,23,23,10,22,18
2062,5,8,9,9,9,9,17,17,17,4,17,23,23,9,22,18
2063,5,8,9,9,9,9,17,17,17,3,17,23,23,8,22,19
2064,5,8,9,9,9,9,17,17,17,2,17,23,23,7,22,20
2065,5,8,9,9,9,9,17,17,17,1,17,23,23,6,22,20
2066,5,8,9,9,9,9,17,17,17,1,17,23,23,5,22,20
2067,5,8,9,9,9,9,17,17,17,1,17,23,23,4,22,21
2068,5,8,9,9,9,9,17,17,17,2,17,23,23,3,22,21
2069,5,8,9,9,9,9,17,17,17,3,17,23,23,2,22,21
2070,5,8,9,9,9,9,17,17,17,4,17,23,23,1,22,22
2071,5,8,9,9,9,9,17,17,17,5,17,23,23,1,22,22
2072,5,8,9,9,9,9,17,17,17,6,17,23,23,1,22,22
2073,5,8,9,9,9,9,17,17,17,7,17,23,23,2,22,23
2074,5,8,9,9,9,9,17,17,17,8,17,23,23,3,22,24
2075,5,8,9,9,9,9,17,17,17,9,17,23,23,4,22,24
2076,5,8,9,9,9,9,17,17,17,10,17,23,23,5,22,24
2077,5,8,9,9,9,9,17,17,17,10,17,23,23,6,22,25
2078,5,8,9,9,9,9,17,17,17,10,17,23,23,7,22,25
2079,5,8,9,9,9,9,17,17,17,11,17,23,23,8,22,25
2080,5,8,9,9,9,9,17,17,17,11,17,23,23,9,22,24
2081,5,8,9,9,9,9,17,17,17,11,17,23,23,10,22,23
2082,5,8,9,9,9,9,17,17,17,12,17,23,23,11,22,22
2083,5,8,9,9,9,9,17,17,17,12,17,23,23,12,22,21
2084,5,8,9,9,9,9,17,17,17,12,17,23,23,13,22,20
2085,5,8,9,9,9,9,17,17,17,13,17,23,23,14,22,19
2086,5,8,9,9,9,9,17,17,17,14,17,23,23,15,22,18
2087,5,8,9,9,9,9,17,17,17,14,17,23,23,16,22,17
2088,5,8,9,9,9,9,17,17,17,14,17,23,23,17,22,16
2089,5,8,9,9,9,9,17,17,17,15,17,23,23,18,22,15
2090,5,8,9,9,9,9,17,17,17,16,17,23,23,18,22,14
2091,5,8,9,9,9,9,17,17,17,16,17,23,23,18,22,13
2092,5,8,9,9,9,9,17,17,17,16,17,23,23,19,22,12
2093,5,8,9,9,9,9,17,17,17,17,17,23,23,19,22,11
2094,5,8,9,9,9,9,17,17,17,17,17,23,23,19,22,10
2095,5,8,9,9,9,9,17,17,17,17,17,23,23,20,22,9
2096,5,8,9,9,9,9,17,17,17,16,17,23,23,20,22,8
2097,5,8,9,9,9,9,17,17,17,15,17,23,23,20,22,7
2098,5,8,9,9,9,9,17,17,17,14,17,23,23,21,22,6
2099,5,8,9,9,9,9,17,17,17,13,17,23,23,22,22,5
2100,5,8,9,9,9,9,17,17,17,12,17,23,23,22,22,4
2101,5,8,9,9,9,9,17,17,17,11,17,23,23,22,22,3
2102,5,8,9,9,9,9,17,17,17,10,17,23,23,23,22,2
2103,5,8,9,9,9,9,17,17,17,9,17,23,23,24,22,1
2104,5,8,9,9,9,9,17,17,17,8,17,23,23,24,22,1
2105,5,8,9,9,9,9,17,17,17,7,17,23,23,24,22,1
2106,5,8,9,9,9,9,17,17,17,6,17,23,23,25,22,2
2107,5,8,9,9,9,9,17,17,17,5,17,23,23,25,22,3
2108,5,8,9,9,9,9,17,17,17,4,17,23,23,25,22,4
2109,5,8,9,9,9,9,17,17,17,3,17,23,23,24,22,5
2110,5,8,9,9,9,9,17,17,17,2,17,23,23,23,22,6
2111,5,8,9,9,9,9,17,17,17,1,17,23,23,22,22,7
2112,5,8,9,9,9,9,17,17,17,1,17,23,23,21,22,8
2113,5,8,9,9,9,9,17,17,17,1,17,23,23,20,22,9
2114,5,8,9,9,9,9,17,17,17,2,17,23,23,19,22,10
2115,5,8,9,9,9,9,17,17,17,3,17,23,23,18,22,11
2116,5,8,9,9,9,9,17,17,17,4,17,23,23,17,22,12
2117,5,8,9,9,9,9,17,17,17,5,17,23,23,16,22,13
2118,5,8,9,9,9,9,17,17,17,6,17,23,23,15,22,14
2119,5,8,9,9,9,9,17,17,17,7,17,23,23,14,22,15
2120,5,8,9,9,9,9,17,17,17,8,17,23,23,13,22,16
2121,5,8,9,9,9,9,17,17,17,9,17,23,23,12,22,17
2122,5,8,9,9,9,9,17,17,17,10,17,23,23,11,22,18
2123,5,8,9,9,9,9,17,17,17,10,17,23,23,10,22,18
2124,5,8,9,9,9,9,17,17,17,10,17,23,23,9,22,18
2125,5,8,9,9,9,9,17,17,17,11,17,23,23,8,22,19
2126,5,8,9,9,9,9,17,17,17,11,17,23,23,7,22,20
2127,5,8,9,9,9,9,17,17,17,11,17,23,23,6,22,20
2128,5,8,9,9,9,9,17,17,17,12,17,23,23,5,22,20
2129,5,8,9,9,9,9,17,17,17,13,17,23,23,4,22,21
2130,5,8,9,9,9,9,17,17,17,14,17,23,23,3,22,21
2131,5,8,9,9,9,9,17,17,17,14,17,23,23,2,22,21
2132,5,8,9,9,9,9,17,17,17,14,17,23,23,1,22,22
2133,5,8,9,9,9,9,17,17,17,15,17,23,23,1,22,22
2134,5,8,9,9,9,9,17,17,17,15,17,23,23,1,22,22
2135,5,8,9,9,9,9,17,17,17,15,17,23,23,2,22,23
2136,5,8,9,9,9,9,17,17,17,16,17,23,23,3,22,23
2137,5,8,9,9,9,9,17,17,17,16,17,23,23,4,22,23
2138,5,8,9,9,9,9,17,17,17,16,17,23,23,5,22,24
2139,5,8,9,9,9,9,17,17,17,15,17,23,23,6,22,24
2140,5,8,9,9,9,9,17,17,17,14,17,23,23,7,22,24
2141,5,8,9,9,9,9,17,17,17,13,17,23,23,8,22,23
2142,5,8,9,9,9,9,17,17,17,12,17,23,23,9,22,22
2143,5,8,9,9,9,9,17,17,17,11,17,23,23,10,22,21
2144,5,8,9,9,9,9,17,17,17,10,17,23,23,11,22,20
2145,5,8,9,9,9,9,17,17,17,9,17,23,23,12,22,19
2146,5,8,9,9,9,9,17,17,17,8,17,23,23,13,22,18
2147,5,8,9,9,9,9,17,17,17,7,17,23,23,14,22,17
2148,5,8,9,9,9,9,17,17,17,6,17,23,23,15,22,16
2149,5,8,9,9,9,9,17,17,17,5,17,23,23,16,22,15
2150,5,8,9,9,9,9,17,17,17,4,17,23,23,17,22,14
2151,5,8,9,9,9,9,17,17,17,3,17,23,23,18,22,13
2152,5,8,9,9,9,9,17,17,17,2,17,23,23,18,22,12
2153,5,8,9,9,9,9,17,17,17,1,17,23,23,18,22,11
2154,5,8,9,9,9,9,17,17,17,1,17,23,23,19,22,10
2155,5,8,9,9,9,9,17,17,17,1,17,23,23,19,22,9
2156,5,8,9,9,9,9,17,17,17,2,17,23,23,19,22,8
2157,5,8,9,9,9,9,17,17,17,3,17,23,23,20,22,7
2158,5,8,9,9,9,9,17,17,17,4,17,23,23,20,22,6
2159,5,8,9,9,9,9,17,17,17,5,17,23,23,20,22,5
2160,5,8,9,9,9,9,17,17,17,6,17,23,23,21,22,4
2161,5,8,9,9,9,9,17,17,17,7,17,23,23,21,22,3
2162,5,8,9,9,9,9,17,17,17,8,17,23,23,21,22,2
2163,5,8,9,9,9,9,17,17,17,9,17,23,23,22,22,1
2164,5,8,9,9,9,9,17,17,17,10,17,23,23,22,22,1
2165,5,8,9,9,9,9,17,17,17,10,17,23,23,22,22,1
2166,5,8,9,9,9,9,17,17,17,10,17,23,23,23,22,2
2167,5,8,9,9,9,9,17,17,17,11,17,23,23,24,22,3
2168,5,8,9,9,9,9,17,17,17,12,17,23,23,25,22,4
2169,5,8,9,9,9,9,17,17,17,12,17,23,23,25,22,5
2170,5,8,9,9,9,9,17,17,17,12,17,23,23,25,22,6
2171,5,8,9,9,9,9,17,17,17,13,17,23,23,24,22,7
2172,5,8,9,9,9,9,17,17,17,13,17,23,23,23,22,8
2173,5,8,9,9,9,9,17,17,17,13,17,23,23,22,22,9
2174,5,8,9,9,9,9,17,17,17,14,17,23,23,21,22,10
2175,5,8,9,9,9,9,17,17,17,14,17,23,23,20,22,11
2176,5,8,9,9,9,9,17,17,17,14,17,23,23,19,22,12
2177,5,8,9,9,9,9,17,17,17,15,17,23,23,18,22,13
2178,5,8,9,9,9,9,17,17,17,15,17,23,23,17,22,14
2179,5,8,9,9,9,9,17,17,17,15,17,23,23,16,22,15
2180,5,8,9,9,9,9,17,17,17,16,17,23,23,15,22,16
2181,5,8,9,9,9,9,17,17,17,16,17,23,23,14,22,17
2182,5,8,9,9,9,9,17,17,17,16,17,23,23,13,22,18
2183,5,8,9,9,9,9,17,17,17,17,17,23,23,12,22,18
2184,5,8,9,9,9,9,17,17,17,17,17,23,23,11,22,18
2185,5,8,9,9,9,9,17,17,17,17,17,23,23,10,22,19
2186,5,8,9,9,9,9,17,17,17,17,17,23,23,9,22,20
2187,5,8,9,9,9,9,17,17,17,17,17,23,23,8,22,21
2188,5,8,9,9,9,9,17,17,17,17,17,23,23,7,22,21
2189,5,8,9,9,9,9,17,17,17,17,17,23,23,6,22,21
2190,5,8,9,9,9,9,17,17,17,17,17,23,23,5,22,22
2191,5,8,9,9,9,9,17,17,17,17,17,23,23,4,22,22
2192,5,8,9,9,9,9,17,17,17,17,17,23,23,3,22,22
2193,5,8,9,9,9,9,17,17,17,17,17,23,23,2,22,23
2194,5,8,9,9,9,9,17,17,17,17,17,23,23,1,22,23
2195,5,8,9,9,9,9,17,17,17,17,17,23,23,1,22,23
2196,5,8,9,9,9,9,17,17,17,17,17,23,23,1,22,24
2197,5,8,9,9,9,9,17,17,17,17,17,23,23,2,22,24
2198,5,8,9,9,9,9,17,17,17,17,17,23,23,3,22,24
2199,5,8,9,9,9,9,17,17,17,17,17,23,23,4,22,25
2200,5,8,9,9,9,9,17,17,17,17,17,23,23,5,22,25
2201,5,8,9,9,9,9,17,17,17,17,17,23,23,6,22,25
2202,5,8,9,9,9,9,17,17,17,17,17,23,23,7,22,24
2203,5,8,9,9,9,9,17,17,17,17,17,23,23,8,22,23
2204,5,8,9,9,9,9,17,17,17,17,17,23,23,9,22,22
2205,5,8,9,9,9,9,17,17,17,17,17,23,23,10,22,21
2206,5,8,9,9,9,9,17,17,17,17,17,23,23,11,22,20
2207,5,8,9,9,9,9,17,17,17,17,17,23,23,12,22,19
2208,5,8,9,9,9,9,17,17,17,17,17,23,23,13,22,18
2209,5,8,9,9,9,9,17,17,17,17,17,23,23,14,22,17
2210,5,8,9,9,9,9,17,17,17,17,17,23,23,15,22,16
2211,5,8,9,9,9,9,17,17,17,17,17,23,23,16,22,15
2212,5,8,9,9,9,9,17,17,17,17,17,23,23,17,22,14
2213,5,8,9,9,9,9,17,17,17,17,17,23,23,18,22,13
2214,5,8,9,9,9,9,17,17,17,17,17,23,23,19,22,12
2215,5,8,9,9,9,9,17,17,17,17,17,23,23,20,22,11
2216,5,8,9,9,9,9,17,17,17,17,17,23,23,20,22,10
2217,5,8,9,9,9,9,17,17,17,17,17,23,23,20,22,9
2218,5,8,9,9,9,9,17,17,17,17,17,23,23,21,22,8
2219,5,8,9,9,9,9,17,17,17,17,17,23,23,21,22,7
2220,5,8,9,9,9,9,17,17,17,17,17,23,23,21,22,6
2221,5,8,9,9,9,9,17,17,17,17,17,23,23,22,22,5
2222,5,8,9,9,9,9,17,17,17,17,17,23,23,22,22,4
2223,5,8,9,9,9,9,17,17,17,17,17,23,23,22,22,3
2224,5,8,9,9,9,9,17,17,17,17,17,23,23,23,22,2
2225,5,8,9,9,9,9,17,17,17,17,17,23,23,23,22,1
2226,5,8,9,9,9,9,17,17,17,17,17,23,23,23,22,1
2227,5,8,9,9,9,9,17,17,17,17,17,23,23,24,22,1
2228,5,8,9,9,9,9,17,17,17,17,17,23,23,25,22,2
2229,5,8,9,9,9,9,17,17,17,17,17,23,23,25,22,3
2230,5,8,9,9,9,9,17,17,17,17,17,23,23,25,22,4
2231,5,8,9,9,9,9,17,17,17,17,17,23,23,24,22,5
2232,5,8,9,9,9,9,17,17,17,17,17,23,23,23,22,6
2233,5,8,9,9,9,9,17,17,17,17,17,23,23,22,22,7
2234,5,8,9,9,9,9,17,17,17,17,17,23,23,21,22,8
2235,5,8,9,9,9,9,17,17,17,17,17,23,23,20,22,9
2236,5,8,9,9,9,9,17,17,17,17,17,23,23,19,22,10
2237,5,8,9,9,9,9,17,17,17,17,17,23,23,18,22,11
2238,5,8,9,9,9,9,17,17,17,17,17,23,23,17,22,12
2239,5,8,9,9,9,9,17,17,17,17,17,23,23,16,22,13
2240,5,8,9,9,9,9,17,17,17,17,17,23,23,15,22,14
2241,5,8,9,9,9,9,17,17,17,17,17,23,23,14,22,15
2242,5,8,9,9,9,9,17,17,17,17,17,23,23,13,22,16
2243,5,8,9,9,9,9,17,17,17,17,17,23,23,12,22,17
2244,5,8,9,9,9,9,17,17,17,17,17,23,23,11,22,18
2245,5,8,9,9,9,9,17,17,17,17,17,23,23,10,22,18
2246,5,8,9,9,9,9,17,17,17,17,17,23,23,9,22,18
2247,5,8,9,9,9,9,17,17,17,17,17,23,23,8,22,19
2248,5,8,9,9,9,9,17,17,17,17,17,23,23,7,22,19
2249,5,8,9,9,9,9,17,17,17,17,17,23,23,6,22,19
2250,5,8,9,9,9,9,17,17,17,17,17,23,23,5,22,20
2251,5,8,9,9,9,9,17,17,17,17,17,23,23,4,22,20
2252,5,8,9,9,9,9,17,17,17,17,17,23,23,3,22,20
2253,5,8,9,9,9,9,17,17,17,17,17,23,23,2,22,21
2254,5,8,9,9,9,9,17,17,17,17,17,23,23,1,22,21
2255,5,8,9,9,9,9,17,17,17,17,17,23,23,1,22,21
2256,5,8,9,9,9,9,17,17,17,17,17,23,23,1,22,22
2257,5,8,9,9,9,9,17,17,17,17,17,23,23,2,22,22
2258,5,8,9,9,9,9,17,17,17,17,17,23,23,3,22,22
2259,5,8,9,9,9,9,17,17,17,17,17,23,23,4,22,23
2260,5,8,9,9,9,9,17,17,17,17,17,23,23,5,22,23
2261,5,8,9,9,9,9,17,17,17,17,17,23,23,6,22,23
2262,5,8,9,9,9,9,17,17,17,17,17,23,23,7,22,24
2263,5,8,9,9,9,9,17,17,17,17,17,23,23,8,22,25
2264,5,8,9,9,9,9,17,17,17,17,17,23,23,9,22,25
2265,5,8,9,9,9,9,17,17,17,17,17,23,23,10,22,25
2266,5,8,9,9,9,9,17,17,17,17,17,23,23,11,22,24
2267,5,8,9,9,9,9,17,17,17,17,17,23,23,12,22,23
2268,5,8,9,9,9,9,17,17,17,17,17,23,23,13,22,22
2269,5,8,9,9,9,9,17,17,17,17,17,23,23,14,22,21
2270,5,8,9,9,9,9,17,17,17,17,17,23,23,15,22,20
2271,5,8,9,9,9,9,17,17,17,17,17,23,23,16,22,19
2272,5,8,9,9,9,9,17,17,17,17,17,23,23,17,22,18
2273,5,8,9,9,9,9,17,17,17,17,17,23,23,18,22,17
2274,5,8,9,9,9,9,17,17,17,17,17,23,23,19,22,16
2275,5,8,9,9,9,9,17,17,17,17,17,23,23,19,22,15
2276,5,8,9,9,9,9,17,17,17,17,17,23,23,19,22,14
2277,5,8,9,9,9,9,17,17,17,17,17,23,23,20,22,13
2278,5,8,9,9,9,9,17,17,17,17,17,23,23,20,22,12
2279,5,8,9,9,9,9,17,17,17,17,17,23,23,20,22,11
2280,5,8,9,9,9,9,17,17,17,17,17,23,23,21,22,10
2281,5,8,9,9,9,9,17,17,17,17,17,23,23,22,22,9
2282,5,8,9,9,9,9,17,17,17,17,17,23,23,22,22,8
2283,5,8,9,9,9,9,17,17,17,17,17,23,23,22,22,7
2284,5,8,9,9,9,9,17,17,17,17,17,23,23,23,22,6
2285,5,8,9,9,9,9,17,17,17,17,17,23,23,23,22,5
2286,5,8,9,9,9,9,17,17,17,17,17,23,23,23,22,4
2287,5,8,9,9,9,9,17,17,17,17,17,23,23,24,22,3
2288,5,8,9,9,9,9,17,17,17,17,17,23,23,24,22,2
2289,5,8,9,9,9,9,17,17,17,17,17,23,23,24,22,1
2290,5,8,9,9,9,9,17,17,17,17,17,23,23,25,22,1
2291,5,8,9,9,9,9,17,17,17,17,17,23,23,25,22,1
2292,5,8,9,9,9,9,17,17,17,17,17,23,23,25,22,2
2293,5,8,9,9,9,9,17,17,17,17,17,23,23,24,22,3
2294,5,8,9,9,9,9,17,17,17,17,17,23,23,23,22,4
2295,5,8,9,9,9,9,17,17,17,17,17,23,23,22,22,5
2296,5,8,9,9,9,9,17,17,17,17,17,23,23,21,22,6
2297,5,8,9,9,9,9,17,17,17,17,17,23,23,20,22,7
2298,5,8,9,9,9,9,17,17,17,17,17,23,23,19,22,8
2299,5,8,9,9,9,9,17,17,17,17,17,23,23,18,22,9
2300,5,8,9,9,9,9,17,17,17,17,17,23,23,17,22,10
2301,5,8,9,9,9,9,17,17,17,17,17,23,23,16,22,11
2302,5,8,9,9,9,9,17,17,17,17,17,23,23,15,22,12
2303,5,8,9,9,9,9,17,17,17,17,17,23,23,14,22,13
2304,5,8,9,9,9,9,17,17,17,17,17,23,23,13,22,14
2305,5,8,9,9,9,9,17,17,17,17,17,23,23,12,22,15
2306,5,8,9,9,9,9,17,17,17,17,17,23,23,11,22,16
2307,5,8,9,9,9,9,17,17,17,17,17,23,23,10,22,17
2308,5,8,9,9,9,9,17,17,17,17,17,23,23,9,22,18
2309,5,8,9,9,9,9,17,17,17,17,17,23,23,8,22,18
2310,5,8,9,9,9,9,17,17,17,17,17,23,23,7,22,18
2311,5,8,9,9,9,9,17,17,17,17,17,23,23,6,22,19
2312,5,8,9,9,9,9,17,17,17,17,17,23,23,5,22,19
2313,5,8,9,9,9,9,17,17,17,17,17,23,23,4,22,19
2314,5,8,9,9,9,9,17,17,17,17,17,23,23,3,22,20
2315,5,8,9,9,9,9,17,17,17,17,17,23,23,2,22,20
2316,5,8,9,9,9,9,17,17,17,17,17,23,23,1,22,20
2317,5,8,9,9,9,9,17,17,17,17,17,23,23,1,22,21
2318,5,8,9,9,9,9,17,17,17,17,17,23,23,1,22,21
2319,5,8,9,9,9,9,17,17,17,17,17,23,23,2,22,21
2320,5,8,9,9,9,9,17,17,17,17,17,23,23,3,22,22
2321,5,8,9,9,9,9,17,17,17,17,17,23,23,4,22,22
2322,5,8,9,9,9,9,17,17,17,17,17,23,23,5,22,22
2323,5,8,9,9,9,9,17,17,17,17,17,23,23,6,22,23
2324,5,8,9,9,9,9,17,17,17,17,17,23,23,7,22,23
2325,5,8,9,9,9,9,17,17,17,17,17,23,23,8,22,23
2326,5,8,9,9,9,9,17,17,17,17,17,23,23,9,22,24
2327,5,8,9,9,9,9,17,17,17,17,17,23,23,10,22,24
2328,5,8,9,9,9,9,17,17,17,17,17,23,23,11,22,24
2329,5,8,9,9,9,9,17,17,17,17,17,23,23,12,22,23
2330,5,8,9,9,9,9,17,17,17,17,17,23,23,13,22,22
2331,5,8,9,9,9,9,17,17,17,17,17,23,23,14,22,21
2332,5,8,9,9,9,9,17,17,17,17,17,23,23,15,22,20
2333,5,8,9,9,9,9,17,17,17,17,17,23,23,16,22,19
2334,5,8,9,9,9,9,17,17,17,17,17,23,23,17,22,18
2335,5,8,9,9,9,9,17,17,17,17,17,23,23,18,22,17
2336,5,8,9,9,9,9,17,17,17,17,17,23,23,18,22,16
2337,5,8,9,9,9,9,17,17,17,17,17,23,23,18,22,15
2338,5,8,9,9,9,9,17,17,17,17,17,23,23,19,22,14
2339,5,8,9,9,9,9,17,17,17,17,17,23,23,19,22,13
2340,5,8,9,9,9,9,17,17,17,17,17,23,23,19,22,12
2341,5,8,9,9,9,9,17,17,17,17,17,23,23,20,22,11
2342,5,8,9,9,9,9,17,17,17,17,17,23,23,20,22,10
2343,5,8,9,9,9,9,17,17,17,17,17,23,23,20,22,9
2344,5,8,9,9,9,9,17,17,17,17,17,23,23,21,22,8
2345,5,8,9,9,9,9,17,17,17,17,17,23,23,21,22,7
2346,5,8,9,9,9,9,17,17,17,17,17,23,23,21,22,6
2347,5,8,9,9,9,9,17,17,17,17,17,23,23,22,22,5
2348,5,8,9,9,9,9,17,17,17,17,17,23,23,22,22,4
2349,5,8,9,9,9,9,17,17,17,17,17,23,23,22,22,3
2350,5,8,9,9,9,9,17,17,17,17,17,23,23,23,22,2
2351,5,8,9,9,9,9,17,17,17,17,17,23,23,24,22,1
2352,5,8,9,9,9,9,17,17,17,17,17,23,23,24,22,1
2353,5,8,9,9,9,9,17,17,17,17,17,23,23,24,22,1
2354,5,8,9,9,9,9,17,17,17,17,17,23,23,25,22,2
2355,5,8,9,9,9,9,17,17,17,17,17,23,23,25,22,3
2356,5,8,9,9,9,9,17,17,17,17,17,23,23,25,22,4
2357,5,8,9,9,9,9,17,17,17,17,17,23,23,24,22,5
2358,5,8,9,9,9,9,17,17,17,17,17,23,23,23,22,6
2359,5,8,9,9,9,9,17,17,17,17,17,23,23,22,22,7
2360,5,8,9,9,9,9,17,17,17,17,17,23,23,21,22,8
2361,5,8,9,9,9,9,17,17,17,17,17,23,23,20,22,9
2362,5,8,9,9,9,9,17,17,17,17,17,23,23,19,22,10
2363,5,8,9,9,9,9,17,17,17,17,17,23,23,18,22,11
2364,5,8,9,9,9,9,17,17,17,17,17,23,23,17,22,12
2365,5,8,9,9,9,9,17,17,17,17,17,23,23,16,22,13
2366,5,8,9,9,9,9,17,17,17,17,17,23,23,15,22,14
2367,5,8,9,9,9,9,17,17,17,17,17,23,23,14,22,15
2368,5,8,9,9,9,9,17,17,17,17,17,23,23,13,22,16
2369,5,8,9,9,9,9,17,17,17,17,17,23,23,12,22,17
2370,5,8,9,9,9,9,17,17,17,17,17,23,23,11,22,18
2371,5,8,9,9,9,9,17,17,17,17,17,23,23,10,22,18
2372,5,8,9,9,9,9,17,17,17,17,17,23,23,9,22,18
2373,5,8,9,9,9,9,17,17,17,17,17,23,23,8,22,19
2374,5,8,9,9,9,9,17,17,17,17,17,23,23,7,22,20
2375,5,8,9,9,9,9,17,17,17,17,17,23,23,6,22,21
2376,5,8,9,9,9,9,17,17,17,17,17,23,23,5,22,21
2377,5,8,9,9,9,9,17,17,17,17,17,23,23,4,22,21
2378,5,8,9,9,9,9,17,17,17,17,17,23,23,3,22,22
2379,5,8,9,9,9,9,17,17,17,17,17,23,23,2,22,22
2380,5,8,9,9,9,9,17,17,17,17,17,23,23,1,22,22
2381,5,8,9,9,9,9,17,17,17,17,17,23,23,1,22,23
2382,5,8,9,9,9,9,17,17,17,17,17,23,23,1,22,23
2383,5,8,9,9,9,9,17,17,17,17,17,23,23,2,22,23
2384,5,8,9,9,9,9,17,17,17,17,17,23,23,3,22,24
2385,5,8,9,9,9,9,17,17,17,17,17,23,23,4,22,24
2386,5,8,9,9,9,9,17,17,17,17,17,23,23,5,22,24
2387,5,8,9,9,9,9,17,17,17,17,17,23,23,6,22,25
2388,5,8,9,9,9,9,17,17,17,17,17,23,23,7,22,25
2389,5,8,9,9,9,9,17,17,17,17,17,23,23,8,22,25
2390,5,8,9,9,9,9,17,17,17,17,17,23,23,9,22,24
2391,5,8,9,9,9,9,17,17,17,17,17,23,23,10,22,23
2392,5,8,9,9,9,9,17,17,17,17,17,23,23,11,22,22
2393,5,8,9,9,9,9,17,17,17,17,17,23,23,12,22,21
2394,5,8,9,9,9,9,17,17,17,17,17,23,23,13,22,20
2395,5,8,9,9,9,9,17,17,17,17,17,23,23,14,22,19
2396,5,8,9,9,9,9,17,17,17,17,17,23,23,15,22,18
2397,5,8,9,9,9,9,17,17,17,17,17,23,23,16,22,17
2398,5,8,9,9,9,9,17,17,17,17,17,23,23,17,22,16
2399,5,8,9,9,9,9,17,17,17,17,17,23,23,18,22,15
2400,5,8,9,9,9,9,17,17,17,17,17,23,23,18,22,14
2401,5,8,9,9,9,9,17,17,17,17,17,23,23,18,22,13
2402,5,8,9,9,9,9,17,17,17,17,17,23,23,19,22,12
2403,5,8,9,9,9,9,17,17,17,17,17,23,23,19,22,11
2404,5,8,9,9,9,9,17,17,17,17,17,23,23,19,22,10
2405,5,8,9,9,9,9,17,17,17,17,17,23,23,20,22,9
2406,5,8,9,9,9,9,17,17,17,17,17,23,23,20,22,8
2407,5,8,9,9,9,9,17,17,17,17,17,23,23,20,22,7
2408,5,8,9,9,9,9,17,17,17,17,17,23,23,21,22,6
2409,5,8,9,9,9,9,17,17,17,17,17,23,23,21,22,5
2410,5,8,9,9,9,9,17,17,17,17,17,23,23,21,22,4
2411,5,8,9,9,9,9,17,17,17,17,17,23,23,22,22,3
2412,5,8,9,9,9,9,17,17,17,17,17,23,23,22,22,2
2413,5,8,9,9,9,9,17,17,17,17,17,23,23,22,22,1
2414,5,8,9,9,9,9,17,17,17,17,17,23,23,23,22,1
2415,5,8,9,9,9,9,17,17,17,17,17,23,23,24,22,1
2416,5,8,9,9,9,9,17,17,17,17,17,23,23,25,22,2
2417,5,8,9,9,9,9,17,17,17,17,17,23,23,25,22,3
2418,5,8,9,9,9,9,17,17,17,17,17,23,23,25,22,4
2419,5,8,9,9,9,9,17,17,17,17,17,23,23,24,22,5
2420,5,8,9,9,9,9,17,17,17,17,17,23,23,23,22,6
2421,5,8,9,9,9,9,17,17,17,17,17,23,23,22,22,7
2422,5,8,9,9,9,9,17,17,17,17,17,23,23,21,22,8
2423,5,8,9,9,9,9,17,17,17,17,17,23,23,20,22,9
2424,5,8,9,9,9,9,17,17,17,17,17,23,23,19,22,10
2425,5,8,9,9,9,9,17,17,17,17,17,23,23,18,22,11
2426,5,8,9,9,9,9,17,17,17,17,17,23,23,17,22,12
2427,5,8,9,9,9,9,17,17,17,17,17,23,23,16,22,13
2428,5,8,9,9,9,9,17,17,17,17,17,23,23,15,22,14
2429,5,8,9,9,9,9,17,17,17,17,17,23,23,14,22,15
2430,5,8,9,9,9,9,17,17,17,17,17,23,23,13,22,16
2431,5,8,9,9,9,9,17,17,17,17,17,23,23,12,22,17
2432,5,8,9,9,9,9,17,17,17,17,17,23,23,11,22,18
2433,5,8,9,9,9,9,17,17,17,17,17,23,23,10,22,18
2434,5,8,9,9,9,9,17,17,17,17,17,23,23,9,22,18
2435,5,8,9,9,9,9,17,17,17,17,17,23,23,8,22,19
2436,5,8,9,9,9,9,17,17,17,17,17,23,23,7,22,19
2437,5,8,9,9,9,9,17,17,17,17,17,23,23,6,22,19
2438,5,8,9,9,9,9,17,17,17,17,17,23,23,5,22,20
2439,5,8,9,9,9,9,17,17,17,17,17,23,23,4,22,21
2440,5,8,9,9,9,9,17,17,17,17,17,23,23,3,22,22
2441,5,8,9,9,9,9,17,17,17,17,17,23,23,2,22,22
2442,5,8,9,9,9,9,17,17,17,17,17,23,23,1,22,22
2443,5,8,9,9,9,9,17,17,17,17,17,23,23,1,22,23
2444,5,8,9,9,9,9,17,17,17,17,17,23,23,1,22,23
2445,5,8,9,9,9,9,17,17,17,17,17,23,23,2,22,23
2446,5,8,9,9,9,9,17,17,17,17,17,23,23,3,22,24
2447,5,8,9,9,9,9,17,17,17,17,17,23,23,4,22,24
2448,5,8,9,9,9,9,17,17,17,17,17,23,23,5,22,24
2449,5,8,9,9,9,9,17,17,17,17,17,23,23,6,22,25
2450,5,8,9,9,9,9,17,17,17,17,17,23,23,7,22,25
2451,5,8,9,9,9,9,17,17,17,17,17,23,23,8,22,25
2452,5,8,9,9,9,9,17,17,17,17,17,23,23,9,22,24
2453,5,8,9,9,9,9,17,17,17,17,17,23,23,10,22,23
2454,5,8,9,9,9,9,17,17,17,17,17,23,23,11,22,22
2455,5,8,9,9,9,9,17,17,17,17,17,23,23,12,22,21
2456,5,8,9,9,9,9,17,17,17,17,17,23,23,13,22,20
2457,5,8,9,9,9,9,17,17,17,17,17,23,23,14,22,19
2458,5,8,9,9,9,9,17,17,17,17,17,23,23,15,22,18
2459,5,8,9,9,9,9,17,17,17,17,17,23,23,16,22,17
2460,5,8,9,9,9,9,17,17,17,17,17,23,23,17,22,16
2461,5,8,9,9,9,9,17,17,17,17,17,23,23,18,22,15
2462,5,8,9,9,9,9,17,17,17,17,17,23,23,18,22,14
2463,5,8,9,9,9,9,17,17,17,17,17,23,23,18,22,13
2464,5,8,9,9,9,9,17,17,17,17,17,23,23,19,22,12
2465,5,8,9,9,9,9,17,17,17,17,17,23,23,19,22,11
2466,5,8,9,9,9,9,17,17,17,17,17,23,23,19,22,10
2467,5,8,9,9,9,9,17,17,17,17,17,23,23,20,22,9
2468,5,8,9,9,9,9,17,17,17,17,17,23,23,20,22,8
2469,5,8,9,9,9,9,17,17,17,17,17,23,23,20,22,7
2470,5,8,9,9,9,9,17,17,17,17,17,23,23,21,22,6
2471,5,8,9,9,9,9,17,17,17,17,17,23,23,21,22,5
2472,5,8,9,9,9,9,17,17,17,17,17,23,23,21,22,4
2473,5,8,9,9,9,9,17,17,17,17,17,23,23,22,22,3
2474,5,8,9,9,9,9,17,17,17,17,17,23,23,22,22,2
2475,5,8,9,9,9,9,17,17,17,17,17,23,23,22,22,1
2476,5,8,9,9,9,9,17,17,17,17,17,23,23,23,22,1
2477,5,8,9,9,9,9,17,17,17,17,17,23,23,23,22,1
2478,5,8,9,9,9,9,17,17,17,17,17,23,23,23,22,2
2479,5,8,9,9,9,9,17,17,17,17,17,23,23,24,22,3
2480,5,8,9,9,9,9,17,17,17,17,17,23,23,24,22,4
2481,5,8,9,9,9,9,17,17,17,17,17,23,23,24,22,5
2482,5,8,9,9,9,9,17,17,17,17,17,23,23,23,22,6
2483,5,8,9,9,9,9,17,17,17,17,17,23,23,22,22,7
2484,5,8,9,9,9,9,17,17,17,17,17,23,23,21,22,8
2485,5,8,9,9,9,9,17,17,17,17,17,23,23,20,22,9
2486,5,8,9,9,9,9,17,17,17,17,17,23,23,19,22,10
2487,5,8,9,9,9,9,17,17,17,17,17,23,23,18,22,11
2488,5,8,9,9,9,9,17,17,17,17,17,23,23,17,22,12
2489,5,8,9,9,9,9,17,17,17,17,17,23,23,16,22,13
2490,5,8,9,9,9,9,17,17,17,17,17,23,23,15,22,14
2491,5,8,9,9,9,9,17,17,17,17,17,23,23,14,22,15
2492,5,8,9,9,9,9,17,17,17,17,17,23,23,13,22,16
2493,5,8,9,9,9,9,17,17,17,17,17,23,23,12,22,17
2494,5,8,9,9,9,9,17,17,17,17,17,23,23,11,22,18
2495,5,8,9,9,9,9,17,17,17,17,17,23,23,10,22,18
2496,5,8,9,9,9,9,17,17,17,17,17,23,23,9,22,18
2497,5,8,9,9,9,9,17,17,17,17,17,23,23,8,22,19
2498,5,8,9,9,9,9,17,17,17,17,17,23,23,7,22,19
2499,5,8,9,9,9,9,17,17,17,17,17,23,23,6,22,19
2500,5,8,9,9,9,9,17,17,17,17,17,23,23,5,22,20
2501,5,8,9,9,9,9,17,17,17,17,17,23,23,4,22,20
2502,5,8,9,9,9,9,17,17,17,17,17,23,23,3,22,20
2503,5,8,9,9,9,9,17,17,17,17,17,23,23,2,22,21
2504,5,8,9,9,9,9,17,17,17,17,17,23,23,1,22,21
2505,5,8,9,9,9,9,17,17,17,17,17,23,23,1,22,21
2506,5,8,9,9,9,9,17,17,17,17,17,23,23,1,22,22
2507,5,8,9,9,9,9,17,17,17,17,17,23,23,2,22,23
2508,5,8,9,9,9,9,17,17,17,17,17,23,23,3,22,23
2509,5,8,9,9,9,9,17,17,17,17,17,23,23,4,22,23
2510,5,8,9,9,9,9,17,17,17,17,17,23,23,5,22,22
2511,5,8,9,9,9,9,17,17,17,17,17,23,23,6,22,21
2512,5,8,9,9,9,9,17,17,17,17,17,23,23,7,22,20
2513,5,8,9,9,9,9,17,17,17,17,17,23,23,8,22,19
2514,5,8,9,9,9,9,17,17,17,17,17,23,23,9,22,18
2515,5,8,9,9,9,9,17,17,17,17,17,23,23,10,22,17
2516,5,8,9,9,9,9,17,17,17,17,17,23,23,11,22,16
2517,5,8,9,9,9,9,17,17,17,17,17,23,23,12,22,15
2518,5,8,9,9,9,9,17,17,17,17,17,23,23,13,22,14
2519,5,8,9,9,9,9,17,17,17,17,17,23,23,14,22,13
2520,5,8,9,9,9,9,17,17,17,17,17,23,23,15,22,12
2521,5,8,9,9,9,9,17,17,17,17,17,23,23,16,22,11
2522,5,8,9,9,9,9,17,17,17,17,17,23,23,17,22,10
2523,5,8,9,9,9,9,17,17,17,17,17,23,23,18,22,9
2524,5,8,9,9,9,9,17,17,17,17,17,23,23,18,22,8
2525,5,8,9,9,9,9,17,17,17,17,17,23,23,18,22,7
2526,5,8,9,9,9,9,17,17,17,17,17,23,23,19,22,6
2527,5,8,9,9,9,9,17,17,17,17,17,23,23,19,22,5
2528,5,8,9,9,9,9,17,17,17,17,17,23,23,19,22,4
2529,5,8,9,9,9,9,17,17,17,17,17,23,23,20,22,3
2530,5,8,9,9,9,9,17,17,17,17,17,23,23,20,22,2
2531,5,8,9,9,9,9,17,17,17,17,17,23,23,20,22,1
2532,5,8,9,9,9,9,17,17,17,17,17,23,23,21,22,1
2533,5,8,9,9,9,9,17,17,17,17,17,23,23,21,22,1
2534,5,8,9,9,9,9,17,17,17,17,17,23,23,21,22,2
2535,5,8,9,9,9,9,17,17,17,17,17,23,23,22,22,3
2536,5,8,9,9,9,9,17,17,17,17,17,23,23,23,22,4
2537,5,8,9,9,9,9,17,17,17,17,17,23,23,23,22,5
2538,5,8,9,9,9,9,17,17,17,17,17,23,23,23,22,6
2539,5,8,9,9,9,9,17,17,17,17,17,23,23,24,22,7
2540,5,8,9,9,9,9,17,17,17,17,17,23,23,24,22,8
2541,5,8,9,9,9,9,17,17,17,17,17,23,23,24,22,9
2542,5,8,9,9,9,9,17,17,17,17,17,23,23,23,22,10
2543,5,8,9,9,9,9,17,17,17,17,17,23,23,22,22,11
2544,5,8,9,9,9,9,17,17,17,17,17,23,23,21,22,12
2545,5,8,9,9,9,9,17,17,17,17,17,23,23,20,22,13
2546,5,8,9,9,9,9,17,17,17,17,17,23,23,19,22,14
2547,5,8,9,9,9,9,17,17,17,17,17,23,23,18,22,15
2548,5,8,9,9,9,9,17,17,17,17,17,23,23,17,22,16
2549,5,8,9,9,9,9,17,17,17,17,17,23,23,16,22,17
2550,5,8,9,9,9,9,17,17,17,17,17,23,23,15,22,18
2551,5,8,9,9,9,9,17,17,17,17,17,23,23,14,22,18
2552,5,8,9,9,9,9,17,17,17,17,17,23,23,13,22,18
2553,5,8,9,9,9,9,17,17,17,17,17,23,23,12,22,19
2554,5,8,9,9,9,9,17,17,17,17,17,23,23,11,22,19
2555,5,8,9,9,9,9,17,17,17,17,17,23,23,10,22,19
2556,5,8,9,9,9,9,17,17,17,17,17,23,23,9,22,20
2557,5,8,9,9,9,9,17,17,17,17,17,23,23,8,22,21
2558,5,8,9,9,9,9,17,17,17,17,17,23,23,7,22,21
2559,5,8,9,9,9,9,17,17,17,17,17,23,23,6,22,21
2560,5,8,9,9,9,9,17,17,17,17,17,23,23,5,22,22
2561,5,8,9,9,9,9,17,17,17,17,17,23,23,4,22,23
2562,5,8,9,9,9,9,17,17,17,17,17,23,23,3,22,23
2563,5,8,9,9,9,9,17,17,17,17,17,23,23,2,22,23
2564,5,8,9,9,9,9,17,17,17,17,17,23,23,1,22,24
2565,5,8,9,9,9,9,17,17,17,17,17,23,23,1,22,25
2566,5,8,9,9,9,9,17,17,17,17,17,23,23,1,22,25
2567,5,8,9,9,9,9,17,17,17,17,17,23,23,2,22,25
2568,5,8,9,9,9,9,17,17,17,17,17,23,23,3,22,24
2569,5,8,9,9,9,9,17,17,17,17,17,23,23,4,22,23
2570,5,8,9,9,9,9,17,17,17,17,17,23,23,5,22,22
2571,5,8,9,9,9,9,17,17,17,17,17,23,23,6,22,21
2572,5,8,9,9,9,9,17,17,17,17,17,23,23,7,22,20
2573,5,8,9,9,9,9,17,17,17,17,17,23,23,8,22,19
2574,5,8,9,9,9,9,17,17,17,17,17,23,23,9,22,18
2575,5,8,9,9,9,9,17,17,17,17,17,23,23,10,22,17
2576,5,8,9,9,9,9,17,17,17,17,17,23,23,11,22,16
2577,5,8,9,9,9,9,17,17,17,17,17,23,23,12,22,15
2578,5,8,9,9,9,9,17,17,17,17,17,23,23,13,22,14
2579,5,8,9,9,9,9,17,17,17,17,17,23,23,14,22,13
2580,5,8,9,9,9,9,17,17,17,17,17,23,23,15,22,12
2581,5,8,9,9,9,9,17,17,17,17,17,23,23,16,22,11
2582,5,8,9,9,9,9,17,17,17,17,17,23,23,17,22,10
2583,5,8,9,9,9,9,17,17,17,17,17,23,23,18,22,9
2584,5,8,9,9,9,9,17,17,17,17,17,23,23,18,22,8
2585,5,8,9,9,9,9,17,17,17,17,17,23,23,18,22,7
2586,5,8,9,9,9,9,17,17,17,17,17,23,23,19,22,6
2587,5,8,9,9,9,9,17,17,17,17,17,23,23,19,22,5
2588,5,8,9,9,9,9,17,17,17,17,17,23,23,19,22,4
2589,5,8,9,9,9,9,17,17,17,17,17,23,23,20,22,3
2590,5,8,9,9,9,9,17,17,17,17,17,23,23,21,22,2
2591,5,8,9,9,9,9,17,17,17,17,17,23,23,21,22,1
2592,5,8,9,9,9,9,17,17,17,17,17,23,23,21,22,1
2593,5,8,9,9,9,9,17,17,17,17,17,23,23,22,22,1
2594,5,8,9,9,9,9,17,17,17,17,17,23,23,22,22,2
2595,5,8,9,9,9,9,17,17,17,17,17,23,23,22,22,3
2596,5,8,9,9,9,9,17,17,17,17,17,23,23,23,22,4
2597,5,8,9,9,9,9,17,17,17,17,17,23,23,23,22,5
2598,5,8,9,9,9,9,17,17,17,17,17,23,23,23,22,6
2599,5,8,9,9,9,9,17,17,17,17,17,23,23,24,22,7
2600,5,8,9,9,9,9,17,17,17,17,17,23,23,25,22,8
2601,5,8,9,9,9,9,17,17,17,17,17,23,23,25,22,9
2602,5,8,9,9,9,9,17,17,17,17,17,23,23,25,22,10
2603,5,8,9,9,9,9,17,17,17,17,17,23,23,24,22,11
2604,5,8,9,9,9,9,17,17,17,17,17,23,23,23,22,12
2605,5,8,9,9,9,9,17,17,17,17,17,23,23,22,22,13
2606,5,8,9,9,9,9,17,17,17,17,17,23,23,21,22,14
2607,5,8,9,9,9,9,17,17,17,17,17,23,23,20,22,15
2608,5,8,9,9,9,9,17,17,17,17,17,23,23,19,22,16
2609,5,8,9,9,9,9,17,17,17,17,17,23,23,18,22,17
2610,5,8,9,9,9,9,17,17,17,17,17,23,23,17,22,18
2611,5,8,9,9,9,9,17,17,17,17,17,23,23,16,22,18
2612,5,8,9,9,9,9,17,17,17,17,17,23,23,15,22,18
2613,5,8,9,9,9,9,17,17,17,17,17,23,23,14,22,19
2614,5,8,9,9,9,9,17,17,17,17,17,23,23,13,22,19
2615,5,8,9,9,9,9,17,17,17,17,17,23,23,12,22,19
2616,5,8,9,9,9,9,17,17,17,17,17,23,23,11,22,20
2617,5,8,9,9,9,9,17,17,17,17,17,23,23,10,22,21
2618,5,8,9,9,9,9,17,17,17,17,17,23,23,9,22,21
2619,5,8,9,9,9,9,17,17,17,17,17,23,23,8,22,21
2620,5,8,9,9,9,9,17,17,17,17,17,23,23,7,22,22
2621,5,8,9,9,9,9,17,17,17,17,17,23,23,6,22,23
2622,5,8,9,9,9,9,17,17,17,17,17,23,23,5,22,23
2623,5,8,9,9,9,9,17,17,17,17,17,23,23,4,22,23
2624,5,8,9,9,9,9,17,17,17,17,17,23,23,3,22,24
2625,5,8,9,9,9,9,17,17,17,17,17,23,23,2,22,24
2626,5,8,9,9,9,9,17,17,17,17,17,23,23,1,22,24
2627,5,8,9,9,9,9,17,17,17,17,17,23,23,1,22,25
2628,5,8,9,9,9,9,17,17,17,17,17,23,23,1,22,25
2629,5,8,9,9,9,9,17,17,17,17,17,23,23,2,22,25
2630,5,8,9,9,9,9,17,17,17,17,17,23,23,3,22,24
2631,5,8,9,9,9,9,17,17,17,17,17,23,23,4,22,23
2632,5,8,9,9,9,9,17,17,17,17,17,23,23,5,22,22
2633,5,8,9,9,9,9,17,17,17,17,17,23,23,6,22,21
2634,5,8,9,9,9,9,17,17,17,17,17,23,23,7,22,20
2635,5,8,9,9,9,9,17,17,17,17,17,23,23,8,22,19
2636,5,8,9,9,9,9,17,17,17,17,17,23,23,9,22,18
2637,5,8,9,9,9,9,17,17,17,17,17,23,23,10,22,17
2638,5,8,9,9,9,9,17,17,17,17,17,23,23,11,22,16
2639,5,8,9,9,9,9,17,17,17,17,17,23,23,12,22,15
2640,5,8,9,9,9,9,17,17,17,17,17,23,23,13,22,14
2641,5,8,9,9,9,9,17,17,17,17,17,23,23,14,22,13
2642,5,8,9,9,9,9,17,17,17,17,17,23,23,15,22,12
2643,5,8,9,9,9,9,17,17,17,17,17,23,23,16,22,11
2644,5,8,9,9,9,9,17,17,17,17,17,23,23,17,22,10
2645,5,8,9,9,9,9,17,17,17,17,17,23,23,18,22,9
2646,5,8,9,9,9,9,17,17,17,17,17,23,23,18,22,8
2647,5,8,9,9,9,9,17,17,17,17,17,23,23,18,22,7
2648,5,8,9,9,9,9,17,17,17,17,17,23,23,19,22,6
2649,5,8,9,9,9,9,17,17,17,17,17,23,23,19,22,5
2650,5,8,9,9,9,9,17,17,17,17,17,23,23,19,22,4
2651,5,8,9,9,9,9,17,17,17,17,17,23,23,20,22,3
2652,5,8,9,9,9,9,17,17,17,17,17,23,23,21,22,2
2653,5,8,9,9,9,9,17,17,17,17,17,23,23,22,22,1
2654,5,8,9,9,9,9,17,17,17,17,17,23,23,22,22,1
2655,5,8,9,9,9,9,17,17,17,17,17,23,23,22,22,1
2656,5,8,9,9,9,9,17,17,17,17,17,23,23,23,22,2
2657,5,8,9,9,9,9,17,17,17,17,17,23,23,24,22,3
2658,5,8,9,9,9,9,17,17,17,17,17,23,23,24,22,4
2659,5,8,9,9,9,9,17,17,17,17,17,23,23,24,22,5
2660,5,8,9,9,9,9,17,17,17,17,17,23,23,25,22,6
2661,5,8,9,9,9,9,17,17,17,17,17,23,23,25,22,7
2662,5,8,9,9,9,9,17,17,17,17,17,23,23,25,22,8
2663,5,8,9,9,9,9,17,17,17,17,17,23,23,25,22,9
2664,5,8,9,9,9,9,17,17,17,17,17,23,23,25,22,10
2665,5,8,9,9,9,9,17,17,17,17,17,23,23,25,22,11
2666,5,8,9,9,9,9,17,17,17,17,17,23,23,25,22,12
2667,5,8,9,9,9,9,17,17,17,17,17,23,23,25,22,13
2668,5,8,9,9,9,9,17,17,17,17,17,23,23,25,22,14
2669,5,8,9,9,9,9,17,17,17,17,17,23,23,25,22,15
2670,5,8,9,9,9,9,17,17,17,17,17,23,23,25,22,16
2671,5,8,9,9,9,9,17,17,17,17,17,23,23,25,22,17
2672,5,8,9,9,9,9,17,17,17,17,17,23,23,25,22,18
2673,5,8,9,9,9,9,17,17,17,17,17,23,23,25,22,18
2674,5,8,9,9,9,9,17,17,17,17,17,23,23,25,22,18
2675,5,8,9,9,9,9,17,17,17,17,17,23,23,25,22,19
2676,5,8,9,9,9,9,17,17,17,17,17,23,23,25,22,19
2677,5,8,9,9,9,9,17,17,17,17,17,23,23,25,22,19
2678,5,8,9,9,9,9,17,17,17,17,17,23,23,25,22,20
2679,5,8,9,9,9,9,17,17,17,17,17,23,23,25,22,21
2680,5,8,9,9,9,9,17,17,17,17,17,23,23,25,22,21
2681,5,8,9,9,9,9,17,17,17,17,17,23,23,25,22,21
2682,5,8,9,9,9,9,17,17,17,17,17,23,23,25,22,22
2683,5,8,9,9,9,9,17,17,17,17,17,23,23,25,22,22
2684,5,8,9,9,9,9,17,17,17,17,17,23,23,25,22,22
2685,5,8,9,9,9,9,17,17,17,17,17,23,23,25,22,23
2686,5,8,9,9,9,9,17,17,17,17,17,23,23,25,22,23
2687,5,8,9,9,9,9,17,17,17,17,17,23,23,25,22,23
2688,5,8,9,9,9,9,17,17,17,17,17,23,23,25,22,24
2689,5,8,9,9,9,9,17,17,17,17,17,23,23,25,22,24
2690,5,8,9,9,9,9,17,17,17,17,17,23,23,25,22,24
2691,5,8,9,9,9,9,17,17,17,17,17,23,23,25,22,25
2692,5,8,9,9,9,9,17,17,17,17,17,23,23,25,22,25
2693,5,8,9,9,9,9,17,17,17,17,17,23,23,25,22,25
2694,5,8,9,9,9,9,17,17,17,17,17,23,23,25,22,24
2695,5,8,9,9,9,9,17,17,17,17,17,23,23,25,22,23
2696,5,8,9,9,9,9,17,17,17,17,17,23,23,25,22,22
2697,5,8,9,9,9,9,17,17,17,17,17,23,23,25,22,21
2698,5,8,9,9,9,9,17,17,17,17,17,23,23,25,22,20
2699,5,8,9,9,9,9,17,17,17,17,17,23,23,25,22,19
2700,5,8,9,9,9,9,17,17,17,17,17,23,23,25,22,18
2701,5,8,9,9,9,9,17,17,17,17,17,23,23,25,22,17
2702,5,8,9,9,9,9,17,17,17,17,17,23,23,25,22,16
2703,5,8,9,9,9,9,17,17,17,17,17,23,23,25,22,15
2704,5,8,9,9,9,9,17,17,17,17,17,23,23,25,22,14
2705,5,8,9,9,9,9,17,17,17,17,17,23,23,25,22,13
2706,5,8,9,9,9,9,17,17,17,17,17,23,23,25,22,12
2707,5,8,9,9,9,9,17,17,17,17,17,23,23,25,22,11
2708,5,8,9,9,9,9,17,17,17,17,17,23,23,25,22,10
2709,5,8,9,9,9,9,17,17,17,17,17,23,23,25,22,9
2710,5,8,9,9,9,9,17,17,17,17,17,23,23,25,22,8
2711,5,8,9,9,9,9,17,17,17,17,17,23,23,25,22,7
2712,5,8,9,9,9,9,17,17,17,17,17,23,23,25,22,6
2713,5,8,9,9,9,9,17,17,17,17,17,23,23,25,22,5
2714,5,8,9,9,9,9,17,17,17,17,17,23,23,25,22,4
2715,5,8,9,9,9,9,17,17,17,17,17,23,23,25,22,3
2716,5,8,9,9,9,9,17,17,17,17,17,23,23,25,22,2
2717,5,8,9,9,9,9,17,17,17,17,17,23,23,25,22,1
2718,5,8,9,9,9,9,17,17,17,17,17,23,23,25,22,1
2719,5,8,9,9,9,9,17,17,17,17,17,23,23,25,22,1
2720,5,8,9,9,9,9,17,17,17,17,17,23,23,25,22,2
2721,5,8,9,9,9,9,17,17,17,17,17,23,23,25,22,3
2722,5,8,9,9,9,9,17,17,17,17,17,23,23,25,22,4
2723,5,8,9,9,9,9,17,17,17,17,17,23,23,25,22,5
2724,5,8,9,9,9,9,17,17,17,17,17,23,23,25,22,6
2725,5,8,9,9,9,9,17,17,17,17,17,23,23,25,22,7
2726,5,8,9,9,9,9,17,17,17,17,17,23,23,25,22,8
2727,5,8,9,9,9,9,17,17,17,17,17,23,23,25,22,9
2728,5,8,9,9,9,9,17,17,17,17,17,23,23,25,22,10
2729,5,8,9,9,9,9,17,17,17,17,17,23,23,25,22,11
2730,5,8,9,9,9,9,17,17,17,17,17,23,23,25,22,12
2731,5,8,9,9,9,9,17,17,17,17,17,23,23,25,22,13
2732,5,8,9,9,9,9,17,17,17,17,17,23,23,25,22,14
2733,5,8,9,9,9,9,17,17,17,17,17,23,23,25,22,15
2734,5,8,9,9,9,9,17,17,17,17,17,23,23,25,22,16
2735,5,8,9,9,9,9,17,17,17,17,17,23,23,25,22,17
2736,5,8,9,9,9,9,17,17,17,17,17,23,23,25,22,18
2737,5,8,9,9,9,9,17,17,17,17,17,23,23,25,22,19
2738,5,8,9,9,9,9,17,17,17,17,17,23,23,25,22,19
2739,5,8,9,9,9,9,17,17,17,17,17,23,23,25,22,19
2740,5,8,9,9,9,9,17,17,17,17,17,23,23,25,22,20
2741,5,8,9,9,9,9,17,17,17,17,17,23,23,25,22,20
2742,5,8,9,9,9,9,17,17,17,17,17,23,23,25,22,20
2743,5,8,9,9,9,9,17,17,17,17,17,23,23,25,22,21
2744,5,8,9,9,9,9,17,17,17,17,17,23,23,25,22,22
2745,5,8,9,9,9,9,17,17,17,17,17,23,23,25,22,22
2746,5,8,9,9,9,9,17,17,17,17,17,23,23,25,22,22
2747,5,8,9,9,9,9,17,17,17,17,17,23,23,25,22,23
2748,5,8,9,9,9,9,17,17,17,17,17,23,23,25,22,23
2749,5,8,9,9,9,9,17,17,17,17,17,23,23,25,22,23
2750,5,8,9,9,9,9,17,17,17,17,17,23,23,25,22,24
2751,5,8,9,9,9,9,17,17,17,17,17,23,23,25,22,24
2752,5,8,9,9,9,9,17,17,17,17,17,23,23,25,22,24
2753,5,8,9,9,9,9,17,17,17,17,17,23,23,25,22,25
2754,5,8,9,9,9,9,17,17,17,17,17,23,23,25,22,25
2755,5,8,9,9,9,9,17,17,17,17,17,23,23,25,22,25
2756,5,8,9,9,9,9,17,17,17,17,17,23,23,25,22,24
2757,5,8,9,9,9,9,17,17,17,17,17,23,23,25,22,23
2758,5,8,9,9,9,9,17,17,17,17,17,23,23,25,22,22
2759,5,8,9,9,9,9,17,17,17,17,17,23,23,25,22,21
2760,5,8,9,9,9,9,17,17,17,17,17,23,23,25,22,20
2761,5,8,9,9,9,9,17,17,17,17,17,23,23,25,22,19
2762,5,8,9,9,9,9,17,17,17,17,17,23,23,25,22,18
2763,5,8,9,9,9,9,17,17,17,17,17,23,23,25,22,17
2764,5,8,9,9,9,9,17,17,17,17,17,23,23,25,22,16
2765,5,8,9,9,9,9,17,17,17,17,17,23,23,25,22,15
2766,5,8,9,9,9,9,17,17,17,17,17,23,23,25,22,14
2767,5,8,9,9,9,9,17,17,17,17,17,23,23,25,22,13
2768,5,8,9,9,9,9,17,17,17,17,17,23,23,25,22,12
2769,5,8,9,9,9,9,17,17,17,17,17,23,23,25,22,11
2770,5,8,9,9,9,9,17,17,17,17,17,23,23,25,22,10
2771,5,8,9,9,9,9,17,17,17,17,17,23,23,25,22,9
2772,5,8,9,9,9,9,17,17,17,17,17,23,23,25,22,8
2773,5,8,9,9,9,9,17,17,17,17,17,23,23,25,22,7
2774,5,8,9,9,9,9,17,17,17,17,17,23,23,25,22,6
2775,5,8,9,9,9,9,17,17,17,17,17,23,23,25,22,5
2776,5,8,9,9,9,9,17,17,17,17,17,23,23,25,22,4
2777,5,8,9,9,9,9,17,17,17,17,17,23,23,25,22,3
2778,5,8,9,9,9,9,17,17,17,17,17,23,23,25,22,2
2779,5,8,9,9,9,9,17,17,17,17,17,23,23,25,22,1
2780,5,8,9,9,9,9,17,17,17,17,17,23,23,25,22,1
2781,5,8,9,9,9,9,17,17,17,17,17,23,23,25,22,1
2782,5,8,9,9,9,9,17,17,17,17,17,23,23,25,22,2
2783,5,8,9,9,9,9,17,17,17,17,17,23,23,25,22,3
2784,5,8,9,9,9,9,17,17,17,17,17,23,23,25,22,4
2785,5,8,9,9,9,9,17,17,17,17,17,23,23,25,22,5
2786,5,8,9,9,9,9,17,17,17,17,17,23,23,25,22,6
2787,5,8,9,9,9,9,17,17,17,17,17,23,23,25,22,7
2788,5,8,9,9,9,9,17,17,17,17,17,23,23,25,22,8
2789,5,8,9,9,9,9,17,17,17,17,17,23,23,25,22,9
2790,5,8,9,9,9,9,17,17,17,17,17,23,23,25,22,10
2791,5,8,9,9,9,9,17,17,17,17,17,23,23,25,22,11
2792,5,8,9,9,9,9,17,17,17,17,17,23,23,25,22,12
2793,5,8,9,9,9,9,17,17,17,17,17,23,23,25,22,13
2794,5,8,9,9,9,9,17,17,17,17,17,23,23,25,22,14
2795,5,8,9,9,9,9,17,17,17,17,17,23,23,25,22,15
2796,5,8,9,9,9,9,17,17,17,17,17,23,23,25,22,16
2797,5,8,9,9,9,9,17,17,17,17,17,23,23,25,22,17
2798,5,8,9,9,9,9,17,17,17,17,17,23,23,25,22,18
2799,5,8,9,9,9,9,17,17,17,17,17,23,23,25,22,19
2800,5,8,9,9,9,9,17,17,17,17,17,23,23,25,22,20
2801,5,8,9,9,9,9,17,17,17,17,17,23,23,25,22,20
2802,5,8,9,9,9,9,17,17,17,17,17,23,23,25,22,20
2803,5,8,9,9,9,9,17,17,17,17,17,23,23,25,22,21
2804,5,8,9,9,9,9,17,17,17,17,17,23,23,25,22,21
