id,source,dest,submit_tick,pickup_tick,dropoff_tick,wait_time,travel_time,total_time,elevator
passenger1,16,5,0,23,78,23,55,78,0
passenger2,7,6,0,6,73,6,67,73,1
passenger3,9,17,0,10,26,10,16,26,2
passenger4,10,9,0,9,57,9,48,57,3
passenger5,13,16,1,16,23,15,7,22,0
passenger6,1,23,1,1,49,0,48,48,4
passenger7,23,16,1,119,136,118,17,135,1
passenger8,15,18,1,22,29,21,7,28,2
passenger9,12,10,2,13,54,11,41,52,3
passenger10,9,4,2,10,81,8,71,79,0
passenger11,22,9,2,35,64,33,29,62,1
passenger12,8,25,2,7,54,5,47,52,2
passenger13,13,16,2,16,25,14,9,23,3
passenger14,7,19,3,6,30,3,24,27,0
passenger15,12,4,4,15,77,11,62,73,1
passenger16,21,11,4,40,80,36,40,76,2
passenger17,17,9,4,30,57,26,27,53,3
passenger18,15,20,4,20,33,16,13,29,0
passenger19,23,6,4,119,160,115,41,156,1
passenger20,17,23,4,26,48,22,22,44,2
passenger21,17,4,4,30,73,26,43,69,3
passenger22,5,6,5,7,10,2,3,5,4
passenger23,3,19,6,10,38,4,28,32,5
passenger24,25,13,6,129,158,123,29,152,0
passenger25,15,20,6,20,29,14,9,23,1
passenger26,11,12,6,14,17,8,3,11,2
passenger27,15,8,7,22,60,15,38,53,3
passenger28,2,15,7,7,30,0,23,23,5
passenger29,21,2,8,39,80,31,41,72,3
passenger30,6,7,8,10,15,2,5,7,4
passenger31,21,13,9,120,150,111,30,141,3
passenger32,14,17,9,19,30,10,11,21,3
passenger33,7,18,9,15,36,6,21,27,4
passenger34,1,3,9,9,13,0,4,4,6
passenger35,21,17,9,120,142,111,22,133,3
passenger36,5,11,10,14,24,4,10,14,5
passenger37,2,17,10,11,39,1,28,29,7
passenger38,19,7,10,35,64,25,29,54,3
passenger39,9,6,10,10,75,0,65,65,0
passenger40,10,7,11,11,70,0,59,59,1
passenger41,7,11,12,15,25,3,10,13,4
passenger42,22,20,12,123,133,111,10,121,3
passenger43,8,24,12,18,52,6,34,40,4
passenger44,6,23,12,12,49,0,37,37,4
passenger45,8,14,12,18,30,6,12,18,4
passenger46,6,20,12,12,42,0,30,30,4
passenger47,8,22,13,18,46,5,28,33,4
passenger48,3,13,13,13,27,0,14,14,6
passenger49,4,23,14,16,50,2,34,36,6
passenger50,11,17,14,14,26,0,12,12,2
passenger51,22,14,14,37,59,23,22,45,0
passenger52,2,6,14,15,21,1,6,7,8
passenger53,6,23,14,17,52,3,35,38,5
passenger54,23,12,16,40,63,24,23,47,0
passenger55,23,7,16,40,72,24,32,56,0
passenger56,17,10,17,26,67,9,41,50,0
passenger57,7,11,17,18,29,1,11,12,7
passenger58,9,6,18,22,84,4,62,66,7
passenger59,9,4,18,21,86,3,65,68,4
passenger60,25,10,18,195,222,177,27,204,1
passenger61,3,15,19,21,37,2,16,18,9
passenger62,23,9,19,119,153,100,34,134,1
passenger63,22,16,19,35,49,16,14,30,1
passenger64,19,8,19,26,67,7,41,48,1
passenger65,1,9,21,21,51,0,30,30,10
passenger66,24,20,21,126,138,105,12,117,0
passenger67,20,22,22,35,45,13,10,23,2
passenger68,10,9,22,25,75,3,50,53,7
passenger69,24,15,23,122,139,99,17,116,1
passenger70,8,7,23,25,28,2,3,5,8
passenger71,22,2,23,37,90,14,53,67,0
passenger72,2,19,24,24,67,0,43,43,10
passenger73,1,5,24,24,30,0,6,6,11
passenger74,25,11,25,195,219,170,24,194,1
passenger75,19,13,25,26,56,1,30,31,1
passenger76,3,5,25,27,39,2,12,14,10
passenger77,20,3,25,29,80,4,51,55,1
passenger78,15,9,26,33,80,7,47,54,6
passenger79,10,24,26,26,54,0,28,28,7
passenger80,16,9,26,26,57,0,31,31,3
passenger81,10,18,26,26,44,0,18,18,7
passenger82,1,6,26,26,33,0,7,7,12
passenger83,16,3,27,27,77,0,50,50,3
passenger84,20,14,27,29,53,2,24,26,1
passenger85,6,19,27,31,55,4,24,28,8
passenger86,25,11,28,54,80,26,26,52,2
passenger87,8,15,28,28,37,0,9,9,9
passenger88,2,13,28,29,44,1,15,16,13
passenger89,1,11,28,28,40,0,12,12,14
passenger90,19,23,29,32,48,3,16,19,2
passenger91,3,7,29,29,43,0,14,14,10
passenger92,11,15,29,29,35,0,6,6,7
passenger93,25,18,29,195,204,166,9,175,1
passenger94,14,2,30,30,89,0,59,59,6
passenger95,3,4,31,31,34,0,3,3,10
passenger96,17,9,31,31,57,0,26,26,3
passenger97,7,17,32,34,50,2,16,18,8
passenger98,21,11,32,32,60,0,28,28,1
passenger99,23,19,33,40,52,7,12,19,0
passenger100,18,22,33,35,49,2,14,16,5
passenger101,5,19,33,33,60,0,27,27,11
passenger102,24,25,33,51,54,18,3,21,2
passenger103,15,19,34,34,42,0,8,8,6
passenger104,23,22,34,40,47,6,7,13,0
passenger105,23,21,34,123,135,89,12,101,0
passenger106,10,19,35,39,55,4,16,20,8
passenger107,11,21,35,42,59,7,17,24,8
passenger108,21,24,35,40,51,5,11,16,2
passenger109,15,12,35,35,73,0,38,38,6
passenger110,5,16,35,35,50,0,15,15,11
passenger111,15,13,36,36,70,0,34,34,6
passenger112,17,22,36,39,50,3,11,14,7
passenger113,4,11,36,36,55,0,19,19,10
passenger114,19,21,37,38,46,1,8,9,5
passenger115,20,22,37,37,45,0,8,8,2
passenger116,25,16,37,129,149,92,20,112,0
passenger117,7,15,37,38,61,1,23,24,12
passenger118,18,3,38,38,89,0,51,51,4
passenger119,19,14,38,38,67,0,29,29,5
passenger120,24,6,38,122,160,84,38,122,1
passenger121,23,12,38,119,144,81,25,106,1
passenger122,15,17,38,38,43,0,5,5,9
passenger123,15,23,39,39,56,0,17,17,9
passenger124,5,19,39,39,67,0,28,28,10
passenger125,25,6,40,195,230,155,35,190,1
passenger126,7,12,40,40,49,0,9,9,12
passenger127,19,24,40,40,55,0,15,15,5
passenger128,20,12,40,43,71,3,28,31,5
passenger129,17,6,41,41,84,0,43,43,7
passenger130,12,5,41,41,86,0,45,45,13
passenger131,1,22,41,41,90,0,49,49,15
passenger132,21,13,42,42,76,0,34,34,2
passenger133,1,3,42,42,46,0,4,4,15
passenger134,3,18,43,46,74,3,28,31,15
passenger135,6,7,43,54,78,11,24,35,14
passenger136,22,20,43,45,63,2,18,20,2
passenger137,8,15,43,43,61,0,18,18,12
passenger138,6,22,43,54,105,11,51,62,14
passenger139,3,19,43,46,83,3,37,40,15
passenger140,13,19,43,44,52,1,8,9,13
passenger141,12,4,44,44,112,0,68,68,11
passenger142,19,16,44,44,65,0,21,21,6
passenger143,12,10,44,44,99,0,55,55,11
passenger144,9,13,45,45,92,0,47,47,14
passenger145,7,8,45,45,48,0,3,3,10
passenger146,7,1,45,45,123,0,78,78,10
passenger147,24,6,46,52,80,6,28,34,4
passenger148,5,4,46,51,144,5,93,98,15
passenger149,25,12,47,55,70,8,15,23,4
passenger150,9,11,47,47,84,0,37,37,14
passenger151,3,8,47,47,58,0,11,11,15
passenger152,7,21,48,51,102,3,51,54,14
passenger153,2,11,48,68,84,20,16,36,14
passenger154,20,21,48,48,51,0,3,3,9
passenger155,13,6,48,52,107,4,55,59,12
passenger156,9,6,50,51,110,1,59,60,10
passenger157,17,8,51,51,78,0,27,27,8
passenger158,16,17,51,51,54,0,3,3,11
passenger159,24,10,52,52,74,0,22,22,4
passenger160,25,11,52,54,80,2,26,28,2
passenger161,18,17,52,59,62,7,3,10,13
passenger162,21,12,52,52,69,0,17,17,9
passenger163,20,9,53,55,76,2,21,23,13
passenger164,13,18,53,53,68,0,15,15,12
passenger165,16,2,54,64,119,10,55,65,12
passenger166,21,19,54,54,58,0,4,4,6
passenger167,3,25,54,65,110,11,45,56,14
passenger168,17,3,54,54,115,0,61,61,11
passenger169,13,21,55,55,73,0,18,18,12
passenger170,7,24,55,55,97,0,42,42,15
passenger171,11,6,55,55,110,0,55,55,10
passenger172,9,14,56,61,68,5,7,12,15
passenger173,18,24,56,57,69,1,12,13,11
passenger174,5,25,57,57,110,0,53,53,14
passenger175,14,4,57,58,113,1,55,56,12
passenger176,24,9,57,57,86,0,29,29,2
passenger177,16,18,58,64,68,6,4,10,12
passenger178,1,6,58,167,176,109,9,118,14
passenger179,18,9,58,59,76,1,17,18,13
passenger180,1,21,58,167,215,109,48,157,14
passenger181,4,3,59,60,65,1,5,6,14
passenger182,15,3,59,61,116,2,55,57,12
passenger183,17,14,59,62,67,3,5,8,13
passenger184,17,13,60,62,70,2,8,10,13
passenger185,20,17,60,60,65,0,5,5,7
passenger186,11,1,60,60,84,0,24,24,1
passenger187,7,4,60,64,73,4,9,13,3
passenger188,1,7,60,167,181,107,14,121,14
passenger189,6,2,61,67,80,6,13,19,3
passenger190,8,13,61,61,103,0,42,42,3
passenger191,5,7,61,70,91,9,21,30,3
passenger192,1,2,61,167,170,106,3,109,14
passenger193,4,12,62,62,87,0,25,25,14
passenger194,17,20,62,62,124,0,62,62,6
passenger195,16,24,62,62,78,0,16,16,10
passenger196,7,20,63,64,117,1,53,54,3
passenger197,24,15,64,69,90,5,21,26,11
passenger198,22,4,64,65,112,1,47,48,11
passenger199,22,15,65,65,90,0,25,25,11
passenger200,6,2,65,67,80,2,13,15,3
passenger201,18,11,66,67,80,1,13,14,2
passenger202,8,10,67,67,95,0,28,28,1
passenger203,25,11,68,72,96,4,24,28,11
passenger204,2,7,69,69,78,0,9,9,14
passenger205,4,18,70,73,113,3,40,43,3
passenger206,21,22,70,71,74,1,3,4,10
passenger207,16,20,70,71,125,1,54,55,2
passenger208,11,16,71,71,98,0,27,27,8
passenger209,3,14,71,77,107,6,30,36,3
passenger210,14,1,72,75,127,3,52,55,5
passenger211,14,19,73,75,89,2,14,16,9
passenger212,10,14,73,74,92,1,18,19,8
passenger213,8,7,73,78,81,5,3,8,7
passenger214,4,9,74,74,95,0,21,21,3
passenger215,21,24,74,74,79,0,5,5,12
passenger216,16,12,75,79,99,4,20,24,5
passenger217,11,16,76,76,115,0,39,39,6
passenger218,20,11,76,86,130,10,44,54,15
passenger219,15,12,76,78,106,2,28,30,9
passenger220,8,2,76,78,96,2,18,20,7
passenger221,11,18,76,76,119,0,43,43,6
passenger222,18,25,76,76,100,0,24,24,15
passenger223,1,20,77,83,117,6,34,40,3
passenger224,20,11,77,79,96,2,17,19,11
passenger225,8,9,77,79,96,2,17,19,13
passenger226,18,22,78,78,90,0,12,12,15
passenger227,17,13,78,82,93,4,11,15,5
passenger228,17,2,78,82,137,4,55,59,9
passenger229,16,2,78,79,124,1,45,46,5
passenger230,24,23,78,78,81,0,3,3,10
passenger231,13,10,79,89,146,10,57,67,8
passenger232,19,16,79,82,87,3,5,8,11
passenger233,18,13,80,80,122,0,42,42,15
passenger234,6,2,80,80,92,0,12,12,4
passenger235,8,14,81,81,111,0,30,30,13
passenger236,11,13,81,81,110,0,29,29,2
passenger237,7,24,81,81,130,0,49,49,7
passenger238,10,22,82,82,114,0,32,32,8
passenger239,10,12,82,82,86,0,4,4,8
passenger240,16,7,82,85,113,3,28,31,5
passenger241,6,10,82,82,109,0,27,27,4
passenger242,21,4,82,85,114,3,29,32,10
passenger243,11,17,82,82,118,0,36,36,2
passenger244,18,11,83,86,109,3,23,26,9
passenger245,3,1,83,84,93,1,9,10,0
passenger246,12,21,83,86,111,3,25,28,8
passenger247,1,23,83,83,126,0,43,43,3
passenger248,17,1,83,83,140,0,57,57,9
passenger249,9,6,84,86,93,2,7,9,2
passenger250,24,14,84,97,119,13,22,35,15
passenger251,9,7,84,86,90,2,4,6,2
passenger252,15,1,85,89,127,4,38,42,5
passenger253,7,5,85,90,148,5,58,63,13
passenger254,16,17,86,86,155,0,69,69,5
passenger255,12,4,86,86,165,0,79,79,8
passenger256,10,22,86,103,129,17,26,43,2
passenger257,6,5,86,86,89,0,3,3,7
passenger258,3,21,86,86,119,0,33,33,0
passenger259,3,15,87,87,111,0,24,24,0
passenger260,25,17,87,100,112,13,12,25,15
passenger261,11,6,87,102,116,15,14,29,5
passenger262,1,4,87,93,98,6,5,11,0
passenger263,24,4,88,97,144,9,47,56,15
passenger264,1,21,88,92,127,4,35,39,6
passenger265,11,9,88,102,106,14,4,18,5
passenger266,18,14,89,90,96,1,6,7,10
passenger267,23,12,89,94,125,5,31,36,15
passenger268,18,22,89,92,187,3,95,98,9
passenger269,12,8,89,89,143,0,54,54,14
passenger270,25,6,89,199,230,110,31,141,15
passenger271,1,15,90,92,112,2,20,22,6
passenger272,25,3,90,199,237,109,38,147,15
passenger273,22,21,91,91,106,0,15,15,15
passenger274,24,11,91,97,130,6,33,39,15
passenger275,7,13,92,92,106,0,14,14,13
passenger276,4,22,92,92,126,0,34,34,7
passenger277,17,13,92,95,103,3,8,11,9
passenger278,13,18,92,92,153,0,61,61,12
passenger279,14,21,92,92,111,0,19,19,8
passenger280,24,16,93,97,115,4,18,22,15
passenger281,19,8,93,105,152,12,47,59,8
passenger282,1,11,94,94,106,0,12,12,6
passenger283,22,4,94,190,234,96,44,140,15
passenger284,14,5,94,94,162,0,68,68,8
passenger285,11,4,95,96,113,1,17,18,12
passenger286,19,21,95,105,111,10,6,16,8
passenger287,19,18,95,105,132,10,27,37,8
passenger288,6,14,95,95,113,0,18,18,2
passenger289,3,10,95,95,109,0,14,14,4
passenger290,13,17,95,95,155,0,60,60,5
passenger291,3,21,95,95,122,0,27,27,4
passenger292,12,23,96,99,163,3,64,67,5
passenger293,14,18,96,96,150,0,54,54,10
passenger294,21,4,96,106,144,10,38,48,15
passenger295,13,1,96,96,127,0,31,31,5
passenger296,12,21,97,103,122,6,19,25,13
passenger297,22,8,97,190,226,93,36,129,15
passenger298,10,14,98,98,107,0,9,9,3
passenger299,10,5,98,99,106,1,7,8,11
passenger300,8,11,98,99,106,1,7,8,2
passenger301,13,24,98,99,164,1,65,66,10
passenger302,14,10,99,100,112,1,12,13,9
passenger303,17,20,99,101,108,2,7,9,8
passenger304,11,13,99,100,106,1,6,7,13
passenger305,6,22,100,100,125,0,25,25,4
passenger306,22,5,100,105,150,5,45,50,14
passenger307,9,7,100,100,104,0,4,4,12
passenger308,24,2,100,196,240,96,44,140,15
passenger309,6,8,101,101,105,0,4,4,4
passenger310,15,7,101,104,157,3,53,56,1
passenger311,14,19,101,101,112,0,11,11,1
passenger312,21,3,102,102,161,0,59,59,14
passenger313,4,3,103,112,115,9,3,12,11
passenger314,23,17,104,193,209,89,16,105,15
passenger315,14,20,104,107,117,3,10,13,3
passenger316,15,6,104,104,160,0,56,56,1
passenger317,13,18,104,104,113,0,9,9,3
passenger318,1,16,106,121,152,15,31,46,11
passenger319,13,2,107,107,155,0,48,48,13
passenger320,7,12,107,107,140,0,33,33,10
passenger321,9,8,107,107,110,0,3,3,5
passenger322,17,11,108,108,147,0,39,39,1
passenger323,13,20,108,108,119,0,11,11,13
passenger324,3,9,108,115,137,7,22,29,11
passenger325,2,24,108,118,172,10,54,64,11
passenger326,5,21,108,108,161,0,53,53,11
passenger327,5,9,109,109,137,0,28,28,11
passenger328,16,21,110,112,123,2,11,13,7
passenger329,5,6,110,110,125,0,15,15,12
passenger330,23,9,110,114,140,4,26,30,14
passenger331,6,19,110,110,153,0,43,43,10
passenger332,3,22,111,116,163,5,47,52,12
passenger333,22,8,111,114,152,3,38,41,8
passenger334,3,11,112,115,143,3,28,31,11
passenger335,9,24,112,115,193,3,78,81,9
passenger336,16,24,112,112,130,0,18,18,7
passenger337,19,18,113,113,132,0,19,19,1
passenger338,3,2,114,116,119,2,3,5,12
passenger339,2,15,114,120,145,6,25,31,10
passenger340,6,25,114,116,169,2,53,55,5
passenger341,4,24,115,115,164,0,49,49,10
passenger342,17,3,115,115,167,0,52,52,7
passenger343,2,10,115,118,140,3,22,25,11
passenger344,9,8,115,115,120,0,5,5,9
passenger345,14,4,116,119,144,3,25,28,15
passenger346,4,18,116,116,150,0,34,34,10
passenger347,25,7,116,121,156,5,35,40,8
passenger348,24,9,117,118,149,1,31,32,8
passenger349,9,3,117,117,134,0,17,17,9
passenger350,11,13,117,130,175,13,45,58,15
passenger351,17,4,117,117,164,0,47,47,7
passenger352,5,11,118,119,143,1,24,25,5
passenger353,2,4,118,118,128,0,10,10,11
passenger354,16,24,118,129,196,11,67,78,13
passenger355,15,4,119,128,153,9,25,34,14
passenger356,25,14,120,121,140,1,19,20,8
passenger357,18,5,120,120,149,0,29,29,6
passenger358,15,2,120,128,164,8,36,44,14
passenger359,16,6,120,125,147,5,22,27,14
passenger360,23,2,121,123,182,2,59,61,0
passenger361,17,4,121,122,153,1,31,32,14
passenger362,18,13,121,121,140,0,19,19,2
passenger363,25,17,123,123,135,0,12,12,8
passenger364,10,3,123,133,147,10,14,24,15
passenger365,15,12,124,128,135,4,7,11,14
passenger366,2,15,124,124,149,0,25,25,11
passenger367,6,1,124,124,140,0,16,16,9
passenger368,10,6,124,133,139,9,6,15,15
passenger369,2,11,124,124,143,0,19,19,11
passenger370,6,4,125,125,131,0,6,6,9
passenger371,12,2,125,125,150,0,25,25,15
passenger372,25,12,125,223,259,98,36,134,8
passenger373,25,23,125,223,229,98,6,104,8
passenger374,25,14,126,129,155,3,26,29,0
passenger375,11,18,126,130,184,4,54,58,15
passenger376,3,22,126,127,158,1,31,32,10
passenger377,9,1,126,136,211,10,75,85,12
passenger378,6,7,126,126,129,0,3,3,12
passenger379,1,17,126,127,155,1,28,29,5
passenger380,3,22,126,127,158,1,31,32,10
passenger381,12,18,127,127,184,0,57,57,15
passenger382,9,4,127,136,204,9,68,77,12
passenger383,5,17,128,128,174,0,46,46,9
passenger384,18,7,128,132,164,4,32,36,4
passenger385,9,24,129,136,170,7,34,41,12
passenger386,22,11,129,129,154,0,25,25,3
passenger387,7,8,130,130,133,0,3,3,12
passenger388,14,15,130,133,181,3,48,51,13
passenger389,5,2,131,131,217,0,86,86,10
passenger390,13,20,131,132,212,1,80,81,14
passenger391,4,11,131,132,143,1,11,12,5
passenger392,5,7,132,208,229,76,21,97,10
passenger393,16,8,132,136,160,4,24,28,4
passenger394,7,25,133,133,175,0,42,42,11
passenger395,5,24,133,208,269,75,61,136,10
passenger396,14,2,133,133,155,0,22,22,13
passenger397,11,15,133,140,146,7,6,13,12
passenger398,7,14,133,220,261,87,41,128,11
passenger399,17,7,133,133,145,0,12,12,6
passenger400,21,12,134,135,150,1,15,16,7
passenger401,25,3,135,258,301,123,43,166,2
passenger402,9,19,135,136,156,1,20,21,12
passenger403,23,6,136,162,195,26,33,59,2
passenger404,25,5,136,258,295,122,37,159,2
passenger405,11,8,136,138,143,2,5,7,13
passenger406,11,23,136,140,166,4,26,30,12
passenger407,19,20,136,136,195,0,59,59,3
passenger408,7,24,136,137,166,1,29,30,5
passenger409,11,17,137,138,187,1,49,50,13
passenger410,18,17,137,139,142,2,3,5,3
passenger411,16,13,138,138,147,0,9,9,4
passenger412,17,23,138,142,202,4,60,64,3
passenger413,10,13,138,198,239,60,41,101,10
passenger414,5,9,139,161,169,22,8,30,15
passenger415,20,17,139,139,146,0,7,7,0
passenger416,6,14,140,140,178,0,38,38,15
passenger417,21,4,140,156,201,16,45,61,2
passenger418,2,10,141,143,161,2,18,20,9
passenger419,17,8,141,141,158,0,17,17,7
passenger420,21,22,142,156,159,14,3,17,2
passenger421,14,10,142,142,156,0,14,14,4
passenger422,2,21,142,143,184,1,41,42,9
passenger423,23,12,142,162,183,20,21,41,2
passenger424,13,19,142,142,150,0,8,8,2
passenger425,18,4,143,143,176,0,33,33,0
passenger426,17,24,144,144,205,0,61,61,3
passenger427,19,13,144,150,180,6,30,36,2
passenger428,14,7,144,144,164,0,20,20,4
passenger429,17,7,144,144,162,0,18,18,3
passenger430,9,7,144,149,156,5,7,12,8
passenger431,9,10,145,149,198,4,49,53,8
passenger432,3,18,145,146,177,1,31,32,9
passenger433,12,24,145,146,166,1,20,21,5
passenger434,5,17,145,149,177,4,28,32,6
passenger435,5,14,145,149,170,4,21,25,6
passenger436,13,12,146,147,150,1,3,4,7
passenger437,17,21,146,146,217,0,71,71,0
passenger438,8,22,147,156,188,9,32,41,6
passenger439,5,8,147,148,167,1,19,20,13
passenger440,8,24,147,152,220,5,68,73,8
passenger441,3,10,148,148,161,0,13,13,9
passenger442,11,21,149,149,189,0,40,40,1
passenger443,13,25,149,149,169,0,20,20,5
passenger444,19,18,149,150,173,1,23,24,2
passenger445,19,5,149,150,198,1,48,49,2
passenger446,12,15,150,150,178,0,28,28,4
passenger447,6,3,150,152,243,2,91,93,6
passenger448,4,20,150,151,181,1,30,31,9
passenger449,17,8,150,150,196,0,46,46,12
passenger450,19,18,150,150,173,0,23,23,2
passenger451,21,23,151,156,162,5,6,11,2
passenger452,23,5,151,162,198,11,36,47,2
passenger453,20,10,151,153,189,2,36,38,2
passenger454,11,17,151,153,187,2,34,36,7
passenger455,16,11,151,151,165,0,14,14,0
passenger456,25,5,151,258,295,107,37,144,2
passenger457,3,1,152,152,158,0,6,6,13
passenger458,21,11,152,156,186,4,30,34,2
passenger459,11,17,152,153,187,1,34,35,7
passenger460,11,15,152,153,178,1,25,26,4
passenger461,2,4,152,152,158,0,6,6,15
passenger462,24,12,152,164,192,12,28,40,10
passenger463,5,10,153,154,161,1,7,8,9
passenger464,9,7,153,153,157,0,4,4,1
passenger465,8,19,153,153,213,0,60,60,8
passenger466,3,8,155,155,166,0,11,11,15
passenger467,12,14,155,162,204,7,42,49,0
passenger468,23,24,155,161,164,6,3,9,10
passenger469,8,14,155,156,170,1,14,15,6
passenger470,1,16,155,158,184,3,26,29,13
passenger471,4,2,155,155,164,0,9,9,14
passenger472,17,5,155,155,224,0,69,69,11
passenger473,12,3,156,162,179,6,17,23,0
passenger474,19,20,156,156,159,0,3,3,12
passenger475,15,21,156,173,185,17,12,29,6
passenger476,11,5,156,156,168,0,12,12,3
passenger477,4,6,157,157,176,0,19,19,14
passenger478,6,9,158,159,195,1,36,37,8
passenger479,6,15,158,160,179,2,19,21,1
passenger480,4,16,158,158,200,0,42,42,14
passenger481,9,18,159,159,180,0,21,21,6
passenger482,13,23,159,159,224,0,65,65,0
passenger483,11,8,159,165,170,6,5,11,0
passenger484,15,17,160,173,177,13,4,17,6
passenger485,11,14,160,163,170,3,7,10,6
passenger486,12,8,160,162,170,2,8,10,0
passenger487,8,23,161,161,190,0,29,29,4
passenger488,17,3,161,174,239,13,65,78,9
passenger489,25,18,162,167,180,5,13,18,10
passenger490,2,19,162,164,209,2,45,47,14
passenger491,15,23,162,170,190,8,20,28,9
passenger492,13,8,162,166,228,4,62,66,9
passenger493,9,16,163,165,182,2,17,19,1
passenger494,21,23,163,163,169,0,6,6,11
passenger495,20,16,163,176,182,13,6,19,12
passenger496,13,9,163,167,228,4,61,65,6
passenger497,20,8,164,176,196,12,20,32,12
passenger498,7,22,164,164,199,0,35,35,3
passenger499,15,9,165,170,225,5,55,60,9
passenger500,22,25,166,166,175,0,9,9,11
passenger501,8,14,166,167,175,1,8,9,13
passenger502,13,18,166,166,177,0,11,11,9
passenger503,24,14,166,166,188,0,22,22,5
passenger504,20,15,166,176,185,10,9,19,12
passenger505,23,11,167,167,191,0,24,24,12
passenger506,10,11,167,168,171,1,3,4,1
passenger507,25,16,167,167,184,0,17,17,10
passenger508,4,2,167,167,171,0,4,4,8
passenger509,13,21,167,167,185,0,18,18,6
passenger510,12,15,167,174,179,7,5,12,1
passenger511,20,13,168,245,280,77,35,112,2
passenger512,23,16,169,169,194,0,25,25,11
passenger513,19,20,171,242,245,71,3,74,2
passenger514,16,2,171,209,242,38,33,71,9
passenger515,11,4,171,171,236,0,65,65,1
passenger516,13,4,172,172,232,0,60,60,4
passenger517,13,9,172,172,225,0,53,53,4
passenger518,1,4,172,174,186,2,12,14,8
passenger519,13,2,172,172,236,0,64,64,4
passenger520,22,19,172,172,177,0,5,5,10
passenger521,18,5,173,173,198,0,25,25,2
passenger522,20,16,173,176,184,3,8,11,5
passenger523,10,1,173,175,248,2,73,75,3
passenger524,14,20,173,175,185,2,10,12,4
passenger525,1,2,173,174,180,1,6,7,8
passenger526,10,13,174,175,182,1,7,8,3
passenger527,12,11,174,174,219,0,45,45,1
passenger528,7,2,175,181,264,6,83,89,14
passenger529,1,3,175,175,183,0,8,8,8
passenger530,18,20,176,180,247,4,67,71,5
passenger531,11,2,176,177,238,1,61,62,7
passenger532,11,25,176,177,206,1,29,30,7
passenger533,7,13,176,181,193,5,12,17,14
passenger534,14,9,176,176,223,0,47,47,13
passenger535,11,12,176,177,180,1,3,4,7
passenger536,12,18,177,180,193,3,13,16,7
passenger537,15,2,177,181,238,4,57,61,13
passenger538,1,11,177,177,201,0,24,24,8
passenger539,23,1,177,179,234,2,55,57,11
passenger540,2,17,177,182,211,5,29,34,0
passenger541,12,6,178,179,239,1,60,61,3
passenger542,6,17,178,178,203,0,25,25,14
passenger543,14,16,178,178,184,0,6,6,13
passenger544,8,14,178,184,196,6,12,18,14
passenger545,22,8,179,182,217,3,35,38,11
passenger546,10,5,179,248,259,69,11,80,14
passenger547,16,1,180,184,212,4,28,32,5
passenger548,7,18,181,181,206,0,25,25,14
passenger549,1,25,181,185,230,4,45,49,0
passenger550,11,10,181,186,189,5,3,8,2
passenger551,14,16,182,185,189,3,4,7,3
passenger552,12,23,183,183,252,0,69,69,2
passenger553,25,6,184,196,232,12,36,48,9
passenger554,18,8,184,184,226,0,42,42,15
passenger555,25,7,185,195,235,10,40,50,6
passenger556,8,18,186,186,206,0,20,20,14
passenger557,20,4,186,186,227,0,41,41,11
passenger558,14,9,187,188,195,1,7,8,5
passenger559,16,14,187,189,223,2,34,36,3
passenger560,25,24,187,196,199,9,3,12,9
passenger561,17,23,188,188,202,0,14,14,7
passenger562,5,19,188,189,213,1,24,25,8
passenger563,20,4,188,188,227,0,39,39,11
passenger564,23,18,188,191,211,3,20,23,6
passenger565,9,13,189,251,300,62,49,111,14
passenger566,13,23,189,189,266,0,77,77,10
passenger567,25,21,189,195,202,6,7,13,4
passenger568,17,3,190,190,235,0,45,45,7
passenger569,23,4,191,191,232,0,41,41,4
passenger570,5,2,191,191,292,0,101,101,0
passenger571,24,13,193,193,216,0,23,23,9
passenger572,6,3,193,194,287,1,93,94,0
passenger573,11,19,194,195,254,1,59,60,10
passenger574,25,14,195,195,219,0,24,24,6
passenger575,16,21,195,195,279,0,84,84,11
passenger576,23,7,196,199,227,3,28,31,13
passenger577,25,13,196,196,218,0,22,22,4
passenger578,24,3,196,196,235,0,39,39,13
passenger579,3,23,197,204,252,7,48,55,2
passenger580,17,5,197,203,259,6,56,62,14
passenger581,23,3,197,199,235,2,36,38,13
passenger582,18,6,197,206,256,9,50,59,14
passenger583,2,21,197,207,248,10,41,51,2
passenger584,22,3,198,199,235,1,36,37,7
passenger585,3,16,198,204,237,6,33,39,2
passenger586,1,19,198,210,242,12,32,44,2
passenger587,23,19,198,199,207,1,8,9,6
passenger588,6,5,198,200,203,2,3,5,5
passenger589,18,2,198,204,240,6,36,42,1
passenger590,14,12,199,199,203,0,4,4,11
passenger591,19,6,199,205,230,6,25,31,13
passenger592,20,18,199,204,211,5,7,12,6
passenger593,6,9,200,200,225,0,25,25,12
passenger594,2,12,202,207,229,5,22,27,2
passenger595,7,3,203,203,214,0,11,11,10
passenger596,14,15,203,204,207,1,3,4,0
passenger597,3,5,203,208,218,5,10,15,5
passenger598,3,17,203,207,239,4,32,36,12
passenger599,9,2,204,214,231,10,17,27,11
passenger600,5,25,204,204,260,0,56,56,5
passenger601,7,18,204,204,251,0,47,47,10
passenger602,12,5,205,205,224,0,19,19,11
passenger603,8,1,205,217,234,12,17,29,11
passenger604,19,9,205,205,223,0,18,18,13
passenger605,13,4,205,205,277,0,72,72,8
passenger606,21,6,207,212,239,5,27,32,3
passenger607,15,22,207,207,220,0,13,13,0
passenger608,18,16,207,207,213,0,6,6,4
passenger609,23,5,207,208,242,1,34,35,3
passenger610,25,14,207,207,222,0,15,15,7
passenger611,11,7,208,208,220,0,12,12,11
passenger612,19,25,208,208,275,0,67,67,6
passenger613,18,1,209,209,240,0,31,31,4
passenger614,12,19,209,216,272,7,56,63,1
passenger615,10,20,209,211,276,2,65,67,11
passenger616,18,2,209,209,236,0,27,27,4
passenger617,14,5,210,210,233,0,23,23,1
passenger618,13,10,210,213,222,3,9,12,1
passenger619,21,22,210,215,218,5,3,8,14
passenger620,12,14,211,216,262,5,46,51,1
passenger621,16,17,211,211,261,0,50,50,9
passenger622,16,20,211,211,268,0,57,57,9
passenger623,25,21,211,223,229,12,6,18,14
passenger624,4,12,211,211,236,0,25,25,10
passenger625,12,13,212,216,257,4,41,45,13
passenger626,14,18,212,212,267,0,55,55,13
passenger627,11,7,212,219,227,7,8,15,13
passenger628,12,22,212,256,277,44,21,65,1
passenger629,8,1,213,249,313,36,64,100,11
passenger630,25,5,213,223,259,10,36,46,14
passenger631,16,21,213,213,267,0,54,54,4
passenger632,7,9,214,246,252,32,6,38,11
passenger633,8,4,214,249,306,35,57,92,11
passenger634,4,5,214,216,219,2,3,5,12
passenger635,12,14,215,216,264,1,48,49,15
passenger636,1,22,215,220,263,5,43,48,10
passenger637,17,2,216,217,238,1,21,22,7
passenger638,22,1,216,218,267,2,49,51,14
passenger639,15,12,216,216,223,0,7,7,6
passenger640,13,24,216,216,280,0,64,64,9
passenger641,24,7,216,220,270,4,50,54,8
passenger642,15,24,216,216,272,0,56,56,6
passenger643,19,23,217,244,329,27,85,112,8
passenger644,11,8,217,219,226,2,7,9,15
passenger645,13,21,217,217,271,0,54,54,9
passenger646,24,18,217,227,252,10,25,35,0
passenger647,18,13,217,217,226,0,9,9,3
passenger648,8,11,218,219,226,1,7,8,2
passenger649,13,21,218,218,267,0,49,49,4
passenger650,14,20,218,219,264,1,45,46,6
passenger651,1,19,218,220,254,2,34,36,10
passenger652,13,25,219,219,281,0,62,62,4
passenger653,12,4,220,220,236,0,16,16,9
passenger654,21,18,220,233,247,13,14,27,8
passenger655,22,3,220,220,287,0,67,67,0
passenger656,6,22,220,221,251,1,30,31,5
passenger657,2,13,220,326,347,106,21,127,10
passenger658,11,24,221,221,280,0,59,59,15
passenger659,22,23,221,221,224,0,3,3,0
passenger660,8,15,221,221,234,0,13,13,2
passenger661,18,25,221,247,335,26,88,114,8
passenger662,1,25,221,221,272,0,51,51,10
passenger663,9,4,222,225,236,3,11,14,1
passenger664,16,20,222,236,246,14,10,24,12
passenger665,4,2,223,227,231,4,4,8,11
passenger666,23,24,224,224,227,0,3,3,0
passenger667,4,23,224,320,363,96,43,139,10
passenger668,23,25,224,224,230,0,6,6,0
passenger669,6,15,224,230,261,6,31,37,13
passenger670,25,23,225,225,229,0,4,4,8
passenger671,16,5,225,236,300,11,64,75,12
passenger672,3,7,225,323,333,98,10,108,10
passenger673,2,5,226,231,240,5,9,14,11
passenger674,2,20,226,231,276,5,45,50,11
passenger675,15,13,227,234,276,7,42,49,5
passenger676,21,11,228,229,245,1,16,17,14
passenger677,11,6,228,228,295,0,67,67,5
passenger678,12,5,228,229,242,1,13,14,3
passenger679,15,25,228,234,260,6,26,32,5
passenger680,14,8,229,232,293,3,61,64,12
passenger681,18,21,229,234,319,5,85,90,14
passenger682,12,7,229,229,236,0,7,7,3
passenger683,18,5,229,234,259,5,25,30,14
passenger684,25,8,230,230,272,0,42,42,0
passenger685,9,19,230,230,261,0,31,31,6
passenger686,1,6,230,234,243,4,9,13,11
passenger687,4,10,230,234,250,4,16,20,15
passenger688,14,5,231,232,300,1,68,69,12
passenger689,9,20,231,231,264,0,33,33,6
passenger690,24,1,232,233,295,1,62,63,0
passenger691,16,1,232,236,312,4,76,80,12
passenger692,14,22,232,232,250,0,18,18,12
passenger693,20,6,233,239,273,6,34,40,8
passenger694,7,20,234,235,264,1,29,30,6
passenger695,21,8,234,234,267,0,33,33,8
passenger696,1,12,234,234,257,0,23,23,11
passenger697,16,12,234,237,279,3,42,45,5
passenger698,24,21,235,235,244,0,9,9,0
passenger699,20,1,235,239,284,4,45,49,8
passenger700,22,19,235,239,248,4,9,13,0
passenger701,10,15,236,256,265,20,9,29,7
passenger702,21,23,236,236,329,0,93,93,8
passenger703,14,2,236,242,326,6,84,90,10
passenger704,16,18,237,237,241,0,4,4,5
passenger705,2,21,237,237,267,0,30,30,4
passenger706,6,23,238,238,269,0,31,31,6
passenger707,14,9,238,240,251,2,11,13,14
passenger708,2,1,239,239,242,0,3,3,7
passenger709,19,10,239,323,370,84,47,131,8
passenger710,22,6,239,239,278,0,39,39,0
passenger711,24,3,239,256,306,17,50,67,12
passenger712,17,24,239,239,256,0,17,17,12
passenger713,9,2,240,252,310,12,58,70,11
passenger714,22,12,241,241,264,0,23,23,0
passenger715,1,22,241,241,273,0,32,32,4
passenger716,17,2,241,241,309,0,68,68,12
passenger717,7,1,241,246,313,5,67,72,11
passenger718,24,1,241,257,306,16,49,65,5
passenger719,20,13,241,241,254,0,13,13,8
passenger720,15,21,242,246,260,4,14,18,10
passenger721,23,4,242,252,298,10,46,56,2
passenger722,1,4,243,243,248,0,5,5,7
passenger723,18,15,243,243,272,0,29,29,5
passenger724,3,6,243,243,248,0,5,5,1
passenger725,14,19,243,243,254,0,11,11,10
passenger726,9,24,244,247,281,3,34,37,13
passenger727,25,20,244,258,265,14,7,21,2
passenger728,12,22,245,254,275,9,21,30,13
passenger729,19,13,245,349,363,104,14,118,8
passenger730,12,21,246,254,272,8,18,26,13
passenger731,14,5,246,306,377,60,71,131,8
passenger732,25,2,246,258,305,12,47,59,2
passenger733,18,17,246,320,355,74,35,109,8
passenger734,15,2,247,297,326,50,29,79,10
passenger735,13,23,247,257,278,10,21,31,13
passenger736,6,18,247,248,269,1,21,22,1
passenger737,22,24,247,250,256,3,6,9,12
passenger738,13,8,248,257,301,9,44,53,13
passenger739,18,13,248,252,261,4,9,13,0
passenger740,16,19,249,294,357,45,63,108,10
passenger741,18,7,249,252,275,3,23,26,0
passenger742,19,14,249,249,258,0,9,9,0
passenger743,24,17,249,255,270,6,15,21,2
passenger744,23,25,249,253,259,4,6,10,12
passenger745,25,19,250,259,271,9,12,21,12
passenger746,15,3,250,309,383,59,74,133,8
passenger747,10,12,250,250,257,0,7,7,15
passenger748,20,15,251,257,297,6,40,46,10
passenger749,11,4,251,251,313,0,62,62,13
passenger750,18,11,252,330,361,78,31,109,0
passenger751,1,8,252,252,269,0,17,17,3
passenger752,22,3,253,253,302,0,49,49,5
passenger753,11,13,253,253,261,0,8,8,15
passenger754,3,5,253,256,262,3,6,9,3
passenger755,24,15,253,255,274,2,19,21,2
passenger756,6,5,253,256,259,3,3,6,14
passenger757,11,19,254,254,273,0,19,19,15
passenger758,19,5,254,254,317,0,63,63,10
passenger759,19,23,254,254,266,0,12,12,10
passenger760,6,1,254,256,267,2,11,13,14
passenger761,24,14,254,255,277,1,22,23,2
passenger762,20,9,255,257,307,2,50,52,10
passenger763,8,6,255,288,294,33,6,39,7
passenger764,6,12,256,283,297,27,14,41,14
passenger765,3,22,256,256,305,0,49,49,3
passenger766,13,23,256,259,280,3,21,24,1
passenger767,13,8,256,259,303,3,44,47,1
passenger768,13,4,256,256,277,0,21,21,8
passenger769,21,19,256,260,287,4,27,31,10
passenger770,4,15,257,259,290,2,31,33,3
passenger771,14,6,257,258,278,1,20,21,0
passenger772,4,20,257,259,301,2,42,44,3
passenger773,7,13,257,266,283,9,17,26,3
passenger774,7,17,257,266,294,9,28,37,3
passenger775,2,9,258,264,290,6,26,32,14
passenger776,14,11,258,318,361,60,43,103,0
passenger777,16,5,258,258,321,0,63,63,9
passenger778,12,19,258,258,273,0,15,15,15
passenger779,9,4,259,264,277,5,13,18,8
passenger780,22,20,259,264,268,5,4,9,12
passenger781,18,20,260,260,264,0,4,4,4
passenger782,20,19,260,264,289,4,25,29,4
passenger783,13,1,261,261,307,0,46,46,7
passenger784,15,7,262,262,304,0,42,42,13
passenger785,20,12,262,264,294,2,30,32,6
passenger786,23,15,262,343,366,81,23,104,2
passenger787,14,23,263,263,280,0,17,17,1
passenger788,12,10,263,264,268,1,4,5,0
passenger789,10,22,264,268,340,4,72,76,0
passenger790,19,5,265,265,321,0,56,56,9
passenger791,13,10,265,279,284,14,5,19,7
passenger792,17,2,265,266,310,1,44,45,11
passenger793,18,19,266,270,273,4,3,7,11
passenger794,6,4,266,273,277,7,4,11,8
passenger795,16,7,266,268,291,2,23,25,7
passenger796,24,20,266,269,281,3,12,15,10
passenger797,24,14,266,269,300,3,31,34,10
passenger798,24,1,267,272,315,5,43,48,6
passenger799,8,1,267,269,360,2,91,93,3
passenger800,17,13,267,267,291,0,24,24,11
passenger801,8,17,267,269,294,2,25,27,3
passenger802,5,13,268,280,300,12,20,32,14
passenger803,16,6,268,268,314,0,46,46,15
passenger804,6,9,268,273,299,5,26,31,8
passenger805,15,7,268,271,291,3,20,23,7
passenger806,10,14,268,268,318,0,50,50,0
passenger807,5,15,268,280,304,12,24,36,14
passenger808,4,6,269,276,283,7,7,14,14
passenger809,8,1,269,269,360,0,91,91,3
passenger810,25,8,269,275,304,6,29,35,6
passenger811,21,23,269,269,277,0,8,8,4
passenger812,21,3,270,270,321,0,51,51,4
passenger813,10,19,270,310,333,40,23,63,0
passenger814,15,1,270,271,307,1,36,37,7
passenger815,15,21,270,271,345,1,74,75,7
passenger816,21,10,270,270,310,0,40,40,4
passenger817,6,8,270,273,295,3,22,25,8
passenger818,8,9,270,270,273,0,3,3,3
passenger819,8,12,270,270,280,0,10,10,3
passenger820,2,7,270,270,286,0,16,16,14
passenger821,8,4,271,341,351,70,10,80,3
passenger822,22,17,271,274,297,3,23,26,9
passenger823,23,15,272,277,303,5,26,31,9
passenger824,3,23,272,273,325,1,52,53,14
passenger825,12,18,272,279,335,7,56,63,5
passenger826,10,13,273,276,283,3,7,10,3
passenger827,13,8,273,276,289,3,13,16,5
passenger828,14,19,274,274,339,0,65,65,7
passenger829,1,4,274,284,289,10,5,15,8
passenger830,22,15,274,274,295,0,21,21,4
passenger831,25,16,275,275,288,0,13,13,6
passenger832,17,23,275,275,349,0,74,74,12
passenger833,17,9,276,276,290,0,14,14,12
passenger834,14,6,276,276,294,0,18,18,7
passenger835,9,18,277,286,335,9,49,58,5
passenger836,4,17,277,277,308,0,31,31,14
passenger837,15,8,277,280,293,3,13,16,12
passenger838,2,18,277,281,320,4,39,43,8
passenger839,21,19,278,278,287,0,9,9,10
passenger840,11,17,278,336,390,58,54,112,3
passenger841,11,9,279,282,286,3,4,7,5
passenger842,9,6,279,286,295,7,9,16,5
passenger843,25,17,279,283,297,4,14,18,15
passenger844,5,22,279,280,322,1,42,43,14
passenger845,4,15,280,284,321,4,37,41,0
passenger846,5,10,280,371,396,91,25,116,14
passenger847,17,25,280,285,360,5,75,80,11
passenger848,25,23,280,283,287,3,4,7,15
passenger849,6,3,280,280,287,0,7,7,0
passenger850,23,24,280,280,283,0,3,3,1
passenger851,7,1,280,286,383,6,97,103,14
passenger852,17,2,281,285,312,4,27,31,6
passenger853,2,24,281,281,332,0,51,51,8
passenger854,13,3,281,281,301,0,20,20,2
passenger855,17,10,282,285,300,3,15,18,6
passenger856,14,23,282,283,349,1,66,67,12
passenger857,6,17,283,367,414,84,47,131,14
passenger858,21,11,283,287,311,4,24,28,9
passenger859,25,12,283,283,304,0,21,21,15
passenger860,12,23,283,284,343,1,59,60,2
passenger861,16,22,283,288,350,5,62,67,6
passenger862,20,18,283,283,290,0,7,7,10
passenger863,7,10,284,364,396,80,32,112,14
passenger864,22,16,284,284,300,0,16,16,9
passenger865,8,9,284,288,319,4,31,35,7
passenger866,20,5,284,284,317,0,33,33,10
passenger867,3,20,285,287,336,2,49,51,0
passenger868,8,20,285,289,341,4,52,56,5
passenger869,14,25,286,286,312,0,26,26,3
passenger870,14,22,287,287,305,0,18,18,3
passenger871,22,6,288,290,314,2,24,26,15
passenger872,25,19,288,312,322,24,10,34,3
passenger873,3,1,289,289,295,0,6,6,0
passenger874,7,1,289,292,306,3,14,17,5
passenger875,9,25,289,289,351,0,62,62,2
passenger876,12,1,290,294,313,4,19,23,11
passenger877,13,6,290,291,302,1,11,12,11
passenger878,22,3,290,290,321,0,31,31,15
passenger879,20,12,290,290,308,0,18,18,9
passenger880,1,17,291,295,327,4,32,36,0
passenger881,12,20,291,294,345,3,51,54,11
passenger882,16,20,291,291,343,0,52,52,13
passenger883,12,1,291,294,313,3,19,22,11
passenger884,4,12,292,298,326,6,28,34,7
passenger885,10,20,292,293,316,1,23,24,14
passenger886,11,22,292,354,425,62,71,133,14
passenger887,5,10,293,298,319,5,21,26,5
passenger888,19,4,293,293,326,0,33,33,9
passenger889,9,19,294,299,323,5,24,29,8
passenger890,15,20,295,295,358,0,63,63,4
passenger891,13,22,295,296,338,1,42,43,1
passenger892,22,25,295,305,312,10,7,17,3
passenger893,4,15,295,298,329,3,31,34,2
passenger894,3,6,296,299,304,3,5,8,0
passenger895,8,17,296,296,317,0,21,21,8
passenger896,11,22,296,297,350,1,53,54,6
passenger897,8,16,296,296,312,0,16,16,8
passenger898,20,25,296,301,312,5,11,16,3
passenger899,7,19,296,296,343,0,47,47,12
passenger900,3,14,297,301,330,4,29,33,7
passenger901,11,24,297,297,354,0,57,57,6
passenger902,20,24,298,301,309,3,8,11,3
passenger903,22,11,298,305,336,7,31,38,3
passenger904,19,1,298,298,360,0,62,62,3
passenger905,14,2,298,298,324,0,26,26,4
passenger906,19,25,298,298,312,0,14,14,3
passenger907,18,21,300,312,319,12,7,19,14
passenger908,6,25,300,309,354,9,45,54,13
passenger909,14,17,300,300,353,0,53,53,4
passenger910,20,16,301,301,329,0,28,28,3
passenger911,8,16,301,301,333,0,32,32,13
passenger912,17,22,301,308,322,7,14,21,14
passenger913,13,3,301,303,321,2,18,20,4
passenger914,3,1,302,302,308,0,6,6,2
passenger915,17,11,302,308,354,6,46,52,14
passenger916,22,18,302,406,424,104,18,122,3
passenger917,4,3,302,303,306,1,3,4,12
passenger918,10,24,304,309,342,5,33,38,1
passenger919,2,5,304,304,313,0,9,9,7
passenger920,1,11,304,307,323,3,16,19,7
passenger921,25,18,305,312,325,7,13,20,3
passenger922,13,4,305,305,318,0,13,13,4
passenger923,9,14,305,306,315,1,9,10,1
passenger924,7,18,305,305,337,0,32,32,13
passenger925,25,6,306,312,347,6,35,41,3
passenger926,7,4,306,306,313,0,7,7,13
passenger927,19,12,307,339,350,32,11,43,14
passenger928,8,6,307,310,314,3,4,7,10
passenger929,2,12,308,309,325,1,16,17,5
passenger930,18,6,308,312,367,4,55,59,14
passenger931,1,12,309,309,322,0,13,13,2
passenger932,17,9,309,309,360,0,51,51,14
passenger933,7,4,310,311,318,1,7,8,15
passenger934,19,22,311,420,425,109,5,114,14
passenger935,20,13,311,316,347,5,31,36,14
passenger936,19,10,311,420,459,109,39,148,14
passenger937,1,10,312,312,328,0,16,16,12
passenger938,18,17,312,417,446,105,29,134,14
passenger939,25,7,312,312,344,0,32,32,3
passenger940,1,7,313,313,321,0,8,8,12
passenger941,22,21,313,498,509,185,11,196,3
passenger942,3,5,314,316,320,2,4,6,13
passenger943,15,17,314,318,322,4,4,8,1
passenger944,25,19,314,314,322,0,8,8,3
passenger945,6,1,314,314,325,0,11,11,15
passenger946,16,14,314,314,360,0,46,46,8
passenger947,24,15,315,416,429,101,13,114,3
passenger948,13,8,315,315,372,0,57,57,0
passenger949,3,22,315,316,347,1,31,32,13
passenger950,21,5,315,319,371,4,52,56,14
passenger951,18,10,315,320,370,5,50,55,8
passenger952,11,22,316,322,345,6,23,29,5
passenger953,22,5,316,498,539,182,41,223,3
passenger954,8,21,316,316,357,0,41,41,9
passenger955,23,2,316,409,454,93,45,138,3
passenger956,21,13,316,319,347,3,28,31,14
passenger957,15,2,317,318,388,1,70,71,1
passenger958,18,17,317,352,355,35,3,38,8
passenger959,17,20,318,322,332,4,10,14,1
passenger960,24,22,319,328,334,9,6,15,14
passenger961,19,25,319,419,436,100,17,117,8
passenger962,17,14,319,322,354,3,32,35,1
passenger963,20,2,319,399,454,80,55,135,3
passenger964,13,11,320,325,376,5,51,56,2
passenger965,23,2,320,325,380,5,55,60,14
passenger966,17,5,320,322,383,2,61,63,1
passenger967,23,22,320,325,334,5,9,14,14
passenger968,6,22,320,320,355,0,35,35,11
passenger969,13,25,321,325,351,4,26,30,2
passenger970,19,1,321,322,360,1,38,39,3
passenger971,6,11,321,321,328,0,7,7,11
passenger972,6,4,321,321,406,0,85,85,11
passenger973,25,22,322,432,437,110,5,115,14
passenger974,11,6,322,322,376,0,54,54,5
passenger975,5,23,323,323,363,0,40,40,9
passenger976,9,1,323,325,397,2,72,74,6
passenger977,10,12,324,328,332,4,4,8,6
passenger978,16,9,324,324,369,0,45,45,0
passenger979,24,17,324,429,446,105,17,122,14
passenger980,25,10,325,432,459,107,27,134,14
passenger981,17,10,325,327,366,2,39,41,0
passenger982,18,19,325,325,328,0,3,3,1
passenger983,9,24,325,325,352,0,27,27,12
passenger984,22,23,326,342,432,16,90,106,8
passenger985,6,18,326,330,352,4,22,26,9
passenger986,3,25,326,327,367,1,40,41,4
passenger987,4,22,326,326,360,0,34,34,9
passenger988,11,8,328,328,398,0,70,70,11
passenger989,2,17,328,329,365,1,36,37,15
passenger990,19,12,329,329,360,0,31,31,1
passenger991,21,9,329,335,369,6,34,40,1
passenger992,14,8,329,329,368,0,39,39,5
passenger993,15,4,329,329,393,0,64,64,2
passenger994,12,14,330,331,335,1,4,5,11
passenger995,14,12,330,330,372,0,42,42,7
passenger996,17,13,330,335,370,5,35,40,2
passenger997,8,6,330,334,398,4,64,68,9
passenger998,17,24,331,335,346,4,11,15,2
passenger999,19,16,332,333,354,1,21,22,0
passenger1000,24,23,332,332,339,0,7,7,8
passenger1001,13,3,332,333,391,1,58,59,12
passenger1002,16,7,332,332,384,0,52,52,2
passenger1003,22,9,332,338,369,6,31,37,1
passenger1004,12,5,332,332,389,0,57,57,6
passenger1005,5,7,333,336,343,3,7,10,15
passenger1006,10,7,333,336,402,3,66,69,4
passenger1007,4,12,333,333,355,0,22,22,15
passenger1008,16,9,334,334,382,0,48,48,7
passenger1009,14,7,334,336,385,2,49,51,12
passenger1010,18,17,334,335,354,1,19,20,5
passenger1011,25,2,334,335,386,1,51,52,8
passenger1012,22,9,334,334,360,0,26,26,14
passenger1013,2,18,334,357,393,23,36,59,3
passenger1014,5,25,335,336,385,1,49,50,15
passenger1015,6,14,336,340,360,4,20,24,15
passenger1016,6,4,336,340,426,4,86,90,15
passenger1017,1,12,336,360,381,24,21,45,3
passenger1018,11,1,336,339,416,3,77,80,4
passenger1019,9,7,336,337,398,1,61,62,10
passenger1020,15,25,337,337,357,0,20,20,6
passenger1021,18,23,337,337,350,0,13,13,13
passenger1022,5,6,337,337,340,0,3,3,15
passenger1023,19,8,338,338,368,0,30,30,5
passenger1024,22,12,338,338,360,0,22,22,1
passenger1025,6,22,338,340,376,2,36,38,15
passenger1026,14,21,339,346,361,7,15,22,4
passenger1027,12,4,339,340,404,1,64,65,9
passenger1028,18,4,339,339,391,0,52,52,13
passenger1029,17,11,340,340,389,0,49,49,11
passenger1030,20,22,340,342,348,2,6,8,7
passenger1031,11,23,341,341,363,0,22,22,10
passenger1032,3,25,341,354,413,13,59,72,3
passenger1033,15,12,341,345,390,4,45,49,9
passenger1034,4,8,341,351,373,10,22,32,3
passenger1035,18,21,342,342,347,0,5,5,6
passenger1036,23,11,342,343,361,1,18,19,0
passenger1037,12,5,342,342,406,0,64,64,4
passenger1038,3,11,342,354,378,12,24,36,3
passenger1039,15,3,342,349,410,7,61,68,4
passenger1040,11,17,343,343,353,0,10,10,10
passenger1041,21,24,343,345,352,2,7,9,7
passenger1042,9,10,343,454,457,111,3,114,15
passenger1043,22,18,344,344,352,0,8,8,8
passenger1044,7,18,344,344,368,0,24,24,15
passenger1045,4,12,344,351,381,7,30,37,3
passenger1046,8,25,345,347,385,2,38,40,15
passenger1047,1,22,345,360,406,15,46,61,3
passenger1048,8,1,345,347,434,2,87,89,15
passenger1049,17,4,346,349,404,3,55,58,9
passenger1050,1,3,346,360,364,14,4,18,3
passenger1051,11,4,346,415,426,69,11,80,15
passenger1052,18,2,346,350,387,4,37,41,0
passenger1053,20,22,347,347,355,0,8,8,11
passenger1054,18,24,347,352,366,5,14,19,9
passenger1055,24,2,348,348,397,0,49,49,2
passenger1056,9,20,348,454,480,106,26,132,15
passenger1057,9,19,348,525,581,177,56,233,15
passenger1058,20,25,349,349,360,0,11,11,11
passenger1059,9,1,349,525,545,176,20,196,15
passenger1060,8,12,349,349,355,0,6,6,15
passenger1061,11,22,349,415,486,66,71,137,15
passenger1062,20,19,350,350,373,0,23,23,11
passenger1063,1,12,350,360,381,10,21,31,3
passenger1064,19,7,350,350,371,0,21,21,5
passenger1065,11,19,350,354,420,4,66,70,14
passenger1066,20,22,350,350,355,0,5,5,11
passenger1067,11,10,351,354,357,3,3,6,14
passenger1068,10,17,351,418,473,67,55,122,15
passenger1069,11,5,351,399,470,48,71,119,14
passenger1070,12,6,351,351,367,0,16,16,14
passenger1071,14,23,351,354,428,3,74,77,1
passenger1072,20,12,351,351,386,0,35,35,11
passenger1073,25,12,352,352,373,0,21,21,2
passenger1074,20,9,352,370,395,18,25,43,11
passenger1075,22,10,353,356,378,3,22,25,7
passenger1076,7,4,353,364,374,11,10,21,14
passenger1077,22,8,354,356,382,2,26,28,12
passenger1078,21,3,354,367,409,13,42,55,11
passenger1079,13,11,355,357,363,2,6,8,1
passenger1080,11,5,356,399,470,43,71,114,14
passenger1081,2,9,356,454,469,98,15,113,3
passenger1082,12,20,356,356,372,0,16,16,15
passenger1083,12,7,356,360,377,4,17,21,1
passenger1084,7,16,356,391,411,35,20,55,14
passenger1085,11,23,358,363,428,5,65,70,1
passenger1086,11,15,359,361,410,2,49,51,0
passenger1087,2,5,359,454,463,95,9,104,3
passenger1088,22,9,359,359,384,0,25,25,13
passenger1089,11,15,359,361,410,2,49,51,0
passenger1090,2,13,360,454,475,94,21,115,3
passenger1091,9,4,360,360,374,0,14,14,14
passenger1092,11,12,360,361,403,1,42,43,0
passenger1093,5,14,360,368,385,8,17,25,3
passenger1094,19,7,360,360,384,0,24,24,2
passenger1095,25,16,361,361,380,0,19,19,11
passenger1096,20,2,362,363,395,1,32,33,13
passenger1097,20,9,362,363,384,1,21,22,13
passenger1098,18,21,362,362,424,0,62,62,7
passenger1099,7,2,362,371,386,9,15,24,5
passenger1100,16,20,362,364,437,2,73,75,12
passenger1101,11,5,363,363,379,0,16,16,0
passenger1102,8,11,363,368,405,5,37,42,5
passenger1103,23,4,363,363,403,0,40,40,10
passenger1104,9,16,363,364,414,1,50,51,5
passenger1105,6,23,364,376,431,12,55,67,5
passenger1106,23,10,364,364,391,0,27,27,10
passenger1107,19,18,364,365,368,1,3,4,6
passenger1108,5,2,365,379,386,14,7,21,5
passenger1109,9,4,365,365,382,0,17,17,5
passenger1110,8,16,366,368,414,2,46,48,5
passenger1111,15,6,366,366,387,0,21,21,2
passenger1112,1,6,366,389,396,23,7,30,5
passenger1113,12,20,366,366,423,0,57,57,8
passenger1114,10,8,366,366,374,0,8,8,1
passenger1115,14,2,367,368,391,1,23,24,7
passenger1116,6,1,368,368,383,0,15,15,14
passenger1117,14,12,368,368,374,0,6,6,12
passenger1118,15,16,369,370,421,1,51,52,13
passenger1119,10,22,369,370,427,1,57,58,8
passenger1120,23,3,369,369,407,0,38,38,9
passenger1121,24,5,369,370,406,1,36,37,4
passenger1122,7,14,370,371,410,1,39,40,5
passenger1123,1,10,370,383,396,13,13,26,14
passenger1124,5,13,370,463,475,93,12,105,3
passenger1125,21,24,370,377,457,7,80,87,9
passenger1126,6,14,370,376,407,6,31,37,0
passenger1127,12,11,370,373,376,3,3,6,2
passenger1128,16,25,370,372,445,2,73,75,6
passenger1129,11,2,371,375,391,4,16,20,7
passenger1130,23,24,371,371,457,0,86,86,9
passenger1131,9,13,371,371,408,0,37,37,1
passenger1132,22,13,371,374,387,3,13,16,9
passenger1133,13,24,371,371,443,0,72,72,12
passenger1134,21,13,371,377,387,6,10,16,9
passenger1135,5,11,372,379,405,7,26,33,5
passenger1136,17,7,372,372,398,0,26,26,10
passenger1137,14,17,372,373,425,1,52,53,13
passenger1138,3,15,372,377,407,5,30,35,14
passenger1139,19,6,373,373,402,0,29,29,11
passenger1140,14,18,373,373,428,0,55,55,13
passenger1141,2,17,373,387,416,14,29,43,0
passenger1142,7,10,373,373,402,0,29,29,5
passenger1143,17,1,374,374,409,0,35,35,10
passenger1144,1,12,374,383,402,9,19,28,14
passenger1145,24,1,375,380,434,5,54,59,15
passenger1146,20,2,375,376,413,1,37,38,4
passenger1147,13,11,376,376,380,0,4,4,13
passenger1148,12,3,376,376,391,0,15,15,12
passenger1149,19,7,376,379,402,3,23,26,4
passenger1150,20,17,376,376,387,0,11,11,4
passenger1151,14,8,377,379,395,2,16,18,10
passenger1152,17,25,377,377,447,0,70,70,11
passenger1153,24,23,378,380,390,2,10,12,15
passenger1154,6,15,379,380,412,1,32,33,1
passenger1155,10,25,379,379,432,0,53,53,7
passenger1156,24,22,380,380,393,0,13,13,15
passenger1157,5,8,380,380,395,0,15,15,0
passenger1158,18,19,380,384,446,4,62,66,4
passenger1159,9,4,380,380,393,0,13,13,2
passenger1160,4,18,380,380,416,0,36,36,8
passenger1161,12,13,380,383,434,3,51,54,10
passenger1162,21,1,381,396,434,15,38,53,15
passenger1163,19,7,381,381,402,0,21,21,4
passenger1164,24,13,382,382,411,0,29,29,15
passenger1165,8,6,382,382,386,0,4,4,6
passenger1166,5,25,382,382,433,0,51,51,0
passenger1167,5,12,383,383,405,0,22,22,1
passenger1168,12,17,384,384,442,0,58,58,10
passenger1169,22,14,384,393,408,9,15,24,15
passenger1170,19,15,385,396,429,11,33,44,3
passenger1171,11,4,385,388,403,3,15,18,10
passenger1172,6,11,385,387,414,2,27,29,2
passenger1173,2,8,385,386,396,1,10,11,8
passenger1174,12,21,385,385,454,0,69,69,10
passenger1175,25,19,386,386,400,0,14,14,15
passenger1176,2,11,386,386,403,0,17,17,8
passenger1177,19,15,386,396,429,10,33,43,3
passenger1178,12,11,386,386,389,0,3,3,11
passenger1179,11,15,386,389,429,3,40,43,11
passenger1180,5,13,386,389,425,3,36,39,6
passenger1181,6,18,388,388,435,0,47,47,2
passenger1182,22,13,388,393,411,5,18,23,15
passenger1183,10,24,388,391,464,3,73,76,10
passenger1184,17,11,388,388,396,0,8,8,4
passenger1185,1,6,389,389,396,0,7,7,5
passenger1186,6,19,389,389,438,0,49,49,2
passenger1187,13,25,390,434,459,44,25,69,4
passenger1188,14,23,390,437,455,47,18,65,4
passenger1189,14,9,390,437,491,47,54,101,4
passenger1190,18,12,390,393,434,3,41,44,3
passenger1191,7,12,390,393,406,3,13,16,8
passenger1192,17,10,390,442,488,52,46,98,4
passenger1193,18,25,390,393,413,3,20,23,3
passenger1194,11,8,391,391,398,0,7,7,11
passenger1195,11,21,391,391,439,0,48,48,11
passenger1196,5,25,391,391,445,0,54,54,6
passenger1197,11,22,391,391,442,0,51,51,11
passenger1198,20,23,392,399,409,7,10,17,3
passenger1199,5,15,393,393,412,0,19,19,1
passenger1200,3,8,393,393,406,0,13,13,12
passenger1201,2,18,394,396,429,2,33,35,12
passenger1202,16,19,394,470,477,76,7,83,15
passenger1203,5,9,394,394,400,0,6,6,1
passenger1204,17,21,395,473,483,78,10,88,15
passenger1205,23,2,395,501,548,106,47,153,3
passenger1206,11,1,395,396,416,1,20,21,4
passenger1207,21,4,396,396,426,0,30,30,15
passenger1208,21,4,396,396,426,0,30,30,15
passenger1209,1,22,396,398,434,2,36,38,13
passenger1210,11,17,397,430,442,33,12,45,4
passenger1211,7,18,397,398,415,1,17,18,7
passenger1212,11,7,397,430,499,33,69,102,4
passenger1213,10,1,398,399,479,1,80,81,0
passenger1214,8,15,398,398,411,0,13,13,8
passenger1215,4,3,398,401,479,3,78,81,2
passenger1216,17,11,398,473,521,75,48,123,15
passenger1217,4,19,399,400,434,1,34,35,12
passenger1218,20,1,400,400,457,0,57,57,3
passenger1219,6,10,400,400,422,0,22,22,9
passenger1220,19,2,401,401,430,0,29,29,15
passenger1221,21,8,401,403,446,2,43,45,3
passenger1222,4,22,401,401,443,0,42,42,2
passenger1223,3,4,402,402,405,0,3,3,13
passenger1224,24,13,402,504,525,102,21,123,3
passenger1225,12,18,402,403,419,1,16,17,0
passenger1226,16,1,403,413,479,10,66,76,0
passenger1227,14,7,403,407,463,4,56,60,0
passenger1228,21,13,404,495,525,91,30,121,3
passenger1229,4,23,404,404,461,0,57,57,10
passenger1230,8,7,404,406,481,2,75,77,6
passenger1231,24,20,404,596,606,192,10,202,3
passenger1232,22,17,404,498,517,94,19,113,3
passenger1233,23,3,404,501,545,97,44,141,3
passenger1234,15,8,404,410,462,6,52,58,7
passenger1235,10,6,405,416,484,11,68,79,6
passenger1236,6,12,405,405,417,0,12,12,2
passenger1237,23,16,405,501,520,96,19,115,3
passenger1238,9,11,406,409,421,3,12,15,6
passenger1239,14,7,407,407,465,0,58,58,7
passenger1240,14,18,407,407,415,0,8,8,7
passenger1241,7,15,407,408,426,1,18,19,2
passenger1242,18,13,407,415,451,8,36,44,7
passenger1243,8,14,407,407,419,0,12,12,12
passenger1244,20,6,408,421,468,13,47,60,7
passenger1245,15,18,408,408,417,0,9,9,14
passenger1246,9,10,409,409,416,0,7,7,6
passenger1247,23,10,409,501,530,92,29,121,3
passenger1248,15,4,409,410,470,1,60,61,0
passenger1249,24,15,409,596,617,187,21,208,3
passenger1250,20,16,411,423,456,12,33,45,8
passenger1251,9,18,411,411,434,0,23,23,6
passenger1252,22,4,411,425,470,14,45,59,0
passenger1253,22,21,412,425,440,13,15,28,1
passenger1254,3,18,412,413,445,1,32,33,10
passenger1255,22,10,412,425,460,13,35,48,1
passenger1256,17,25,412,416,432,4,16,20,1
passenger1257,9,6,413,413,484,0,71,71,6
passenger1258,25,8,413,413,446,0,33,33,3
passenger1259,12,14,413,413,419,0,6,6,12
passenger1260,7,17,413,413,440,0,27,27,9
passenger1261,18,6,414,418,473,4,55,59,5
passenger1262,13,2,414,416,489,2,73,75,12
passenger1263,6,25,414,414,447,0,33,33,11
passenger1264,13,16,414,416,423,2,7,9,12
passenger1265,23,18,414,501,514,87,13,100,3
passenger1266,20,18,414,421,441,7,20,27,7
passenger1267,13,16,414,416,423,2,7,9,12
passenger1268,8,23,414,416,452,2,36,38,9
passenger1269,5,23,414,420,461,6,41,47,10
passenger1270,22,4,415,427,472,12,45,57,7
passenger1271,18,25,416,416,436,0,20,20,8
passenger1272,15,9,416,418,459,2,41,43,13
passenger1273,22,13,416,427,461,11,34,45,8
passenger1274,4,7,416,416,426,0,10,10,10
passenger1275,18,12,417,418,455,1,37,38,5
passenger1276,6,20,417,423,451,6,28,34,10
passenger1277,4,6,417,417,423,0,6,6,10
passenger1278,12,1,417,417,483,0,66,66,2
passenger1279,10,23,417,417,441,0,24,24,6
passenger1280,24,22,418,596,600,178,4,182,3
passenger1281,9,2,418,419,509,1,90,91,9
passenger1282,21,10,418,425,461,7,36,43,5
passenger1283,19,3,418,418,475,0,57,57,7
passenger1284,17,15,418,418,450,0,32,32,1
passenger1285,24,3,418,596,646,178,50,228,3
passenger1286,11,25,418,421,445,3,24,27,6
passenger1287,10,17,418,418,431,0,13,13,6
passenger1288,5,19,418,420,448,2,28,30,10
passenger1289,7,15,419,426,438,7,12,19,10
passenger1290,22,17,419,427,453,8,26,34,8
passenger1291,12,5,419,419,475,0,56,56,2
passenger1292,9,22,419,419,442,0,23,23,11
passenger1293,6,17,420,513,562,93,49,142,10
passenger1294,13,9,420,422,465,2,43,45,2
passenger1295,18,10,420,420,461,0,41,41,5
passenger1296,8,14,420,509,555,89,46,135,10
passenger1297,19,22,420,420,427,0,7,7,8
passenger1298,16,17,421,421,425,0,4,4,13
passenger1299,20,7,421,421,465,0,44,44,7
passenger1300,7,13,422,424,434,2,10,12,4
passenger1301,16,17,422,422,425,0,3,3,13
passenger1302,4,20,422,426,480,4,54,58,15
passenger1303,10,22,423,423,449,0,26,26,9
passenger1304,19,25,424,434,446,10,12,22,12
passenger1305,16,14,425,425,467,0,42,42,12
passenger1306,5,10,425,444,457,19,13,32,15
passenger1307,22,10,426,426,456,0,30,30,0
passenger1308,2,7,426,430,448,4,18,22,15
passenger1309,15,16,426,426,429,0,3,3,2
passenger1310,25,24,426,432,435,6,3,9,1
passenger1311,14,21,426,426,439,0,13,13,11
passenger1312,2,15,427,430,466,3,36,39,15
passenger1313,12,20,427,427,445,0,18,18,9
passenger1314,21,17,427,427,439,0,12,12,5
passenger1315,17,18,429,432,435,3,3,6,2
passenger1316,15,6,429,429,480,0,51,51,11
passenger1317,8,19,429,543,569,114,26,140,10
passenger1318,16,6,429,429,472,0,43,43,2
passenger1319,22,25,429,429,436,0,7,7,8
passenger1320,16,6,429,429,472,0,43,43,2
passenger1321,24,6,430,430,466,0,36,36,0
passenger1322,11,22,430,430,452,0,22,22,4
passenger1323,14,7,430,431,502,1,71,72,9
passenger1324,3,10,430,440,457,10,17,27,15
passenger1325,17,18,431,431,434,0,3,3,6
passenger1326,6,4,431,530,536,99,6,105,15
passenger1327,18,4,431,431,485,0,54,54,12
passenger1328,2,13,431,431,462,0,31,31,15
passenger1329,15,7,431,431,477,0,46,46,11
passenger1330,6,9,432,554,563,122,9,131,15
passenger1331,1,10,433,434,457,1,23,24,15
passenger1332,1,8,434,434,451,0,17,17,15
passenger1333,15,1,434,434,512,0,78,78,9
passenger1334,16,15,435,483,486,48,3,51,9
passenger1335,16,21,435,483,550,48,67,115,9
passenger1336,2,5,435,437,444,2,7,9,15
passenger1337,8,18,436,446,488,10,42,52,3
passenger1338,22,23,436,436,439,0,3,3,13
passenger1339,15,11,436,436,492,0,56,56,9
passenger1340,11,2,436,439,454,3,15,18,3
passenger1341,12,13,436,436,475,0,39,39,3
passenger1342,6,20,436,554,584,118,30,148,15
passenger1343,21,8,437,440,465,3,25,28,14
passenger1344,23,3,437,437,473,0,36,36,0
passenger1345,23,20,437,437,442,0,5,5,0
passenger1346,6,17,438,614,642,176,28,204,15
passenger1347,8,20,439,446,492,7,46,53,3
passenger1348,5,7,439,533,557,94,24,118,15
passenger1349,8,5,439,534,539,95,5,100,3
passenger1350,9,16,439,443,482,4,39,43,3
passenger1351,16,14,440,442,451,2,9,11,5
passenger1352,5,6,440,533,554,93,21,114,15
passenger1353,23,7,440,440,469,0,29,29,8
passenger1354,3,12,441,539,568,98,29,127,15
passenger1355,1,9,441,457,469,16,12,28,3
passenger1356,22,7,441,443,469,2,26,28,8
passenger1357,18,13,442,442,451,0,9,9,7
passenger1358,9,17,442,443,485,1,42,43,3
passenger1359,15,8,442,447,469,5,22,27,5
passenger1360,6,23,442,614,658,172,44,216,15
passenger1361,5,24,443,551,590,108,39,147,15
passenger1362,12,25,443,455,513,12,58,70,5
passenger1363,9,15,443,443,479,0,36,36,3
passenger1364,16,9,444,444,466,0,22,22,5
passenger1365,6,14,444,614,635,170,21,191,15
passenger1366,17,7,445,446,465,1,19,20,1
passenger1367,20,16,445,447,456,2,9,11,8
passenger1368,5,24,445,551,590,106,39,145,15
passenger1369,2,17,446,548,579,102,31,133,3
passenger1370,11,17,446,456,504,10,48,58,1
passenger1371,20,18,446,447,451,1,4,5,2
passenger1372,17,22,446,446,517,0,71,71,1
passenger1373,18,21,446,446,518,0,72,72,13
passenger1374,11,6,446,458,473,12,15,27,5
passenger1375,6,16,447,614,639,167,25,192,15
passenger1376,14,2,447,448,478,1,30,31,7
passenger1377,6,25,447,614,662,167,48,215,15
passenger1378,19,5,447,447,505,0,58,58,4
passenger1379,2,8,448,548,564,100,16,116,3
passenger1380,22,13,448,452,467,4,15,19,6
passenger1381,20,13,448,448,461,0,13,13,8
passenger1382,13,16,448,451,515,3,64,67,7
passenger1383,24,11,448,448,473,0,25,25,6
passenger1384,15,23,448,448,507,0,59,59,5
passenger1385,10,21,449,456,524,7,68,75,7
passenger1386,14,22,450,450,516,0,66,66,0
passenger1387,12,16,451,453,489,2,36,38,14
passenger1388,9,16,451,525,576,74,51,125,15
passenger1389,9,16,451,459,515,8,56,64,7
passenger1390,20,11,452,453,472,1,19,20,12
passenger1391,11,9,452,456,462,4,6,10,14
passenger1392,19,15,452,458,464,6,6,12,12
passenger1393,13,1,453,453,481,0,28,28,13
passenger1394,3,1,453,545,551,92,6,98,3
passenger1395,22,2,453,453,497,0,44,44,6
passenger1396,2,20,453,548,588,95,40,135,3
passenger1397,14,8,454,457,468,3,11,14,2
passenger1398,16,6,454,456,472,2,16,18,8
passenger1399,5,10,454,470,479,16,9,25,14
passenger1400,23,20,454,454,469,0,15,15,9
passenger1401,5,15,454,469,503,15,34,49,13
passenger1402,23,24,454,454,457,0,3,3,9
passenger1403,20,4,455,455,485,0,30,30,12
passenger1404,7,6,455,463,466,8,3,11,0
passenger1405,4,5,456,472,475,16,3,19,1
passenger1406,8,14,456,460,500,4,40,44,0
passenger1407,10,11,456,460,485,4,25,29,1
passenger1408,7,4,456,465,472,9,7,16,7
passenger1409,25,15,456,459,475,3,16,19,4
passenger1410,6,21,456,466,513,10,47,57,0
passenger1411,21,25,456,456,467,0,11,11,10
passenger1412,4,16,457,472,507,15,35,50,13
passenger1413,25,21,457,460,466,3,6,9,9
passenger1414,6,23,457,466,522,9,56,65,13
passenger1415,11,13,457,457,491,0,34,34,1
passenger1416,14,20,457,457,511,0,54,54,2
passenger1417,4,14,457,470,500,13,30,43,0
passenger1418,21,14,457,457,494,0,37,37,10
passenger1419,7,2,458,463,478,5,15,20,13
passenger1420,14,18,458,458,504,0,46,46,2
passenger1421,14,25,459,460,513,1,53,54,11
passenger1422,16,13,459,461,467,2,6,8,6
passenger1423,2,14,459,548,574,89,26,115,3
passenger1424,5,19,459,469,514,10,45,55,13
passenger1425,5,23,459,469,522,10,53,63,13
passenger1426,8,11,460,460,495,0,35,35,0
passenger1427,4,6,461,542,560,81,18,99,3
passenger1428,24,8,461,462,496,1,34,35,4
passenger1429,13,25,461,461,507,0,46,46,8
passenger1430,16,2,462,462,497,0,35,35,6
passenger1431,9,10,462,462,479,0,17,17,14
passenger1432,7,13,463,463,499,0,36,36,13
passenger1433,10,8,463,463,469,0,6,6,5
passenger1434,11,9,464,465,471,1,6,7,11
passenger1435,6,12,465,468,488,3,20,23,1
passenger1436,24,13,467,470,497,3,27,30,10
passenger1437,15,25,467,467,497,0,30,30,15
passenger1438,16,6,467,472,502,5,30,35,4
passenger1439,10,13,468,468,497,0,29,29,11
passenger1440,12,4,469,470,489,1,19,20,6
passenger1441,3,9,469,475,493,6,18,24,13
passenger1442,23,18,470,475,488,5,13,18,10
passenger1443,22,5,470,478,516,8,38,46,10
passenger1444,11,15,470,473,522,3,49,52,6
passenger1445,11,9,471,472,478,1,6,7,12
passenger1446,2,22,471,476,516,5,40,45,0
passenger1447,24,3,471,471,522,0,51,51,10
passenger1448,11,13,471,472,516,1,44,45,12
passenger1449,20,25,471,471,560,0,89,89,9
passenger1450,11,19,472,472,532,0,60,60,12
passenger1451,24,21,472,472,481,0,9,9,10
passenger1452,8,21,472,474,507,2,33,35,11
passenger1453,11,1,474,474,494,0,20,20,12
passenger1454,19,21,474,474,550,0,76,76,9
passenger1455,9,12,475,476,483,1,7,8,14
passenger1456,10,3,475,476,494,1,18,19,6
passenger1457,25,1,475,497,545,22,48,70,15
passenger1458,14,1,475,479,517,4,38,42,4
passenger1459,18,23,475,477,554,2,77,79,9
passenger1460,17,16,475,480,483,5,3,8,9
passenger1461,21,25,476,481,583,5,102,107,10
passenger1462,22,6,476,478,513,2,35,37,10
passenger1463,15,21,476,476,553,0,77,77,4
passenger1464,8,17,477,477,495,0,18,18,5
passenger1465,1,22,477,479,516,2,37,39,0
passenger1466,16,19,478,483,544,5,61,66,9
passenger1467,21,6,478,481,513,3,32,35,10
passenger1468,12,22,478,480,500,2,20,22,8
passenger1469,5,21,479,483,507,4,24,28,11
passenger1470,8,15,480,480,498,0,18,18,1
passenger1471,13,18,480,483,490,3,7,10,8
passenger1472,21,9,481,481,503,0,22,22,10
passenger1473,5,11,481,483,504,2,21,23,7
passenger1474,16,19,481,539,544,58,5,63,9
passenger1475,19,9,481,569,608,88,39,127,10
passenger1476,24,3,481,494,539,13,45,58,15
passenger1477,3,1,482,487,553,5,66,71,2
passenger1478,24,5,482,494,533,12,39,51,15
passenger1479,16,21,482,586,651,104,65,169,9
passenger1480,20,24,482,484,580,2,96,98,10
passenger1481,2,11,482,482,495,0,13,13,0
passenger1482,13,18,483,483,490,0,7,7,8
passenger1483,16,14,483,586,592,103,6,109,9
passenger1484,8,3,484,488,550,4,62,66,11
passenger1485,11,7,484,484,499,0,15,15,4
passenger1486,14,20,484,485,500,1,15,16,5
passenger1487,14,15,484,485,488,1,3,4,5
passenger1488,2,17,484,484,505,0,21,21,0
passenger1489,11,4,485,485,508,0,23,23,4
passenger1490,6,20,485,485,533,0,48,48,6
passenger1491,23,13,486,491,513,5,22,27,15
passenger1492,25,5,486,497,533,11,36,47,15
passenger1493,8,24,486,494,531,8,37,45,7
passenger1494,5,17,486,487,510,1,23,24,13
passenger1495,6,9,486,486,498,0,12,12,7
passenger1496,12,9,487,488,538,1,50,51,1
passenger1497,22,25,487,487,497,0,10,10,15
passenger1498,13,14,487,491,494,4,3,7,1
passenger1499,2,6,487,489,506,2,17,19,12
passenger1500,1,22,488,494,537,6,43,49,12
passenger1501,6,9,488,488,498,0,10,10,7
passenger1502,22,18,488,488,506,0,18,18,15
passenger1503,16,1,489,489,508,0,19,19,14
passenger1504,15,8,489,489,539,0,50,50,5
passenger1505,19,24,490,493,504,3,11,14,8
passenger1506,7,9,490,491,498,1,7,8,7
passenger1507,9,21,490,491,507,1,16,17,11
passenger1508,2,23,491,491,540,0,49,49,12
passenger1509,20,13,491,496,523,5,27,32,8
passenger1510,15,23,491,491,507,0,16,16,5
passenger1511,20,7,491,496,535,5,39,44,8
passenger1512,2,17,491,491,526,0,35,35,12
passenger1513,4,3,491,491,494,0,3,3,6
passenger1514,25,12,492,497,516,5,19,24,15
passenger1515,17,6,492,495,544,3,49,52,5
passenger1516,3,2,492,494,497,2,3,5,6
passenger1517,9,1,493,493,517,0,24,24,4
passenger1518,11,9,494,494,498,0,4,4,9
passenger1519,14,15,495,495,498,0,3,3,1
passenger1520,8,12,495,495,507,0,12,12,7
passenger1521,2,8,495,497,507,2,10,12,6
passenger1522,25,13,497,497,513,0,16,16,15
passenger1523,24,13,497,504,523,7,19,26,8
passenger1524,4,22,497,499,537,2,38,40,12
passenger1525,11,16,499,504,515,5,11,16,7
passenger1526,17,8,499,504,541,5,37,42,1
passenger1527,19,13,500,510,530,10,20,30,1
passenger1528,10,8,500,501,570,1,69,70,7
passenger1529,19,7,500,510,545,10,35,45,1
passenger1530,4,23,500,500,540,0,40,40,12
passenger1531,9,17,501,503,562,2,59,61,10
passenger1532,18,21,501,507,514,6,7,13,1
passenger1533,16,18,501,501,507,0,6,6,1
passenger1534,21,24,502,503,510,1,7,8,5
passenger1535,2,19,502,505,548,3,43,46,14
passenger1536,5,23,503,503,540,0,37,37,12
passenger1537,2,7,503,505,518,2,13,15,14
passenger1538,5,16,503,503,521,0,18,18,12
passenger1539,1,13,503,508,534,5,26,31,14
passenger1540,25,14,503,507,520,4,13,17,8
passenger1541,12,17,503,507,518,4,11,15,7
passenger1542,14,10,503,511,566,8,55,63,7
passenger1543,15,1,504,504,570,0,66,66,13
passenger1544,7,17,504,504,526,0,22,22,6
passenger1545,9,2,505,505,525,0,20,20,10
passenger1546,4,22,505,508,556,3,48,51,4
passenger1547,9,1,506,506,528,0,22,22,10
passenger1548,19,14,506,507,523,1,16,17,2
passenger1549,12,23,506,507,528,1,21,22,7
passenger1550,8,15,506,507,522,1,15,16,6
passenger1551,19,16,506,507,517,1,10,11,2
passenger1552,6,18,507,507,529,0,22,22,12
passenger1553,19,4,508,508,544,0,36,36,2
passenger1554,5,17,508,514,542,6,28,34,14
passenger1555,3,23,508,511,559,3,48,51,4
passenger1556,3,25,509,511,567,2,56,58,4
passenger1557,17,12,509,510,541,1,31,32,13
passenger1558,7,9,509,578,592,69,14,83,12
passenger1559,19,6,509,509,544,0,35,35,0
passenger1560,14,25,510,511,534,1,23,24,7
passenger1561,7,18,510,578,606,68,28,96,12
passenger1562,5,21,510,514,554,4,40,44,14
passenger1563,5,8,510,514,521,4,7,11,14
passenger1564,12,10,511,513,564,2,51,53,6
passenger1565,5,17,511,514,542,3,28,31,14
passenger1566,1,25,511,512,560,1,48,49,9
passenger1567,2,9,512,514,531,2,17,19,4
passenger1568,24,4,513,516,547,3,31,34,11
passenger1569,2,19,513,514,549,1,35,36,4
passenger1570,2,23,513,514,559,1,45,46,4
passenger1571,12,22,514,514,540,0,26,26,6
passenger1572,7,4,514,518,596,4,78,82,14
passenger1573,25,20,514,514,523,0,9,9,5
passenger1574,23,8,515,519,539,4,20,24,11
passenger1575,11,15,515,521,573,6,52,58,15
passenger1576,12,7,515,515,574,0,59,59,6
passenger1577,10,16,515,525,539,10,14,24,14
passenger1578,1,9,515,517,531,2,14,16,4
passenger1579,8,2,516,521,602,5,81,86,14
passenger1580,4,13,516,517,534,1,17,18,9
passenger1581,3,9,517,523,531,6,8,14,4
passenger1582,15,22,517,520,596,3,76,79,2
passenger1583,3,11,518,613,633,95,20,115,4
passenger1584,3,11,518,613,633,95,20,115,4
passenger1585,13,20,518,518,533,0,15,15,6
passenger1586,12,24,518,518,590,0,72,72,15
passenger1587,4,2,519,519,525,0,6,6,10
passenger1588,1,9,519,519,531,0,12,12,4
passenger1589,5,3,519,520,613,1,93,94,9
passenger1590,6,25,519,523,560,4,37,41,9
passenger1591,21,1,520,520,553,0,33,33,5
passenger1592,23,6,520,520,543,0,23,23,11
passenger1593,11,9,521,527,531,6,4,10,8
passenger1594,11,20,522,527,566,5,39,44,8
passenger1595,18,15,522,522,527,0,5,5,0
passenger1596,16,19,523,523,532,0,9,9,12
passenger1597,5,10,524,607,630,83,23,106,4
passenger1598,3,18,525,613,642,88,29,117,4
passenger1599,11,16,525,528,539,3,11,14,14
passenger1600,15,7,526,526,545,0,19,19,1
passenger1601,4,25,526,610,659,84,49,133,4
passenger1602,8,3,527,527,613,0,86,86,9
passenger1603,8,23,528,602,655,74,53,127,9
passenger1604,7,25,528,601,659,73,58,131,4
passenger1605,12,22,528,531,557,3,26,29,14
passenger1606,17,2,528,528,550,0,22,22,5
passenger1607,13,11,528,531,535,3,4,7,0
passenger1608,6,14,529,535,578,6,43,49,2
passenger1609,3,18,529,534,566,5,32,37,10
passenger1610,21,3,529,536,586,7,50,57,6
passenger1611,12,17,529,579,640,50,61,111,14
passenger1612,2,10,529,531,549,2,18,20,10
passenger1613,7,1,529,532,553,3,21,24,2
passenger1614,21,12,530,536,560,6,24,30,6
passenger1615,19,15,530,530,555,0,25,25,6
passenger1616,22,25,530,543,638,13,95,108,7
passenger1617,16,9,531,531,548,0,17,17,13
passenger1618,11,21,531,535,571,4,36,40,0
passenger1619,11,13,531,535,555,4,20,24,0
passenger1620,5,25,533,538,605,5,67,72,2
passenger1621,17,9,533,549,568,16,19,35,6
passenger1622,15,11,533,534,544,1,10,11,13
passenger1623,4,22,533,537,576,4,39,43,10
passenger1624,23,21,534,540,547,6,7,13,7
passenger1625,10,7,534,535,545,1,10,11,1
passenger1626,2,19,535,550,587,15,37,52,2
passenger1627,9,23,535,536,586,1,50,51,11
passenger1628,22,4,536,540,581,4,41,45,6
passenger1629,23,4,536,540,584,4,44,48,7
passenger1630,13,12,536,538,541,2,3,5,13
passenger1631,24,17,536,537,555,1,18,19,7
passenger1632,22,15,537,537,560,0,23,23,12
passenger1633,21,22,537,537,540,0,3,3,6
passenger1634,22,11,537,537,570,0,33,33,12
passenger1635,10,25,538,538,579,0,41,41,0
passenger1636,19,23,538,545,634,7,89,96,6
passenger1637,15,24,539,539,562,0,23,23,4
passenger1638,18,19,539,545,548,6,3,9,14
passenger1639,5,15,539,539,581,0,42,42,2
passenger1640,19,20,540,548,551,8,3,11,14
passenger1641,24,9,540,543,574,3,31,34,12
passenger1642,8,25,540,540,602,0,62,62,5
passenger1643,25,5,540,546,582,6,36,42,12
passenger1644,10,24,540,540,574,0,34,34,8
passenger1645,5,20,541,541,590,0,49,49,2
passenger1646,3,5,541,541,551,0,10,10,15
passenger1647,20,16,541,550,558,9,8,17,7
passenger1648,14,22,542,548,570,6,22,28,8
passenger1649,8,13,542,542,564,0,22,22,1
passenger1650,16,19,542,542,549,0,7,7,4
passenger1651,9,16,543,546,559,3,13,16,10
passenger1652,12,14,544,544,548,0,4,4,8
passenger1653,22,10,544,544,566,0,22,22,7
passenger1654,17,24,545,545,562,0,17,17,4
passenger1655,20,25,545,547,560,2,13,15,9
passenger1656,15,8,546,551,610,5,59,64,8
passenger1657,25,17,546,546,556,0,10,10,12
passenger1658,7,8,546,546,549,0,3,3,1
passenger1659,7,21,546,546,580,0,34,34,1
passenger1660,3,19,547,547,587,0,40,40,2
passenger1661,14,2,547,548,627,1,79,80,8
passenger1662,16,19,548,554,563,6,9,15,8
passenger1663,19,14,548,548,575,0,27,27,14
passenger1664,9,5,549,549,557,0,8,8,13
passenger1665,1,9,549,553,568,4,15,19,5
passenger1666,16,1,549,552,592,3,40,43,6
passenger1667,25,15,550,560,589,10,29,39,9
passenger1668,8,25,550,550,588,0,38,38,1
passenger1669,5,24,550,554,589,4,35,39,11
passenger1670,8,10,551,551,557,0,6,6,1
passenger1671,11,25,551,551,579,0,28,28,0
passenger1672,7,25,551,553,624,2,71,73,13
passenger1673,9,8,552,554,619,2,65,67,1
passenger1674,16,18,552,554,558,2,4,6,8
passenger1675,9,4,552,554,627,2,73,75,1
passenger1676,10,14,554,557,567,3,10,13,1
passenger1677,2,23,554,554,593,0,39,39,3
passenger1678,1,11,554,554,574,0,20,20,5
passenger1679,20,9,555,563,585,8,22,30,14
passenger1680,13,3,555,555,619,0,64,64,0
passenger1681,20,16,555,563,571,8,8,16,14
passenger1682,22,9,555,557,585,2,28,30,14
passenger1683,2,9,556,556,569,0,13,13,2
passenger1684,4,14,556,562,595,6,33,39,13
passenger1685,4,24,556,560,600,4,40,44,2
passenger1686,16,7,557,558,575,1,17,18,7
passenger1687,24,20,557,557,573,0,16,16,9
passenger1688,11,4,558,560,627,2,67,69,1
passenger1689,9,15,558,560,571,2,11,13,11
passenger1690,20,7,559,566,613,7,47,54,8
passenger1691,19,8,559,563,610,4,47,51,8
passenger1692,7,12,559,559,568,0,9,9,15
passenger1693,5,11,559,559,588,0,29,29,13
passenger1694,9,8,560,560,618,0,58,58,11
passenger1695,20,9,560,563,585,3,22,25,14
passenger1696,18,19,560,560,563,0,3,3,8
passenger1697,17,7,560,561,604,1,43,44,0
passenger1698,21,6,560,560,592,0,32,32,14
passenger1699,7,22,561,562,595,1,33,34,5
passenger1700,9,18,561,561,579,0,18,18,11
passenger1701,2,16,561,566,601,5,35,40,13
passenger1702,22,18,561,567,580,6,13,19,9
passenger1703,15,22,562,562,612,0,50,50,12
passenger1704,8,10,562,565,571,3,6,9,5
passenger1705,2,18,562,566,607,4,41,45,13
passenger1706,19,4,563,563,623,0,60,60,8
passenger1707,17,20,563,563,568,0,5,5,0
passenger1708,6,12,563,564,574,1,10,11,2
passenger1709,23,11,563,564,597,1,33,34,9
passenger1710,19,14,563,563,592,0,29,29,8
passenger1711,17,16,563,563,591,0,28,28,0
passenger1712,17,20,563,563,572,0,9,9,10
passenger1713,23,8,564,564,602,0,38,38,9
passenger1714,24,16,564,564,582,0,18,18,4
passenger1715,15,9,564,564,574,0,10,10,12
passenger1716,11,17,564,565,576,1,11,12,11
passenger1717,10,8,565,565,571,0,6,6,6
passenger1718,21,11,565,570,597,5,27,32,9
passenger1719,17,1,566,568,605,2,37,39,14
passenger1720,2,22,567,567,619,0,52,52,13
passenger1721,4,20,567,577,615,10,38,48,13
passenger1722,23,13,567,573,587,6,14,20,4
passenger1723,23,11,568,573,593,5,20,25,4
passenger1724,24,6,568,570,604,2,34,36,4
passenger1725,11,10,568,569,629,1,60,61,3
passenger1726,20,2,568,568,622,0,54,54,0
passenger1727,21,1,570,570,617,0,47,47,9
passenger1728,8,15,572,572,614,0,42,42,7
passenger1729,4,13,572,577,592,5,15,20,13
passenger1730,25,21,572,577,583,5,6,11,8
passenger1731,1,15,572,572,598,0,26,26,13
passenger1732,15,2,572,572,633,0,61,61,11
passenger1733,17,14,572,572,603,0,31,31,1
passenger1734,18,8,573,575,619,2,44,46,1
passenger1735,7,19,573,575,622,2,47,49,7
passenger1736,19,5,573,647,690,74,43,117,9
passenger1737,6,15,573,577,614,4,37,41,6
passenger1738,21,6,573,573,607,0,34,34,0
passenger1739,6,21,574,577,628,3,51,54,6
passenger1740,18,23,574,575,584,1,9,10,1
passenger1741,20,24,575,575,658,0,83,83,9
passenger1742,5,7,575,581,602,6,21,27,7
passenger1743,6,2,576,578,588,2,10,12,7
passenger1744,20,17,576,576,583,0,7,7,9
passenger1745,3,5,577,586,598,9,12,21,6
passenger1746,5,11,578,580,588,2,8,10,13
passenger1747,12,8,579,579,588,0,9,9,14
passenger1748,24,6,579,580,617,1,37,38,10
passenger1749,15,11,580,580,632,0,52,52,5
passenger1750,10,21,580,625,650,45,25,70,14
passenger1751,25,1,580,580,625,0,45,45,0
passenger1752,12,3,580,580,599,0,19,19,14
passenger1753,11,16,580,678,723,98,45,143,14
passenger1754,11,8,581,678,685,97,7,104,14
passenger1755,8,9,581,589,592,8,3,11,12
passenger1756,10,18,581,625,643,44,18,62,14
passenger1757,3,2,581,586,589,5,3,8,6
passenger1758,13,18,581,587,642,6,55,61,4
passenger1759,7,6,582,586,668,4,82,86,12
passenger1760,16,10,583,583,635,0,52,52,5
passenger1761,19,4,583,583,643,0,60,60,3
passenger1762,4,14,583,583,611,0,28,28,6
passenger1763,10,19,584,681,729,97,48,145,14
passenger1764,13,9,584,587,597,3,10,13,4
passenger1765,4,5,584,584,596,0,12,12,7
passenger1766,19,6,585,585,639,0,54,54,3
passenger1767,13,21,586,587,651,1,64,65,4
passenger1768,23,7,586,587,614,1,27,28,10
passenger1769,3,20,586,586,625,0,39,39,6
passenger1770,18,9,587,587,638,0,51,51,5
passenger1771,15,5,587,589,607,2,18,20,9
passenger1772,18,19,587,587,590,0,3,3,5
passenger1773,8,12,588,589,598,1,9,10,12
passenger1774,9,1,589,592,683,3,91,94,12
passenger1775,4,24,589,593,635,4,42,46,7
passenger1776,12,4,589,590,610,1,20,21,4
passenger1777,2,9,589,589,606,0,17,17,7
passenger1778,25,10,589,589,613,0,24,24,1
passenger1779,25,13,590,590,606,0,16,16,1
passenger1780,20,1,590,590,651,0,61,61,2
passenger1781,1,24,590,592,637,2,45,47,6
passenger1782,24,4,591,591,629,0,38,38,11
passenger1783,17,24,591,595,658,4,63,67,10
passenger1784,24,8,592,592,618,0,26,26,11
passenger1785,21,17,592,593,617,1,24,25,2
passenger1786,24,4,592,592,629,0,37,37,11
passenger1787,16,1,593,593,625,0,32,32,0
passenger1788,9,1,593,593,683,0,90,90,12
passenger1789,12,21,593,596,665,3,69,72,8
passenger1790,17,8,596,596,611,0,15,15,10
passenger1791,11,10,596,599,604,3,5,8,8
passenger1792,19,7,597,597,611,0,14,14,15
passenger1793,3,13,597,599,630,2,31,33,14
passenger1794,21,12,598,603,624,5,21,26,3
passenger1795,6,2,598,599,682,1,83,84,7
passenger1796,24,20,599,599,611,0,12,12,5
passenger1797,4,2,599,615,699,16,84,100,14
passenger1798,4,10,599,693,711,94,18,112,14
passenger1799,21,4,600,603,643,3,40,43,3
passenger1800,21,1,600,603,650,3,47,50,3
passenger1801,19,8,601,611,633,10,22,32,3
passenger1802,25,12,601,605,628,4,23,27,2
passenger1803,7,21,601,602,628,1,26,27,6
passenger1804,11,9,601,601,607,0,6,6,8
passenger1805,19,14,601,612,651,11,39,50,13
passenger1806,17,12,601,601,608,0,7,7,11
passenger1807,2,1,602,602,605,0,3,3,14
passenger1808,1,15,602,605,634,3,29,32,14
passenger1809,13,19,602,602,645,0,43,43,10
passenger1810,23,5,602,609,645,7,36,43,2
passenger1811,24,16,602,602,620,0,18,18,2
passenger1812,14,5,603,603,624,0,21,21,1
passenger1813,5,1,603,607,617,4,10,14,4
passenger1814,17,11,604,604,659,0,55,55,13
passenger1815,5,4,605,613,616,8,3,11,0
passenger1816,2,17,605,608,640,3,32,35,14
passenger1817,18,16,606,606,644,0,38,38,12
passenger1818,3,2,606,612,699,6,87,93,14
passenger1819,3,19,606,612,646,6,34,40,14
passenger1820,19,8,607,687,728,80,41,121,3
passenger1821,2,8,608,608,621,0,13,13,14
passenger1822,21,4,608,608,645,0,37,37,5
passenger1823,20,12,608,608,624,0,16,16,3
passenger1824,4,24,608,610,658,2,48,50,9
passenger1825,13,17,608,608,664,0,56,56,1
passenger1826,3,10,608,612,625,4,13,17,14
passenger1827,16,17,609,617,620,8,3,11,6
passenger1828,2,16,609,609,637,0,28,28,14
passenger1829,24,20,609,618,630,9,12,21,12
passenger1830,6,23,609,609,677,0,68,68,0
passenger1831,18,2,609,609,682,0,73,73,13
passenger1832,4,24,609,610,658,1,48,49,9
passenger1833,6,3,610,610,619,0,9,9,0
passenger1834,12,14,610,610,659,0,49,49,11
passenger1835,15,17,610,614,620,4,6,10,6
passenger1836,25,19,612,621,635,9,14,23,12
passenger1837,1,3,612,617,621,5,4,9,4
passenger1838,1,10,612,617,630,5,13,18,9
passenger1839,9,24,612,616,684,4,68,72,1
passenger1840,10,1,612,613,634,1,21,22,1
passenger1841,23,7,613,615,665,2,50,52,12
passenger1842,23,20,613,615,630,2,15,17,12
passenger1843,23,21,613,615,627,2,12,14,12
passenger1844,4,16,613,616,660,3,44,47,0
passenger1845,11,16,614,628,640,14,12,26,10
passenger1846,19,13,614,614,626,0,12,12,5
passenger1847,8,23,614,623,658,9,35,44,15
passenger1848,17,23,614,618,632,4,14,18,7
passenger1849,6,21,615,615,652,0,37,37,15
passenger1850,9,12,615,615,655,0,40,40,11
passenger1851,22,9,615,619,667,4,48,52,13
passenger1852,7,23,615,615,672,0,57,57,8
passenger1853,25,8,616,621,662,5,41,46,12
passenger1854,8,6,616,618,622,2,4,6,11
passenger1855,1,14,616,617,636,1,19,20,9
passenger1856,7,22,616,616,669,0,53,53,8
passenger1857,5,16,616,618,639,2,21,23,15
passenger1858,13,16,617,621,677,4,56,60,3
passenger1859,3,12,618,619,652,1,33,34,0
passenger1860,16,9,619,619,638,0,19,19,5
passenger1861,22,14,619,619,651,0,32,32,13
passenger1862,10,1,619,625,718,6,93,99,10
passenger1863,5,12,620,620,647,0,27,27,8
passenger1864,11,22,621,628,652,7,24,31,10
passenger1865,20,4,621,625,676,4,51,55,7
passenger1866,15,12,621,623,628,2,5,7,2
passenger1867,3,17,621,621,643,0,22,22,9
passenger1868,14,3,622,623,648,1,25,26,5
passenger1869,12,19,622,624,687,2,63,65,3
passenger1870,9,3,622,622,711,0,89,89,10
passenger1871,6,25,623,623,680,0,57,57,11
passenger1872,16,5,623,640,705,17,65,82,10
passenger1873,13,5,623,670,735,47,65,112,3
passenger1874,12,4,623,629,645,6,16,22,5
passenger1875,16,15,623,640,673,17,33,50,10
passenger1876,16,12,624,640,685,16,45,61,10
passenger1877,8,7,625,625,706,0,81,81,15
passenger1878,6,11,625,625,648,0,23,23,11
passenger1879,12,17,625,625,681,0,56,56,3
passenger1880,2,8,625,628,646,3,18,21,0
passenger1881,22,23,626,631,634,5,3,8,6
passenger1882,24,8,626,627,670,1,43,44,13
passenger1883,4,5,626,627,642,1,15,16,1
passenger1884,4,24,626,627,684,1,57,58,1
passenger1885,23,21,626,630,638,4,8,12,13
passenger1886,19,9,626,635,659,9,24,33,12
passenger1887,12,22,627,628,698,1,70,71,2
passenger1888,21,13,628,628,667,0,39,39,6
passenger1889,21,9,628,628,659,0,31,31,7
passenger1890,11,21,629,629,649,0,20,20,10
passenger1891,10,19,629,629,646,0,17,17,15
passenger1892,12,8,630,630,640,0,10,10,2
passenger1893,6,16,630,633,655,3,22,25,8
passenger1894,12,10,630,630,634,0,4,4,2
passenger1895,19,1,630,635,683,5,48,53,12
passenger1896,3,25,631,631,683,0,52,52,0
passenger1897,17,14,631,641,650,10,9,19,12
passenger1898,1,15,631,634,658,3,24,27,1
passenger1899,11,15,631,631,637,0,6,6,10
passenger1900,2,14,631,631,655,0,24,24,1
passenger1901,15,8,631,634,685,3,51,54,14
passenger1902,2,25,631,631,689,0,58,58,1
passenger1903,18,16,632,638,644,6,6,12,12
passenger1904,20,17,632,632,641,0,9,9,12
passenger1905,4,12,632,634,652,2,18,20,0
passenger1906,23,8,632,632,670,0,38,38,13
passenger1907,25,2,633,638,682,5,44,49,7
passenger1908,9,16,633,637,681,4,44,48,2
passenger1909,5,6,633,637,642,4,5,9,0
passenger1910,17,8,634,711,760,77,49,126,12
passenger1911,22,8,634,635,670,1,35,36,13
passenger1912,14,9,635,635,696,0,61,61,15
passenger1913,9,17,635,637,684,2,47,49,2
passenger1914,8,4,635,635,643,0,8,8,3
passenger1915,7,24,636,636,675,0,39,39,8
passenger1916,7,10,636,636,643,0,7,7,8
passenger1917,16,3,636,640,696,4,56,60,9
passenger1918,7,5,636,636,717,0,81,81,8
passenger1919,24,19,637,637,646,0,9,9,6
passenger1920,7,16,638,638,655,0,17,17,8
passenger1921,17,22,638,640,653,2,13,15,14
passenger1922,4,19,639,639,672,0,33,33,1
passenger1923,5,15,639,639,657,0,18,18,0
passenger1924,22,2,639,641,690,2,49,51,6
passenger1925,4,21,639,639,676,0,37,37,1
passenger1926,1,18,639,650,684,11,34,45,3
passenger1927,13,9,641,653,659,12,6,18,12
passenger1928,22,9,641,641,675,0,34,34,6
passenger1929,1,4,641,650,657,9,7,16,3
passenger1930,3,25,642,646,699,4,53,57,3
passenger1931,15,17,642,647,711,5,64,69,12
passenger1932,6,22,642,642,674,0,32,32,0
passenger1933,19,12,642,642,656,0,14,14,13
passenger1934,18,14,642,642,674,0,32,32,4
passenger1935,10,15,642,645,662,3,17,20,11
passenger1936,9,24,642,642,677,0,35,35,11
passenger1937,18,19,643,643,647,0,4,4,4
passenger1938,18,12,644,644,678,0,34,34,4
passenger1939,24,6,644,656,690,12,34,46,4
passenger1940,15,2,646,647,680,1,33,34,12
passenger1941,8,15,646,646,657,0,11,11,0
passenger1942,13,24,647,650,675,3,25,28,8
passenger1943,16,11,647,647,659,0,12,12,13
passenger1944,11,16,647,648,665,1,17,18,11
passenger1945,20,7,647,649,706,2,57,59,15
passenger1946,15,1,647,707,771,60,64,124,12
passenger1947,23,15,648,655,673,7,18,25,10
passenger1948,7,16,648,664,680,16,16,32,5
passenger1949,17,23,649,650,729,1,79,80,6
passenger1950,1,11,649,652,671,3,19,22,5
passenger1951,5,15,649,658,677,9,19,28,5
passenger1952,13,12,649,650,704,1,54,55,8
passenger1953,25,14,649,661,677,12,16,28,10
passenger1954,11,2,650,650,737,0,87,87,11
passenger1955,8,23,651,662,727,11,65,76,7
passenger1956,12,23,651,651,681,0,30,30,1
passenger1957,14,11,652,652,659,0,7,7,13
passenger1958,14,2,652,652,682,0,30,30,13
passenger1959,2,12,652,654,673,2,19,21,2
passenger1960,15,14,652,659,662,7,3,10,6
passenger1961,11,8,652,652,717,0,65,65,11
passenger1962,18,16,652,665,669,13,4,17,14
passenger1963,2,12,653,653,667,0,14,14,3
passenger1964,18,20,653,692,762,39,70,109,8
passenger1965,8,24,653,662,730,9,68,77,7
passenger1966,17,11,653,659,707,6,48,54,8
passenger1967,16,22,653,653,726,0,73,73,6
passenger1968,6,4,653,661,736,8,75,83,5
passenger1969,12,3,653,653,679,0,26,26,7
passenger1970,21,25,654,654,662,0,8,8,15
passenger1971,16,25,654,654,733,0,79,79,6
passenger1972,2,16,654,654,681,0,27,27,2
passenger1973,12,7,654,654,665,0,11,11,7
passenger1974,8,14,655,662,706,7,44,51,7
passenger1975,17,5,655,659,717,4,58,62,8
passenger1976,16,24,656,656,675,0,19,19,8
passenger1977,1,22,656,747,804,91,57,148,5
passenger1978,16,9,656,656,675,0,19,19,6
passenger1979,19,16,656,662,669,6,7,13,14
passenger1980,20,3,656,657,696,1,39,40,14
passenger1981,2,17,657,743,785,86,42,128,5
passenger1982,8,6,657,662,668,5,6,11,7
passenger1983,11,19,658,659,719,1,60,61,13
passenger1984,5,25,658,658,700,0,42,42,5
passenger1985,11,4,658,659,678,1,19,20,13
passenger1986,2,22,658,682,724,24,42,66,7
passenger1987,3,11,658,679,699,21,20,41,7
passenger1988,17,13,658,663,708,5,45,50,0
passenger1989,7,3,658,664,740,6,76,82,5
passenger1990,18,13,659,692,701,33,9,42,8
passenger1991,2,5,659,682,691,23,9,32,7
passenger1992,15,5,659,659,681,0,22,22,6
passenger1993,10,4,659,664,678,5,14,19,13
passenger1994,20,16,659,659,669,0,10,10,14
passenger1995,20,2,659,659,699,0,40,40,14
passenger1996,10,7,659,700,760,41,60,101,13
passenger1997,16,21,659,660,671,1,11,12,0
passenger1998,6,20,660,660,692,0,32,32,2
passenger1999,15,21,660,660,676,0,16,16,1
passenger2000,3,25,661,677,731,16,54,70,12
passenger2001,11,8,661,661,670,0,9,9,13
passenger2002,5,25,661,671,731,10,60,70,12
passenger2003,23,4,662,663,694,1,31,32,4
passenger2004,12,19,662,670,719,8,49,57,6
passenger2005,15,5,662,662,728,0,66,66,11
passenger2006,10,8,663,700,757,37,57,94,13
passenger2007,25,6,663,663,709,0,46,46,15
passenger2008,18,23,663,666,677,3,11,14,0
passenger2009,20,4,663,664,693,1,29,30,9
passenger2010,4,20,664,674,720,10,46,56,12
passenger2011,19,11,664,667,680,3,13,16,9
passenger2012,14,1,664,664,696,0,32,32,6
passenger2013,8,14,664,664,677,0,13,13,2
passenger2014,4,2,664,676,682,12,6,18,7
passenger2015,6,25,665,668,731,3,63,66,12
passenger2016,18,24,665,666,680,1,14,15,0
passenger2017,7,15,665,665,677,0,12,12,5
passenger2018,23,9,666,667,696,1,29,30,15
passenger2019,17,18,666,666,669,0,3,3,1
passenger2020,21,25,666,666,679,0,13,13,8
passenger2021,16,15,667,667,699,0,32,32,11
passenger2022,22,18,667,671,679,4,8,12,15
passenger2023,10,16,667,668,681,1,13,14,2
passenger2024,14,6,667,673,732,6,59,65,3
passenger2025,13,16,668,670,677,2,7,9,3
passenger2026,23,15,668,668,686,0,18,18,15
passenger2027,5,25,668,671,733,3,62,65,7
passenger2028,15,8,668,672,685,4,13,17,14
passenger2029,19,10,668,668,683,0,15,15,9
passenger2030,10,21,669,669,695,0,26,26,2
passenger2031,22,14,669,671,689,2,18,20,15
passenger2032,10,22,669,669,698,0,29,29,2
passenger2033,5,19,669,671,717,2,46,48,12
passenger2034,15,22,670,715,790,45,75,120,3
passenger2035,11,21,670,671,692,1,21,22,5
passenger2036,1,19,670,685,719,15,34,49,7
passenger2037,2,17,670,680,711,10,31,41,12
passenger2038,5,25,670,671,733,1,62,63,7
passenger2039,20,3,671,675,714,4,39,43,15
passenger2040,23,7,671,672,713,1,41,42,8
passenger2041,14,3,671,673,739,2,66,68,3
passenger2042,3,7,672,687,693,15,6,21,12
passenger2043,14,22,672,673,692,1,19,20,3
passenger2044,5,19,673,673,719,0,46,46,7
passenger2045,1,8,673,683,696,10,13,23,12
passenger2046,5,4,674,675,678,1,3,4,13
passenger2047,15,23,674,674,738,0,64,64,9
passenger2048,17,22,674,681,692,7,11,18,3
passenger2049,15,2,674,674,714,0,40,40,10
passenger2050,9,21,675,675,723,0,48,48,6
passenger2051,2,3,675,682,685,7,3,10,13
passenger2052,21,2,675,676,750,1,74,75,1
passenger2053,24,19,676,676,689,0,13,13,8
passenger2054,17,14,676,682,689,6,7,13,15
passenger2055,3,11,677,687,701,10,14,24,12
passenger2056,21,23,677,677,681,0,4,4,1
passenger2057,12,21,677,678,732,1,54,55,4
passenger2058,20,2,678,697,729,19,32,51,0
passenger2059,16,14,678,678,718,0,40,40,3
passenger2060,20,23,679,697,790,18,93,111,0
passenger2061,14,9,679,679,695,0,16,16,10
passenger2062,25,18,680,680,689,0,9,9,11
passenger2063,17,3,680,682,714,2,32,34,15
passenger2064,11,5,680,680,690,0,10,10,9
passenger2065,13,21,681,682,756,1,74,75,10
passenger2066,6,25,681,694,732,13,38,51,13
passenger2067,4,3,682,684,687,2,3,5,6
passenger2068,25,3,683,683,726,0,43,43,0
passenger2069,19,20,683,685,688,2,3,5,5
passenger2070,9,2,683,683,698,0,15,15,4
passenger2071,8,2,684,686,698,2,12,14,4
passenger2072,17,23,684,684,701,0,17,17,2
passenger2073,25,21,684,684,694,0,10,10,0
passenger2074,20,23,684,688,696,4,8,12,5
passenger2075,20,17,684,686,695,2,9,11,8
passenger2076,25,9,684,684,716,0,32,32,0
passenger2077,11,23,684,688,762,4,74,78,10
passenger2078,8,4,684,686,694,2,8,10,4
passenger2079,7,15,685,688,720,3,32,35,14
passenger2080,23,4,686,699,744,13,45,58,1
passenger2081,18,20,686,687,692,1,5,6,2
passenger2082,23,19,686,699,712,13,13,26,1
passenger2083,4,13,686,688,709,2,21,23,13
passenger2084,24,23,686,686,699,0,13,13,1
passenger2085,16,25,687,696,789,9,93,102,11
passenger2086,17,2,687,693,737,6,44,50,11
passenger2087,23,5,688,688,722,0,34,34,0
passenger2088,10,6,688,691,702,3,11,14,10
passenger2089,18,1,688,688,740,0,52,52,2
passenger2090,17,22,688,693,778,5,85,90,11
passenger2091,20,8,689,689,728,0,39,39,5
passenger2092,23,10,690,690,713,0,23,23,0
passenger2093,18,13,690,690,705,0,15,15,11
passenger2094,2,1,691,691,696,0,5,5,6
passenger2095,5,24,691,691,729,0,38,38,13
passenger2096,24,11,691,694,726,3,32,35,1
passenger2097,25,2,691,691,750,0,59,59,1
passenger2098,25,6,691,691,735,0,44,44,1
passenger2099,1,19,692,696,719,4,23,27,6
passenger2100,10,8,692,692,698,0,6,6,10
passenger2101,19,9,693,700,716,7,16,23,0
passenger2102,19,5,693,700,722,7,22,29,0
passenger2103,3,9,693,696,708,3,12,15,9
passenger2104,16,6,693,696,723,3,27,30,11
passenger2105,4,19,693,693,728,0,35,35,9
passenger2106,13,11,693,705,709,12,4,16,11
passenger2107,6,1,693,694,772,1,78,79,13
passenger2108,2,18,693,693,715,0,22,22,6
passenger2109,3,7,694,696,702,2,6,8,9
passenger2110,23,9,695,695,725,0,30,30,3
passenger2111,19,9,696,700,716,4,16,20,0
passenger2112,24,21,696,696,705,0,9,9,1
passenger2113,12,18,697,702,716,5,14,19,7
passenger2114,11,24,698,699,730,1,31,32,7
passenger2115,9,21,698,698,749,0,51,51,15
passenger2116,16,17,700,767,770,67,3,70,0
passenger2117,9,21,700,700,749,0,49,49,15
passenger2118,19,21,700,777,781,77,4,81,0
passenger2119,21,4,701,707,733,6,26,32,2
passenger2120,22,7,701,702,732,1,30,31,1
passenger2121,25,14,701,701,718,0,17,17,5
passenger2122,9,6,702,702,709,0,7,7,15
passenger2123,10,1,702,702,772,0,70,70,13
passenger2124,18,17,702,773,810,71,37,108,0
passenger2125,14,10,702,702,713,0,11,11,11
passenger2126,19,22,702,777,784,75,7,82,0
passenger2127,3,10,702,702,711,0,9,9,14
passenger2128,25,22,703,703,708,0,5,5,5
passenger2129,25,5,703,703,733,0,30,30,5
passenger2130,12,4,704,704,720,0,16,16,8
passenger2131,22,13,704,704,722,0,18,18,2
passenger2132,7,3,704,704,779,0,75,75,9
passenger2133,19,21,704,713,774,9,61,70,2
passenger2134,22,25,704,704,784,0,80,80,2
passenger2135,21,20,706,706,709,0,3,3,1
passenger2136,21,25,706,706,803,0,97,97,1
passenger2137,12,19,706,706,719,0,13,13,13
passenger2138,21,3,707,707,736,0,29,29,2
passenger2139,18,9,707,708,725,1,17,18,3
passenger2140,4,5,708,708,724,0,16,16,10
passenger2141,3,23,709,711,762,2,51,53,10
passenger2142,20,3,709,709,747,0,38,38,1
passenger2143,16,17,709,710,713,1,3,4,7
passenger2144,13,16,709,709,714,0,5,5,13
passenger2145,23,13,710,727,749,17,22,39,12
passenger2146,17,15,710,711,715,1,4,5,3
passenger2147,10,23,710,711,738,1,27,28,9
passenger2148,11,20,710,710,774,0,64,64,11
passenger2149,16,18,710,744,779,34,35,69,7
passenger2150,20,19,710,710,713,0,3,3,2
passenger2151,15,16,711,715,718,4,3,7,4
passenger2152,13,9,711,711,756,0,45,45,4
passenger2153,19,22,712,712,796,0,84,84,1
passenger2154,18,20,712,714,720,2,6,8,12
passenger2155,21,10,713,723,756,10,33,43,12
passenger2156,2,9,713,714,732,1,18,19,10
passenger2157,19,21,714,714,774,0,60,60,2
passenger2158,13,20,714,716,732,2,16,18,14
passenger2159,2,17,715,715,744,0,29,29,10
passenger2160,17,13,716,716,722,0,6,6,1
passenger2161,18,13,716,716,751,0,35,35,6
passenger2162,14,16,717,717,721,0,4,4,9
passenger2163,20,7,718,720,763,2,43,45,12
passenger2164,8,11,719,719,755,0,36,36,11
passenger2165,6,9,719,719,724,0,5,5,15
passenger2166,9,8,719,724,796,5,72,77,15
passenger2167,11,13,721,723,775,2,52,54,5
passenger2168,18,8,721,722,759,1,37,38,4
passenger2169,22,12,722,726,754,4,28,32,6
passenger2170,19,3,722,726,770,4,44,48,4
passenger2171,5,12,722,725,738,3,13,16,8
passenger2172,10,13,722,727,732,5,5,10,15
passenger2173,4,12,722,722,738,0,16,16,8
passenger2174,18,19,723,723,726,0,3,3,4
passenger2175,7,9,723,728,732,5,4,9,10
passenger2176,14,13,723,736,787,13,51,64,15
passenger2177,20,10,723,729,753,6,24,30,4
passenger2178,17,23,724,724,738,0,14,14,9
passenger2179,8,21,724,728,785,4,57,61,3
passenger2180,9,17,724,724,743,0,19,19,15
passenger2181,16,14,724,724,749,0,25,25,14
passenger2182,6,3,725,725,734,0,9,9,11
passenger2183,23,22,725,725,737,0,12,12,13
passenger2184,23,13,725,725,748,0,23,23,13
passenger2185,23,12,726,726,751,0,25,25,13
passenger2186,2,5,726,729,742,3,13,16,0
passenger2187,7,10,726,729,734,3,5,8,8
passenger2188,24,9,727,730,757,3,27,30,7
passenger2189,16,7,727,743,758,16,15,31,14
passenger2190,17,15,728,740,746,12,6,18,14
passenger2191,4,12,729,731,758,2,27,29,11
passenger2192,3,23,729,738,790,9,52,61,0
passenger2193,18,24,730,736,823,6,87,93,14
passenger2194,22,6,730,735,765,5,30,35,4
passenger2195,18,3,731,736,768,5,32,37,14
passenger2196,25,20,731,731,740,0,9,9,12
passenger2197,18,25,731,736,826,5,90,95,14
passenger2198,22,3,731,735,779,4,44,48,9
passenger2199,1,25,731,732,794,1,62,63,0
passenger2200,7,11,732,732,777,0,45,45,1
passenger2201,2,16,732,735,767,3,32,35,0
passenger2202,21,22,732,732,735,0,3,3,9
passenger2203,15,17,732,739,743,7,4,11,15
passenger2204,13,12,733,733,790,0,57,57,15
passenger2205,14,24,734,736,758,2,22,24,15
passenger2206,7,12,735,751,766,16,15,31,3
passenger2207,16,15,735,743,746,8,3,11,14
passenger2208,1,8,735,740,749,5,9,14,11
passenger2209,17,18,736,740,809,4,69,73,14
passenger2210,19,25,736,740,804,4,64,68,4
passenger2211,17,15,737,740,746,3,6,9,14
passenger2212,9,10,737,759,762,22,3,25,3
passenger2213,21,12,737,737,752,0,15,15,12
passenger2214,18,4,737,737,765,0,28,28,14
passenger2215,4,6,737,737,758,0,21,21,5
passenger2216,5,16,738,738,786,0,48,48,1
passenger2217,16,14,738,803,845,65,42,107,14
passenger2218,8,15,738,749,764,11,15,26,0
passenger2219,3,12,740,740,766,0,26,26,3
passenger2220,4,2,740,743,840,3,97,100,3
passenger2221,5,3,740,740,747,0,7,7,1
passenger2222,12,14,740,740,744,0,4,4,8
passenger2223,16,11,741,741,794,0,53,53,10
passenger2224,5,1,741,741,753,0,12,12,1
passenger2225,18,25,741,742,803,1,61,62,6
passenger2226,8,6,742,749,827,7,78,85,0
passenger2227,8,6,742,749,827,7,78,85,0
passenger2228,6,13,743,745,758,2,13,15,0
passenger2229,20,18,743,743,747,0,4,4,9
passenger2230,24,9,744,765,800,21,35,56,10
passenger2231,13,10,744,749,754,5,5,10,7
passenger2232,2,10,744,744,766,0,22,22,5
passenger2233,7,12,744,751,766,7,15,22,3
passenger2234,4,19,744,744,779,0,35,35,3
passenger2235,22,25,744,759,768,15,9,24,10
passenger2236,3,25,744,744,784,0,40,40,2
passenger2237,22,15,744,752,781,8,29,37,15
passenger2238,9,13,745,752,758,7,6,13,0
passenger2239,14,22,745,745,768,0,23,23,8
passenger2240,14,1,746,746,817,0,71,71,8
passenger2241,18,20,747,747,751,0,4,4,10
passenger2242,8,3,747,749,827,2,78,80,11
passenger2243,4,22,747,747,777,0,30,30,2
passenger2244,12,14,748,749,789,1,40,41,4
passenger2245,25,2,748,761,812,13,51,64,15
passenger2246,6,21,748,748,785,0,37,37,3
passenger2247,14,1,748,748,772,0,24,24,6
passenger2248,18,4,749,749,776,0,27,27,9
passenger2249,20,21,749,751,756,2,5,7,10
passenger2250,12,7,749,749,762,0,13,13,4
passenger2251,23,14,750,755,784,5,29,34,15
passenger2252,16,4,750,750,808,0,58,58,8
passenger2253,16,15,750,750,785,0,35,35,8
passenger2254,8,20,750,750,774,0,24,24,11
passenger2255,4,18,751,754,788,3,34,37,5
passenger2256,25,15,751,761,781,10,20,30,15
passenger2257,3,14,751,751,778,0,27,27,5
passenger2258,14,7,752,757,770,5,13,18,9
passenger2259,16,7,752,752,803,0,51,51,8
passenger2260,14,15,752,757,795,5,38,43,9
passenger2261,17,20,752,752,804,0,52,52,9
passenger2262,23,20,752,755,770,3,15,18,15
passenger2263,20,22,753,753,759,0,6,6,10
passenger2264,7,8,753,753,756,0,3,3,3
passenger2265,14,12,753,757,761,4,4,8,9
passenger2266,18,1,754,756,817,2,61,63,8
passenger2267,4,19,754,754,791,0,37,37,5
passenger2268,21,8,754,756,803,2,47,49,10
passenger2269,8,15,755,756,771,1,15,16,3
passenger2270,12,5,755,755,764,0,9,9,6
passenger2271,13,21,756,758,774,2,16,18,2
passenger2272,19,21,756,759,765,3,6,9,8
passenger2273,17,22,756,768,777,12,9,21,2
passenger2274,7,2,756,760,769,4,9,13,13
passenger2275,3,25,757,757,803,0,46,46,1
passenger2276,17,7,758,768,824,10,56,66,2
passenger2277,22,8,758,759,803,1,44,45,10
passenger2278,15,7,758,762,824,4,62,66,2
passenger2279,3,7,758,758,767,0,9,9,1
passenger2280,6,14,759,759,778,0,19,19,5
passenger2281,1,6,759,774,783,15,9,24,14
passenger2282,15,10,760,762,817,2,55,57,2
passenger2283,16,17,760,765,768,5,3,8,2
passenger2284,25,21,760,761,767,1,6,7,15
passenger2285,6,18,760,760,788,0,28,28,5
passenger2286,16,15,760,768,807,8,39,47,11
passenger2287,20,4,760,762,808,2,46,48,8
passenger2288,10,21,760,760,784,0,24,24,7
passenger2289,23,1,760,762,820,2,58,60,10
passenger2290,12,7,761,761,770,0,9,9,9
passenger2291,5,2,761,762,771,1,9,10,14
passenger2292,14,17,761,761,770,0,9,9,0
passenger2293,14,10,762,762,816,0,54,54,11
passenger2294,20,17,762,762,781,0,19,19,8
passenger2295,23,9,762,762,800,0,38,38,10
passenger2296,6,12,763,763,780,0,17,17,1
passenger2297,13,12,763,765,801,2,36,38,7
passenger2298,21,2,764,765,814,1,49,50,8
passenger2299,14,11,764,764,813,0,49,49,11
passenger2300,6,17,764,764,789,0,25,25,1
passenger2301,21,14,765,765,788,0,23,23,8
passenger2302,3,2,765,766,769,1,3,4,13
passenger2303,11,17,766,769,785,3,16,19,5
passenger2304,8,22,766,767,810,1,43,44,9
passenger2305,1,2,767,772,775,5,3,8,13
passenger2306,4,25,767,767,803,0,36,36,6
passenger2307,13,4,767,767,819,0,52,52,7
passenger2308,8,25,767,767,816,0,49,49,9
passenger2309,18,6,767,776,802,9,26,35,15
passenger2310,7,2,767,767,844,0,77,77,1
passenger2311,20,4,767,770,806,3,36,39,15
passenger2312,8,9,767,767,787,0,20,20,9
passenger2313,16,20,768,768,774,0,6,6,11
passenger2314,8,10,769,770,774,1,4,5,1
passenger2315,10,2,769,774,844,5,70,75,1
passenger2316,19,14,769,773,784,4,11,15,15
passenger2317,12,25,769,772,811,3,39,42,5
passenger2318,5,25,770,776,804,6,28,34,4
passenger2319,18,6,770,773,827,3,54,57,0
passenger2320,17,19,770,802,866,32,64,96,2
passenger2321,10,9,770,774,827,4,53,57,1
passenger2322,21,5,770,861,911,91,50,141,8
passenger2323,1,17,770,771,793,1,22,23,12
passenger2324,23,13,770,771,791,1,20,21,8
passenger2325,4,14,770,773,789,3,16,19,4
passenger2326,7,21,771,771,807,0,36,36,9
passenger2327,16,9,772,772,808,0,36,36,7
passenger2328,16,17,773,773,776,0,3,3,7
passenger2329,17,10,773,776,805,3,29,32,7
passenger2330,15,2,773,773,840,0,67,67,3
passenger2331,11,10,773,777,824,4,47,51,1
passenger2332,14,24,773,778,808,5,30,35,5
passenger2333,24,13,773,871,895,98,24,122,8
passenger2334,17,3,774,776,822,2,46,48,7
passenger2335,13,18,774,775,788,1,13,14,5
passenger2336,18,25,774,774,794,0,20,20,0
passenger2337,12,23,775,780,799,5,19,24,1
passenger2338,25,15,775,784,806,9,22,31,2
passenger2339,3,10,775,775,784,0,9,9,12
passenger2340,20,15,775,775,786,0,11,11,10
passenger2341,24,21,776,781,796,5,15,20,2
passenger2342,2,22,776,776,834,0,58,58,13
passenger2343,9,21,777,782,798,5,16,21,4
passenger2344,13,12,778,817,820,39,3,42,1
passenger2345,2,3,778,778,782,0,4,4,13
passenger2346,15,14,778,781,828,3,47,50,5
passenger2347,4,13,779,779,798,0,19,19,14
passenger2348,2,4,779,779,785,0,6,6,13
passenger2349,13,16,780,817,875,37,58,95,1
passenger2350,17,25,780,780,866,0,86,86,10
passenger2351,22,10,780,780,816,0,36,36,11
passenger2352,20,3,780,803,834,23,31,54,0
passenger2353,22,10,782,782,816,0,34,34,11
passenger2354,20,25,782,782,797,0,15,15,3
passenger2355,18,24,782,791,871,9,80,89,7
passenger2356,1,5,783,893,901,110,8,118,15
passenger2357,16,14,783,783,789,0,6,6,10
passenger2358,4,18,783,785,824,2,39,41,13
passenger2359,2,25,784,812,853,28,41,69,15
passenger2360,4,12,784,785,811,1,26,27,13
passenger2361,21,13,784,784,798,0,14,14,7
passenger2362,19,18,785,788,791,3,3,6,7
passenger2363,24,12,785,788,813,3,25,28,2
passenger2364,25,13,785,785,810,0,25,25,2
passenger2365,23,19,785,785,799,0,14,14,11
passenger2366,4,17,786,786,820,0,34,34,13
passenger2367,22,4,786,786,831,0,45,45,0
passenger2368,21,3,787,787,837,0,50,50,3
passenger2369,22,20,787,787,803,0,16,16,0
passenger2370,4,19,788,788,827,0,39,39,13
passenger2371,3,15,788,809,833,21,24,45,15
passenger2372,24,6,789,789,831,0,42,42,2
passenger2373,5,11,789,792,808,3,16,19,13
passenger2374,10,2,789,789,879,0,90,90,14
passenger2375,12,7,789,790,799,1,9,10,15
passenger2376,4,7,789,789,798,0,9,9,13
passenger2377,1,23,790,893,927,103,34,137,15
passenger2378,25,10,791,791,816,0,25,25,11
passenger2379,22,12,792,792,818,0,26,26,3
passenger2380,23,5,792,792,834,0,42,42,2
passenger2381,8,19,792,801,827,9,26,35,13
passenger2382,6,21,792,795,831,3,36,39,13
passenger2383,11,12,792,792,795,0,3,3,14
passenger2384,20,1,793,793,847,0,54,54,6
passenger2385,19,20,793,793,796,0,3,3,5
passenger2386,21,25,794,797,803,3,6,9,6
passenger2387,20,14,794,794,820,0,26,26,6
passenger2388,12,10,794,794,798,0,4,4,8
passenger2389,21,10,794,797,834,3,37,40,6
passenger2390,15,3,795,795,857,0,62,62,9
passenger2391,8,7,796,796,799,0,3,3,15
passenger2392,11,13,796,796,838,0,42,42,10
passenger2393,18,11,796,797,806,1,9,10,12
passenger2394,4,14,797,806,830,9,24,33,15
passenger2395,2,22,798,812,846,14,34,48,15
passenger2396,20,6,798,798,842,0,44,44,5
passenger2397,7,1,798,798,890,0,92,92,13
passenger2398,10,1,798,798,817,0,19,19,8
passenger2399,24,4,798,800,834,2,34,36,3
passenger2400,17,15,799,799,833,0,34,34,9
passenger2401,6,21,799,802,843,3,41,44,15
passenger2402,3,23,799,809,849,10,40,50,15
passenger2403,19,16,799,799,804,0,5,5,11
passenger2404,22,11,799,799,820,0,21,21,0
passenger2405,8,4,799,803,811,4,8,12,10
passenger2406,24,11,799,800,823,1,23,24,3
passenger2407,21,9,801,801,835,0,34,34,5
passenger2408,24,22,802,802,806,0,4,4,3
passenger2409,8,13,803,803,814,0,11,11,13
passenger2410,20,6,803,803,827,0,24,24,0
passenger2411,1,8,803,893,906,90,13,103,15
passenger2412,15,4,804,807,824,3,17,20,11
passenger2413,9,23,804,870,930,66,60,126,13
passenger2414,2,11,805,812,825,7,13,20,15
passenger2415,1,5,805,893,901,88,8,96,15
passenger2416,3,21,806,809,843,3,34,37,15
passenger2417,4,14,806,806,830,0,24,24,15
passenger2418,18,16,806,807,813,1,6,7,0
passenger2419,17,9,806,806,861,0,55,55,14
passenger2420,23,2,807,807,844,0,37,37,6
passenger2421,3,22,807,811,867,4,56,60,8
passenger2422,2,5,807,814,825,7,11,18,8
passenger2423,5,1,808,808,820,0,12,12,10
passenger2424,3,15,809,811,841,2,30,32,8
passenger2425,17,3,809,810,834,1,24,25,0
passenger2426,24,3,810,811,846,1,35,36,4
passenger2427,18,21,810,810,816,0,6,6,14
passenger2428,14,13,811,814,830,3,16,19,12
passenger2429,3,7,811,811,829,0,18,18,8
passenger2430,22,9,811,811,845,0,34,34,9
passenger2431,1,19,811,817,853,6,36,42,8
passenger2432,18,2,811,811,879,0,68,68,14
passenger2433,2,3,812,817,824,5,7,12,10
passenger2434,2,16,812,812,836,0,24,24,15
passenger2435,4,16,813,813,843,0,30,30,10
passenger2436,5,25,813,814,874,1,60,61,7
passenger2437,19,10,813,813,834,0,21,21,6
passenger2438,11,2,813,813,830,0,17,17,11
passenger2439,2,14,813,890,916,77,26,103,15
passenger2440,1,16,814,817,844,3,27,30,8
passenger2441,10,4,815,816,824,1,8,9,11
passenger2442,14,19,815,815,822,0,7,7,12
passenger2443,5,14,816,816,853,0,37,37,7
passenger2444,22,7,817,819,865,2,46,48,14
passenger2445,21,19,817,817,821,0,4,4,5
passenger2446,11,23,818,823,869,5,46,51,3
passenger2447,25,6,818,818,850,0,32,32,9
passenger2448,25,1,819,819,863,0,44,44,9
passenger2449,4,2,819,819,825,0,6,6,7
passenger2450,10,24,819,819,873,0,54,54,2
passenger2451,16,3,820,821,846,1,25,26,4
passenger2452,13,10,820,825,834,5,9,14,6
passenger2453,12,7,820,820,833,0,13,13,1
passenger2454,6,24,820,882,930,62,48,110,15
passenger2455,14,11,820,820,831,0,11,11,6
passenger2456,2,20,820,820,858,0,38,38,8
passenger2457,12,10,820,820,826,0,6,6,3
passenger2458,17,4,821,821,881,0,60,60,13
passenger2459,14,22,822,822,884,0,62,62,6
passenger2460,12,1,823,828,847,5,19,24,6
passenger2461,6,2,824,831,839,7,8,15,2
passenger2462,13,10,824,826,831,2,5,7,4
passenger2463,4,18,824,824,860,0,36,36,11
passenger2464,5,9,825,825,833,0,8,8,8
passenger2465,25,2,826,826,879,0,53,53,14
passenger2466,7,8,826,826,847,0,21,21,2
passenger2467,13,7,826,826,838,0,12,12,4
passenger2468,25,1,826,826,882,0,56,56,14
passenger2469,24,14,827,829,845,2,16,18,14
passenger2470,1,3,827,828,832,1,4,5,7
passenger2471,3,8,827,827,840,0,13,13,11
passenger2472,9,17,827,827,878,0,51,51,1
passenger2473,8,19,828,830,887,2,57,59,1
passenger2474,8,7,828,830,833,2,3,5,1
passenger2475,7,9,828,828,850,0,22,22,2
passenger2476,21,7,828,831,876,3,45,48,13
passenger2477,7,24,828,828,873,0,45,45,2
passenger2478,17,5,829,829,853,0,24,24,9
passenger2479,22,5,830,833,872,3,39,42,14
passenger2480,5,12,831,834,855,3,21,24,2
passenger2481,18,5,831,847,885,16,38,54,12
passenger2482,19,4,831,852,881,21,29,50,13
passenger2483,20,3,831,849,884,18,35,53,13
passenger2484,12,17,831,833,844,2,11,13,12
passenger2485,7,16,832,833,875,1,42,43,1
passenger2486,18,17,832,919,938,87,19,106,13
passenger2487,10,20,833,833,851,0,18,18,10
passenger2488,19,9,834,918,950,84,32,116,14
passenger2489,19,23,834,922,930,88,8,96,13
passenger2490,21,19,834,922,938,88,16,104,14
passenger2491,20,21,834,849,926,15,77,92,13
passenger2492,8,19,834,835,882,1,47,48,4
passenger2493,5,9,834,835,843,1,8,9,11
passenger2494,24,8,835,838,873,3,35,38,13
passenger2495,22,11,835,835,851,0,16,16,14
passenger2496,6,3,835,836,841,1,5,6,1
passenger2497,14,12,837,837,870,0,33,33,12
passenger2498,13,2,837,837,860,0,23,23,9
passenger2499,7,1,838,838,850,0,12,12,4
passenger2500,8,24,838,838,870,0,32,32,5
passenger2501,4,18,838,839,862,1,23,24,0
passenger2502,1,15,838,890,908,52,18,70,0
passenger2503,24,9,839,839,870,0,31,31,13
passenger2504,5,15,839,842,857,3,15,18,0
passenger2505,7,23,840,840,888,0,48,48,4
passenger2506,22,17,840,843,856,3,13,16,13
passenger2507,16,19,840,841,851,1,10,11,12
passenger2508,12,25,840,840,924,0,84,84,9
passenger2509,9,1,840,840,921,0,81,81,7
passenger2510,18,17,842,847,855,5,8,13,12
passenger2511,25,10,843,853,876,10,23,33,15
passenger2512,11,15,843,848,856,5,8,13,7
passenger2513,10,20,843,843,863,0,20,20,7
passenger2514,11,20,844,848,863,4,15,19,7
passenger2515,11,6,844,849,906,5,57,62,11
passenger2516,25,14,844,853,868,9,15,24,15
passenger2517,18,15,844,847,861,3,14,17,12
passenger2518,9,25,845,845,869,0,24,24,11
passenger2519,10,25,845,845,874,0,29,29,7
passenger2520,11,1,845,848,921,3,73,76,7
passenger2521,1,25,846,847,893,1,46,47,6
passenger2522,14,10,846,846,854,0,8,8,14
passenger2523,21,16,846,846,859,0,13,13,13
passenger2524,17,18,847,847,850,0,3,3,8
passenger2525,5,3,848,849,939,1,90,91,1
passenger2526,19,1,848,848,912,0,64,64,10
passenger2527,18,4,848,848,888,0,40,40,12
passenger2528,7,18,850,854,882,4,28,32,1
passenger2529,16,20,850,858,864,8,6,14,5
passenger2530,16,2,850,858,912,8,54,62,5
passenger2531,21,6,850,854,905,4,51,55,10
passenger2532,4,22,850,852,884,2,32,34,6
passenger2533,5,14,850,850,871,0,21,21,1
passenger2534,13,20,850,851,864,1,13,14,5
passenger2535,2,3,851,853,856,2,3,5,4
passenger2536,11,12,851,851,854,0,3,3,3
passenger2537,20,16,851,851,883,0,32,32,10
passenger2538,4,25,851,852,893,1,41,42,6
passenger2539,12,25,852,852,869,0,17,17,11
passenger2540,25,2,852,853,890,1,37,38,15
passenger2541,13,11,852,852,873,0,21,21,0
passenger2542,13,8,853,853,881,0,28,28,0
passenger2543,14,13,853,854,887,1,33,34,5
passenger2544,5,8,853,857,864,4,7,11,6
passenger2545,4,22,854,854,884,0,30,30,6
passenger2546,17,10,854,855,876,1,21,22,12
passenger2547,10,2,855,855,879,0,24,24,14
passenger2548,8,24,855,857,900,2,43,45,1
passenger2549,1,4,855,863,870,8,7,15,9
passenger2550,22,14,855,857,889,2,32,34,10
passenger2551,1,13,855,863,894,8,31,39,9
passenger2552,19,9,855,855,903,0,48,48,8
passenger2553,10,16,856,856,913,0,57,57,14
passenger2554,15,23,856,856,868,0,12,12,7
passenger2555,7,4,857,861,934,4,73,77,6
passenger2556,17,14,857,857,864,0,7,7,12
passenger2557,9,18,858,860,882,2,22,24,1
passenger2558,10,5,858,858,872,0,14,14,14
passenger2559,14,11,859,859,894,0,35,35,2
passenger2560,11,12,860,864,867,4,3,7,1
passenger2561,23,6,860,860,905,0,45,45,10
passenger2562,7,15,860,862,872,2,10,12,4
passenger2563,2,4,860,860,870,0,10,10,9
passenger2564,15,13,860,861,867,1,6,7,12
passenger2565,17,3,861,861,913,0,52,52,3
passenger2566,22,13,862,867,895,5,28,33,8
passenger2567,4,8,862,870,882,8,12,20,9
passenger2568,6,12,862,868,907,6,39,45,14
passenger2569,12,11,862,870,873,8,3,11,12
passenger2570,12,23,862,867,897,5,30,35,1
passenger2571,24,13,862,863,892,1,29,30,10
passenger2572,25,21,862,866,872,4,6,10,10
passenger2573,21,6,863,863,908,0,45,45,8
passenger2574,11,9,863,927,931,64,4,68,1
passenger2575,3,2,863,867,959,4,92,96,9
passenger2576,16,11,864,864,873,0,9,9,15
passenger2577,21,17,864,864,885,0,21,21,8
passenger2578,3,21,866,867,914,1,47,48,9
passenger2579,13,15,866,867,915,1,48,49,12
passenger2580,25,17,866,866,880,0,14,14,10
passenger2581,1,5,866,882,892,16,10,26,14
passenger2582,11,1,866,866,890,0,24,24,13
passenger2583,5,20,867,873,911,6,38,44,9
passenger2584,4,5,867,870,873,3,3,6,9
passenger2585,13,3,867,867,893,0,26,26,12
passenger2586,7,24,869,879,921,10,42,52,9
passenger2587,16,25,869,875,898,6,23,29,4
passenger2588,9,16,869,870,915,1,45,46,13
passenger2589,6,10,869,869,903,0,34,34,14
passenger2590,5,21,870,873,914,3,41,44,9
passenger2591,5,6,870,873,876,3,3,6,9
passenger2592,12,11,870,870,873,0,3,3,0
passenger2593,8,9,871,873,902,2,29,31,13
passenger2594,8,23,871,899,930,28,31,59,13
passenger2595,15,23,871,872,888,1,16,17,4
passenger2596,25,17,871,871,885,0,14,14,11
passenger2597,21,3,872,873,913,1,40,41,3
passenger2598,24,13,872,872,887,0,15,15,5
passenger2599,18,7,872,881,903,9,22,31,3
passenger2600,3,23,872,886,926,14,40,54,14
passenger2601,12,4,873,891,910,18,19,37,3
passenger2602,17,2,873,878,937,5,59,64,4
passenger2603,12,18,873,941,981,68,40,108,9
passenger2604,19,12,873,878,891,5,13,18,3
passenger2605,10,21,873,876,918,3,42,45,0
passenger2606,5,2,873,873,879,0,6,6,14
passenger2607,4,21,874,889,922,15,33,48,14
passenger2608,12,1,874,941,962,67,21,88,9
passenger2609,5,1,874,874,882,0,8,8,14
passenger2610,21,12,874,874,891,0,17,17,3
passenger2611,2,6,874,879,895,5,16,21,14
passenger2612,16,15,874,874,915,0,41,41,6
passenger2613,21,1,874,874,917,0,43,43,3
passenger2614,2,1,875,879,882,4,3,7,14
passenger2615,10,19,875,876,914,1,38,39,0
passenger2616,17,6,875,878,927,3,49,52,4
passenger2617,17,5,876,878,930,2,52,54,4
passenger2618,19,11,876,876,898,0,22,22,10
passenger2619,2,10,876,879,903,3,24,27,14
passenger2620,20,18,876,877,881,1,4,5,8
passenger2621,7,19,877,879,908,2,29,31,9
passenger2622,10,12,877,877,903,0,26,26,0
passenger2623,3,25,877,886,930,9,44,53,14
passenger2624,21,5,877,877,909,0,32,32,11
passenger2625,15,20,877,886,935,9,49,58,10
passenger2626,13,6,878,888,906,10,18,28,3
passenger2627,25,7,878,893,929,15,36,51,6
passenger2628,9,10,878,879,908,1,29,30,12
passenger2629,23,13,878,878,901,0,23,23,7
passenger2630,18,23,878,878,887,0,9,9,6
passenger2631,24,22,878,890,900,12,10,22,6
passenger2632,23,24,879,879,946,0,67,67,7
passenger2633,25,17,879,893,911,14,18,32,6
passenger2634,4,3,879,881,884,2,3,5,13
passenger2635,20,8,879,879,901,0,22,22,2
passenger2636,21,24,879,879,932,0,53,53,11
passenger2637,17,20,879,879,890,0,11,11,1
passenger2638,7,11,879,879,889,0,10,10,9
passenger2639,25,21,880,893,903,13,10,23,6
passenger2640,6,24,880,882,930,2,48,50,15
passenger2641,13,22,880,887,936,7,49,56,5
passenger2642,14,16,880,884,928,4,44,48,5
passenger2643,5,9,881,885,909,4,24,28,15
passenger2644,19,22,881,882,935,1,53,54,2
passenger2645,3,2,881,884,887,3,3,6,13
passenger2646,18,12,882,882,898,0,16,16,8
passenger2647,22,2,882,882,918,0,36,36,7
passenger2648,9,1,882,885,962,3,77,80,9
passenger2649,18,22,884,884,894,0,10,10,1
passenger2650,4,9,884,888,905,4,17,21,12
passenger2651,22,2,884,884,918,0,34,34,7
passenger2652,24,23,885,890,897,5,7,12,6
passenger2653,4,18,885,888,920,3,32,35,12
passenger2654,1,13,886,890,908,4,18,22,13
passenger2655,2,14,886,887,911,1,24,25,13
passenger2656,9,18,886,948,981,62,33,95,9
passenger2657,23,13,886,887,919,1,32,33,6
passenger2658,17,16,887,887,890,0,3,3,11
passenger2659,25,6,887,898,927,11,29,40,4
passenger2660,6,10,887,895,903,8,8,16,14
passenger2661,19,22,887,887,894,0,7,7,1
passenger2662,7,3,888,901,937,13,36,49,12
passenger2663,16,15,888,888,891,0,3,3,8
passenger2664,10,5,888,945,954,57,9,66,9
passenger2665,22,19,888,894,913,6,19,25,1
passenger2666,15,7,888,888,904,0,16,16,2
passenger2667,11,2,889,895,912,6,17,23,5
passenger2668,7,12,889,898,907,9,9,18,14
passenger2669,11,3,889,895,909,6,14,20,5
passenger2670,24,7,889,891,924,2,33,35,4
passenger2671,13,12,889,889,892,0,3,3,5
passenger2672,12,22,889,892,936,3,44,47,5
passenger2673,19,22,890,913,960,23,47,70,1
passenger2674,10,7,890,898,903,8,5,13,5
passenger2675,11,15,890,890,898,0,8,8,9
passenger2676,9,12,890,899,930,9,31,40,3
passenger2677,4,15,890,890,915,0,25,25,12
passenger2678,18,14,890,890,898,0,8,8,7
passenger2679,22,25,891,894,903,3,9,12,1
passenger2680,23,3,891,902,934,11,32,43,4
passenger2681,23,9,892,902,920,10,18,28,4
passenger2682,12,11,892,892,895,0,3,3,3
passenger2683,8,22,893,953,969,60,16,76,14
passenger2684,16,25,893,894,949,1,55,56,7
passenger2685,24,11,893,893,916,0,23,23,4
passenger2686,19,13,893,913,923,20,10,30,1
passenger2687,13,19,894,894,932,0,38,38,10
passenger2688,18,23,894,905,918,11,13,24,9
passenger2689,20,16,894,910,918,16,8,24,1
passenger2690,23,3,894,897,939,3,42,45,1
passenger2691,20,10,894,906,924,12,18,30,6
passenger2692,11,20,894,894,931,0,37,37,2
passenger2693,7,23,894,898,926,4,28,32,14
passenger2694,13,9,895,895,901,0,6,6,11
passenger2695,9,11,895,898,918,3,20,23,2
passenger2696,24,3,895,895,934,0,39,39,4
passenger2697,13,21,895,895,927,0,32,32,11
passenger2698,12,15,896,898,923,2,25,27,8
passenger2699,9,4,897,898,909,1,11,12,2
passenger2700,16,23,897,901,918,4,17,21,9
passenger2701,14,11,897,898,905,1,7,8,7
passenger2702,4,24,897,898,930,1,32,33,15
passenger2703,22,23,897,900,955,3,55,58,6
passenger2704,9,16,897,898,925,1,27,28,2
passenger2705,11,6,898,898,905,0,7,7,10
passenger2706,6,10,898,898,908,0,10,10,12
passenger2707,14,4,898,898,914,0,16,16,7
passenger2708,18,12,899,933,941,34,8,42,9
