id,source,dest,submit_tick,pickup_tick,dropoff_tick,wait_time,travel_time,total_time,elevator
passenger1,16,5,0,21,36,21,15,36,6
passenger2,7,6,0,6,15,6,9,15,0
passenger3,9,17,0,8,26,8,18,26,7
passenger4,10,9,0,9,40,9,31,40,8
passenger5,13,16,1,16,21,15,5,20,6
passenger6,1,23,1,1,34,0,33,33,11
passenger7,23,16,1,35,52,34,17,51,12
passenger8,15,18,1,17,22,16,5,21,13
passenger9,12,10,2,17,35,15,18,33,7
passenger10,9,4,2,10,21,8,11,19,0
passenger11,22,9,2,32,65,30,33,63,12
passenger12,8,25,2,8,42,6,34,40,13
passenger13,13,16,2,14,21,12,7,19,8
passenger14,7,19,3,7,25,4,18,22,12
passenger15,12,4,4,13,39,9,26,35,6
passenger16,21,11,4,30,66,26,36,62,13
passenger17,17,9,4,26,38,22,12,34,7
passenger18,15,20,4,17,28,13,11,24,12
passenger19,23,6,4,38,73,34,35,69,13
passenger20,17,23,4,21,35,17,14,31,12
passenger21,17,4,4,24,49,20,25,45,8
passenger22,5,6,5,18,25,13,7,20,0
passenger23,3,19,6,81,107,75,26,101,11
passenger24,25,13,6,42,62,36,20,56,13
passenger25,15,20,6,17,28,11,11,22,12
passenger26,11,12,6,10,13,4,3,7,6
passenger27,15,8,7,22,41,15,19,34,7
passenger28,2,15,7,8,37,1,29,30,9
passenger29,21,2,8,30,79,22,49,71,13
passenger30,6,7,8,15,28,7,13,20,0
passenger31,21,13,9,30,62,21,32,53,13
passenger32,14,17,9,17,24,8,7,15,8
passenger33,7,18,9,9,25,0,16,16,11
passenger34,1,3,9,9,13,0,4,4,1
passenger35,21,17,9,30,52,21,22,43,13
passenger36,5,11,10,17,29,7,12,19,9
passenger37,2,17,10,10,42,0,32,32,9
passenger38,19,7,10,25,71,15,46,61,12
passenger39,9,6,10,10,15,0,5,5,0
passenger40,10,7,11,11,44,0,33,33,7
passenger41,7,11,12,44,52,32,8,40,7
passenger42,22,20,12,32,44,20,12,32,12
passenger43,8,24,12,12,37,0,25,25,11
passenger44,6,23,12,76,117,64,41,105,11
passenger45,8,14,12,41,59,29,18,47,7
passenger46,6,20,12,76,110,64,34,98,11
passenger47,8,22,13,13,31,0,18,18,11
passenger48,3,13,13,13,33,0,20,20,9
passenger49,4,23,14,17,46,3,29,32,14
passenger50,11,17,14,14,26,0,12,12,7
passenger51,22,14,14,32,56,18,24,42,12
passenger52,2,6,14,16,22,2,6,8,1
passenger53,6,23,14,76,117,62,41,103,11
passenger54,23,12,16,129,165,113,36,149,13
passenger55,23,7,16,35,71,19,36,55,12
passenger56,17,10,17,24,37,7,13,20,8
passenger57,7,11,17,21,29,4,8,12,9
passenger58,9,6,18,32,37,14,5,19,0
passenger59,9,4,18,32,41,14,9,23,0
passenger60,25,10,18,135,171,117,36,153,13
passenger61,3,15,19,21,37,2,16,18,10
passenger62,23,9,19,35,65,16,30,46,12
passenger63,22,16,19,35,55,16,20,36,13
passenger64,19,8,19,25,68,6,43,49,12
passenger65,1,9,21,21,35,0,14,14,2
passenger66,24,20,21,132,147,111,15,126,13
passenger67,20,22,22,26,35,4,9,13,13
passenger68,10,9,22,26,56,4,30,34,9
passenger69,24,15,23,132,158,109,26,135,13
passenger70,8,7,23,26,29,3,3,6,1
passenger71,22,2,23,35,79,12,44,56,13
passenger72,2,19,24,25,56,1,31,32,15
passenger73,1,5,24,24,30,0,6,6,3
passenger74,25,11,25,127,154,102,27,129,12
passenger75,19,13,25,25,59,0,34,34,12
passenger76,3,5,25,25,29,0,4,4,2
passenger77,20,3,25,28,81,3,53,56,12
passenger78,15,9,26,56,76,30,20,50,6
passenger79,10,24,26,89,135,63,46,109,14
passenger80,16,9,26,27,40,1,13,14,8
passenger81,10,18,26,89,121,63,32,95,14
passenger82,1,6,26,26,33,0,7,7,4
passenger83,16,3,27,27,52,0,25,25,8
passenger84,20,14,27,27,59,0,32,32,13
passenger85,6,19,27,31,56,4,25,29,15
passenger86,25,11,28,127,154,99,27,126,12
passenger87,8,15,28,28,37,0,9,9,10
passenger88,2,13,28,62,89,34,27,61,10
passenger89,1,11,28,65,79,37,14,51,10
passenger90,19,23,29,53,117,24,64,88,11
passenger91,3,7,29,34,40,5,6,11,3
passenger92,11,15,29,29,37,0,8,8,9
passenger93,25,18,29,41,56,12,15,27,11
passenger94,14,2,30,31,55,1,24,25,8
passenger95,3,4,31,38,41,7,3,10,4
passenger96,17,9,31,66,80,35,14,49,7
passenger97,7,17,32,32,62,0,30,30,6
passenger98,21,11,32,32,66,0,34,34,13
passenger99,23,19,33,34,53,1,19,20,11
passenger100,18,22,33,33,41,0,8,8,14
passenger101,5,19,33,114,144,81,30,111,15
passenger102,24,25,33,37,41,4,4,8,11
passenger103,15,19,34,156,206,122,50,172,14
passenger104,23,22,34,34,46,0,12,12,11
passenger105,23,21,34,34,49,0,15,15,11
passenger106,10,19,35,37,56,2,19,21,15
passenger107,11,21,35,40,60,5,20,25,15
passenger108,21,24,35,125,132,90,7,97,13
passenger109,15,12,35,37,51,2,14,16,9
passenger110,5,16,35,36,59,1,23,24,6
passenger111,15,13,36,37,41,1,4,5,10
passenger112,17,22,36,150,217,114,67,181,14
passenger113,4,11,36,39,50,3,11,14,6
passenger114,19,21,37,68,128,31,60,91,14
passenger115,20,22,37,37,41,0,4,4,14
passenger116,25,16,37,41,62,4,21,25,11
passenger117,7,15,37,44,56,7,12,19,6
passenger118,18,3,38,121,180,83,59,142,14
passenger119,19,14,38,68,75,30,7,37,14
passenger120,24,6,38,38,76,0,38,38,11
passenger121,23,12,38,129,165,91,36,127,13
passenger122,15,17,38,38,42,0,4,4,9
passenger123,15,23,39,48,64,9,16,25,15
passenger124,5,19,39,114,144,75,30,105,15
passenger125,25,6,40,41,76,1,35,36,11
passenger126,7,12,40,44,55,4,11,15,7
passenger127,19,24,40,68,135,28,67,95,14
passenger128,20,12,40,65,81,25,16,41,14
passenger129,17,6,41,42,61,1,19,20,9
passenger130,12,5,41,44,55,3,11,14,10
passenger131,1,22,41,374,401,333,27,360,15
passenger132,21,13,42,62,78,20,16,36,14
passenger133,1,3,42,42,46,0,4,4,5
passenger134,3,18,43,120,141,77,21,98,15
passenger135,6,7,43,44,47,1,3,4,1
passenger136,22,20,43,43,65,0,22,22,14
passenger137,8,15,43,43,79,0,36,36,8
passenger138,6,22,43,111,151,68,40,108,15
passenger139,3,19,43,120,144,77,24,101,15
passenger140,13,19,43,44,56,1,12,13,15
passenger141,12,4,44,44,58,0,14,14,10
passenger142,19,16,44,47,52,3,5,8,12
passenger143,12,10,44,44,48,0,4,4,10
passenger144,9,13,45,66,75,21,9,30,8
passenger145,7,8,45,45,48,0,3,3,3
passenger146,7,1,45,45,57,0,12,12,3
passenger147,24,6,46,49,97,3,48,51,14
passenger148,5,4,46,47,50,1,3,4,0
passenger149,25,12,47,52,81,5,29,34,14
passenger150,9,11,47,48,52,1,4,5,7
passenger151,3,8,47,47,54,0,7,7,5
passenger152,7,21,48,108,148,60,40,100,15
passenger153,2,11,48,55,70,7,15,22,8
passenger154,20,21,48,110,113,62,3,65,12
passenger155,13,6,48,48,61,0,13,13,9
passenger156,9,6,50,50,55,0,5,5,2
passenger157,17,8,51,81,105,30,24,54,9
passenger158,16,17,51,76,81,25,5,30,9
passenger159,24,10,52,55,89,3,34,37,14
passenger160,25,11,52,52,86,0,34,34,14
passenger161,18,17,52,53,88,1,35,36,15
passenger162,21,12,52,113,149,61,36,97,11
passenger163,20,9,53,110,154,57,44,101,11
passenger164,13,18,53,59,106,6,47,53,12
passenger165,16,2,54,59,90,5,31,36,6
passenger166,21,19,54,113,133,59,20,79,11
passenger167,3,25,54,81,127,27,46,73,12
passenger168,17,3,54,62,86,8,24,32,6
passenger169,13,21,55,59,113,4,54,58,12
passenger170,7,24,55,71,124,16,53,69,12
passenger171,11,6,55,74,87,19,13,32,7
passenger172,9,14,56,56,71,0,15,15,9
passenger173,18,24,56,56,120,0,64,64,11
passenger174,5,25,57,75,127,18,52,70,12
passenger175,14,4,57,67,83,10,16,26,6
passenger176,24,9,57,57,92,0,35,35,14
passenger177,16,18,58,108,116,50,8,58,13
passenger178,1,6,58,58,70,0,12,12,3
passenger179,18,9,58,58,71,0,13,13,11
passenger180,1,21,58,85,113,27,28,55,12
passenger181,4,3,59,59,62,0,3,3,0
passenger182,15,3,59,62,92,3,30,33,7
passenger183,17,14,59,62,67,3,5,8,6
passenger184,17,13,60,62,70,2,8,10,6
passenger185,20,17,60,81,88,21,7,28,15
passenger186,11,1,60,74,96,14,22,36,7
passenger187,7,4,60,60,65,0,5,5,1
passenger188,1,7,60,60,73,0,13,13,3
passenger189,6,2,61,61,67,0,6,6,2
passenger190,8,13,61,63,75,2,12,14,8
passenger191,5,7,61,62,68,1,6,7,4
passenger192,1,2,61,61,64,0,3,3,3
passenger193,4,12,62,70,85,8,15,23,10
passenger194,17,20,62,137,191,75,54,129,11
passenger195,16,24,62,62,120,0,58,58,11
passenger196,7,20,63,71,110,8,39,47,12
passenger197,24,15,64,67,94,3,27,30,15
passenger198,22,4,64,75,117,11,42,53,15
passenger199,22,15,65,75,94,10,19,29,15
passenger200,6,2,65,65,75,0,10,10,4
passenger201,18,11,66,121,164,55,43,98,14
passenger202,8,10,67,102,130,35,28,63,8
passenger203,25,11,68,70,102,2,32,34,15
passenger204,2,7,69,69,76,0,7,7,2
passenger205,4,18,70,78,106,8,28,36,12
passenger206,21,22,70,128,131,58,3,61,14
passenger207,16,20,70,153,211,83,58,141,14
passenger208,11,16,71,71,82,0,11,11,8
passenger209,3,14,71,127,161,56,34,90,10
passenger210,14,1,72,72,118,0,46,46,9
passenger211,14,19,73,75,124,2,49,51,14
passenger212,10,14,73,98,142,25,44,69,8
passenger213,8,7,73,73,76,0,3,3,5
passenger214,4,9,74,74,81,0,7,7,1
passenger215,21,24,74,78,155,4,77,81,15
passenger216,16,12,75,76,99,1,23,24,9
passenger217,11,16,76,76,127,0,51,51,7
passenger218,20,11,76,81,102,5,21,26,15
passenger219,15,12,76,89,99,13,10,23,9
passenger220,8,2,76,77,89,1,12,13,3
passenger221,11,18,76,86,121,10,35,45,14
passenger222,18,25,76,141,158,65,17,82,15
passenger223,1,20,77,82,122,5,40,45,13
passenger224,20,11,77,81,102,4,21,25,15
passenger225,8,9,77,77,80,0,3,3,3
passenger226,18,22,78,141,151,63,10,73,15
passenger227,17,13,78,81,93,3,12,15,9
passenger228,17,2,78,81,115,3,34,37,9
passenger229,16,2,78,78,115,0,37,37,9
passenger230,24,23,78,155,162,77,7,84,15
passenger231,13,10,79,89,98,10,9,19,8
passenger232,19,16,79,84,91,5,7,12,15
passenger233,18,13,80,171,182,91,11,102,15
passenger234,6,2,80,81,87,1,6,7,2
passenger235,8,14,81,83,121,2,38,40,7
passenger236,11,13,81,81,89,0,8,8,10
passenger237,7,24,81,87,120,6,33,39,11
passenger238,10,22,82,89,131,7,42,49,14
passenger239,10,12,82,110,155,28,45,73,10
passenger240,16,7,82,82,105,0,23,23,8
passenger241,6,10,82,101,107,19,6,25,6
passenger242,21,4,82,148,203,66,55,121,15
passenger243,11,17,82,82,95,0,13,13,10
passenger244,18,11,83,311,354,228,43,271,15
passenger245,3,1,83,83,87,0,4,4,0
passenger246,12,21,83,83,128,0,45,45,14
passenger247,1,23,83,83,129,0,46,46,13
passenger248,17,1,83,83,118,0,35,35,9
passenger249,9,6,84,84,91,0,7,7,1
passenger250,24,14,84,155,179,71,24,95,15
passenger251,9,7,84,84,88,0,4,4,1
passenger252,15,1,85,85,119,0,34,34,8
passenger253,7,5,85,85,89,0,4,4,5
passenger254,16,17,86,86,147,0,61,61,9
passenger255,12,4,86,86,124,0,38,38,10
passenger256,10,22,86,262,312,176,50,226,14
passenger257,6,5,86,95,98,9,3,12,3
passenger258,3,21,86,87,125,1,38,39,13
passenger259,3,15,87,87,116,0,29,29,6
passenger260,25,17,87,158,174,71,16,87,15
passenger261,11,6,87,107,118,20,11,31,10
passenger262,1,4,87,87,92,0,5,5,0
passenger263,24,4,88,239,285,151,46,197,15
passenger264,1,21,88,175,209,87,34,121,12
passenger265,11,9,88,107,113,19,6,25,10
passenger266,18,14,89,339,347,250,8,258,15
passenger267,23,12,89,162,185,73,23,96,15
passenger268,18,22,89,478,488,389,10,399,15
passenger269,12,8,89,92,102,3,10,13,8
passenger270,25,6,89,242,279,153,37,190,15
passenger271,1,15,90,93,116,3,23,26,6
passenger272,25,3,90,242,288,152,46,198,15
passenger273,22,21,91,151,166,60,15,75,15
passenger274,24,11,91,239,266,148,27,175,15
passenger275,7,13,92,108,118,16,10,26,7
passenger276,4,22,92,181,226,89,45,134,13
passenger277,17,13,92,95,103,3,8,11,10
passenger278,13,18,92,95,104,3,9,12,11
passenger279,14,21,92,97,148,5,51,56,15
passenger280,24,16,93,239,255,146,16,162,15
passenger281,19,8,93,144,195,51,51,102,15
passenger282,1,11,94,94,110,0,16,16,6
passenger283,22,4,94,151,203,57,52,109,15
passenger284,14,5,94,138,173,44,35,79,9
passenger285,11,4,95,95,114,0,19,19,8
passenger286,19,21,95,144,148,49,4,53,15
passenger287,19,18,95,144,171,49,27,76,15
passenger288,6,14,95,105,121,10,16,26,7
passenger289,3,10,95,100,113,5,13,18,7
passenger290,13,17,95,95,147,0,52,52,9
passenger291,3,21,95,102,128,7,26,33,14
passenger292,12,23,96,149,201,53,52,105,11
passenger293,14,18,96,98,104,2,6,8,11
passenger294,21,4,96,148,203,52,55,107,15
passenger295,13,1,96,96,118,0,22,22,9
passenger296,12,21,97,98,125,1,27,28,13
passenger297,22,8,97,151,195,54,44,98,15
passenger298,10,14,98,98,142,0,44,44,8
passenger299,10,5,98,98,111,0,13,13,8
passenger300,8,11,98,102,133,4,31,35,8
passenger301,13,24,98,99,124,1,25,26,12
passenger302,14,10,99,100,110,1,10,11,10
passenger303,17,20,99,137,191,38,54,92,11
passenger304,11,13,99,133,139,34,6,40,8
passenger305,6,22,100,107,131,7,24,31,14
passenger306,22,5,100,197,238,97,41,138,11
passenger307,9,7,100,103,107,3,4,7,1
passenger308,24,2,100,120,167,20,47,67,11
passenger309,6,8,101,102,106,1,4,5,3
passenger310,15,7,101,164,195,63,31,94,10
passenger311,14,19,101,102,119,1,17,18,13
passenger312,21,3,102,113,164,11,51,62,11
passenger313,4,3,103,103,106,0,3,3,0
passenger314,23,17,104,117,137,13,20,33,11
passenger315,14,20,104,104,122,0,18,18,13
passenger316,15,6,104,164,198,60,34,94,10
passenger317,13,18,104,162,212,58,50,108,13
passenger318,1,16,106,159,188,53,29,82,7
passenger319,13,2,107,158,206,51,48,99,10
passenger320,7,12,107,107,136,0,29,29,8
passenger321,9,8,107,109,112,2,3,5,3
passenger322,17,11,108,169,185,61,16,77,10
passenger323,13,20,108,200,220,92,20,112,13
passenger324,3,9,108,108,116,0,8,8,0
passenger325,2,24,108,183,223,75,40,115,14
passenger326,5,21,108,176,214,68,38,106,14
passenger327,5,9,109,109,118,0,9,9,5
passenger328,16,21,110,110,125,0,15,15,13
passenger329,5,6,110,110,113,0,3,3,5
passenger330,23,9,110,119,158,9,39,48,12
passenger331,6,19,110,173,206,63,33,96,14
passenger332,3,22,111,206,233,95,27,122,15
passenger333,22,8,111,116,162,5,46,51,12
passenger334,3,11,112,112,132,0,20,20,9
passenger335,9,24,112,384,413,272,29,301,14
passenger336,16,24,112,112,132,0,20,20,13
passenger337,19,18,113,135,139,22,4,26,12
passenger338,3,2,114,115,118,1,3,4,2
passenger339,2,15,114,115,141,1,26,27,9
passenger340,6,25,114,279,330,165,51,216,15
passenger341,4,24,115,117,155,2,38,40,15
passenger342,17,3,115,120,147,5,27,32,6
passenger343,2,10,115,115,129,0,14,14,9
passenger344,9,8,115,116,119,1,3,4,3
passenger345,14,4,116,130,144,14,14,28,6
passenger346,4,18,116,117,141,1,24,25,15
passenger347,25,7,116,127,165,11,38,49,12
passenger348,24,9,117,120,154,3,34,37,11
passenger349,9,3,117,117,125,0,8,8,0
passenger350,11,13,117,136,183,19,47,66,7
passenger351,17,4,117,120,144,3,24,27,6
passenger352,5,11,118,121,151,3,30,33,10
passenger353,2,4,118,118,122,0,4,4,4
passenger354,16,24,118,153,223,35,70,105,14
passenger355,15,4,119,127,144,8,17,25,6
passenger356,25,14,120,123,143,3,20,23,11
passenger357,18,5,120,153,178,33,25,58,13
passenger358,15,2,120,127,151,7,24,31,6
passenger359,16,6,120,124,140,4,16,20,6
passenger360,23,2,121,121,172,0,51,51,12
passenger361,17,4,121,121,144,0,23,23,6
passenger362,18,13,121,147,160,26,13,39,14
passenger363,25,17,123,123,137,0,14,14,11
passenger364,10,3,123,140,153,17,13,30,7
passenger365,15,12,124,124,133,0,9,9,7
passenger366,2,15,124,168,190,44,22,66,8
passenger367,6,1,124,125,135,1,10,11,1
passenger368,10,6,124,140,148,16,8,24,7
passenger369,2,11,124,168,179,44,11,55,8
passenger370,6,4,125,125,130,0,5,5,1
passenger371,12,2,125,133,156,8,23,31,7
passenger372,25,12,125,125,149,0,24,24,11
passenger373,25,23,125,288,292,163,4,167,11
passenger374,25,14,126,376,395,250,19,269,11
passenger375,11,18,126,164,203,38,39,77,14
passenger376,3,22,126,206,233,80,27,107,15
passenger377,9,1,126,126,139,0,13,13,5
passenger378,6,7,126,126,143,0,17,17,1
passenger379,1,17,126,131,169,5,38,43,10
passenger380,3,22,126,206,233,80,27,107,15
passenger381,12,18,127,256,302,129,46,175,14
passenger382,9,4,127,127,134,0,7,7,5
passenger383,5,17,128,139,169,11,30,41,10
passenger384,18,7,128,147,170,19,23,42,14
passenger385,9,24,129,192,239,63,47,110,15
passenger386,22,11,129,141,168,12,27,39,13
passenger387,7,8,130,131,134,1,3,4,3
passenger388,14,15,130,130,185,0,55,55,6
passenger389,5,2,131,132,145,1,13,14,4
passenger390,13,20,131,182,229,51,47,98,15
passenger391,4,11,131,136,151,5,15,20,10
passenger392,5,7,132,132,136,0,4,4,4
passenger393,16,8,132,188,208,56,20,76,6
passenger394,7,25,133,198,242,65,44,109,15
passenger395,5,24,133,282,327,149,45,194,15
passenger396,14,2,133,180,220,47,40,87,6
passenger397,11,15,133,133,141,0,8,8,9
passenger398,7,14,133,169,204,36,35,71,9
passenger399,17,7,133,191,211,58,20,78,6
passenger400,21,12,134,209,247,75,38,113,12
passenger401,25,3,135,135,184,0,49,49,13
passenger402,9,19,135,270,314,135,44,179,15
passenger403,23,6,136,138,173,2,35,37,14
passenger404,25,5,136,136,178,0,42,42,13
passenger405,11,8,136,136,144,0,8,8,7
passenger406,11,23,136,188,236,52,48,100,15
passenger407,19,20,136,136,206,0,70,70,12
passenger408,7,24,136,198,239,62,41,103,15
passenger409,11,17,137,137,191,0,54,54,7
passenger410,18,17,137,139,142,2,3,5,12
passenger411,16,13,138,144,153,6,9,15,9
passenger412,17,23,138,138,201,0,63,63,11
passenger413,10,13,138,140,183,2,43,45,7
passenger414,5,9,139,140,154,1,14,15,4
passenger415,20,17,139,206,236,67,30,97,12
passenger416,6,14,140,140,180,0,40,40,6
passenger417,21,4,140,144,181,4,37,41,13
passenger418,2,10,141,206,216,65,10,75,10
passenger419,17,8,141,147,165,6,18,24,9
passenger420,21,22,142,142,217,0,75,75,14
passenger421,14,10,142,142,154,0,12,12,8
passenger422,2,21,142,167,194,25,27,52,11
passenger423,23,12,142,229,269,87,40,127,13
passenger424,13,19,142,146,188,4,42,46,11
passenger425,18,4,143,478,536,335,58,393,15
passenger426,17,24,144,144,219,0,75,75,12
passenger427,19,13,144,250,262,106,12,118,15
passenger428,14,7,144,144,161,0,17,17,8
passenger429,17,7,144,147,169,3,22,25,9
passenger430,9,7,144,145,149,1,4,5,3
passenger431,9,10,145,145,148,0,3,3,10
passenger432,3,18,145,164,185,19,21,40,11
passenger433,12,24,145,149,204,4,55,59,11
passenger434,5,17,145,156,191,11,35,46,6
passenger435,5,14,145,156,180,11,24,35,6
passenger436,13,12,146,147,150,1,3,4,8
passenger437,17,21,146,146,209,0,63,63,12
passenger438,8,22,147,157,197,10,40,50,11
passenger439,5,8,147,149,154,2,5,7,0
passenger440,8,24,147,157,204,10,47,57,11
passenger441,3,10,148,148,167,0,19,19,6
passenger442,11,21,149,480,526,331,46,377,11
passenger443,13,25,149,223,288,74,65,139,11
passenger444,19,18,149,150,153,1,3,4,13
passenger445,19,5,149,150,178,1,28,29,13
passenger446,12,15,150,150,190,0,40,40,8
passenger447,6,3,150,151,160,1,9,10,1
passenger448,4,20,150,241,273,91,32,123,11
passenger449,17,8,150,214,240,64,26,90,9
passenger450,19,18,150,215,255,65,40,105,13
passenger451,21,23,151,166,236,15,70,85,15
passenger452,23,5,151,236,282,85,46,131,15
passenger453,20,10,151,220,273,69,53,122,13
passenger454,11,17,151,151,169,0,18,18,10
passenger455,16,11,151,210,232,59,22,81,9
passenger456,25,5,151,330,368,179,38,217,15
passenger457,3,1,152,155,173,3,18,21,2
passenger458,21,11,152,320,354,168,34,202,15
passenger459,11,17,152,152,169,0,17,17,10
passenger460,11,15,152,152,164,0,12,12,10
passenger461,2,4,152,152,158,0,6,6,2
passenger462,24,12,152,327,351,175,24,199,15
passenger463,5,10,153,165,172,12,7,19,7
passenger464,9,7,153,154,158,1,4,5,4
passenger465,8,19,153,230,270,77,40,117,11
passenger466,3,8,155,155,164,0,9,9,2
passenger467,12,14,155,155,161,0,6,6,10
passenger468,23,24,155,236,239,81,3,84,15
passenger469,8,14,155,158,186,3,28,31,8
passenger470,1,16,155,159,188,4,29,33,7
passenger471,4,2,155,155,163,0,8,8,1
passenger472,17,5,155,214,245,59,31,90,9
passenger473,12,3,156,156,177,0,21,21,9
passenger474,19,20,156,215,220,59,5,64,13
passenger475,15,21,156,536,599,380,63,443,14
passenger476,11,5,156,179,210,23,31,54,8
passenger477,4,6,157,157,171,0,14,14,1
passenger478,6,9,158,159,164,1,5,6,3
passenger479,6,15,158,159,185,1,26,27,6
passenger480,4,16,158,216,242,58,26,84,6
passenger481,9,18,159,159,200,0,41,41,12
passenger482,13,23,159,160,220,1,60,61,14
passenger483,11,8,159,159,165,0,6,6,9
passenger484,15,17,160,164,169,4,5,9,10
passenger485,11,14,160,160,204,0,44,44,9
passenger486,12,8,160,200,240,40,40,80,9
passenger487,8,23,161,162,216,1,54,55,12
passenger488,17,3,161,169,203,8,34,42,10
passenger489,25,18,162,330,339,168,9,177,15
passenger490,2,19,162,247,270,85,23,108,11
passenger491,15,23,162,206,229,44,23,67,13
passenger492,13,8,162,181,192,19,11,30,10
passenger493,9,16,163,164,188,1,24,25,6
passenger494,21,23,163,419,491,256,72,328,15
passenger495,20,16,163,229,255,66,26,92,15
passenger496,13,9,163,225,254,62,29,91,10
passenger497,20,8,164,317,361,153,44,197,15
passenger498,7,22,164,165,213,1,48,49,12
passenger499,15,9,165,165,189,0,24,24,10
passenger500,22,25,166,233,242,67,9,76,15
passenger501,8,14,166,166,204,0,38,38,9
passenger502,13,18,166,200,212,34,12,46,13
passenger503,24,14,166,327,347,161,20,181,15
passenger504,20,15,166,422,431,256,9,265,15
passenger505,23,11,167,236,266,69,30,99,15
passenger506,10,11,167,167,170,0,3,3,6
passenger507,25,16,167,330,343,163,13,176,15
passenger508,4,2,167,167,177,0,10,10,1
passenger509,13,21,167,200,223,33,23,56,13
passenger510,12,15,167,174,185,7,11,18,6
passenger511,20,13,168,422,437,254,15,269,15
passenger512,23,16,169,324,343,155,19,174,15
passenger513,19,20,171,314,317,143,3,146,15
passenger514,16,2,171,172,206,1,34,35,10
passenger515,11,4,171,171,216,0,45,45,6
passenger516,13,4,172,177,216,5,39,44,6
passenger517,13,9,172,197,205,25,8,33,6
passenger518,1,4,172,172,177,0,5,5,5
passenger519,13,2,172,197,220,25,23,48,6
passenger520,22,19,172,233,250,61,17,78,15
passenger521,18,5,173,508,531,335,23,358,15
passenger522,20,16,173,422,428,249,6,255,15
passenger523,10,1,173,173,217,0,44,44,7
passenger524,14,20,173,203,220,30,17,47,13
passenger525,1,2,173,173,178,0,5,5,2
passenger526,10,13,174,174,183,0,9,9,7
passenger527,12,11,174,174,201,0,27,27,6
passenger528,7,2,175,175,182,0,7,7,4
passenger529,1,3,175,175,181,0,6,6,2
passenger530,18,20,176,564,570,388,6,394,15
passenger531,11,2,176,177,214,1,37,38,7
passenger532,11,25,176,480,538,304,58,362,11
passenger533,7,13,176,206,234,30,28,58,8
passenger534,14,9,176,176,189,0,13,13,10
passenger535,11,12,176,177,180,1,3,4,7
passenger536,12,18,177,401,439,224,38,262,11
passenger537,15,2,177,234,269,57,35,92,10
passenger538,1,11,177,183,197,6,14,20,9
passenger539,23,1,177,324,374,147,50,197,15
passenger540,2,17,177,180,214,3,34,37,9
passenger541,12,6,178,180,206,2,26,28,7
passenger542,6,17,178,190,214,12,24,36,9
passenger543,14,16,178,178,237,0,59,59,10
passenger544,8,14,178,203,237,25,34,59,8
passenger545,22,8,179,233,273,54,40,94,15
passenger546,10,5,179,197,210,18,13,31,8
passenger547,16,1,180,237,272,57,35,92,10
passenger548,7,18,181,183,200,2,17,19,12
passenger549,1,25,181,281,322,100,41,141,14
passenger550,11,10,181,181,197,0,16,16,8
passenger551,14,16,182,182,188,0,6,6,6
passenger552,12,23,183,185,236,2,51,53,15
passenger553,25,6,184,460,491,276,31,307,11
passenger554,18,8,184,185,230,1,45,46,11
passenger555,25,7,185,460,488,275,28,303,11
passenger556,8,18,186,186,200,0,14,14,12
passenger557,20,4,186,191,241,5,50,55,11
passenger558,14,9,187,187,200,0,13,13,8
passenger559,16,14,187,188,196,1,8,9,7
passenger560,25,24,187,538,541,351,3,354,11
passenger561,17,23,188,217,284,29,67,96,11
passenger562,5,19,188,188,215,0,27,27,13
passenger563,20,4,188,191,241,3,50,53,11
passenger564,23,18,188,201,214,13,13,26,11
passenger565,9,13,189,189,225,0,36,36,10
passenger566,13,23,189,262,324,73,62,135,15
passenger567,25,21,189,538,550,349,12,361,11
passenger568,17,3,190,191,211,1,20,21,7
passenger569,23,4,191,201,241,10,40,50,11
passenger570,5,2,191,192,203,1,11,12,5
passenger571,24,13,193,204,223,11,19,30,11
passenger572,6,3,193,195,200,2,5,7,5
passenger573,11,19,194,196,215,2,19,21,13
passenger574,25,14,195,538,561,343,23,366,11
passenger575,16,21,195,196,209,1,13,14,12
passenger576,23,7,196,201,233,5,32,37,11
passenger577,25,13,196,538,564,342,26,368,11
passenger578,24,3,196,204,244,8,40,48,11
passenger579,3,23,197,288,324,91,36,127,15
passenger580,17,5,197,243,263,46,20,66,7
passenger581,23,3,197,284,332,87,48,135,11
passenger582,18,6,197,200,261,3,61,64,12
passenger583,2,21,197,291,320,94,29,123,15
passenger584,22,3,198,198,244,0,46,46,11
passenger585,3,16,198,203,237,5,34,39,10
passenger586,1,19,198,374,396,176,22,198,15
passenger587,23,19,198,284,298,86,14,100,11
passenger588,6,5,198,209,212,11,3,14,5
passenger589,18,2,198,200,269,2,69,71,12
passenger590,14,12,199,236,252,37,16,53,7
passenger591,19,6,199,203,261,4,58,62,12
passenger592,20,18,199,273,301,74,28,102,11
passenger593,6,9,200,202,209,2,7,9,0
passenger594,2,12,202,206,222,4,16,20,10
passenger595,7,3,203,205,217,2,12,14,0
passenger596,14,15,203,204,207,1,3,4,9
passenger597,3,5,203,203,207,0,4,4,2
passenger598,3,17,203,203,240,0,37,37,10
passenger599,9,2,204,204,215,0,11,11,3
passenger600,5,25,204,368,408,164,40,204,15
passenger601,7,18,204,276,311,72,35,107,15
passenger602,12,5,205,229,245,24,16,40,9
passenger603,8,1,205,207,218,2,11,13,3
passenger604,19,9,205,300,353,95,53,148,12
passenger605,13,4,205,226,248,21,22,43,9
passenger606,21,6,207,209,261,2,52,54,12
passenger607,15,22,207,207,226,0,19,19,13
passenger608,18,16,207,302,341,95,39,134,14
passenger609,23,5,207,284,326,77,42,119,11
passenger610,25,14,207,626,643,419,17,436,11
passenger611,11,7,208,233,261,25,28,53,6
passenger612,19,25,208,208,226,0,18,18,14
passenger613,18,1,209,302,372,93,70,163,14
passenger614,12,19,209,269,322,60,53,113,13
passenger615,10,20,209,273,325,64,52,116,13
passenger616,18,2,209,431,467,222,36,258,14
passenger617,14,5,210,223,245,13,22,35,9
passenger618,13,10,210,226,235,16,9,25,9
passenger619,21,22,210,210,213,0,3,3,12
passenger620,12,14,211,229,270,18,41,59,9
passenger621,16,17,211,211,214,0,3,3,9
passenger622,16,20,211,353,415,142,62,204,13
passenger623,25,21,211,222,228,11,6,17,12
passenger624,4,12,211,213,231,2,18,20,8
passenger625,12,13,212,264,267,52,3,55,9
passenger626,14,18,212,263,319,51,56,107,13
passenger627,11,7,212,233,261,21,28,49,6
passenger628,12,22,212,269,329,57,60,117,13
passenger629,8,1,213,226,241,13,15,28,0
passenger630,25,5,213,222,264,9,42,51,12
passenger631,16,21,213,620,681,407,61,468,13
passenger632,7,9,214,223,229,9,6,15,0
passenger633,8,4,214,226,236,12,10,22,0
passenger634,4,5,214,215,218,1,3,4,2
passenger635,12,14,215,222,228,7,6,13,10
passenger636,1,22,215,374,401,159,27,186,15
passenger637,17,2,216,216,252,0,36,36,9
passenger638,22,1,216,309,367,93,58,151,12
passenger639,15,12,216,220,229,4,9,13,9
passenger640,13,24,216,398,457,182,59,241,11
passenger641,24,7,216,219,258,3,39,42,12
passenger642,15,24,216,308,373,92,65,157,11
passenger643,19,23,217,217,229,0,12,12,13
passenger644,11,8,217,219,257,2,38,40,10
passenger645,13,21,217,398,448,181,50,231,11
passenger646,24,18,217,219,233,2,14,16,12
passenger647,18,13,217,255,266,38,11,49,13
passenger648,8,11,218,219,226,1,7,8,8
passenger649,13,21,218,564,614,346,50,396,11
passenger650,14,20,218,311,363,93,52,145,11
passenger651,1,19,218,374,396,156,22,178,15
passenger652,13,25,219,262,330,43,68,111,15
passenger653,12,4,220,222,265,2,43,45,10
passenger654,21,18,220,223,255,3,32,35,13
passenger655,22,3,220,233,275,13,42,55,14
passenger656,6,22,220,365,401,145,36,181,15
passenger657,2,13,220,220,233,0,13,13,7
passenger658,11,24,221,266,327,45,61,106,15
passenger659,22,23,221,233,315,12,82,94,14
passenger660,8,15,221,221,240,0,19,19,8
passenger661,18,25,221,255,338,34,83,117,13
passenger662,1,25,221,374,408,153,34,187,15
passenger663,9,4,222,229,236,7,7,14,0
passenger664,16,20,222,391,445,169,54,223,11
passenger665,4,2,223,224,228,1,4,5,2
passenger666,23,24,224,230,319,6,89,95,14
passenger667,4,23,224,241,284,17,43,60,11
passenger668,23,25,224,230,322,6,92,98,14
passenger669,6,15,224,226,239,2,13,15,6
passenger670,25,23,225,318,322,93,4,97,12
passenger671,16,5,225,276,297,51,21,72,9
passenger672,3,7,225,226,232,1,6,7,1
passenger673,2,5,226,226,231,0,5,5,4
passenger674,2,20,226,247,273,21,26,47,11
passenger675,15,13,227,234,247,7,13,20,10
passenger676,21,11,228,228,250,0,22,22,12
passenger677,11,6,228,228,251,0,23,23,8
passenger678,12,5,228,231,254,3,23,26,8
passenger679,15,25,228,258,330,30,72,102,15
passenger680,14,8,229,229,257,0,28,28,10
passenger681,18,21,229,564,573,335,9,344,15
passenger682,12,7,229,264,291,35,27,62,9
passenger683,18,5,229,598,623,369,25,394,15
passenger684,25,8,230,235,277,5,42,47,13
passenger685,9,19,230,320,360,90,40,130,11
passenger686,1,6,230,230,237,0,7,7,3
passenger687,4,10,230,268,288,38,20,58,6
passenger688,14,5,231,231,262,0,31,31,10
passenger689,9,20,231,574,611,343,37,380,11
passenger690,24,1,232,232,290,0,58,58,13
passenger691,16,1,232,237,272,5,35,40,10
passenger692,14,22,232,291,309,59,18,77,12
passenger693,20,6,233,241,270,8,29,37,14
passenger694,7,20,234,234,273,0,39,39,11
passenger695,21,8,234,238,266,4,28,32,14
passenger696,1,12,234,273,292,39,19,58,6
passenger697,16,12,234,299,309,65,10,75,10
passenger698,24,21,235,238,248,3,10,13,13
passenger699,20,1,235,303,367,68,64,132,12
passenger700,22,19,235,235,244,0,9,9,14
passenger701,10,15,236,236,273,0,37,37,9
passenger702,21,23,236,238,315,2,77,79,14
passenger703,14,2,236,236,268,0,32,32,7
passenger704,16,18,237,239,297,2,58,60,12
passenger705,2,21,237,247,276,10,29,39,11
passenger706,6,23,238,411,454,173,43,216,11
passenger707,14,9,238,238,257,0,19,19,7
passenger708,2,1,239,239,242,0,3,3,2
passenger709,19,10,239,244,262,5,18,23,14
passenger710,22,6,239,312,359,73,47,120,14
passenger711,24,3,239,239,286,0,47,47,13
passenger712,17,24,239,337,408,98,71,169,12
passenger713,9,2,240,242,251,2,9,11,1
passenger714,22,12,241,329,361,88,32,120,13
passenger715,1,22,241,250,281,9,31,40,11
passenger716,17,2,241,241,269,0,28,28,10
passenger717,7,1,241,242,250,1,8,9,3
passenger718,24,1,241,241,290,0,49,49,13
passenger719,20,13,241,241,253,0,12,12,14
passenger720,15,21,242,242,306,0,64,64,12
passenger721,23,4,242,244,283,2,39,41,13
passenger722,1,4,243,243,248,0,5,5,0
passenger723,18,15,243,529,536,286,7,293,14
passenger724,3,6,243,246,251,3,5,8,2
passenger725,14,19,243,524,573,281,49,330,12
passenger726,9,24,244,254,315,10,61,71,12
passenger727,25,20,244,408,422,164,14,178,15
passenger728,12,22,245,247,309,2,62,64,12
passenger729,19,13,245,245,253,0,8,8,14
passenger730,12,21,246,285,306,39,21,60,12
passenger731,14,5,246,246,265,0,19,19,6
passenger732,25,2,246,338,381,92,43,135,13
passenger733,18,17,246,529,532,283,3,286,14
passenger734,15,2,247,247,268,0,21,21,7
passenger735,13,23,247,288,312,41,24,65,12
passenger736,6,18,247,491,521,244,30,274,11
passenger737,22,24,247,421,425,174,4,178,13
passenger738,13,8,248,248,257,0,9,9,10
passenger739,18,13,248,529,540,281,11,292,14
passenger740,16,19,249,341,398,92,57,149,14
passenger741,18,7,249,529,553,280,24,304,14
passenger742,19,14,249,396,434,147,38,185,15
passenger743,24,17,249,335,350,86,15,101,13
passenger744,23,25,249,332,338,83,6,89,13
passenger745,25,19,250,338,346,88,8,96,13
passenger746,15,3,250,287,319,37,32,69,7
passenger747,10,12,250,256,292,6,36,42,6
passenger748,20,15,251,251,260,0,9,9,13
passenger749,11,4,251,251,268,0,17,17,6
passenger750,18,11,252,598,609,346,11,357,15
passenger751,1,8,252,252,261,0,9,9,3
passenger752,22,3,253,421,468,168,47,215,13
passenger753,11,13,253,253,295,0,42,42,6
passenger754,3,5,253,254,258,1,4,5,0
passenger755,24,15,253,425,446,172,21,193,13
passenger756,6,5,253,253,273,0,20,20,2
passenger757,11,19,254,282,300,28,18,46,12
passenger758,19,5,254,322,376,68,54,122,13
passenger759,19,23,254,322,332,68,10,78,13
passenger760,6,1,254,254,281,0,27,27,2
passenger761,24,14,254,431,449,177,18,195,13
passenger762,20,9,255,325,366,70,41,111,13
passenger763,8,6,255,258,266,3,8,11,2
passenger764,6,12,256,257,267,1,10,11,8
passenger765,3,22,256,332,367,76,35,111,11
passenger766,13,23,256,346,410,90,64,154,14
passenger767,13,8,256,283,308,27,25,52,7
passenger768,13,4,256,283,316,27,33,60,7
passenger769,21,19,256,418,438,162,20,182,13
passenger770,4,15,257,300,338,43,38,81,9
passenger771,14,6,257,298,328,41,30,71,6
passenger772,4,20,257,329,363,72,34,106,11
passenger773,7,13,257,260,270,3,10,13,8
passenger774,7,17,257,260,276,3,16,19,8
passenger775,2,9,258,258,267,0,9,9,1
passenger776,14,11,258,298,319,40,21,61,6
passenger777,16,5,258,306,331,48,25,73,6
passenger778,12,19,258,258,305,0,47,47,14
passenger779,9,4,259,261,276,2,15,17,2
passenger780,22,20,259,505,525,246,20,266,13
passenger781,18,20,260,319,325,59,6,65,13
passenger782,20,19,260,325,346,65,21,86,13
passenger783,13,1,261,267,307,6,40,46,9
passenger784,15,7,262,273,291,11,18,29,9
passenger785,20,12,262,415,453,153,38,191,13
passenger786,23,15,262,332,356,70,24,94,13
passenger787,14,23,263,313,332,50,19,69,13
passenger788,12,10,263,264,286,1,22,23,9
passenger789,10,22,264,387,407,123,20,143,14
passenger790,19,5,265,322,376,57,54,111,13
passenger791,13,10,265,267,286,2,19,21,9
passenger792,17,2,265,342,369,77,27,104,9
passenger793,18,19,266,301,360,35,59,94,11
passenger794,6,4,266,266,276,0,10,10,2
passenger795,16,7,266,276,291,10,15,25,9
passenger796,24,20,266,373,383,107,10,117,11
passenger797,24,14,266,373,395,107,22,129,11
passenger798,24,1,267,457,502,190,45,235,11
passenger799,8,1,267,267,286,0,19,19,3
passenger800,17,13,267,342,348,75,6,81,9
passenger801,8,17,267,284,309,17,25,42,6
passenger802,5,13,268,279,295,11,16,27,6
passenger803,16,6,268,276,294,8,18,26,9
passenger804,6,9,268,268,293,0,25,25,2
passenger805,15,7,268,273,291,5,18,23,9
passenger806,10,14,268,287,318,19,31,50,8
passenger807,5,15,268,279,303,11,24,35,6
passenger808,4,6,269,270,286,1,16,17,0
passenger809,8,1,269,269,286,0,17,17,3
passenger810,25,8,269,626,660,357,34,391,11
passenger811,21,23,269,276,284,7,8,15,11
passenger812,21,3,270,276,332,6,56,62,11
passenger813,10,19,270,357,396,87,39,126,15
passenger814,15,1,270,273,307,3,34,37,9
passenger815,15,21,270,356,418,86,62,148,13
passenger816,21,10,270,276,317,6,41,47,11
passenger817,6,8,270,270,290,0,20,20,2
passenger818,8,9,270,270,274,0,4,4,3
passenger819,8,12,270,284,292,14,8,22,6
passenger820,2,7,270,274,289,4,15,19,0
passenger821,8,4,271,271,281,0,10,10,3
passenger822,22,17,271,281,304,10,23,33,11
passenger823,23,15,272,292,308,20,16,36,11
passenger824,3,23,272,272,312,0,40,40,12
passenger825,12,18,272,309,319,37,10,47,13
passenger826,10,13,273,287,314,14,27,41,8
passenger827,13,8,273,282,293,9,11,20,8
passenger828,14,19,274,449,498,175,49,224,13
passenger829,1,4,274,277,282,3,5,8,0
passenger830,22,15,274,281,308,7,27,34,11
passenger831,25,16,275,626,639,351,13,364,11
passenger832,17,23,275,304,370,29,66,95,11
passenger833,17,9,276,276,290,0,14,14,8
passenger834,14,6,276,335,363,59,28,87,9
passenger835,9,18,277,302,319,25,17,42,13
passenger836,4,17,277,277,302,0,25,25,10
passenger837,15,8,277,338,359,61,21,82,9
passenger838,2,18,277,278,302,1,24,25,14
passenger839,21,19,278,278,298,0,20,20,11
passenger840,11,17,278,279,291,1,12,13,7
passenger841,11,9,279,279,303,0,24,24,7
passenger842,9,6,279,279,284,0,5,5,1
passenger843,25,17,279,626,636,347,10,357,11
passenger844,5,22,279,368,401,89,33,122,15
passenger845,4,15,280,321,338,41,17,58,10
passenger846,5,10,280,280,291,0,11,11,10
passenger847,17,25,280,636,707,356,71,427,11
passenger848,25,23,280,707,711,427,4,431,11
passenger849,6,3,280,281,286,1,5,6,4
passenger850,23,24,280,370,373,90,3,93,11
passenger851,7,1,280,282,300,2,18,20,5
passenger852,17,2,281,342,369,61,27,88,9
passenger853,2,24,281,284,319,3,35,38,14
passenger854,13,3,281,282,300,1,18,19,8
passenger855,17,10,282,342,355,60,13,73,9
passenger856,14,23,282,709,770,427,61,488,12
passenger857,6,17,283,283,302,0,19,19,10
passenger858,21,11,283,448,480,165,32,197,11
passenger859,25,12,283,707,730,424,23,447,11
passenger860,12,23,283,285,312,2,27,29,12
passenger861,16,22,283,340,400,57,60,117,12
passenger862,20,18,283,363,387,80,24,104,11
passenger863,7,10,284,286,291,2,5,7,10
passenger864,22,16,284,367,391,83,24,107,11
passenger865,8,9,284,285,288,1,3,4,5
passenger866,20,5,284,363,414,79,51,130,11
passenger867,3,20,285,366,401,81,35,116,14
passenger868,8,20,285,376,394,91,18,109,12
passenger869,14,25,286,709,776,423,67,490,12
passenger870,14,22,287,801,857,514,56,570,12
passenger871,22,6,288,367,411,79,44,123,11
passenger872,25,19,288,789,799,501,10,511,11
passenger873,3,1,289,289,293,0,4,4,4
passenger874,7,1,289,289,297,0,8,8,0
passenger875,9,25,289,353,411,64,58,122,12
passenger876,12,1,290,292,343,2,51,53,6
passenger877,13,6,290,297,312,7,15,22,7
passenger878,22,3,290,451,498,161,47,208,11
passenger879,20,12,290,363,401,73,38,111,11
passenger880,1,17,291,307,342,16,35,51,9
passenger881,12,20,291,348,394,57,46,103,12
passenger882,16,20,291,430,488,139,58,197,12
passenger883,12,1,291,292,343,1,51,52,6
passenger884,4,12,292,300,331,8,31,39,9
passenger885,10,20,292,387,401,95,14,109,14
passenger886,11,22,292,383,400,91,17,108,12
passenger887,5,10,293,297,322,4,25,29,9
passenger888,19,4,293,298,329,5,31,36,11
passenger889,9,19,294,384,398,90,14,104,14
passenger890,15,20,295,343,394,48,51,99,12
passenger891,13,22,295,346,407,51,61,112,14
passenger892,22,25,295,529,538,234,9,243,11
passenger893,4,15,295,300,338,5,38,43,9
passenger894,3,6,296,296,307,0,11,11,5
passenger895,8,17,296,307,327,11,20,31,8
passenger896,11,22,296,352,407,56,55,111,14
passenger897,8,16,296,307,324,11,17,28,8
passenger898,20,25,296,383,460,87,77,164,11
passenger899,7,19,296,298,322,2,24,26,13
passenger900,3,14,297,303,335,6,32,38,9
passenger901,11,24,297,442,511,145,69,214,14
passenger902,20,24,298,445,457,147,12,159,11
passenger903,22,11,298,529,570,231,41,272,11
passenger904,19,1,298,298,336,0,38,38,11
passenger905,14,2,298,298,340,0,42,42,6
passenger906,19,25,298,360,376,62,16,78,11
passenger907,18,21,300,333,397,33,64,97,12
passenger908,6,25,300,373,428,73,55,128,13
passenger909,14,17,300,300,309,0,9,9,6
passenger910,20,16,301,327,340,26,13,39,12
passenger911,8,16,301,308,345,7,37,44,7
passenger912,17,22,301,532,603,231,71,302,14
passenger913,13,3,301,315,337,14,22,36,6
passenger914,3,1,302,304,308,2,4,6,0
passenger915,17,11,302,302,312,0,10,10,10
passenger916,22,18,302,309,333,7,24,31,12
passenger917,4,3,302,304,307,2,3,5,1
passenger918,10,24,304,305,335,1,30,31,13
passenger919,2,5,304,305,310,1,5,6,3
passenger920,1,11,304,307,327,3,20,23,9
passenger921,25,18,305,318,333,13,15,28,12
passenger922,13,4,305,315,334,10,19,29,6
passenger923,9,14,305,305,338,0,33,33,7
passenger924,7,18,305,370,409,65,39,104,13
passenger925,25,6,306,318,360,12,42,54,12
passenger926,7,4,306,310,317,4,7,11,2
passenger927,19,12,307,307,349,0,42,42,14
passenger928,8,6,307,307,313,0,6,6,2
passenger929,2,12,308,312,331,4,19,23,9
passenger930,18,6,308,592,647,284,55,339,14
passenger931,1,12,309,309,331,0,22,22,9
passenger932,17,9,309,309,323,0,14,14,6
passenger933,7,4,310,310,317,0,7,7,2
passenger934,19,22,311,396,401,85,5,90,15
passenger935,20,13,311,335,346,24,11,35,14
passenger936,19,10,311,396,444,85,48,133,15
passenger937,1,10,312,372,387,60,15,75,9
passenger938,18,17,312,737,772,425,35,460,15
passenger939,25,7,312,318,357,6,39,45,12
passenger940,1,7,313,313,321,0,8,8,0
passenger941,22,21,313,329,332,16,3,19,14
passenger942,3,5,314,314,318,0,4,4,1
passenger943,15,17,314,375,381,61,6,67,6
passenger944,25,19,314,318,330,4,12,16,12
passenger945,6,1,314,314,321,0,7,7,5
passenger946,16,14,314,378,386,64,8,72,6
passenger947,24,15,315,315,343,0,28,28,12
passenger948,13,8,315,315,354,0,39,39,8
passenger949,3,22,315,332,367,17,35,52,11
passenger950,21,5,315,332,362,17,30,47,14
passenger951,18,10,315,769,785,454,16,470,15
passenger952,11,22,316,570,617,254,47,301,11
passenger953,22,5,316,329,362,13,33,46,14
passenger954,8,21,316,660,697,344,37,381,11
passenger955,23,2,316,316,369,0,53,53,14
passenger956,21,13,316,332,346,16,14,30,14
passenger957,15,2,317,321,368,4,47,51,8
passenger958,18,17,317,319,350,2,31,33,13
passenger959,17,20,318,350,415,32,65,97,13
passenger960,24,22,319,319,329,0,10,10,14
passenger961,19,25,319,346,428,27,82,109,13
passenger962,17,14,319,327,334,8,7,15,8
passenger963,20,2,319,422,456,103,34,137,15
passenger964,13,11,320,337,345,17,8,25,8
passenger965,23,2,320,326,369,6,43,49,14
passenger966,17,5,320,327,361,7,34,41,8
passenger967,23,22,320,326,329,6,3,9,14
passenger968,6,22,320,491,529,171,38,209,11
passenger969,13,25,321,564,626,243,62,305,11
passenger970,19,1,321,346,384,25,38,63,13
passenger971,6,11,321,325,332,4,7,11,10
passenger972,6,4,321,322,326,1,4,5,1
passenger973,25,22,322,322,329,0,7,7,14
passenger974,11,6,322,363,406,41,43,84,6
passenger975,5,23,323,326,370,3,44,47,11
passenger976,9,1,323,325,335,2,10,12,0
passenger977,10,12,324,324,331,0,7,7,9
passenger978,16,9,324,324,351,0,27,27,8
passenger979,24,17,324,408,427,84,19,103,12
passenger980,25,10,325,416,445,91,29,120,14
passenger981,17,10,325,327,348,2,21,23,8
passenger982,18,19,325,409,412,84,3,87,13
passenger983,9,24,325,657,704,332,47,379,11
passenger984,22,23,326,400,403,74,3,77,12
passenger985,6,18,326,664,688,338,24,362,11
passenger986,3,25,326,498,538,172,40,212,11
passenger987,4,22,326,417,451,91,34,125,11
passenger988,11,8,328,328,359,0,31,31,9
passenger989,2,17,328,340,381,12,41,53,6
passenger990,19,12,329,330,348,1,18,19,12
passenger991,21,9,329,397,443,68,46,114,12
passenger992,14,8,329,338,367,9,29,38,7
passenger993,15,4,329,331,364,2,33,35,8
passenger994,12,14,330,330,338,0,8,8,7
passenger995,14,12,330,338,355,8,17,25,7
passenger996,17,13,330,406,414,76,8,84,8
passenger997,8,6,330,344,349,14,5,19,0
passenger998,17,24,331,427,500,96,73,169,12
passenger999,19,16,332,573,612,241,39,280,12
passenger1000,24,23,332,509,520,177,11,188,13
passenger1001,13,3,332,335,380,3,45,48,7
passenger1002,16,7,332,401,428,69,27,96,8
passenger1003,22,9,332,407,448,75,41,116,14
passenger1004,12,5,332,332,374,0,42,42,7
passenger1005,5,7,333,333,339,0,6,6,3
passenger1006,10,7,333,354,359,21,5,26,10
passenger1007,4,12,333,334,366,1,32,33,6
passenger1008,16,9,334,401,424,67,23,90,8
passenger1009,14,7,334,334,357,0,23,23,8
passenger1010,18,17,334,334,337,0,3,3,12
passenger1011,25,2,334,428,471,94,43,137,13
passenger1012,22,9,334,407,448,73,41,114,14
passenger1013,2,18,334,339,357,5,18,23,11
passenger1014,5,25,335,414,460,79,46,125,11
passenger1015,6,14,336,354,370,18,16,34,6
passenger1016,6,4,336,336,352,0,16,16,3
passenger1017,1,12,336,343,366,7,23,30,6
passenger1018,11,1,336,350,369,14,19,33,10
passenger1019,9,7,336,343,347,7,4,11,3
passenger1020,15,25,337,521,595,184,74,258,12
passenger1021,18,23,337,484,497,147,13,160,12
passenger1022,5,6,337,338,341,1,3,4,1
passenger1023,19,8,338,398,451,60,53,113,14
passenger1024,22,12,338,505,537,167,32,199,13
passenger1025,6,22,338,908,942,570,34,604,11
passenger1026,14,21,339,885,942,546,57,603,12
passenger1027,12,4,339,340,364,1,24,25,8
passenger1028,18,4,339,855,919,516,64,580,14
passenger1029,17,11,340,342,350,2,8,10,10
passenger1030,20,22,340,482,488,142,6,148,15
passenger1031,11,23,341,383,403,42,20,62,12
passenger1032,3,25,341,582,626,241,44,285,11
passenger1033,15,12,341,341,355,0,14,14,7
passenger1034,4,8,341,341,347,0,6,6,2
passenger1035,18,21,342,823,830,481,7,488,15
passenger1036,23,11,342,520,540,178,20,198,13
passenger1037,12,5,342,342,361,0,19,19,8
passenger1038,3,11,342,347,363,5,16,21,6
passenger1039,15,3,342,342,380,0,38,38,7
passenger1040,11,17,343,345,406,2,61,63,8
passenger1041,21,24,343,681,690,338,9,347,13
passenger1042,9,10,343,351,380,8,29,37,8
passenger1043,22,18,344,592,616,248,24,272,13
passenger1044,7,18,344,408,439,64,31,95,11
passenger1045,4,12,344,350,366,6,16,22,6
passenger1046,8,25,345,740,789,395,49,444,11
passenger1047,1,22,345,502,529,157,27,184,11
passenger1048,8,1,345,345,356,0,11,11,0
passenger1049,17,4,346,348,377,2,29,31,7
passenger1050,1,3,346,346,350,0,4,4,4
passenger1051,11,4,346,383,433,37,50,87,8
passenger1052,18,2,346,409,471,63,62,125,13
passenger1053,20,22,347,415,421,68,6,74,13
passenger1054,18,24,347,441,509,94,68,162,13
passenger1055,24,2,348,517,562,169,45,214,13
passenger1056,9,20,348,737,778,389,41,430,11
passenger1057,9,19,348,819,855,471,36,507,11
passenger1058,20,25,349,415,428,66,13,79,13
passenger1059,9,1,349,350,362,1,12,13,2
passenger1060,8,12,349,354,389,5,35,40,8
passenger1061,11,22,349,714,767,365,53,418,12
passenger1062,20,19,350,415,438,65,23,88,13
passenger1063,1,12,350,419,436,69,17,86,6
passenger1064,19,7,350,412,460,62,48,110,13
passenger1065,11,19,350,570,608,220,38,258,11
passenger1066,20,22,350,525,592,175,67,242,13
passenger1067,11,10,351,351,354,0,3,3,10
passenger1068,10,17,351,354,398,3,44,47,10
passenger1069,11,5,351,351,363,0,12,12,10
passenger1070,12,6,351,351,363,0,12,12,9
passenger1071,14,23,351,722,776,371,54,425,14
passenger1072,20,12,351,525,537,174,12,186,13
passenger1073,25,12,352,428,453,76,25,101,13
passenger1074,20,9,352,588,635,236,47,283,13
passenger1075,22,10,353,592,632,239,40,279,13
passenger1076,7,4,353,354,359,1,5,6,1
passenger1077,22,8,354,592,638,238,46,284,13
passenger1078,21,3,354,681,735,327,54,381,13
passenger1079,13,11,355,400,422,45,22,67,7
passenger1080,11,5,356,388,420,32,32,64,10
passenger1081,2,9,356,357,366,1,9,10,4
passenger1082,12,20,356,440,482,84,42,126,15
passenger1083,12,7,356,356,370,0,14,14,7
passenger1084,7,16,356,357,378,1,21,22,6
passenger1085,11,23,358,386,404,28,18,46,15
passenger1086,11,15,359,359,406,0,47,47,7
passenger1087,2,5,359,359,368,0,9,9,2
passenger1088,22,9,359,529,574,170,45,215,11
passenger1089,11,15,359,359,406,0,47,47,7
passenger1090,2,13,360,368,392,8,24,32,8
passenger1091,9,4,360,368,375,8,7,15,1
passenger1092,11,12,360,360,397,0,37,37,7
passenger1093,5,14,360,361,395,1,34,35,8
passenger1094,19,7,360,360,408,0,48,48,11
passenger1095,25,16,361,869,884,508,15,523,11
passenger1096,20,2,362,553,585,191,32,223,11
passenger1097,20,9,362,611,657,249,46,295,11
passenger1098,18,21,362,387,448,25,61,86,11
passenger1099,7,2,362,364,379,2,15,17,1
passenger1100,16,20,362,639,694,277,55,332,11
passenger1101,11,5,363,363,409,0,46,46,6
passenger1102,8,11,363,383,390,20,7,27,9
passenger1103,23,4,363,370,417,7,47,54,11
passenger1104,9,16,363,364,409,1,45,46,7
passenger1105,6,23,364,379,410,15,31,46,14
passenger1106,23,10,364,454,483,90,29,119,11
passenger1107,19,18,364,442,469,78,27,105,11
passenger1108,5,2,365,366,371,1,5,6,3
passenger1109,9,4,365,366,373,1,7,8,4
passenger1110,8,16,366,367,409,1,42,43,7
passenger1111,15,6,366,375,406,9,31,40,6
passenger1112,1,6,366,366,373,0,7,7,0
passenger1113,12,20,366,401,415,35,14,49,13
passenger1114,10,8,366,425,431,59,6,65,7
passenger1115,14,2,367,370,416,3,46,49,6
passenger1116,6,1,368,371,378,3,7,10,2
passenger1117,14,12,368,370,392,2,22,24,6
passenger1118,15,16,369,375,378,6,3,9,6
passenger1119,10,22,369,397,421,28,24,52,13
passenger1120,23,3,369,532,582,163,50,213,11
passenger1121,24,5,369,457,494,88,37,125,11
passenger1122,7,14,370,370,403,0,33,33,7
passenger1123,1,10,370,370,385,0,15,15,10
passenger1124,5,13,370,374,400,4,26,30,7
passenger1125,21,24,370,448,457,78,9,87,11
passenger1126,6,14,370,389,403,19,14,33,7
passenger1127,12,11,370,392,395,22,3,25,6
passenger1128,16,25,370,884,951,514,67,581,11
passenger1129,11,2,371,395,416,24,21,45,6
passenger1130,23,24,371,532,535,161,3,164,11
passenger1131,9,13,371,428,471,57,43,100,7
passenger1132,22,13,371,547,564,176,17,193,11
passenger1133,13,24,371,534,596,163,62,225,13
passenger1134,21,13,371,526,564,155,38,193,11
passenger1135,5,11,372,373,383,1,10,11,8
passenger1136,17,7,372,381,403,9,22,31,6
passenger1137,14,17,372,372,381,0,9,9,6
passenger1138,3,15,372,436,478,64,42,106,8
passenger1139,19,6,373,608,664,235,56,291,11
passenger1140,14,18,373,666,672,293,6,299,13
passenger1141,2,17,373,373,398,0,25,25,10
passenger1142,7,10,373,434,462,61,28,89,7
passenger1143,17,1,374,381,419,7,38,45,6
passenger1144,1,12,374,374,394,0,20,20,9
passenger1145,24,1,375,457,502,82,45,127,11
passenger1146,20,2,375,694,752,319,58,377,11
passenger1147,13,11,376,389,395,13,6,19,6
passenger1148,12,3,376,392,413,16,21,37,6
passenger1149,19,7,376,691,743,315,52,367,11
passenger1150,20,17,376,778,803,402,25,427,11
passenger1151,14,8,377,386,400,9,14,23,6
passenger1152,17,25,377,803,869,426,66,492,11
passenger1153,24,23,378,535,544,157,9,166,11
passenger1154,6,15,379,379,394,0,15,15,10
passenger1155,10,25,379,380,411,1,31,32,12
passenger1156,24,22,380,541,547,161,6,167,11
passenger1157,5,8,380,381,386,1,5,6,0
passenger1158,18,19,380,439,442,59,3,62,11
passenger1159,9,4,380,389,398,9,9,18,0
passenger1160,4,18,380,452,478,72,26,98,15
passenger1161,12,13,380,389,392,9,3,12,8
passenger1162,21,1,381,526,588,145,62,207,11
passenger1163,19,7,381,775,823,394,48,442,11
passenger1164,24,13,382,623,646,241,23,264,11
passenger1165,8,6,382,386,394,4,8,12,0
passenger1166,5,25,382,460,516,78,56,134,14
passenger1167,5,12,383,384,397,1,13,14,7
passenger1168,12,17,384,389,406,5,17,22,8
passenger1169,22,14,384,617,643,233,26,259,11
passenger1170,19,15,385,775,807,390,32,422,11
passenger1171,11,4,385,385,433,0,48,48,8
passenger1172,6,11,385,437,465,52,28,80,7
passenger1173,2,8,385,385,393,0,8,8,1
passenger1174,12,21,385,438,491,53,53,106,12
passenger1175,25,19,386,869,879,483,10,493,11
passenger1176,2,11,386,446,465,60,19,79,7
passenger1177,19,15,386,775,807,389,32,421,11
passenger1178,12,11,386,389,418,3,29,32,8
passenger1179,11,15,386,386,398,0,12,12,8
passenger1180,5,13,386,386,400,0,14,14,7
passenger1181,6,18,388,391,409,3,18,21,13
passenger1182,22,13,388,617,646,229,29,258,11
passenger1183,10,24,388,445,511,57,66,123,14
passenger1184,17,11,388,449,459,61,10,71,6
passenger1185,1,6,389,389,398,0,9,9,2
passenger1186,6,19,389,391,412,2,21,23,13
passenger1187,13,25,390,437,497,47,60,107,15
passenger1188,14,23,390,434,491,44,57,101,15
passenger1189,14,9,390,442,466,52,24,76,6
passenger1190,18,12,390,439,477,49,38,87,11
passenger1191,7,12,390,434,468,44,34,78,7
passenger1192,17,10,390,449,462,59,13,72,6
passenger1193,18,25,390,469,538,79,69,148,11
passenger1194,11,8,391,391,402,0,11,11,9
passenger1195,11,21,391,486,500,95,14,109,14
passenger1196,5,25,391,464,512,73,48,121,13
passenger1197,11,22,391,486,505,95,19,114,14
passenger1198,20,23,392,394,403,2,9,11,12
passenger1199,5,15,393,441,477,48,36,84,7
passenger1200,3,8,393,393,402,0,9,9,2
passenger1201,2,18,394,471,495,77,24,101,13
passenger1202,16,19,394,977,1026,583,49,632,14
passenger1203,5,9,394,395,401,1,6,7,4
passenger1204,17,21,395,532,599,137,67,204,14
passenger1205,23,2,395,403,462,8,59,67,12
passenger1206,11,1,395,395,419,0,24,24,6
passenger1207,21,4,396,397,456,1,59,60,12
passenger1208,21,4,396,397,456,1,59,60,12
passenger1209,1,22,396,474,505,78,31,109,13
passenger1210,11,17,397,397,442,0,45,45,9
passenger1211,7,18,397,460,495,63,35,98,13
passenger1212,11,7,397,397,405,0,8,8,9
passenger1213,10,1,398,432,482,34,50,84,6
passenger1214,8,15,398,400,445,2,45,47,6
passenger1215,4,3,398,398,401,0,3,3,0
passenger1216,17,11,398,398,408,0,10,10,10
passenger1217,4,19,399,479,498,80,19,99,13
passenger1218,20,1,400,401,470,1,69,70,14
passenger1219,6,10,400,406,432,6,26,32,6
passenger1220,19,2,401,428,467,27,39,66,14
passenger1221,21,8,401,491,540,90,49,139,12
passenger1222,4,22,401,558,592,157,34,191,13
passenger1223,3,4,402,402,405,0,3,3,0
passenger1224,24,13,402,408,435,6,27,33,12
passenger1225,12,18,402,453,495,51,42,93,13
passenger1226,16,1,403,403,442,0,39,39,8
passenger1227,14,7,403,403,416,0,13,13,10
passenger1228,21,13,404,404,438,0,34,34,14
passenger1229,4,23,404,830,865,426,35,461,11
passenger1230,8,7,404,404,407,0,3,3,1
passenger1231,24,20,404,416,422,12,6,18,12
passenger1232,22,17,404,494,517,90,23,113,12
passenger1233,23,3,404,404,459,0,55,55,12
passenger1234,15,8,404,440,465,36,25,61,10
passenger1235,10,6,405,422,473,17,51,68,9
passenger1236,6,12,405,410,428,5,18,23,9
passenger1237,23,16,405,405,430,0,25,25,12
passenger1238,9,11,406,419,425,13,6,19,9
passenger1239,14,7,407,413,434,6,21,27,7
passenger1240,14,18,407,666,672,259,6,265,13
passenger1241,7,15,407,407,435,0,28,28,9
passenger1242,18,13,407,495,534,88,39,127,13
passenger1243,8,14,407,416,432,9,16,25,9
passenger1244,20,6,408,425,455,17,30,47,14
passenger1245,15,18,408,446,495,38,49,87,13
passenger1246,9,10,409,412,431,3,19,22,10
passenger1247,23,10,409,497,534,88,37,125,12
passenger1248,15,4,409,410,433,1,23,24,8
passenger1249,24,15,409,500,521,91,21,112,12
passenger1250,20,16,411,612,620,201,8,209,13
passenger1251,9,18,411,819,852,408,33,441,11
passenger1252,22,4,411,421,463,10,42,52,14
passenger1253,22,21,412,413,419,1,6,7,15
passenger1254,3,18,412,749,772,337,23,360,11
passenger1255,22,10,412,413,444,1,31,32,15
passenger1256,17,25,412,705,787,293,82,375,13
passenger1257,9,6,413,413,418,0,5,5,4
passenger1258,25,8,413,413,446,0,33,33,12
passenger1259,12,14,413,417,474,4,57,61,7
passenger1260,7,17,413,413,442,0,29,29,9
passenger1261,18,6,414,495,554,81,59,140,13
passenger1262,13,2,414,414,439,0,25,25,8
passenger1263,6,25,414,1068,1113,654,45,699,11
passenger1264,13,16,414,414,481,0,67,67,8
passenger1265,23,18,414,491,508,77,17,94,15
passenger1266,20,18,414,678,701,264,23,287,13
passenger1267,13,16,414,414,481,0,67,67,8
passenger1268,8,23,414,904,945,490,41,531,11
passenger1269,5,23,414,494,532,80,38,118,11
passenger1270,22,4,415,415,452,0,37,37,15
passenger1271,18,25,416,495,512,79,17,96,13
passenger1272,15,9,416,477,503,61,26,87,7
passenger1273,22,13,416,416,437,0,21,21,15
passenger1274,4,7,416,416,424,0,8,8,0
passenger1275,18,12,417,495,537,78,42,120,13
passenger1276,6,20,417,1068,1102,651,34,685,11
passenger1277,4,6,417,417,421,0,4,4,0
passenger1278,12,1,417,417,449,0,32,32,7
passenger1279,10,23,417,483,532,66,49,115,11
passenger1280,24,22,418,500,508,82,8,90,12
passenger1281,9,2,418,419,428,1,9,10,2
passenger1282,21,10,418,681,718,263,37,300,13
passenger1283,19,3,418,438,468,20,30,50,13
passenger1284,17,15,418,483,489,65,6,71,7
passenger1285,24,3,418,500,549,82,49,131,12
passenger1286,11,25,418,651,707,233,56,289,11
passenger1287,10,17,418,421,486,3,65,68,8
passenger1288,5,19,418,827,855,409,28,437,11
passenger1289,7,15,419,426,440,7,14,21,10
passenger1290,22,17,419,494,517,75,23,98,12
passenger1291,12,5,419,419,441,0,22,22,7
passenger1292,9,22,419,819,862,400,43,443,11
passenger1293,6,17,420,423,448,3,25,28,10
passenger1294,13,9,420,471,503,51,32,83,7
passenger1295,18,10,420,855,873,435,18,453,15
passenger1296,8,14,420,467,501,47,34,81,9
passenger1297,19,22,420,567,576,147,9,156,15
passenger1298,16,17,421,480,483,59,3,62,7
passenger1299,20,7,421,422,449,1,27,28,12
passenger1300,7,13,422,426,436,4,10,14,10
passenger1301,16,17,422,480,483,58,3,61,7
passenger1302,4,20,422,912,938,490,26,516,11
passenger1303,10,22,423,654,700,231,46,277,11
passenger1304,19,25,424,567,585,143,18,161,15
passenger1305,16,14,425,439,451,14,12,26,9
passenger1306,5,10,425,425,432,0,7,7,6
passenger1307,22,10,426,505,545,79,40,119,14
passenger1308,2,7,426,426,435,0,9,9,3
passenger1309,15,16,426,435,439,9,4,13,9
passenger1310,25,24,426,428,431,2,3,5,13
passenger1311,14,21,426,999,1018,573,19,592,12
passenger1312,2,15,427,479,511,52,32,84,6
passenger1313,12,20,427,440,482,13,42,55,15
passenger1314,21,17,427,500,532,73,32,105,14
passenger1315,17,18,429,517,570,88,53,141,12
passenger1316,15,6,429,435,473,6,38,44,9
passenger1317,8,19,429,904,935,475,31,506,11
passenger1318,16,6,429,439,473,10,34,44,9
passenger1319,22,25,429,505,516,76,11,87,14
passenger1320,16,6,429,445,473,16,28,44,9
passenger1321,24,6,430,596,644,166,48,214,13
passenger1322,11,22,430,651,700,221,49,270,11
passenger1323,14,7,430,432,470,2,38,40,9
passenger1324,3,10,430,436,459,6,23,29,8
passenger1325,17,18,431,517,570,86,53,139,12
passenger1326,6,4,431,431,435,0,4,4,4
passenger1327,18,4,431,855,919,424,64,488,14
passenger1328,2,13,431,439,472,8,33,41,8
passenger1329,15,7,431,435,470,4,35,39,9
passenger1330,6,9,432,432,439,0,7,7,3
passenger1331,1,10,433,442,459,9,17,26,8
passenger1332,1,8,434,434,443,0,9,9,5
passenger1333,15,1,434,435,480,1,45,46,9
passenger1334,16,15,435,445,448,10,3,13,9
passenger1335,16,21,435,1019,1032,584,13,597,14
passenger1336,2,5,435,435,440,0,5,5,2
passenger1337,8,18,436,446,484,10,38,48,12
passenger1338,22,23,436,684,687,248,3,251,13
passenger1339,15,11,436,436,460,0,24,24,9
passenger1340,11,2,436,459,479,23,20,43,6
passenger1341,12,13,436,436,439,0,3,3,6
passenger1342,6,20,436,452,488,16,36,52,12
passenger1343,21,8,437,775,818,338,43,381,13
passenger1344,23,3,437,607,649,170,42,212,13
passenger1345,23,20,437,607,612,170,5,175,13
passenger1346,6,17,438,438,483,0,45,45,7
passenger1347,8,20,439,446,488,7,42,49,12
passenger1348,5,7,439,440,444,1,4,5,4
passenger1349,8,5,439,440,445,1,5,6,0
passenger1350,9,16,439,503,545,64,42,106,7
passenger1351,16,14,440,509,517,69,8,77,9
passenger1352,5,6,440,440,443,0,3,3,2
passenger1353,23,7,440,687,725,247,38,285,13
passenger1354,3,12,441,446,467,5,21,26,8
passenger1355,1,9,441,452,464,11,12,23,2
passenger1356,22,7,441,778,821,337,43,380,13
passenger1357,18,13,442,584,625,142,41,183,13
passenger1358,9,17,442,503,548,61,45,106,7
passenger1359,15,8,442,442,465,0,23,23,10
passenger1360,6,23,442,470,497,28,27,55,12
passenger1361,5,24,443,467,500,24,33,57,12
passenger1362,12,25,443,468,497,25,29,54,15
passenger1363,9,15,443,503,542,60,39,99,7
passenger1364,16,9,444,445,462,1,17,18,10
passenger1365,6,14,444,512,539,68,27,95,7
passenger1366,17,7,445,448,468,3,20,23,10
passenger1367,20,16,445,938,968,493,30,523,11
passenger1368,5,24,445,467,500,22,33,55,12
passenger1369,2,17,446,446,483,0,37,37,7
passenger1370,11,17,446,459,517,13,58,71,6
passenger1371,20,18,446,938,964,492,26,518,11
passenger1372,17,22,446,801,870,355,69,424,13
passenger1373,18,21,446,521,526,75,5,80,11
passenger1374,11,6,446,459,473,13,14,27,6
passenger1375,6,16,447,451,481,4,30,34,8
passenger1376,14,2,447,454,479,7,25,32,6
passenger1377,6,25,447,470,503,23,33,56,12
passenger1378,19,5,447,775,827,328,52,380,11
passenger1379,2,8,448,449,461,1,12,13,2
passenger1380,22,13,448,700,727,252,27,279,11
passenger1381,20,13,448,1044,1057,596,13,609,11
passenger1382,13,16,448,454,509,6,55,61,9
passenger1383,24,11,448,704,733,256,29,285,11
passenger1384,15,23,448,855,873,407,18,425,13
passenger1385,10,21,449,483,500,34,17,51,14
passenger1386,14,22,450,762,778,312,16,328,13
passenger1387,12,16,451,457,509,6,52,58,9
passenger1388,9,16,451,456,481,5,25,30,8
passenger1389,9,16,451,504,553,53,49,102,8
passenger1390,20,11,452,1102,1137,650,35,685,11
passenger1391,11,9,452,460,464,8,4,12,9
passenger1392,19,15,452,799,807,347,8,355,11
passenger1393,13,1,453,454,478,1,24,25,10
passenger1394,3,1,453,455,459,2,4,6,0
passenger1395,22,2,453,700,752,247,52,299,11
passenger1396,2,20,453,456,482,3,26,29,15
passenger1397,14,8,454,454,469,0,15,15,6
passenger1398,16,6,454,514,538,60,24,84,6
passenger1399,5,10,454,455,462,1,7,8,7
passenger1400,23,20,454,544,553,90,9,99,11
passenger1401,5,15,454,515,542,61,27,88,7
passenger1402,23,24,454,620,623,166,3,169,11
passenger1403,20,4,455,1102,1152,647,50,697,11
passenger1404,7,6,455,455,458,0,3,3,1
passenger1405,4,5,456,464,467,8,3,11,0
passenger1406,8,14,456,507,545,51,38,89,8
passenger1407,10,11,456,459,462,3,3,6,8
passenger1408,7,4,456,456,463,0,7,7,4
passenger1409,25,15,456,869,887,413,18,431,11
passenger1410,6,21,456,456,500,0,44,44,14
passenger1411,21,25,456,550,626,94,76,170,11
passenger1412,4,16,457,575,613,118,38,156,7
passenger1413,25,21,457,951,959,494,8,502,11
passenger1414,6,23,457,457,508,0,51,51,14
passenger1415,11,13,457,458,502,1,44,45,10
passenger1416,14,20,457,762,772,305,10,315,13
passenger1417,4,14,457,575,607,118,32,150,7
passenger1418,21,14,457,614,643,157,29,186,11
passenger1419,7,2,458,458,467,0,9,9,4
passenger1420,14,18,458,806,860,348,54,402,13
passenger1421,14,25,459,852,879,393,27,420,13
passenger1422,16,13,459,509,520,50,11,61,9
passenger1423,2,14,459,581,607,122,26,148,7
passenger1424,5,19,459,460,496,1,36,37,14
passenger1425,5,23,459,476,508,17,32,49,14
passenger1426,8,11,460,506,531,46,25,71,7
passenger1427,4,6,461,463,467,2,4,6,1
passenger1428,24,8,461,704,740,243,36,279,11
passenger1429,13,25,461,534,599,73,65,138,13
passenger1430,16,2,462,481,521,19,40,59,8
passenger1431,9,10,462,462,493,0,31,31,10
passenger1432,7,13,463,468,502,5,34,39,10
passenger1433,10,8,463,463,469,0,6,6,6
passenger1434,11,9,464,464,504,0,40,40,8
passenger1435,6,12,465,471,499,6,28,34,10
passenger1436,24,13,467,948,975,481,27,508,11
passenger1437,15,25,467,473,497,6,24,30,15
passenger1438,16,6,467,481,511,14,30,44,8
passenger1439,10,13,468,499,507,31,8,39,6
passenger1440,12,4,469,469,517,0,48,48,8
passenger1441,3,9,469,470,478,1,8,9,4
passenger1442,23,18,470,711,718,241,7,248,11
passenger1443,22,5,470,782,827,312,45,357,11
passenger1444,11,15,470,500,550,30,50,80,8
passenger1445,11,9,471,500,504,29,4,33,8
passenger1446,2,22,471,471,505,0,34,34,13
passenger1447,24,3,471,1032,1077,561,45,606,11
passenger1448,11,13,471,538,542,67,4,71,8
passenger1449,20,25,471,1202,1281,731,79,810,11
passenger1450,11,19,472,521,567,49,46,95,15
passenger1451,24,21,472,1032,1041,560,9,569,11
passenger1452,8,21,472,540,579,68,39,107,12
passenger1453,11,1,474,538,594,64,56,120,8
passenger1454,19,21,474,655,662,181,7,188,15
passenger1455,9,12,475,492,497,17,5,22,9
passenger1456,10,3,475,499,545,24,46,70,6
passenger1457,25,1,475,497,543,22,46,68,15
passenger1458,14,1,475,475,524,0,49,49,8
passenger1459,18,23,475,911,924,436,13,449,15
passenger1460,17,16,475,483,486,8,3,11,7
passenger1461,21,25,476,485,497,9,12,21,15
passenger1462,22,6,476,488,528,12,40,52,15
passenger1463,15,21,476,776,830,300,54,354,15
passenger1464,8,17,477,489,512,12,23,35,9
passenger1465,1,22,477,565,592,88,27,115,13
passenger1466,16,19,478,602,655,124,53,177,15
passenger1467,21,6,478,573,620,95,47,142,15
passenger1468,12,22,478,530,582,52,52,104,12
passenger1469,5,21,479,559,599,80,40,120,14
passenger1470,8,15,480,493,511,13,18,31,6
passenger1471,13,18,480,527,570,47,43,90,12
passenger1472,21,9,481,593,613,112,20,132,15
passenger1473,5,11,481,484,496,3,12,15,10
passenger1474,16,19,481,612,666,131,54,185,12
passenger1475,19,9,481,655,702,174,47,221,15
passenger1476,24,3,481,494,539,13,45,58,15
passenger1477,3,1,482,484,490,2,6,8,0
passenger1478,24,5,482,500,531,18,31,49,15
passenger1479,16,21,482,612,670,130,58,188,12
passenger1480,20,24,482,482,494,0,12,12,15
passenger1481,2,11,482,538,551,56,13,69,10
passenger1482,13,18,483,540,592,57,52,109,14
passenger1483,16,14,483,483,493,0,10,10,8
passenger1484,8,3,484,484,491,0,7,7,5
passenger1485,11,7,484,538,578,54,40,94,8
passenger1486,14,20,484,722,767,238,45,283,14
passenger1487,14,15,484,493,550,9,57,66,8
passenger1488,2,17,484,485,517,1,32,33,6
passenger1489,11,4,485,568,587,83,19,102,8
passenger1490,6,20,485,554,588,69,34,103,13
passenger1491,23,13,486,491,515,5,24,29,15
passenger1492,25,5,486,497,531,11,34,45,15
passenger1493,8,24,486,547,596,61,49,110,13
passenger1494,5,17,486,486,508,0,22,22,10
passenger1495,6,9,486,486,495,0,9,9,1
passenger1496,12,9,487,496,503,9,7,16,7
passenger1497,22,25,487,488,497,1,9,10,15
passenger1498,13,14,487,493,539,6,46,52,7
passenger1499,2,6,487,487,497,0,10,10,0
passenger1500,1,22,488,502,529,14,27,41,11
passenger1501,6,9,488,488,495,0,7,7,1
passenger1502,22,18,488,576,598,88,22,110,15
passenger1503,16,1,489,489,524,0,35,35,8
passenger1504,15,8,489,489,506,0,17,17,7
passenger1505,19,24,490,573,589,83,16,99,12
passenger1506,7,9,490,491,495,1,4,5,1
passenger1507,9,21,490,819,859,329,40,369,11
passenger1508,2,23,491,585,620,94,35,129,11
passenger1509,20,13,491,512,527,21,15,36,12
passenger1510,15,23,491,632,698,141,66,207,14
passenger1511,20,7,491,512,543,21,31,52,12
passenger1512,2,17,491,548,579,57,31,88,6
passenger1513,4,3,491,499,514,8,15,23,5
passenger1514,25,12,492,497,518,5,21,26,15
passenger1515,17,6,492,556,581,64,25,89,8
passenger1516,3,2,492,492,495,0,3,3,5
passenger1517,9,1,493,493,503,0,10,10,2
passenger1518,11,9,494,496,527,2,31,33,10
passenger1519,14,15,495,495,550,0,55,55,8
passenger1520,8,12,495,495,504,0,9,9,6
passenger1521,2,8,495,495,505,0,10,10,5
passenger1522,25,13,497,497,515,0,18,18,15
passenger1523,24,13,497,500,527,3,27,30,12
passenger1524,4,22,497,912,942,415,30,445,11
passenger1525,11,16,499,499,545,0,46,46,7
passenger1526,17,8,499,512,529,13,17,30,9
passenger1527,19,13,500,500,534,0,34,34,13
passenger1528,10,8,500,500,534,0,34,34,6
passenger1529,19,7,500,500,550,0,50,50,13
passenger1530,4,23,500,1074,1107,574,33,607,11
passenger1531,9,17,501,531,579,30,48,78,6
passenger1532,18,21,501,616,681,115,65,180,13
passenger1533,16,18,501,620,672,119,52,171,13
passenger1534,21,24,502,502,511,0,9,9,14
passenger1535,2,19,502,752,775,250,23,273,11
passenger1536,5,23,503,827,865,324,38,362,11
passenger1537,2,7,503,506,513,3,7,10,2
passenger1538,5,16,503,572,613,69,41,110,7
passenger1539,1,13,503,584,604,81,20,101,7
passenger1540,25,14,503,503,524,0,21,21,12
passenger1541,12,17,503,516,565,13,49,62,10
passenger1542,14,10,503,503,525,0,22,22,9
passenger1543,15,1,504,506,540,2,34,36,9
passenger1544,7,17,504,509,548,5,39,44,7
passenger1545,9,2,505,505,516,0,11,11,1
passenger1546,4,22,505,1152,1184,647,32,679,11
passenger1547,9,1,506,506,518,0,12,12,3
passenger1548,19,14,506,740,779,234,39,273,15
passenger1549,12,23,506,518,579,12,61,73,15
passenger1550,8,15,506,506,542,0,36,36,7
passenger1551,19,16,506,852,859,346,7,353,15
passenger1552,6,18,507,1068,1098,561,30,591,11
passenger1553,19,4,508,914,965,406,51,457,15
passenger1554,5,17,508,572,616,64,44,108,7
passenger1555,3,23,508,1077,1107,569,30,599,11
passenger1556,3,25,509,1077,1113,568,36,604,11
passenger1557,17,12,509,509,516,0,7,7,10
passenger1558,7,9,509,509,527,0,18,18,1
passenger1559,19,6,509,938,961,429,23,452,15
passenger1560,14,25,510,689,758,179,69,248,15
passenger1561,7,18,510,743,772,233,29,262,11
passenger1562,5,21,510,995,1025,485,30,515,11
passenger1563,5,8,510,510,521,0,11,11,5
passenger1564,12,10,511,524,528,13,4,17,6
passenger1565,5,17,511,514,556,3,42,45,8
passenger1566,1,25,511,588,626,77,38,115,11
passenger1567,2,9,512,515,529,3,14,17,3
passenger1568,24,4,513,513,562,0,49,49,14
passenger1569,2,19,513,752,775,239,23,262,11
passenger1570,2,23,513,1156,1187,643,31,674,11
passenger1571,12,22,514,567,617,53,50,103,11
passenger1572,7,4,514,514,519,0,5,5,2
passenger1573,25,20,514,514,525,0,11,11,13
passenger1574,23,8,515,520,549,5,29,34,14
passenger1575,11,15,515,519,559,4,40,44,10
passenger1576,12,7,515,516,531,1,15,16,10
passenger1577,10,16,515,524,562,9,38,47,10
passenger1578,1,9,515,518,529,3,11,14,3
passenger1579,8,2,516,517,525,1,8,9,4
passenger1580,4,13,516,517,542,1,25,26,8
passenger1581,3,9,517,519,527,2,8,10,1
passenger1582,15,22,517,723,782,206,59,265,11
passenger1583,3,11,518,528,538,10,10,20,8
passenger1584,3,11,518,578,598,60,20,80,7
passenger1585,13,20,518,692,743,174,51,225,15
passenger1586,12,24,518,518,582,0,64,64,15
passenger1587,4,2,519,519,523,0,4,4,2
passenger1588,1,9,519,519,529,0,10,10,3
passenger1589,5,3,519,520,524,1,4,5,0
passenger1590,6,25,519,528,585,9,57,66,15
passenger1591,21,1,520,524,567,4,43,47,14
passenger1592,23,6,520,520,556,0,36,36,14
passenger1593,11,9,521,521,527,0,6,6,10
passenger1594,11,20,522,609,658,87,49,136,15
passenger1595,18,15,522,688,723,166,35,201,11
passenger1596,16,19,523,881,936,358,55,413,12
passenger1597,5,10,524,572,595,48,23,71,7
passenger1598,3,18,525,539,564,14,25,39,15
passenger1599,11,16,525,552,561,27,9,36,9
passenger1600,15,7,526,575,603,49,28,77,6
passenger1601,4,25,526,536,585,10,49,59,15
passenger1602,8,3,527,527,536,0,9,9,5
passenger1603,8,23,528,616,666,88,50,138,15
passenger1604,7,25,528,792,842,264,50,314,15
passenger1605,12,22,528,620,673,92,53,145,12
passenger1606,17,2,528,579,616,51,37,88,6
passenger1607,13,11,528,571,593,43,22,65,6
passenger1608,6,14,529,533,557,4,24,28,9
passenger1609,3,18,529,539,564,10,25,35,15
passenger1610,21,3,529,697,749,168,52,220,11
passenger1611,12,17,529,568,579,39,11,50,6
passenger1612,2,10,529,591,609,62,18,80,8
passenger1613,7,1,529,530,540,1,10,11,5
passenger1614,21,12,530,795,814,265,19,284,11
passenger1615,19,15,530,626,632,96,6,102,14
passenger1616,22,25,530,862,869,332,7,339,11
passenger1617,16,9,531,545,564,14,19,33,7
passenger1618,11,21,531,810,854,279,44,323,12
passenger1619,11,13,531,531,535,0,4,4,7
passenger1620,5,25,533,533,585,0,52,52,15
passenger1621,17,9,533,548,564,15,16,31,7
passenger1622,15,11,533,542,560,9,18,27,7
passenger1623,4,22,533,536,576,3,40,43,15
passenger1624,23,21,534,785,795,251,10,261,11
passenger1625,10,7,534,562,603,28,41,69,6
passenger1626,2,19,535,546,567,11,21,32,15
passenger1627,9,23,535,537,585,2,48,50,12
passenger1628,22,4,536,862,912,326,50,376,11
passenger1629,23,4,536,785,830,249,45,294,11
passenger1630,13,12,536,536,557,0,21,21,7
passenger1631,24,17,536,1032,1049,496,17,513,11
passenger1632,22,15,537,942,971,405,29,434,11
passenger1633,21,22,537,859,862,322,3,325,11
passenger1634,22,11,537,942,979,405,37,442,11
passenger1635,10,25,538,624,682,86,58,144,12
passenger1636,19,23,538,626,698,88,72,160,14
passenger1637,15,24,539,938,957,399,19,418,14
passenger1638,18,19,539,1023,1026,484,3,487,14
passenger1639,5,15,539,541,575,2,34,36,6
passenger1640,19,20,540,764,767,224,3,227,14
passenger1641,24,9,540,1110,1141,570,31,601,11
passenger1642,8,25,540,558,595,18,37,55,12
passenger1643,25,5,540,1035,1071,495,36,531,11
passenger1644,10,24,540,543,596,3,53,56,13
passenger1645,5,20,541,623,658,82,35,117,15
passenger1646,3,5,541,541,545,0,4,4,0
passenger1647,20,16,541,1268,1296,727,28,755,11
passenger1648,14,22,542,935,951,393,16,409,14
passenger1649,8,13,542,556,571,14,15,29,6
passenger1650,16,19,542,1019,1026,477,7,484,14
passenger1651,9,16,543,547,562,4,15,19,10
passenger1652,12,14,544,565,621,21,56,77,8
passenger1653,22,10,544,956,982,412,26,438,11
passenger1654,17,24,545,1049,1110,504,61,565,11
passenger1655,20,25,545,1268,1281,723,13,736,11
passenger1656,15,8,546,550,575,4,25,29,8
passenger1657,25,17,546,1113,1123,567,10,577,11
passenger1658,7,8,546,549,552,3,3,6,0
passenger1659,7,21,546,555,579,9,24,33,12
passenger1660,3,19,547,637,655,90,18,108,15
passenger1661,14,2,547,547,591,0,44,44,8
passenger1662,16,19,548,968,1021,420,53,473,11
passenger1663,19,14,548,855,890,307,35,342,11
passenger1664,9,5,549,549,555,0,6,6,1
passenger1665,1,9,549,549,559,0,10,10,5
passenger1666,16,1,549,551,584,2,33,35,7
passenger1667,25,15,550,1113,1127,563,14,577,11
passenger1668,8,25,550,550,612,0,62,62,14
passenger1669,5,24,550,623,669,73,46,119,15
passenger1670,8,10,551,579,583,28,4,32,9
passenger1671,11,25,551,930,960,379,30,409,14
passenger1672,7,25,551,551,599,0,48,48,13
passenger1673,9,8,552,552,555,0,3,3,3
passenger1674,16,18,552,1052,1098,500,46,546,11
passenger1675,9,4,552,552,561,0,9,9,3
passenger1676,10,14,554,575,589,21,14,35,9
passenger1677,2,23,554,645,676,91,31,122,12
passenger1678,1,11,554,619,633,65,14,79,6
passenger1679,20,9,555,1268,1309,713,41,754,11
passenger1680,13,3,555,555,588,0,33,33,10
passenger1681,20,16,555,1344,1370,789,26,815,11
passenger1682,22,9,555,1028,1063,473,35,508,11
passenger1683,2,9,556,556,565,0,9,9,2
passenger1684,4,14,556,610,640,54,30,84,6
passenger1685,4,24,556,562,609,6,47,53,14
passenger1686,16,7,557,559,578,2,19,21,8
passenger1687,24,20,557,1190,1202,633,12,645,11
passenger1688,11,4,558,560,575,2,15,17,7
passenger1689,9,15,558,559,575,1,16,17,6
passenger1690,20,7,559,1344,1387,785,43,828,11
passenger1691,19,8,559,855,904,296,49,345,11
passenger1692,7,12,559,603,636,44,33,77,6
passenger1693,5,11,559,607,633,48,26,74,6
passenger1694,9,8,560,560,563,0,3,3,5
passenger1695,20,9,560,1344,1383,784,39,823,11
passenger1696,18,19,560,718,775,158,57,215,11
passenger1697,17,7,560,631,659,71,28,99,8
passenger1698,21,6,560,859,908,299,49,348,11
passenger1699,7,22,561,631,673,70,42,112,12
passenger1700,9,18,561,720,757,159,37,196,12
passenger1701,2,16,561,616,646,55,30,85,6
passenger1702,22,18,561,576,598,15,22,37,15
passenger1703,15,22,562,862,921,300,59,359,15
passenger1704,8,10,562,600,630,38,30,68,6
passenger1705,2,18,562,562,584,0,22,22,13
passenger1706,19,4,563,994,1053,431,59,490,15
passenger1707,17,20,563,772,827,209,55,264,15
passenger1708,6,12,563,569,601,6,32,38,7
passenger1709,23,11,563,579,609,16,30,46,15
passenger1710,19,14,563,994,1029,431,35,466,15
passenger1711,17,16,563,564,567,1,3,4,9
passenger1712,17,20,563,1112,1165,549,53,602,15
passenger1713,23,8,564,666,705,102,39,141,15
passenger1714,24,16,564,582,602,18,20,38,15
passenger1715,15,9,564,570,580,6,10,16,10
passenger1716,11,17,564,565,579,1,14,15,6
passenger1717,10,8,565,595,642,30,47,77,7
passenger1718,21,11,565,662,696,97,34,131,15
passenger1719,17,1,566,566,594,0,28,28,10
passenger1720,2,22,567,570,603,3,33,36,14
passenger1721,4,20,567,574,596,7,22,29,14
passenger1722,23,13,567,666,692,99,26,125,15
passenger1723,23,11,568,676,696,108,20,128,15
passenger1724,24,6,568,588,620,20,32,52,15
passenger1725,11,10,568,568,571,0,3,3,8
passenger1726,20,2,568,570,628,2,58,60,15
passenger1727,21,1,570,662,718,92,56,148,15
passenger1728,8,15,572,575,625,3,50,53,8
passenger1729,4,13,572,575,604,3,29,32,7
passenger1730,25,21,572,585,593,13,8,21,15
passenger1731,1,15,572,657,675,85,18,103,7
passenger1732,15,2,572,572,591,0,19,19,10
passenger1733,17,14,572,627,634,55,7,62,10
passenger1734,18,8,573,703,723,130,20,150,12
passenger1735,7,19,573,641,675,68,34,102,13
passenger1736,19,5,573,573,635,0,62,62,12
passenger1737,6,15,573,646,675,73,29,102,7
passenger1738,21,6,573,746,795,173,49,222,15
passenger1739,6,21,574,578,599,4,21,25,14
passenger1740,18,23,574,757,770,183,13,196,12
passenger1741,20,24,575,576,589,1,13,14,12
passenger1742,5,7,575,575,581,0,6,6,1
passenger1743,6,2,576,578,591,2,13,15,1
passenger1744,20,17,576,602,609,26,7,33,12
passenger1745,3,5,577,578,582,1,4,5,3
passenger1746,5,11,578,584,612,6,28,34,8
passenger1747,12,8,579,611,649,32,38,70,10
passenger1748,24,6,579,588,620,9,32,41,15
passenger1749,15,11,580,583,593,3,10,13,6
passenger1750,10,21,580,811,862,231,51,282,14
passenger1751,25,1,580,585,631,5,46,51,15
passenger1752,12,3,580,611,658,31,47,78,10
passenger1753,11,16,580,608,621,28,13,41,10
passenger1754,11,8,581,608,649,27,41,68,10
passenger1755,8,9,581,581,584,0,3,3,0
passenger1756,10,18,581,845,855,264,10,274,14
passenger1757,3,2,581,582,585,1,3,4,4
passenger1758,13,18,581,625,672,44,47,91,13
passenger1759,7,6,582,582,585,0,3,3,1
passenger1760,16,10,583,646,665,63,19,82,6
passenger1761,19,4,583,675,732,92,57,149,13
passenger1762,4,14,583,587,621,4,34,38,8
passenger1763,10,19,584,845,858,261,13,274,14
passenger1764,13,9,584,587,597,3,10,13,6
passenger1765,4,5,584,585,588,1,3,4,3
passenger1766,19,6,585,675,728,90,53,143,13
passenger1767,13,21,586,725,770,139,45,184,14
passenger1768,23,7,586,586,631,0,45,45,12
passenger1769,3,20,586,1233,1268,647,35,682,11
passenger1770,18,9,587,672,721,85,49,134,13
passenger1771,15,5,587,643,680,56,37,93,6
passenger1772,18,19,587,672,675,85,3,88,13
passenger1773,8,12,588,605,617,17,12,29,8
passenger1774,9,1,589,589,599,0,10,10,0
passenger1775,4,24,589,1152,1190,563,38,601,11
passenger1776,12,4,589,590,610,1,20,21,6
passenger1777,2,9,589,589,598,0,9,9,4
passenger1778,25,10,589,595,624,6,29,35,12
passenger1779,25,13,590,595,617,5,22,27,12
passenger1780,20,1,590,678,739,88,61,149,13
passenger1781,1,24,590,1001,1032,411,31,442,11
passenger1782,24,4,591,591,638,0,47,47,12
passenger1783,17,24,591,898,957,307,59,366,14
passenger1784,24,8,592,592,628,0,36,36,12
passenger1785,21,17,592,775,801,183,26,209,13
passenger1786,24,4,592,592,638,0,46,46,12
passenger1787,16,1,593,595,622,2,27,29,9
passenger1788,9,1,593,593,607,0,14,14,2
passenger1789,12,21,593,637,692,44,55,99,14
passenger1790,17,8,596,598,611,2,13,15,9
passenger1791,11,10,596,598,636,2,38,40,7
passenger1792,19,7,597,1080,1130,483,50,533,15
passenger1793,3,13,597,598,614,1,16,17,10
passenger1794,21,12,598,599,637,1,38,39,14
passenger1795,6,2,598,598,604,0,6,6,2
passenger1796,24,20,599,679,697,80,18,98,12
passenger1797,4,2,599,600,604,1,4,5,3
passenger1798,4,10,599,599,609,0,10,10,8
passenger1799,21,4,600,600,653,0,53,53,14
passenger1800,21,1,600,600,658,0,58,58,14
passenger1801,19,8,601,605,628,4,23,27,12
passenger1802,25,12,601,601,628,0,27,27,13
passenger1803,7,21,601,823,859,222,36,258,11
passenger1804,11,9,601,633,639,32,6,38,7
passenger1805,19,14,601,666,709,65,43,108,12
passenger1806,17,12,601,662,677,61,15,76,9
passenger1807,2,1,602,602,605,0,3,3,1
passenger1808,1,15,602,662,682,60,20,80,10
passenger1809,13,19,602,646,691,44,45,89,11
passenger1810,23,5,602,606,650,4,44,48,14
passenger1811,24,16,602,604,620,2,16,18,13
passenger1812,14,5,603,603,616,0,13,13,9
passenger1813,5,1,603,609,621,6,12,18,3
passenger1814,17,11,604,662,680,58,18,76,9
passenger1815,5,4,605,608,611,3,3,6,5
passenger1816,2,17,605,616,650,11,34,45,6
passenger1817,18,16,606,933,961,327,28,355,12
passenger1818,3,2,606,611,614,5,3,8,2
passenger1819,3,19,606,714,740,108,26,134,15
passenger1820,19,8,607,666,723,59,57,116,12
passenger1821,2,8,608,609,617,1,8,9,0
passenger1822,21,4,608,620,653,12,33,45,14
passenger1823,20,12,608,1344,1378,736,34,770,11
passenger1824,4,24,608,799,837,191,38,229,15
passenger1825,13,17,608,626,681,18,55,73,7
passenger1826,3,10,608,613,630,5,17,22,6
passenger1827,16,17,609,613,616,4,3,7,7
passenger1828,2,16,609,616,646,7,30,37,6
passenger1829,24,20,609,609,623,0,14,14,14
passenger1830,6,23,609,620,666,11,46,57,15
passenger1831,18,2,609,957,981,348,24,372,12
passenger1832,4,24,609,799,837,190,38,228,15
passenger1833,6,3,610,612,617,2,5,7,3
passenger1834,12,14,610,611,617,1,6,7,10
passenger1835,15,17,610,610,616,0,6,6,7
passenger1836,25,19,612,612,626,0,14,14,14
passenger1837,1,3,612,612,616,0,4,4,1
passenger1838,1,10,612,619,630,7,11,18,6
passenger1839,9,24,612,613,669,1,56,57,15
passenger1840,10,1,612,650,675,38,25,63,8
passenger1841,23,7,613,616,644,3,28,31,14
passenger1842,23,20,613,616,623,3,7,10,14
passenger1843,23,21,613,616,620,3,4,7,14
passenger1844,4,16,613,683,723,70,40,110,6
passenger1845,11,16,614,614,628,0,14,14,8
passenger1846,19,13,614,675,711,61,36,97,13
passenger1847,8,23,614,705,752,91,47,138,15
passenger1848,17,23,614,794,860,180,66,246,12
passenger1849,6,21,615,620,662,5,42,47,15
passenger1850,9,12,615,653,696,38,43,81,8
passenger1851,22,9,615,1028,1063,413,35,448,11
passenger1852,7,23,615,882,924,267,42,309,15
passenger1853,25,8,616,702,734,86,32,118,14
passenger1854,8,6,616,617,621,1,4,5,4
passenger1855,1,14,616,692,715,76,23,99,6
passenger1856,7,22,616,958,1001,342,43,385,15
passenger1857,5,16,616,616,659,0,43,43,9
passenger1858,13,16,617,638,685,21,47,68,10
passenger1859,3,12,618,686,709,68,23,91,6
passenger1860,16,9,619,619,639,0,20,20,7
passenger1861,22,14,619,695,722,76,27,103,14
passenger1862,10,1,619,650,675,31,25,56,8
passenger1863,5,12,620,630,647,10,17,27,9
passenger1864,11,22,621,810,857,189,47,236,12
passenger1865,20,4,621,623,653,2,30,32,14
passenger1866,15,12,621,622,629,1,7,8,7
passenger1867,3,17,621,626,662,5,36,41,9
passenger1868,14,3,622,622,669,0,47,47,8
passenger1869,12,19,622,807,846,185,39,224,12
passenger1870,9,3,622,623,635,1,12,13,0
passenger1871,6,25,623,709,758,86,49,135,15
passenger1872,16,5,623,623,654,0,31,31,10
passenger1873,13,5,623,639,663,16,24,40,8
passenger1874,12,4,623,644,666,21,22,43,8
passenger1875,16,15,623,623,631,0,8,8,10
passenger1876,16,12,624,624,641,0,17,17,10
passenger1877,8,7,625,626,629,1,3,4,0
passenger1878,6,11,625,677,706,52,29,81,6
passenger1879,12,17,625,629,681,4,52,56,7
passenger1880,2,8,625,625,633,0,8,8,2
passenger1881,22,23,626,695,698,69,3,72,14
passenger1882,24,8,626,1190,1224,564,34,598,11
passenger1883,4,5,626,626,629,0,3,3,5
passenger1884,4,24,626,965,1007,339,42,381,15
passenger1885,23,21,626,865,875,239,10,249,11
passenger1886,19,9,626,764,814,138,50,188,14
passenger1887,12,22,627,628,684,1,56,57,13
passenger1888,21,13,628,692,725,64,33,97,14
passenger1889,21,9,628,711,731,83,20,103,14
passenger1890,11,21,629,659,681,30,22,52,13
passenger1891,10,19,629,717,760,88,43,131,12
passenger1892,12,8,630,630,642,0,12,12,7
passenger1893,6,16,630,633,659,3,26,29,9
passenger1894,12,10,630,630,636,0,6,6,7
passenger1895,19,1,630,796,832,166,36,202,14
passenger1896,3,25,631,890,930,259,40,299,15
passenger1897,17,14,631,631,636,0,5,5,8
passenger1898,1,15,631,708,734,77,26,103,9
passenger1899,11,15,631,633,675,2,42,44,7
passenger1900,2,14,631,705,731,74,26,100,9
passenger1901,15,8,631,631,649,0,18,18,10
passenger1902,2,25,631,634,672,3,38,41,15
passenger1903,18,16,632,1023,1047,391,24,415,14
passenger1904,20,17,632,1344,1367,712,23,735,11
passenger1905,4,12,632,697,725,65,28,93,9
passenger1906,23,8,632,865,904,233,39,272,11
passenger1907,25,2,633,1113,1156,480,43,523,11
passenger1908,9,16,633,639,678,6,39,45,7
passenger1909,5,6,633,633,636,0,3,3,5
passenger1910,17,8,634,712,729,78,17,95,8
passenger1911,22,8,634,1184,1224,550,40,590,11
passenger1912,14,9,635,635,646,0,11,11,10
passenger1913,9,17,635,670,727,35,57,92,6
passenger1914,8,4,635,635,641,0,6,6,2
passenger1915,7,24,636,652,679,16,27,43,12
passenger1916,7,10,636,636,643,0,7,7,9
passenger1917,16,3,636,708,744,72,36,108,8
passenger1918,7,5,636,637,641,1,4,5,4
passenger1919,24,19,637,1196,1205,559,9,568,11
passenger1920,7,16,638,638,659,0,21,21,9
passenger1921,17,22,638,1123,1184,485,61,546,11
passenger1922,4,19,639,639,666,0,27,27,12
passenger1923,5,15,639,694,734,55,40,95,9
passenger1924,22,2,639,1184,1236,545,52,597,11
passenger1925,4,21,639,639,670,0,31,31,12
passenger1926,1,18,639,718,737,79,19,98,15
passenger1927,13,9,641,641,653,0,12,12,8
passenger1928,22,9,641,1272,1309,631,37,668,11
passenger1929,1,4,641,641,646,0,5,5,3
passenger1930,3,25,642,642,682,0,40,40,12
passenger1931,15,17,642,643,650,1,7,8,6
passenger1932,6,22,642,795,833,153,38,191,15
passenger1933,19,12,642,879,894,237,15,252,11
passenger1934,18,14,642,772,810,130,38,168,11
passenger1935,10,15,642,643,656,1,13,14,9
passenger1936,9,24,642,731,779,89,48,137,14
passenger1937,18,19,643,772,775,129,3,132,11
passenger1938,18,12,644,852,894,208,42,250,11
passenger1939,24,6,644,1278,1316,634,38,672,11
passenger1940,15,2,646,654,689,8,35,43,6
passenger1941,8,15,646,649,682,3,33,36,10
passenger1942,13,24,647,647,704,0,57,57,11
passenger1943,16,11,647,647,662,0,15,15,6
passenger1944,11,16,647,647,708,0,61,61,8
passenger1945,20,7,647,1344,1387,697,43,740,11
passenger1946,15,1,647,654,692,7,38,45,6
passenger1947,23,15,648,945,971,297,26,323,11
passenger1948,7,16,648,699,738,51,39,90,7
passenger1949,17,23,649,1188,1246,539,58,597,15
passenger1950,1,11,649,711,725,62,14,76,7
passenger1951,5,15,649,649,675,0,26,26,7
passenger1952,13,12,649,650,677,1,27,28,9
passenger1953,25,14,649,672,689,23,17,40,15
passenger1954,11,2,650,693,747,43,54,97,8
passenger1955,8,23,651,723,770,72,47,119,12
passenger1956,12,23,651,730,785,79,55,134,11
passenger1957,14,11,652,653,680,1,27,28,9
passenger1958,14,2,652,653,705,1,52,53,9
passenger1959,2,12,652,654,670,2,16,18,7
passenger1960,15,14,652,654,657,2,3,5,6
passenger1961,11,8,652,693,729,41,36,77,8
passenger1962,18,16,652,991,1025,339,34,373,15
passenger1963,2,12,653,654,670,1,16,17,7
passenger1964,18,20,653,1077,1083,424,6,430,15
passenger1965,8,24,653,723,773,70,50,120,12
passenger1966,17,11,653,727,746,74,19,93,6
passenger1967,16,22,653,685,749,32,64,96,15
passenger1968,6,4,653,653,657,0,4,4,5
passenger1969,12,3,653,677,700,24,23,47,9
passenger1970,21,25,654,746,758,92,12,104,15
passenger1971,16,25,654,859,930,205,71,276,15
passenger1972,2,16,654,654,678,0,24,24,7
passenger1973,12,7,654,677,688,23,11,34,9
passenger1974,8,14,655,656,700,1,44,45,8
passenger1975,17,5,655,727,758,72,31,103,6
passenger1976,16,24,656,1025,1093,369,68,437,15
passenger1977,1,22,656,658,695,2,37,39,14
passenger1978,16,9,656,723,750,67,27,94,6
passenger1979,19,16,656,1080,1115,424,35,459,15
passenger1980,20,3,656,658,714,2,56,58,15
passenger1981,2,17,657,708,741,51,33,84,7
passenger1982,8,6,657,662,666,5,4,9,4
passenger1983,11,19,658,924,936,266,12,278,12
passenger1984,5,25,658,670,702,12,32,44,14
passenger1985,11,4,658,662,683,4,21,25,6
passenger1986,2,22,658,661,695,3,34,37,14
passenger1987,3,11,658,658,674,0,16,16,10
passenger1988,17,13,658,662,674,4,12,16,9
passenger1989,7,3,658,659,671,1,12,13,4
passenger1990,18,13,659,1159,1194,500,35,535,15
passenger1991,2,5,659,660,665,1,5,6,0
passenger1992,15,5,659,720,758,61,38,99,6
passenger1993,10,4,659,690,741,31,51,82,8
passenger1994,20,16,659,659,685,0,26,26,15
passenger1995,20,2,659,743,803,84,60,144,15
passenger1996,10,7,659,690,732,31,42,73,8
passenger1997,16,21,659,881,942,222,61,283,12
passenger1998,6,20,660,1068,1102,408,34,442,11
passenger1999,15,21,660,798,854,138,56,194,12
passenger2000,3,25,661,664,702,3,38,41,14
passenger2001,11,8,661,662,673,1,11,12,6
passenger2002,5,25,661,670,702,9,32,41,14
passenger2003,23,4,662,752,799,90,47,137,15
passenger2004,12,19,662,662,675,0,13,13,13
passenger2005,15,5,662,666,694,4,28,32,9
passenger2006,10,8,663,665,673,2,8,10,6
passenger2007,25,6,663,672,709,9,37,46,15
passenger2008,18,23,663,957,1024,294,67,361,12
passenger2009,20,4,663,765,799,102,34,136,15
passenger2010,4,20,664,667,687,3,20,23,14
passenger2011,19,11,664,700,714,36,14,50,12
passenger2012,14,1,664,671,708,7,37,44,9
passenger2013,8,14,664,696,732,32,36,68,7
passenger2014,4,2,664,664,668,0,4,4,2
passenger2015,6,25,665,1148,1193,483,45,528,11
passenger2016,18,24,665,957,1027,292,70,362,12
passenger2017,7,15,665,699,735,34,36,70,7
passenger2018,23,9,666,924,952,258,28,286,15
passenger2019,17,18,666,878,933,212,55,267,12
passenger2020,21,25,666,670,682,4,12,16,12
passenger2021,16,15,667,737,745,70,8,78,9
passenger2022,22,18,667,749,769,82,20,102,15
passenger2023,10,16,667,667,723,0,56,56,6
passenger2024,14,6,667,671,691,4,20,24,9
passenger2025,13,16,668,674,737,6,63,69,9
passenger2026,23,15,668,924,944,256,20,276,15
passenger2027,5,25,668,670,702,2,32,34,14
passenger2028,15,8,668,668,685,0,17,17,9
passenger2029,19,10,668,760,813,92,53,145,12
passenger2030,10,21,669,718,775,49,57,106,13
passenger2031,22,14,669,673,709,4,36,40,12
passenger2032,10,22,669,718,778,49,60,109,13
passenger2033,5,19,669,739,764,70,25,95,14
passenger2034,15,22,670,855,870,185,15,200,13
passenger2035,11,21,670,715,775,45,60,105,13
passenger2036,1,19,670,1239,1265,569,26,595,11
passenger2037,2,17,670,672,712,2,40,42,8
passenger2038,5,25,670,739,782,69,43,112,14
passenger2039,20,3,671,697,730,26,33,59,12
passenger2040,23,7,671,924,958,253,34,287,15
passenger2041,14,3,671,731,761,60,30,90,9
passenger2042,3,7,672,672,678,0,6,6,1
passenger2043,14,22,672,852,870,180,18,198,13
passenger2044,5,19,673,739,764,66,25,91,14
passenger2045,1,8,673,674,683,1,9,10,2
passenger2046,5,4,674,674,677,0,3,3,0
passenger2047,15,23,674,899,955,225,56,281,13
passenger2048,17,22,674,895,952,221,57,278,13
passenger2049,15,2,674,675,708,1,33,34,7
passenger2050,9,21,675,814,862,139,48,187,14
passenger2051,2,3,675,676,679,1,3,4,4
passenger2052,21,2,675,694,733,19,39,58,12
passenger2053,24,19,676,679,700,3,21,24,12
passenger2054,17,14,676,681,686,5,5,10,7
passenger2055,3,11,677,679,693,2,14,16,8
passenger2056,21,23,677,775,783,98,8,106,13
passenger2057,12,21,677,807,862,130,55,185,14
passenger2058,20,2,678,772,832,94,60,154,13
passenger2059,16,14,678,678,686,0,8,8,7
passenger2060,20,23,679,772,783,93,11,104,13
passenger2061,14,9,679,679,702,0,23,23,10
passenger2062,25,18,680,682,703,2,21,23,12
passenger2063,17,3,680,681,705,1,24,25,7
passenger2064,11,5,680,680,694,0,14,14,9
passenger2065,13,21,681,804,862,123,58,181,14
passenger2066,6,25,681,1148,1193,467,45,512,11
passenger2067,4,3,682,682,685,0,3,3,0
passenger2068,25,3,683,683,730,0,47,47,12
passenger2069,19,20,683,1080,1083,397,3,400,15
passenger2070,9,2,683,687,698,4,11,15,2
passenger2071,8,2,684,684,698,0,14,14,2
passenger2072,17,23,684,898,954,214,56,270,14
passenger2073,25,21,684,684,694,0,10,10,12
passenger2074,20,23,684,772,783,88,11,99,13
passenger2075,20,17,684,864,895,180,31,211,13
passenger2076,25,9,684,684,720,0,36,36,12
passenger2077,11,23,684,733,785,49,52,101,11
passenger2078,8,4,684,684,694,0,10,10,2
passenger2079,7,15,685,685,705,0,20,20,8
passenger2080,23,4,686,783,828,97,45,142,13
passenger2081,18,20,686,1023,1029,337,6,343,14
passenger2082,23,19,686,783,795,97,12,109,13
passenger2083,4,13,686,697,712,11,15,26,6
passenger2084,24,23,686,687,690,1,3,4,12
passenger2085,16,25,687,1115,1176,428,61,489,15
passenger2086,17,2,687,688,711,1,23,24,10
passenger2087,23,5,688,783,825,95,42,137,13
passenger2088,10,6,688,690,735,2,45,47,8
passenger2089,18,1,688,964,1001,276,37,313,11
passenger2090,17,22,688,1209,1272,521,63,584,11
passenger2091,20,8,689,689,734,0,45,45,14
passenger2092,23,10,690,690,717,0,27,27,12
passenger2093,18,13,690,1098,1131,408,33,441,11
passenger2094,2,1,691,692,695,1,3,4,0
passenger2095,5,24,691,1050,1093,359,43,402,15
passenger2096,24,11,691,691,715,0,24,24,13
passenger2097,25,2,691,787,832,96,45,141,13
passenger2098,25,6,691,879,920,188,41,229,13
passenger2099,1,19,692,972,994,280,22,302,15
passenger2100,10,8,692,692,696,0,4,4,7
passenger2101,19,9,693,935,985,242,50,292,11
passenger2102,19,5,693,935,995,242,60,302,11
passenger2103,3,9,693,693,704,0,11,11,4
passenger2104,16,6,693,735,763,42,28,70,10
passenger2105,4,19,693,1053,1080,360,27,387,15
passenger2106,13,11,693,694,698,1,4,5,10
passenger2107,6,1,693,694,701,1,7,8,1
passenger2108,2,18,693,803,823,110,20,130,15
passenger2109,3,7,694,694,700,0,6,6,4
passenger2110,23,9,695,873,911,178,38,216,13
passenger2111,19,9,696,1021,1063,325,42,367,11
passenger2112,24,21,696,876,887,180,11,191,13
passenger2113,12,18,697,869,911,172,42,214,15
passenger2114,11,24,698,698,755,0,57,57,15
passenger2115,9,21,698,702,746,4,44,48,15
passenger2116,16,17,700,708,712,8,4,12,8
passenger2117,9,21,700,702,746,2,44,46,15
passenger2118,19,21,700,790,854,90,64,154,12
passenger2119,21,4,701,875,912,174,37,211,11
passenger2120,22,7,701,1272,1313,571,41,612,11
passenger2121,25,14,701,702,722,1,20,21,14
passenger2122,9,6,702,704,711,2,7,9,4
passenger2123,10,1,702,723,774,21,51,72,10
passenger2124,18,17,702,702,705,0,3,3,13
passenger2125,14,10,702,702,725,0,23,23,8
passenger2126,19,22,702,846,857,144,11,155,12
passenger2127,3,10,702,702,719,0,17,17,9
passenger2128,25,22,703,703,708,0,5,5,14
passenger2129,25,5,703,703,739,0,36,36,14
passenger2130,12,4,704,721,741,17,20,37,8
passenger2131,22,13,704,1288,1301,584,13,597,11
passenger2132,7,3,704,708,716,4,8,12,4
passenger2133,19,21,704,936,942,232,6,238,12
passenger2134,22,25,704,1350,1355,646,5,651,11
passenger2135,21,20,706,711,714,5,3,8,14
passenger2136,21,25,706,711,782,5,71,76,14
passenger2137,12,19,706,1035,1080,329,45,374,15
passenger2138,21,3,707,711,743,4,32,36,14
passenger2139,18,9,707,798,815,91,17,108,13
passenger2140,4,5,708,708,711,0,3,3,3
passenger2141,3,23,709,1140,1172,431,32,463,15
passenger2142,20,3,709,714,743,5,29,34,14
passenger2143,16,17,709,709,712,0,3,3,8
passenger2144,13,16,709,712,723,3,11,14,6
passenger2145,23,13,710,776,804,66,28,94,14
passenger2146,17,15,710,712,716,2,4,6,8
passenger2147,10,23,710,813,860,103,47,150,12
passenger2148,11,20,710,970,1015,260,45,305,12
passenger2149,16,18,710,961,1009,251,48,299,12
passenger2150,20,19,710,767,796,57,29,86,14
passenger2151,15,16,711,716,779,5,63,68,8
passenger2152,13,9,711,712,750,1,38,39,6
passenger2153,19,22,712,858,867,146,9,155,14
passenger2154,18,20,712,1023,1029,311,6,317,14
passenger2155,21,10,713,770,811,57,41,98,14
passenger2156,2,9,713,713,724,0,11,11,2
passenger2157,19,21,714,894,948,180,54,234,14
passenger2158,13,20,714,759,772,45,13,58,13
passenger2159,2,17,715,764,791,49,27,76,7
passenger2160,17,13,716,782,790,66,8,74,8
passenger2161,18,13,716,1023,1052,307,29,336,14
passenger2162,14,16,717,717,723,0,6,6,6
passenger2163,20,7,718,767,818,49,51,100,14
passenger2164,8,11,719,719,726,0,7,7,10
passenger2165,6,9,719,719,724,0,5,5,2
passenger2166,9,8,719,724,727,5,3,8,2
passenger2167,11,13,721,722,728,1,6,7,9
passenger2168,18,8,721,1098,1144,377,46,423,11
passenger2169,22,12,722,1350,1378,628,28,656,11
passenger2170,19,3,722,1021,1077,299,56,355,11
passenger2171,5,12,722,766,795,44,29,73,10
passenger2172,10,13,722,722,729,0,7,7,7
passenger2173,4,12,722,769,795,47,26,73,10
passenger2174,18,19,723,1176,1179,453,3,456,11
passenger2175,7,9,723,730,734,7,4,11,2
passenger2176,14,13,723,737,740,14,3,17,6
passenger2177,20,10,723,1414,1438,691,24,715,11
passenger2178,17,23,724,1259,1275,535,16,551,11
passenger2179,8,21,724,745,764,21,19,40,12
passenger2180,9,17,724,756,808,32,52,84,10
passenger2181,16,14,724,724,737,0,13,13,6
passenger2182,6,3,725,726,731,1,5,6,3
passenger2183,23,22,725,945,956,220,11,231,11
passenger2184,23,13,725,1107,1131,382,24,406,11
passenger2185,23,12,726,1107,1134,381,27,408,11
passenger2186,2,5,726,727,732,1,5,6,0
passenger2187,7,10,726,732,761,6,29,35,8
passenger2188,24,9,727,779,814,52,35,87,14
passenger2189,16,7,727,731,754,4,23,27,6
passenger2190,17,15,728,728,734,0,6,6,6
passenger2191,4,12,729,741,769,12,28,40,8
passenger2192,3,23,729,730,770,1,40,41,12
passenger2193,18,24,730,1176,1190,446,14,460,11
passenger2194,22,6,730,1418,1448,688,30,718,11
passenger2195,18,3,731,1185,1214,454,29,483,15
passenger2196,25,20,731,758,765,27,7,34,15
passenger2197,18,25,731,1185,1252,454,67,521,15
passenger2198,22,3,731,833,890,102,57,159,15
passenger2199,1,25,731,736,776,5,40,45,12
passenger2200,7,11,732,732,764,0,32,32,8
passenger2201,2,16,732,747,779,15,32,47,8
passenger2202,21,22,732,830,833,98,3,101,15
passenger2203,15,17,732,732,738,0,6,6,10
passenger2204,13,12,733,749,752,16,3,19,7
passenger2205,14,24,734,779,837,45,58,103,15
passenger2206,7,12,735,756,769,21,13,34,8
passenger2207,16,15,735,735,744,0,9,9,10
passenger2208,1,8,735,735,746,0,11,11,1
passenger2209,17,18,736,1262,1303,526,41,567,15
passenger2210,19,25,736,1080,1096,344,16,360,15
passenger2211,17,15,737,741,745,4,4,8,9
passenger2212,9,10,737,803,834,66,31,97,8
passenger2213,21,12,737,830,869,93,39,132,15
passenger2214,18,4,737,1185,1211,448,26,474,15
passenger2215,4,6,737,737,741,0,4,4,5
passenger2216,5,16,738,738,779,0,41,41,8
passenger2217,16,14,738,738,748,0,10,10,9
passenger2218,8,15,738,806,845,68,39,107,8
passenger2219,3,12,740,744,769,4,25,29,8
passenger2220,4,2,740,740,757,0,17,17,1
passenger2221,5,3,740,740,745,0,5,5,0
passenger2222,12,14,740,743,785,3,42,45,6
passenger2223,16,11,741,741,752,0,11,11,10
passenger2224,5,1,741,741,749,0,8,8,0
passenger2225,18,25,741,1185,1252,444,67,511,15
passenger2226,8,6,742,743,747,1,4,5,2
passenger2227,8,6,742,743,747,1,4,5,2
passenger2228,6,13,743,753,772,10,19,29,8
passenger2229,20,18,743,827,855,84,28,112,15
passenger2230,24,9,744,755,788,11,33,44,15
passenger2231,13,10,744,782,803,38,21,59,6
passenger2232,2,10,744,747,761,3,14,17,8
passenger2233,7,12,744,809,838,65,29,94,8
passenger2234,4,19,744,744,769,0,25,25,13
passenger2235,22,25,744,833,842,89,9,98,15
passenger2236,3,25,744,744,782,0,38,38,14
passenger2237,22,15,744,833,862,89,29,118,15
passenger2238,9,13,745,750,782,5,32,37,6
passenger2239,14,22,745,999,1021,254,22,276,12
passenger2240,14,1,746,746,767,0,21,21,7
passenger2241,18,20,747,1185,1237,438,52,490,15
passenger2242,8,3,747,747,754,0,7,7,1
passenger2243,4,22,747,747,773,0,26,26,14
passenger2244,12,14,748,749,801,1,52,53,10
passenger2245,25,2,748,758,803,10,45,55,15
passenger2246,6,21,748,748,775,0,27,27,13
passenger2247,14,1,748,748,765,0,17,17,9
passenger2248,18,4,749,1185,1211,436,26,462,15
passenger2249,20,21,749,1019,1086,270,67,337,15
passenger2250,12,7,749,749,760,0,11,11,10
passenger2251,23,14,750,1004,1029,254,25,279,15
passenger2252,16,4,750,790,810,40,20,60,9
passenger2253,16,15,750,790,793,40,3,43,9
passenger2254,8,20,750,752,772,2,20,22,13
passenger2255,4,18,751,1152,1176,401,24,425,11
passenger2256,25,15,751,758,776,7,18,25,15
passenger2257,3,14,751,817,842,66,25,91,8
passenger2258,14,7,752,784,805,32,21,53,7
passenger2259,16,7,752,788,805,36,17,53,7
passenger2260,14,15,752,784,787,32,3,35,9
passenger2261,17,20,752,1042,1081,290,39,329,12
passenger2262,23,20,752,1004,1019,252,15,267,15
passenger2263,20,22,753,1083,1089,330,6,336,15
passenger2264,7,8,753,754,759,1,5,6,2
passenger2265,14,12,753,784,798,31,14,45,7
passenger2266,18,1,754,957,984,203,27,230,12
passenger2267,4,19,754,1152,1179,398,27,425,11
passenger2268,21,8,754,830,879,76,49,125,15
passenger2269,8,15,755,768,788,13,20,33,6
passenger2270,12,5,755,780,809,25,29,54,7
passenger2271,13,21,756,904,948,148,44,192,14
passenger2272,19,21,756,936,942,180,6,186,12
passenger2273,17,22,756,1042,1085,286,43,329,12
passenger2274,7,2,756,756,767,0,11,11,2
passenger2275,3,25,757,1233,1281,476,48,524,11
passenger2276,17,7,758,808,833,50,25,75,10
passenger2277,22,8,758,921,955,163,34,197,15
passenger2278,15,7,758,804,833,46,29,75,10
passenger2279,3,7,758,758,764,0,6,6,3
passenger2280,6,14,759,761,785,2,24,26,6
passenger2281,1,6,759,759,766,0,7,7,0
passenger2282,15,10,760,786,800,26,14,40,8
passenger2283,16,17,760,779,782,19,3,22,8
passenger2284,25,21,760,842,848,82,6,88,15
passenger2285,6,18,760,1148,1176,388,28,416,11
passenger2286,16,15,760,779,786,19,7,26,8
passenger2287,20,4,760,787,821,27,34,61,12
passenger2288,10,21,760,812,867,52,55,107,13
passenger2289,23,1,760,1014,1058,254,44,298,15
passenger2290,12,7,761,769,809,8,40,48,8
passenger2291,5,2,761,762,767,1,5,6,5
passenger2292,14,17,761,775,782,14,7,21,8
passenger2293,14,10,762,775,800,13,25,38,8
passenger2294,20,17,762,787,794,25,7,32,12
passenger2295,23,9,762,1100,1126,338,26,364,15
passenger2296,6,12,763,763,779,0,16,16,6
passenger2297,13,12,763,772,793,9,21,30,8
passenger2298,21,2,764,764,825,0,61,61,12
passenger2299,14,11,764,775,797,11,22,33,8
passenger2300,6,17,764,764,792,0,28,28,6
passenger2301,21,14,765,784,801,19,17,36,12
passenger2302,3,2,765,765,768,0,3,3,4
passenger2303,11,17,766,766,782,0,16,16,8
passenger2304,8,22,766,988,1028,222,40,262,11
passenger2305,1,2,767,768,771,1,3,4,1
passenger2306,4,25,767,1152,1193,385,41,426,11
passenger2307,13,4,767,772,814,5,42,47,8
passenger2308,8,25,767,988,1035,221,47,268,11
passenger2309,18,6,767,860,920,93,60,153,13
passenger2310,7,2,767,767,782,0,15,15,3
passenger2311,20,4,767,793,827,26,34,60,14
passenger2312,8,9,767,770,773,3,3,6,3
passenger2313,16,20,768,1026,1034,258,8,266,13
passenger2314,8,10,769,769,773,0,4,4,6
passenger2315,10,2,769,773,817,4,44,48,6
passenger2316,19,14,769,769,806,0,37,37,13
passenger2317,12,25,769,814,869,45,55,100,11
passenger2318,5,25,770,1071,1113,301,42,343,11
passenger2319,18,6,770,1185,1205,415,20,435,15
passenger2320,17,19,770,1262,1306,492,44,536,15
passenger2321,10,9,770,773,806,3,33,36,6
passenger2322,21,5,770,790,824,20,34,54,14
passenger2323,1,17,770,821,847,51,26,77,7
passenger2324,23,13,770,770,804,0,34,34,12
passenger2325,4,14,770,770,784,0,14,14,9
passenger2326,7,21,771,991,1025,220,34,254,11
passenger2327,16,9,772,779,803,7,24,31,8
passenger2328,16,17,773,848,851,75,3,78,8
passenger2329,17,10,773,782,800,9,18,27,8
passenger2330,15,2,773,845,876,72,31,103,8
passenger2331,11,10,773,776,803,3,27,30,6
passenger2332,14,24,773,865,927,92,62,154,15
passenger2333,24,13,773,773,804,0,31,31,12
passenger2334,17,3,774,782,817,8,35,43,8
passenger2335,13,18,774,1032,1077,258,45,303,15
passenger2336,18,25,774,1262,1281,488,19,507,11
passenger2337,12,23,775,1197,1246,422,49,471,15
passenger2338,25,15,775,776,798,1,22,23,12
passenger2339,3,10,775,778,789,3,11,14,10
passenger2340,20,15,775,864,899,89,35,124,13
passenger2341,24,21,776,779,784,3,5,8,12
passenger2342,2,22,776,803,833,27,30,57,15
passenger2343,9,21,777,788,830,11,42,53,15
passenger2344,13,12,778,782,799,4,17,21,6
passenger2345,2,3,778,778,781,0,3,3,1
passenger2346,15,14,778,845,856,67,11,78,8
passenger2347,4,13,779,781,798,2,17,19,10
passenger2348,2,4,779,779,783,0,4,4,2
passenger2349,13,16,780,781,790,1,9,10,9
passenger2350,17,25,780,1262,1320,482,58,540,15
passenger2351,22,10,780,780,812,0,32,32,13
passenger2352,20,3,780,1414,1453,634,39,673,11
passenger2353,22,10,782,870,908,88,38,126,13
passenger2354,20,25,782,970,1045,188,75,263,13
passenger2355,18,24,782,946,958,164,12,176,13
passenger2356,1,5,783,785,791,2,6,8,3
passenger2357,16,14,783,848,856,65,8,73,8
passenger2358,4,18,783,1137,1159,354,22,376,15
passenger2359,2,25,784,969,1010,185,41,226,15
passenger2360,4,12,784,842,870,58,28,86,10
passenger2361,21,13,784,784,804,0,20,20,12
passenger2362,19,18,785,936,957,151,21,172,12
passenger2363,24,12,785,785,807,0,22,22,14
passenger2364,25,13,785,876,904,91,28,119,14
passenger2365,23,19,785,873,891,88,18,106,13
passenger2366,4,17,786,842,885,56,43,99,10
passenger2367,22,4,786,857,901,71,44,115,12
passenger2368,21,3,787,854,904,67,50,117,12
passenger2369,22,20,787,1418,1422,631,4,635,11
passenger2370,4,19,788,1137,1162,349,25,374,15
passenger2371,3,15,788,845,879,57,34,91,10
passenger2372,24,6,789,882,920,93,38,131,13
passenger2373,5,11,789,837,867,48,30,78,10
passenger2374,10,2,789,789,848,0,59,59,10
passenger2375,12,7,789,795,833,6,38,44,10
passenger2376,4,7,789,789,794,0,5,5,2
passenger2377,1,23,790,972,1004,182,32,214,15
passenger2378,25,10,791,1193,1218,402,25,427,11
passenger2379,22,12,792,870,904,78,34,112,13
passenger2380,23,5,792,955,999,163,44,207,13
passenger2381,8,19,792,879,914,87,35,122,15
passenger2382,6,21,792,885,918,93,33,126,15
passenger2383,11,12,792,792,795,0,3,3,10
passenger2384,20,1,793,793,832,0,39,39,14
passenger2385,19,20,793,972,1029,179,57,236,14
passenger2386,21,25,794,867,879,73,12,85,13
passenger2387,20,14,794,970,982,176,12,188,13
passenger2388,12,10,794,794,800,0,6,6,8
passenger2389,21,10,794,887,908,93,21,114,13
passenger2390,15,3,795,795,813,0,18,18,9
passenger2391,8,7,796,797,802,1,5,6,2
passenger2392,11,13,796,823,873,27,50,77,10
passenger2393,18,11,796,946,989,150,43,193,13
passenger2394,4,14,797,814,842,17,28,45,8
passenger2395,2,22,798,1285,1313,487,28,515,15
passenger2396,20,6,798,1414,1448,616,34,650,11
passenger2397,7,1,798,799,807,1,8,9,0
passenger2398,10,1,798,800,821,2,21,23,8
passenger2399,24,4,798,1284,1320,486,36,522,11
passenger2400,17,15,799,845,849,46,4,50,9
passenger2401,6,21,799,961,998,162,37,199,15
passenger2402,3,23,799,1214,1246,415,32,447,15
passenger2403,19,16,799,1021,1052,222,31,253,11
passenger2404,22,11,799,1418,1435,619,17,636,11
passenger2405,8,4,799,799,807,0,8,8,2
passenger2406,24,11,799,1284,1305,485,21,506,11
passenger2407,21,9,801,959,985,158,26,184,11
passenger2408,24,22,802,1284,1288,482,4,486,11
passenger2409,8,13,803,804,835,1,31,32,9
passenger2410,20,6,803,970,996,167,26,193,13
passenger2411,1,8,803,804,816,1,12,13,4
passenger2412,15,4,804,804,842,0,38,38,10
passenger2413,9,23,804,834,860,30,26,56,12
passenger2414,2,11,805,818,833,13,15,28,7
passenger2415,1,5,805,805,811,0,6,6,4
passenger2416,3,21,806,1214,1240,408,26,434,15
passenger2417,4,14,806,812,840,6,28,34,7
passenger2418,18,16,806,1262,1296,456,34,490,11
passenger2419,17,9,806,808,829,2,21,23,10
passenger2420,23,2,807,1187,1236,380,49,429,11
passenger2421,3,22,807,1214,1243,407,29,436,15
passenger2422,2,5,807,807,812,0,5,5,5
passenger2423,5,1,808,808,814,0,6,6,3
passenger2424,3,15,809,815,843,6,28,34,7
passenger2425,17,3,809,809,845,0,36,36,10
passenger2426,24,3,810,1284,1323,474,39,513,11
passenger2427,18,21,810,1340,1347,530,7,537,11
passenger2428,14,13,811,814,817,3,3,6,10
passenger2429,3,7,811,811,817,0,6,6,1
passenger2430,22,9,811,1418,1441,607,23,630,11
passenger2431,1,19,811,1058,1080,247,22,269,15
passenger2432,18,2,811,1340,1394,529,54,583,11
passenger2433,2,3,812,813,816,1,3,4,0
passenger2434,2,16,812,816,842,4,26,30,9
passenger2435,4,16,813,813,833,0,20,20,6
passenger2436,5,25,813,1134,1176,321,42,363,15
passenger2437,19,10,813,1179,1218,366,39,405,11
passenger2438,11,2,813,867,917,54,50,104,10
passenger2439,2,14,813,816,838,3,22,25,9
passenger2440,1,16,814,819,842,5,23,28,9
passenger2441,10,4,815,826,842,11,16,27,10
passenger2442,14,19,815,890,935,75,45,120,11
passenger2443,5,14,816,827,842,11,15,26,8
passenger2444,22,7,817,1001,1044,184,43,227,15
passenger2445,21,19,817,848,852,31,4,35,15
passenger2446,11,23,818,897,945,79,48,127,11
passenger2447,25,6,818,842,885,24,43,67,15
passenger2448,25,1,819,930,972,111,42,153,15
passenger2449,4,2,819,819,823,0,4,4,2
passenger2450,10,24,819,900,948,81,48,129,11
passenger2451,16,3,820,882,914,62,32,94,10
passenger2452,13,10,820,873,901,53,28,81,10
passenger2453,12,7,820,820,833,0,13,13,10
passenger2454,6,24,820,821,873,1,52,53,14
passenger2455,14,11,820,876,897,56,21,77,10
passenger2456,2,20,820,825,849,5,24,29,12
passenger2457,12,10,820,820,826,0,6,6,10
passenger2458,17,4,821,885,911,64,26,90,10
passenger2459,14,22,822,1029,1089,207,60,267,15
passenger2460,12,1,823,870,920,47,50,97,10
passenger2461,6,2,824,825,831,1,6,7,1
passenger2462,13,10,824,936,961,112,25,137,10
passenger2463,4,18,824,827,855,3,28,31,14
passenger2464,5,9,825,825,831,0,6,6,5
passenger2465,25,2,826,930,969,104,39,143,15
passenger2466,7,8,826,827,831,1,4,5,4
passenger2467,13,7,826,936,968,110,32,142,10
passenger2468,25,1,826,930,972,104,42,146,15
passenger2469,24,14,827,837,865,10,28,38,15
passenger2470,1,3,827,827,831,0,4,4,3
passenger2471,3,8,827,827,834,0,7,7,0
passenger2472,9,17,827,849,892,22,43,65,6
passenger2473,8,19,828,988,1021,160,33,193,11
passenger2474,8,7,828,831,838,3,7,10,4
passenger2475,7,9,828,828,834,0,6,6,4
passenger2476,21,7,828,918,958,90,40,130,15
passenger2477,7,24,828,991,1032,163,41,204,11
passenger2478,17,5,829,836,857,7,21,28,6
passenger2479,22,5,830,1089,1134,259,45,304,15
passenger2480,5,12,831,871,896,40,25,65,8
passenger2481,18,5,831,1185,1208,354,23,377,15
passenger2482,19,4,831,1108,1137,277,29,306,15
passenger2483,20,3,831,1083,1140,252,57,309,15
passenger2484,12,17,831,832,845,1,13,14,9
passenger2485,7,16,832,867,906,35,39,74,8
passenger2486,18,17,832,1185,1188,353,3,356,15
passenger2487,10,20,833,921,939,88,18,106,12
passenger2488,19,9,834,1108,1126,274,18,292,15
passenger2489,19,23,834,1162,1172,328,10,338,15
passenger2490,21,19,834,918,938,84,20,104,15
passenger2491,20,21,834,1105,1168,271,63,334,15
passenger2492,8,19,834,917,936,83,19,102,12
passenger2493,5,9,834,836,842,2,6,8,3
passenger2494,24,8,835,837,879,2,42,44,15
passenger2495,22,11,835,1089,1122,254,33,287,15
passenger2496,6,3,835,838,843,3,5,8,0
passenger2497,14,12,837,840,856,3,16,19,7
passenger2498,13,2,837,837,872,0,35,35,7
passenger2499,7,1,838,838,846,0,8,8,4
passenger2500,8,24,838,840,876,2,36,38,13
passenger2501,4,18,838,1230,1262,392,32,424,11
passenger2502,1,15,838,851,879,13,28,41,10
passenger2503,24,9,839,839,876,0,37,37,15
passenger2504,5,15,839,839,879,0,40,40,10
passenger2505,7,23,840,840,870,0,30,30,14
passenger2506,22,17,840,1089,1112,249,23,272,15
passenger2507,16,19,840,1005,1012,165,7,172,12
passenger2508,12,25,840,967,1030,127,63,190,12
passenger2509,9,1,840,840,850,0,10,10,5
passenger2510,18,17,842,1009,1042,167,33,200,12
passenger2511,25,10,843,1010,1039,167,29,196,15
passenger2512,11,15,843,844,888,1,44,45,6
passenger2513,10,20,843,844,864,1,20,21,13
passenger2514,11,20,844,847,864,3,17,20,13
passenger2515,11,6,844,844,854,0,10,10,6
passenger2516,25,14,844,1010,1029,166,19,185,15
passenger2517,18,15,844,1039,1046,195,7,202,12
passenger2518,9,25,845,926,960,81,34,115,14
passenger2519,10,25,845,845,876,0,31,31,14
passenger2520,11,1,845,845,863,0,18,18,6
passenger2521,1,25,846,1007,1045,161,38,199,13
passenger2522,14,10,846,856,862,10,6,16,8
passenger2523,21,16,846,854,881,8,27,35,12
passenger2524,17,18,847,1042,1077,195,35,230,12
passenger2525,5,3,848,850,854,2,4,6,0
passenger2526,19,1,848,954,984,106,30,136,12
passenger2527,18,4,848,1039,1061,191,22,213,12
passenger2528,7,18,850,917,946,67,29,96,13
passenger2529,16,20,850,1256,1268,406,12,418,11
passenger2530,16,2,850,850,872,0,22,22,7
passenger2531,21,6,850,998,1047,148,49,197,15
passenger2532,4,22,850,924,952,74,28,102,13
passenger2533,5,14,850,857,876,7,19,26,10
passenger2534,13,20,850,904,945,54,41,95,14
passenger2535,2,3,851,851,854,0,3,3,1
passenger2536,11,12,851,880,883,29,3,32,6
passenger2537,20,16,851,851,881,0,30,30,12
passenger2538,4,25,851,924,961,73,37,110,13
passenger2539,12,25,852,904,961,52,57,109,13
passenger2540,25,2,852,866,907,14,41,55,12
passenger2541,13,11,852,856,860,4,4,8,9
passenger2542,13,8,853,856,865,3,9,12,9
passenger2543,14,13,853,853,856,0,3,3,9
passenger2544,5,8,853,858,863,5,5,10,0
passenger2545,4,22,854,924,952,70,28,98,13
passenger2546,17,10,854,909,924,55,15,70,8
passenger2547,10,2,855,860,872,5,12,17,7
passenger2548,8,24,855,914,958,59,44,103,13
passenger2549,1,4,855,855,860,0,5,5,4
passenger2550,22,14,855,857,885,2,28,30,12
passenger2551,1,13,855,920,936,65,16,81,10
passenger2552,19,9,855,1179,1221,324,42,366,11
passenger2553,10,16,856,860,894,4,34,38,7
passenger2554,15,23,856,1023,1041,167,18,185,13
passenger2555,7,4,857,859,864,2,5,7,3
passenger2556,17,14,857,909,914,52,5,57,8
passenger2557,9,18,858,911,946,53,35,88,13
passenger2558,10,5,858,860,867,2,7,9,7
passenger2559,14,11,859,900,921,41,21,62,8
passenger2560,11,12,860,860,873,0,13,13,9
passenger2561,23,6,860,860,897,0,37,37,12
passenger2562,7,15,860,861,879,1,18,19,10
passenger2563,2,4,860,860,864,0,4,4,2
passenger2564,15,13,860,903,917,43,14,57,8
passenger2565,17,3,861,881,909,20,28,48,9
passenger2566,22,13,862,1418,1431,556,13,569,11
passenger2567,4,8,862,862,868,0,6,6,4
passenger2568,6,12,862,907,933,45,26,71,10
passenger2569,12,11,862,873,891,11,18,29,9
passenger2570,12,23,862,1271,1316,409,45,454,15
passenger2571,24,13,862,863,888,1,25,26,12
passenger2572,25,21,862,866,872,4,6,10,12
passenger2573,21,6,863,863,915,0,52,52,14
passenger2574,11,9,863,870,895,7,25,32,9
passenger2575,3,2,863,863,866,0,3,3,1
passenger2576,16,11,864,906,921,42,15,57,8
passenger2577,21,17,864,864,898,0,34,34,14
passenger2578,3,21,866,1282,1310,416,28,444,15
passenger2579,13,15,866,936,940,70,4,74,10
passenger2580,25,17,866,866,878,0,12,12,12
passenger2581,1,5,866,866,872,0,6,6,5
passenger2582,11,1,866,867,920,1,53,54,10
passenger2583,5,20,867,1134,1165,267,31,298,15
passenger2584,4,5,867,867,870,0,3,3,2
passenger2585,13,3,867,936,976,69,40,109,10
passenger2586,7,24,869,958,1007,89,49,138,15
passenger2587,16,25,869,1265,1320,396,55,451,15
passenger2588,9,16,869,895,938,26,43,69,9
passenger2589,6,10,869,870,876,1,6,7,6
passenger2590,5,21,870,1134,1168,264,34,298,15
passenger2591,5,6,870,870,873,0,3,3,2
passenger2592,12,11,870,933,958,63,25,88,10
passenger2593,8,9,871,871,874,0,3,3,0
passenger2594,8,23,871,879,924,8,45,53,15
passenger2595,15,23,871,944,1004,73,60,133,15
passenger2596,25,17,871,1193,1209,322,16,338,11
passenger2597,21,3,872,872,904,0,32,32,12
passenger2598,24,13,872,1358,1375,486,17,503,11
passenger2599,18,7,872,1039,1056,167,17,184,12
passenger2600,3,23,872,1282,1316,410,34,444,15
passenger2601,12,4,873,873,906,0,33,33,9
passenger2602,17,2,873,885,917,12,32,44,10
passenger2603,12,18,873,1271,1303,398,32,430,15
passenger2604,19,12,873,954,967,81,13,94,12
passenger2605,10,21,873,873,918,0,45,45,15
passenger2606,5,2,873,873,879,0,6,6,5
passenger2607,4,21,874,1137,1168,263,31,294,15
passenger2608,12,1,874,874,913,0,39,39,9
passenger2609,5,1,874,874,882,0,8,8,5
passenger2610,21,12,874,942,967,68,25,93,12
passenger2611,2,6,874,874,887,0,13,13,1
passenger2612,16,15,874,882,889,8,7,15,10
passenger2613,21,1,874,942,984,68,42,110,12
passenger2614,2,1,875,875,878,0,3,3,1
passenger2615,10,19,875,1039,1080,164,41,205,15
passenger2616,17,6,875,885,907,10,22,32,10
passenger2617,17,5,876,946,972,70,26,96,10
passenger2618,19,11,876,954,970,78,16,94,12
passenger2619,2,10,876,876,886,0,10,10,8
passenger2620,20,18,876,939,957,63,18,81,12
passenger2621,7,19,877,958,994,81,36,117,15
passenger2622,10,12,877,877,883,0,6,6,6
passenger2623,3,25,877,1282,1320,405,38,443,15
passenger2624,21,5,877,1025,1071,148,46,194,11
passenger2625,15,20,877,1002,1015,125,13,138,12
passenger2626,13,6,878,887,902,9,15,24,9
passenger2627,25,7,878,878,912,0,34,34,14
passenger2628,9,10,878,906,915,28,9,37,6
passenger2629,23,13,878,955,985,77,30,107,13
passenger2630,18,23,878,1039,1088,161,49,210,12
passenger2631,24,22,878,958,966,80,8,88,13
passenger2632,23,24,879,884,957,5,73,78,14
passenger2633,25,17,879,879,898,0,19,19,14
passenger2634,4,3,879,879,882,0,3,3,3
passenger2635,20,8,879,1414,1444,535,30,565,11
passenger2636,21,24,879,1025,1032,146,7,153,11
passenger2637,17,20,879,1042,1081,163,39,202,12
passenger2638,7,11,879,879,885,0,6,6,7
passenger2639,25,21,880,880,890,0,10,10,14
passenger2640,6,24,880,1047,1093,167,46,213,15
passenger2641,13,22,880,888,945,8,57,65,12
passenger2642,14,16,880,892,943,12,51,63,10
passenger2643,5,9,881,882,888,1,6,7,2
passenger2644,19,22,881,1205,1272,324,67,391,11
passenger2645,3,2,881,882,893,1,11,12,1
passenger2646,18,12,882,1340,1378,458,38,496,11
passenger2647,22,2,882,952,1004,70,52,122,13
passenger2648,9,1,882,882,892,0,10,10,0
passenger2649,18,22,884,1340,1350,456,10,466,11
passenger2650,4,9,884,885,892,1,7,8,3
passenger2651,22,2,884,951,1003,67,52,119,14
passenger2652,24,23,885,957,966,72,9,81,14
passenger2653,4,18,885,1211,1233,326,22,348,15
passenger2654,1,13,886,949,967,63,18,81,8
passenger2655,2,14,886,946,970,60,24,84,8
passenger2656,9,18,886,952,991,66,39,105,15
passenger2657,23,13,886,886,904,0,18,18,14
passenger2658,17,16,887,946,949,59,3,62,10
passenger2659,25,6,887,960,995,73,35,108,14
passenger2660,6,10,887,934,960,47,26,73,8
passenger2661,19,22,887,891,952,4,61,65,13
passenger2662,7,3,888,889,895,1,6,7,4
passenger2663,16,15,888,943,952,55,9,64,10
passenger2664,10,5,888,888,937,0,49,49,8
passenger2665,22,19,888,951,972,63,21,84,14
passenger2666,15,7,888,888,910,0,22,22,6
passenger2667,11,2,889,893,946,4,53,57,8
passenger2668,7,12,889,931,964,42,33,75,8
passenger2669,11,3,889,893,943,4,50,54,8
passenger2670,24,7,889,957,992,68,35,103,14
passenger2671,13,12,889,889,902,0,13,13,7
passenger2672,12,22,889,967,1021,78,54,132,12
passenger2673,19,22,890,973,1038,83,65,148,13
passenger2674,10,7,890,890,931,0,41,41,8
passenger2675,11,15,890,891,935,1,44,45,9
passenger2676,9,12,890,927,964,37,37,74,8
passenger2677,4,15,890,940,973,50,33,83,8
passenger2678,18,14,890,976,982,86,6,92,13
passenger2679,22,25,891,951,960,60,9,69,14
passenger2680,23,3,891,954,1000,63,46,109,14
passenger2681,23,9,892,966,988,74,22,96,14
passenger2682,12,11,892,930,945,38,15,53,9
passenger2683,8,22,893,917,945,24,28,52,12
passenger2684,16,25,893,1026,1045,133,19,152,13
passenger2685,24,11,893,957,984,64,27,91,14
passenger2686,19,13,893,973,985,80,12,92,13
passenger2687,13,19,894,975,1021,81,46,127,11
passenger2688,18,23,894,1030,1041,136,11,147,13
passenger2689,20,16,894,945,977,51,32,83,14
passenger2690,23,3,894,966,1000,72,34,106,14
passenger2691,20,10,894,1029,1059,135,30,165,14
passenger2692,11,20,894,897,938,3,41,44,11
passenger2693,7,23,894,914,948,20,34,54,12
passenger2694,13,9,895,936,964,41,28,69,10
passenger2695,9,11,895,895,927,0,32,32,9
passenger2696,24,3,895,963,1000,68,37,105,14
passenger2697,13,21,895,975,1025,80,50,130,11
passenger2698,12,15,896,896,903,0,7,7,8
passenger2699,9,4,897,897,904,0,7,7,2
passenger2700,16,23,897,1026,1041,129,15,144,13
passenger2701,14,11,897,897,902,0,5,5,6
passenger2702,4,24,897,1211,1249,314,38,352,15
passenger2703,22,23,897,1035,1038,138,3,141,14
passenger2704,9,16,897,897,938,0,41,41,9
passenger2705,11,6,898,898,907,0,9,9,10
passenger2706,6,10,898,902,924,4,22,26,9
passenger2707,14,4,898,898,912,0,14,14,7
passenger2708,18,12,899,1023,1055,124,32,156,14
