id,source,dest,submit_tick,pickup_tick,dropoff_tick,wait_time,travel_time,total_time,elevator
passenger1,1,16,0,0,17,0,17,17,0
passenger2,1,6,0,0,7,0,7,7,1
passenger3,1,8,0,0,9,0,9,9,2
passenger4,1,7,0,0,8,0,8,8,3
passenger5,1,10,1,1,12,0,11,11,4
passenger6,1,17,1,1,19,0,18,18,5
passenger7,1,11,1,1,13,0,12,12,6
passenger8,1,9,1,1,11,0,10,10,7
passenger9,1,14,2,2,35,0,33,33,8
passenger10,1,16,2,2,25,0,23,23,9
passenger11,1,2,2,2,7,0,5,5,10
passenger12,1,23,2,2,30,0,28,28,11
passenger13,1,23,2,2,30,0,28,28,12
passenger14,1,16,3,3,43,0,40,40,13
passenger15,1,15,4,4,36,0,32,32,14
passenger16,1,18,4,4,41,0,37,37,15
passenger17,1,12,4,4,31,0,27,27,8
passenger18,1,10,4,4,17,0,13,13,9
passenger19,1,10,4,4,17,0,13,13,10
passenger20,1,5,4,4,10,0,6,6,11
passenger21,1,22,4,4,27,0,23,23,12
passenger22,1,9,5,5,32,0,27,27,13
passenger23,1,8,6,6,25,0,19,19,14
passenger24,1,25,6,6,56,0,50,50,15
passenger25,1,14,6,6,35,0,29,29,8
passenger26,1,16,6,6,25,0,19,19,9
passenger27,1,7,7,7,28,0,21,21,13
passenger28,1,8,7,7,25,0,18,18,14
passenger29,1,19,8,8,44,0,36,36,15
passenger30,1,12,8,8,31,0,23,23,8
passenger31,1,5,9,9,22,0,13,13,13
passenger32,1,22,9,9,47,0,38,38,14
passenger33,1,11,9,9,28,0,19,19,15
passenger34,1,18,9,9,45,0,36,36,8
passenger35,1,10,9,9,35,0,26,26,13
passenger36,1,15,10,10,36,0,26,26,14
passenger37,1,20,10,10,47,0,37,37,15
passenger38,1,23,10,10,52,0,42,42,8
passenger39,1,6,10,10,25,0,15,15,13
passenger40,1,18,11,11,41,0,30,30,14
passenger41,1,23,12,12,52,0,40,40,15
passenger42,1,17,12,12,42,0,30,30,8
passenger43,1,5,12,12,22,0,10,10,13
passenger44,1,6,12,12,21,0,9,9,14
passenger45,1,6,12,12,21,0,9,9,15
passenger46,1,4,12,12,21,0,9,9,8
passenger47,1,20,13,13,49,0,36,36,13
passenger48,1,25,13,13,52,0,39,39,14
passenger49,1,14,14,14,35,0,21,21,15
passenger50,1,16,14,14,39,0,25,25,8
passenger51,1,20,14,14,49,0,35,35,13
passenger52,1,11,14,14,30,0,16,16,14
passenger53,1,13,14,14,32,0,18,18,15
passenger54,1,16,16,16,39,0,23,23,8
passenger55,1,9,16,16,32,0,16,16,13
passenger56,1,3,17,76,80,59,4,63,8
passenger57,1,15,17,70,96,53,26,79,13
passenger58,1,21,18,76,108,58,32,90,8
passenger59,1,3,18,70,74,52,4,56,13
passenger60,1,7,18,76,86,58,10,68,8
passenger61,1,8,19,24,37,5,13,18,1
passenger62,1,21,19,24,58,5,34,39,1
passenger63,1,14,19,24,45,5,21,26,1
passenger64,1,14,19,24,45,5,21,26,1
passenger65,1,17,21,24,50,3,26,29,1
passenger66,1,8,21,24,37,3,13,16,1
passenger67,1,19,22,24,54,2,30,32,1
passenger68,1,2,22,24,27,2,3,5,1
passenger69,1,4,23,24,31,1,7,8,1
passenger70,1,21,23,24,58,1,34,35,1
passenger71,1,17,23,80,112,57,32,89,1
passenger72,1,6,24,80,89,56,9,65,1
passenger73,1,12,24,80,105,56,25,81,1
passenger74,1,3,25,80,84,55,4,59,1
passenger75,1,18,25,80,115,55,35,90,1
passenger76,1,20,25,80,119,55,39,94,1
passenger77,1,8,25,80,95,55,15,70,1
passenger78,1,10,26,80,99,54,19,73,1
passenger79,1,7,26,80,92,54,12,66,1
passenger80,1,11,26,80,102,54,22,76,1
passenger81,1,8,26,140,153,114,13,127,1
passenger82,1,7,26,140,150,114,10,124,1
passenger83,1,12,27,33,52,6,19,25,3
passenger84,1,22,27,33,68,6,35,41,3
passenger85,1,20,27,33,64,6,31,37,3
passenger86,1,9,28,33,47,5,14,19,3
passenger87,1,24,28,33,72,5,39,44,3
passenger88,1,7,28,33,43,5,10,15,3
passenger89,1,23,28,35,69,7,34,41,2
passenger90,1,9,29,33,47,4,14,18,3
passenger91,1,14,29,33,56,4,23,27,3
passenger92,1,6,29,33,40,4,7,11,3
passenger93,1,20,29,33,64,4,31,35,3
passenger94,1,9,30,97,115,67,18,85,3
passenger95,1,22,31,35,66,4,31,35,2
passenger96,1,3,31,97,101,66,4,70,3
passenger97,1,14,32,35,54,3,19,22,2
passenger98,1,5,32,97,107,65,10,75,3
passenger99,1,23,33,35,69,2,34,36,2
passenger100,1,12,33,97,120,64,23,87,3
passenger101,1,18,33,35,60,2,25,27,2
passenger102,1,23,33,97,137,64,40,104,3
passenger103,1,14,34,35,54,1,19,20,2
passenger104,1,3,34,35,39,1,4,5,2
passenger105,1,7,34,35,45,1,10,11,2
passenger106,1,7,35,35,45,0,10,10,2
passenger107,1,23,35,35,69,0,34,34,2
passenger108,1,23,35,93,131,58,38,96,2
passenger109,1,13,35,93,117,58,24,82,2
passenger110,1,23,35,93,131,58,38,96,2
passenger111,1,7,36,93,101,57,8,65,2
passenger112,1,18,36,93,124,57,31,88,2
passenger113,1,11,36,93,111,57,18,75,2
passenger114,1,7,37,93,101,56,8,64,2
passenger115,1,8,37,93,104,56,11,67,2
passenger116,1,12,37,93,114,56,21,77,2
passenger117,1,10,37,93,108,56,15,71,2
passenger118,1,7,38,46,58,8,12,20,7
passenger119,1,10,38,46,63,8,17,25,7
passenger120,1,5,38,46,54,8,8,16,7
passenger121,1,25,38,46,88,8,42,50,7
passenger122,1,11,38,46,66,8,20,28,7
passenger123,1,4,39,46,51,7,5,12,7
passenger124,1,15,39,48,72,9,24,33,4
passenger125,1,23,40,46,84,6,38,44,7
passenger126,1,10,40,46,63,6,17,23,7
passenger127,1,22,40,46,81,6,35,41,7
passenger128,1,16,40,46,73,6,27,33,7
passenger129,1,19,41,114,142,73,28,101,7
passenger130,1,9,41,48,62,7,14,21,4
passenger131,1,2,41,114,117,73,3,76,7
passenger132,1,10,42,48,65,6,17,23,4
passenger133,1,24,42,114,153,72,39,111,7
passenger134,1,20,43,48,81,5,33,38,4
passenger135,1,20,43,114,145,71,31,102,7
passenger136,1,23,43,48,86,5,38,43,4
passenger137,1,10,43,114,131,71,17,88,7
passenger138,1,9,43,48,62,5,14,19,4
passenger139,1,24,43,114,153,71,39,110,7
passenger140,1,15,43,48,72,5,24,29,4
passenger141,1,9,44,114,128,70,14,84,7
passenger142,1,8,44,48,59,4,11,15,4
passenger143,1,23,44,114,150,70,36,106,7
passenger144,1,3,45,48,52,3,4,7,4
passenger145,1,3,45,114,120,69,6,75,7
passenger146,1,19,45,48,78,3,30,33,4
passenger147,1,2,46,114,117,68,3,71,7
passenger148,1,6,46,110,121,64,11,75,4
passenger149,1,25,47,110,150,63,40,103,4
passenger150,1,12,47,110,129,63,19,82,4
passenger151,1,19,47,110,140,63,30,93,4
passenger152,1,13,48,110,132,62,22,84,4
passenger153,1,4,48,110,115,62,5,67,4
passenger154,1,6,48,110,121,62,11,73,4
passenger155,1,20,48,110,143,62,33,95,4
passenger156,1,4,50,110,115,60,5,65,4
passenger157,1,16,51,60,83,9,23,32,10
passenger158,1,10,51,60,73,9,13,22,10
passenger159,1,10,52,60,73,8,13,21,10
passenger160,1,24,52,60,95,8,35,43,10
passenger161,1,16,52,60,83,8,23,31,10
passenger162,1,16,52,60,83,8,23,31,10
passenger163,1,10,53,60,73,7,13,20,10
passenger164,1,11,53,60,76,7,16,23,10
passenger165,1,18,54,60,87,6,27,33,10
passenger166,1,2,54,60,63,6,3,9,10
passenger167,1,7,54,120,130,66,10,76,10
passenger168,1,16,54,120,145,66,25,91,10
passenger169,1,16,55,120,145,65,25,90,10
passenger170,1,4,55,120,125,65,5,70,10
passenger171,1,20,55,120,151,65,31,96,10
passenger172,1,15,56,120,142,64,22,86,10
passenger173,1,7,56,120,130,64,10,74,10
passenger174,1,20,57,120,151,63,31,94,10
passenger175,1,25,57,120,158,63,38,101,10
passenger176,1,12,57,120,137,63,17,80,10
passenger177,1,8,58,184,197,126,13,139,10
passenger178,1,9,58,184,200,126,16,142,10
passenger179,1,16,58,184,213,126,29,155,10
passenger180,1,3,58,184,190,126,6,132,10
passenger181,1,13,59,184,208,125,24,149,10
passenger182,1,2,59,184,187,125,3,128,10
passenger183,1,2,59,184,187,125,3,128,10
passenger184,1,12,60,184,205,124,21,145,10
passenger185,1,19,60,184,218,124,34,158,10
passenger186,1,23,60,184,224,124,40,164,10
passenger187,1,4,60,248,255,188,7,195,10
passenger188,1,7,60,248,260,188,12,200,10
passenger189,1,12,61,248,267,187,19,206,10
passenger190,1,15,61,248,274,187,26,213,10
passenger191,1,25,61,248,290,187,42,229,10
passenger192,1,18,61,248,279,187,31,218,10
passenger193,1,14,62,248,271,186,23,209,10
passenger194,1,3,62,248,252,186,4,190,10
passenger195,1,3,62,248,252,186,4,190,10
passenger196,1,5,63,70,78,7,8,15,13
passenger197,1,17,64,70,100,6,30,36,13
passenger198,1,9,64,70,86,6,16,22,13
passenger199,1,7,65,70,82,5,12,17,13
passenger200,1,18,65,70,103,5,33,38,13
passenger201,1,21,66,70,108,4,38,42,13
passenger202,1,12,67,70,91,3,21,24,13
passenger203,1,23,68,70,112,2,42,44,13
passenger204,1,19,69,136,164,67,28,95,13
passenger205,1,19,70,136,164,66,28,94,13
passenger206,1,22,70,136,171,66,35,101,13
passenger207,1,6,70,136,145,66,9,75,13
passenger208,1,20,71,136,167,65,31,96,13
passenger209,1,24,71,136,175,65,39,104,13
passenger210,1,25,72,136,178,64,42,106,13
passenger211,1,15,73,76,98,3,22,25,8
passenger212,1,20,73,76,105,3,29,32,8
passenger213,1,23,73,76,114,3,38,41,8
passenger214,1,22,74,76,111,2,35,37,8
passenger215,1,23,74,76,114,2,38,40,8
passenger216,1,21,75,76,108,1,32,33,8
passenger217,1,11,76,76,92,0,16,16,8
passenger218,1,19,76,138,170,62,32,94,8
passenger219,1,11,76,138,152,62,14,76,8
passenger220,1,21,76,138,174,62,36,98,8
passenger221,1,21,76,138,174,62,36,98,8
passenger222,1,24,76,138,179,62,41,103,8
passenger223,1,16,77,138,163,61,25,86,8
passenger224,1,13,77,138,156,61,18,79,8
passenger225,1,5,77,138,144,61,6,67,8
passenger226,1,17,78,138,166,60,28,88,8
passenger227,1,15,78,138,160,60,22,82,8
passenger228,1,14,78,204,221,126,17,143,8
passenger229,1,18,78,204,229,126,25,151,8
passenger230,1,22,78,140,177,62,37,99,1
passenger231,1,5,79,140,146,61,6,67,1
passenger232,1,12,79,140,159,61,19,80,1
passenger233,1,19,80,140,168,60,28,88,1
passenger234,1,21,80,140,174,60,34,94,1
passenger235,1,20,81,140,171,59,31,90,1
passenger236,1,21,81,140,174,59,34,93,1
passenger237,1,22,81,140,177,59,37,96,1
passenger238,1,25,82,200,244,118,44,162,1
passenger239,1,16,82,200,231,118,31,149,1
passenger240,1,7,82,200,212,118,12,130,1
passenger241,1,15,82,200,228,118,28,146,1
passenger242,1,19,82,200,236,118,36,154,1
passenger243,1,4,82,200,207,118,7,125,1
passenger244,1,20,83,93,122,10,29,39,6
passenger245,1,15,83,93,113,10,20,30,6
passenger246,1,24,83,93,130,10,37,47,6
passenger247,1,7,83,93,101,10,8,18,6
passenger248,1,23,83,93,127,10,34,44,6
passenger249,1,12,84,93,108,9,15,24,6
passenger250,1,15,84,93,113,9,20,29,6
passenger251,1,17,84,93,117,9,24,33,6
passenger252,1,15,85,93,113,8,20,28,6
passenger253,1,23,85,93,127,8,34,42,6
passenger254,1,6,86,155,162,69,7,76,2
passenger255,1,19,86,155,183,69,28,97,6
passenger256,1,25,86,155,197,69,42,111,2
passenger257,1,7,86,155,165,69,10,79,6
passenger258,1,8,86,155,168,69,13,82,2
passenger259,1,13,87,155,173,68,18,86,6
passenger260,1,19,87,155,185,68,30,98,2
passenger261,1,25,87,155,193,68,38,106,6
passenger262,1,21,87,155,189,68,34,102,2
passenger263,1,21,88,155,187,67,32,99,6
passenger264,1,12,88,155,174,67,19,86,2
passenger265,1,17,88,155,179,67,24,91,6
passenger266,1,7,89,155,165,66,10,76,2
passenger267,1,13,89,155,173,66,18,84,6
passenger268,1,6,89,155,162,66,7,73,2
passenger269,1,2,89,155,158,66,3,69,6
passenger270,1,22,89,155,192,66,37,103,2
passenger271,1,21,90,155,187,65,32,97,6
passenger272,1,14,90,155,178,65,23,88,2
passenger273,1,2,91,155,158,64,3,67,6
passenger274,1,4,91,223,230,132,7,139,2
passenger275,1,4,92,219,224,127,5,132,6
passenger276,1,19,92,223,255,131,32,163,2
passenger277,1,6,92,219,228,127,9,136,6
passenger278,1,8,92,223,238,131,15,146,2
passenger279,1,22,92,219,256,127,37,164,6
passenger280,1,23,93,223,263,130,40,170,2
passenger281,1,20,93,219,252,126,33,159,6
passenger282,1,9,94,97,115,3,18,21,3
passenger283,1,15,94,97,125,3,28,31,3
passenger284,1,6,94,97,110,3,13,16,3
passenger285,1,22,95,97,134,2,37,39,3
passenger286,1,4,95,97,104,2,7,9,3
passenger287,1,19,95,161,191,66,30,96,3
passenger288,1,14,95,161,182,66,21,87,3
passenger289,1,20,95,161,194,66,33,99,3
passenger290,1,12,95,161,176,66,15,81,3
passenger291,1,5,95,223,233,128,10,138,2
passenger292,1,20,96,161,194,65,33,98,3
passenger293,1,17,96,161,187,65,26,91,3
passenger294,1,13,96,161,179,65,18,83,3
passenger295,1,10,96,161,172,65,11,76,3
passenger296,1,10,97,161,172,64,11,75,3
passenger297,1,13,97,161,179,64,18,82,3
passenger298,1,8,98,215,230,117,15,132,3
passenger299,1,8,98,215,230,117,15,132,3
passenger300,1,8,98,215,230,117,15,132,3
passenger301,1,2,98,215,218,117,3,120,3
passenger302,1,24,99,215,254,116,39,155,3
passenger303,1,7,99,215,227,116,12,128,3
passenger304,1,5,99,215,223,116,8,124,3
passenger305,1,5,100,110,118,10,8,18,4
passenger306,1,25,100,176,218,76,42,118,4
passenger307,1,13,100,176,202,76,26,102,4
passenger308,1,9,100,176,192,76,16,92,4
passenger309,1,11,101,176,196,75,20,95,4
passenger310,1,4,101,176,183,75,7,82,4
passenger311,1,9,101,176,192,75,16,91,4
passenger312,1,7,102,176,188,74,12,86,4
passenger313,1,21,103,176,212,73,36,109,4
passenger314,1,3,104,176,180,72,4,76,4
passenger315,1,12,104,176,199,72,23,95,4
passenger316,1,20,104,244,275,140,31,171,4
passenger317,1,22,104,244,279,140,35,175,4
passenger318,1,14,106,244,265,138,21,159,4
passenger319,1,7,107,244,252,137,8,145,4
passenger320,1,10,107,244,259,137,15,152,4
passenger321,1,7,107,244,252,137,8,145,4
passenger322,1,17,108,244,270,136,26,162,4
passenger323,1,9,108,244,256,136,12,148,4
passenger324,1,17,108,244,270,136,26,162,4
passenger325,1,17,108,244,270,136,26,162,4
passenger326,1,24,108,302,339,194,37,231,4
passenger327,1,10,109,178,189,69,11,80,7
passenger328,1,25,110,302,342,192,40,232,4
passenger329,1,11,110,178,192,68,14,82,7
passenger330,1,18,110,302,331,192,29,221,4
passenger331,1,17,110,178,202,68,24,92,7
passenger332,1,21,111,178,210,67,32,99,7
passenger333,1,13,111,178,196,67,18,85,7
passenger334,1,21,112,178,210,66,32,98,7
passenger335,1,10,112,178,189,66,11,77,7
passenger336,1,13,112,178,196,66,18,84,7
passenger337,1,13,113,178,196,65,18,83,7
passenger338,1,18,114,178,205,64,27,91,7
passenger339,1,16,114,232,255,118,23,141,7
passenger340,1,3,114,232,236,118,4,122,7
passenger341,1,21,115,232,266,117,34,151,7
passenger342,1,20,115,232,263,117,31,148,7
passenger343,1,4,115,232,239,117,7,124,7
passenger344,1,25,115,232,274,117,42,159,7
passenger345,1,17,116,232,258,116,26,142,7
passenger346,1,4,116,232,239,116,7,123,7
passenger347,1,13,116,232,250,116,18,134,7
passenger348,1,22,117,248,285,131,37,168,10
passenger349,1,8,117,316,329,199,13,212,10
passenger350,1,24,117,316,355,199,39,238,10
passenger351,1,12,117,316,337,199,21,220,10
passenger352,1,7,118,316,326,198,10,208,10
passenger353,1,10,118,316,333,198,17,215,10
passenger354,1,14,118,316,341,198,25,223,10
passenger355,1,18,119,316,347,197,31,228,10
passenger356,1,24,120,316,355,196,39,235,10
passenger357,1,6,120,316,323,196,7,203,10
passenger358,1,25,120,316,358,196,42,238,10
passenger359,1,14,120,384,411,264,27,291,10
passenger360,1,5,121,384,392,263,8,271,10
passenger361,1,24,121,384,423,263,39,302,10
passenger362,1,10,121,384,405,263,21,284,10
passenger363,1,16,123,138,165,15,27,42,0
passenger364,1,18,123,138,173,15,35,50,9
passenger365,1,2,124,136,139,12,3,15,13
passenger366,1,7,124,136,148,12,12,24,13
passenger367,1,18,124,136,161,12,25,37,13
passenger368,1,9,124,204,220,80,16,96,13
passenger369,1,2,124,138,141,14,3,17,0
passenger370,1,2,125,138,141,13,3,16,9
passenger371,1,21,125,204,238,79,34,113,13
passenger372,1,5,125,138,148,13,10,23,0
passenger373,1,4,125,138,145,13,7,20,9
passenger374,1,15,126,204,228,78,24,102,13
passenger375,1,4,126,138,145,12,7,19,0
passenger376,1,17,126,138,170,12,32,44,9
passenger377,1,15,126,204,228,78,24,102,13
passenger378,1,17,126,138,168,12,30,42,0
passenger379,1,13,126,138,162,12,24,36,9
passenger380,1,20,126,204,235,78,31,109,13
passenger381,1,17,127,138,168,11,30,41,0
passenger382,1,11,127,138,158,11,20,31,9
passenger383,1,2,128,204,207,76,3,79,13
passenger384,1,8,128,138,153,10,15,25,0
passenger385,1,5,129,138,148,9,10,19,9
passenger386,1,2,129,204,207,75,3,78,13
passenger387,1,8,130,138,153,8,15,23,0
passenger388,1,6,130,138,151,8,13,21,9
passenger389,1,3,131,204,210,73,6,79,13
passenger390,1,9,131,138,156,7,18,25,0
passenger391,1,14,131,138,165,7,27,34,9
passenger392,1,6,132,204,215,72,11,83,13
passenger393,1,8,132,138,153,6,15,21,0
passenger394,1,2,133,138,141,5,3,8,9
passenger395,1,3,133,204,210,71,6,77,13
passenger396,1,5,133,186,194,53,8,61,0
passenger397,1,12,133,192,209,59,17,76,9
passenger398,1,17,133,260,284,127,24,151,13
passenger399,1,20,133,186,219,53,33,86,0
passenger400,1,17,134,192,218,58,26,84,9
passenger401,1,16,135,260,281,125,21,146,13
passenger402,1,24,135,186,227,51,41,92,0
passenger403,1,8,136,204,213,68,9,77,8
passenger404,1,21,136,192,224,56,32,88,9
passenger405,1,24,136,260,297,124,37,161,13
passenger406,1,15,136,186,212,50,26,76,0
passenger407,1,22,136,204,239,68,35,103,8
passenger408,1,5,136,192,198,56,6,62,9
passenger409,1,23,137,186,224,49,38,87,0
passenger410,1,15,137,204,224,67,20,87,8
passenger411,1,7,138,192,202,54,10,64,9
passenger412,1,3,138,186,190,48,4,52,0
passenger413,1,19,138,204,232,66,28,94,8
passenger414,1,12,139,192,209,53,17,70,9
passenger415,1,9,139,186,202,47,16,63,0
passenger416,1,11,140,200,220,60,20,80,1
passenger417,1,25,140,204,244,64,40,104,8
passenger418,1,12,141,200,223,59,23,82,1
passenger419,1,3,141,200,204,59,4,63,1
passenger420,1,8,142,200,215,58,15,73,1
passenger421,1,5,142,270,278,128,8,136,1
passenger422,1,18,142,270,297,128,27,155,1
passenger423,1,21,142,270,304,128,34,162,1
passenger424,1,22,142,270,307,128,37,165,1
passenger425,1,17,143,219,247,76,28,104,6
passenger426,1,20,144,223,258,79,35,114,2
passenger427,1,12,144,219,238,75,19,94,6
passenger428,1,17,144,223,251,79,28,107,2
passenger429,1,4,144,219,224,75,5,80,6
passenger430,1,14,144,223,246,79,23,102,2
passenger431,1,15,145,219,243,74,24,98,6
passenger432,1,2,145,223,226,78,3,81,2
passenger433,1,15,145,219,243,74,24,98,6
passenger434,1,19,145,223,255,78,32,110,2
passenger435,1,10,145,219,234,74,15,89,6
passenger436,1,15,146,287,311,141,24,165,2
passenger437,1,8,146,279,292,133,13,146,6
passenger438,1,8,147,287,296,140,9,149,2
passenger439,1,5,147,279,287,132,8,140,6
passenger440,1,9,147,287,299,140,12,152,2
passenger441,1,21,148,279,317,131,38,169,6
passenger442,1,24,149,287,324,138,37,175,2
passenger443,1,17,149,279,309,130,30,160,6
passenger444,1,16,149,287,314,138,27,165,2
passenger445,1,16,149,279,306,130,27,157,6
passenger446,1,13,150,287,307,137,20,157,2
passenger447,1,12,150,279,298,129,19,148,6
passenger448,1,16,150,287,314,137,27,164,2
passenger449,1,20,150,279,314,129,35,164,6
passenger450,1,11,150,287,303,137,16,153,2
passenger451,1,15,151,279,303,128,24,152,6
passenger452,1,13,151,287,307,136,20,156,2
passenger453,1,8,151,279,292,128,13,141,6
passenger454,1,8,151,287,296,136,9,145,2
passenger455,1,3,151,279,283,128,4,132,6
passenger456,1,12,151,349,366,198,17,215,2
passenger457,1,19,152,339,367,187,28,215,6
passenger458,1,18,152,349,378,197,29,226,2
passenger459,1,25,152,339,381,187,42,229,6
passenger460,1,2,152,349,352,197,3,200,2
passenger461,1,20,152,339,370,187,31,218,6
passenger462,1,21,152,349,383,197,34,231,2
passenger463,1,12,153,339,356,186,17,203,6
passenger464,1,8,153,349,360,196,11,207,2
passenger465,1,10,153,339,352,186,13,199,6
passenger466,1,18,155,349,378,194,29,223,2
passenger467,1,22,155,339,374,184,35,219,6
passenger468,1,17,155,349,375,194,26,220,2
passenger469,1,14,155,339,360,184,21,205,6
passenger470,1,17,155,349,375,194,26,220,2
passenger471,1,3,155,339,343,184,4,188,6
passenger472,1,16,155,349,372,194,23,217,2
passenger473,1,3,156,339,343,183,4,187,6
passenger474,1,25,156,349,389,193,40,233,2
passenger475,1,23,156,339,377,183,38,221,6
passenger476,1,14,156,415,440,259,25,284,2
passenger477,1,10,157,215,234,58,19,77,3
passenger478,1,19,158,215,247,57,32,89,3
passenger479,1,17,158,215,243,57,28,85,3
passenger480,1,18,158,279,308,121,29,150,3
passenger481,1,14,159,279,302,120,23,143,3
passenger482,1,7,159,279,289,120,10,130,3
passenger483,1,3,159,279,283,120,4,124,3
passenger484,1,8,160,279,292,119,13,132,3
passenger485,1,14,160,279,302,119,23,142,3
passenger486,1,12,160,279,298,119,19,138,3
passenger487,1,14,161,279,302,118,23,141,3
passenger488,1,8,161,279,292,118,13,131,3
passenger489,1,24,162,279,316,117,37,154,3
passenger490,1,10,162,341,358,179,17,196,3
passenger491,1,22,162,341,382,179,41,220,3
passenger492,1,11,162,341,361,179,20,199,3
passenger493,1,12,163,341,364,178,23,201,3
passenger494,1,16,163,341,374,178,33,211,3
passenger495,1,8,163,341,354,178,13,191,3
passenger496,1,7,163,341,351,178,10,188,3
passenger497,1,11,164,180,198,16,18,34,5
passenger498,1,21,164,180,214,16,34,50,5
passenger499,1,5,165,180,188,15,8,23,5
passenger500,1,12,166,302,321,136,19,155,4
passenger501,1,18,166,180,209,14,29,43,5
passenger502,1,18,166,302,331,136,29,165,4
passenger503,1,12,166,180,201,14,21,35,5
passenger504,1,3,166,302,308,136,6,142,4
passenger505,1,2,167,180,183,13,3,16,5
passenger506,1,13,167,302,324,135,22,157,4
passenger507,1,21,167,180,214,13,34,47,5
passenger508,1,2,167,302,305,135,3,138,4
passenger509,1,23,167,180,218,13,38,51,5
passenger510,1,18,167,302,331,135,29,164,4
passenger511,1,2,168,180,183,12,3,15,5
passenger512,1,10,169,302,317,133,15,148,4
passenger513,1,7,171,180,192,9,12,21,5
passenger514,1,24,171,232,271,61,39,100,7
passenger515,1,15,171,368,394,197,26,223,4
passenger516,1,9,172,242,258,70,16,86,5
passenger517,1,8,172,300,315,128,15,143,7
passenger518,1,15,172,368,394,196,26,222,4
passenger519,1,2,172,242,245,70,3,73,5
passenger520,1,8,172,300,315,128,15,143,7
passenger521,1,5,173,368,376,195,8,203,4
passenger522,1,16,173,242,269,69,27,96,5
passenger523,1,18,173,300,331,127,31,158,7
passenger524,1,13,173,368,390,195,22,217,4
passenger525,1,5,173,242,250,69,8,77,5
passenger526,1,10,174,300,319,126,19,145,7
passenger527,1,22,174,368,405,194,37,231,4
passenger528,1,6,175,242,253,67,11,78,5
passenger529,1,5,175,300,308,125,8,133,7
passenger530,1,4,176,368,373,192,5,197,4
passenger531,1,21,176,242,276,66,34,100,5
passenger532,1,4,176,300,305,124,5,129,7
passenger533,1,15,176,368,394,192,26,218,4
passenger534,1,25,176,242,284,66,42,108,5
passenger535,1,17,176,300,328,124,28,152,7
passenger536,1,11,177,242,262,65,20,85,5
passenger537,1,6,177,300,311,123,11,134,7
passenger538,1,2,177,242,245,65,3,68,5
passenger539,1,5,177,300,308,123,8,131,7
passenger540,1,24,177,242,281,65,39,104,5
passenger541,1,5,178,300,308,122,8,130,7
passenger542,1,2,178,310,313,132,3,135,5
passenger543,1,21,178,350,382,172,32,204,7
passenger544,1,12,178,310,329,132,19,151,5
passenger545,1,10,179,310,325,131,15,146,5
passenger546,1,19,179,310,342,131,32,163,5
passenger547,1,14,180,310,335,130,25,155,5
passenger548,1,23,181,310,348,129,38,167,5
passenger549,1,13,181,310,332,129,22,151,5
passenger550,1,19,181,310,342,129,32,161,5
passenger551,1,23,182,186,224,4,38,42,0
passenger552,1,13,183,186,208,3,22,25,0
passenger553,1,8,184,186,199,2,13,15,0
passenger554,1,25,184,252,294,68,42,110,0
passenger555,1,7,185,252,264,67,12,79,0
passenger556,1,2,186,252,255,66,3,69,0
passenger557,1,15,186,252,276,66,24,90,0
passenger558,1,25,187,252,294,65,42,107,0
passenger559,1,4,187,252,259,65,7,72,0
passenger560,1,22,187,252,287,65,35,100,0
passenger561,1,21,188,252,284,64,32,96,0
passenger562,1,24,188,252,291,64,39,103,0
passenger563,1,12,188,252,271,64,19,83,0
passenger564,1,8,188,320,335,132,15,147,0
passenger565,1,14,189,192,213,3,21,24,9
passenger566,1,5,189,192,198,3,6,9,9
passenger567,1,22,189,192,227,3,35,38,9
passenger568,1,17,190,192,218,2,26,28,9
passenger569,1,13,191,250,268,59,18,77,9
passenger570,1,14,191,250,271,59,21,80,9
passenger571,1,19,193,250,278,57,28,85,9
passenger572,1,14,193,250,271,57,21,78,9
passenger573,1,22,194,250,283,56,33,89,9
passenger574,1,24,195,270,311,75,41,116,1
passenger575,1,24,195,270,311,75,41,116,1
passenger576,1,16,196,270,293,74,23,97,1
passenger577,1,19,196,270,300,74,30,104,1
passenger578,1,9,196,270,284,74,14,88,1
passenger579,1,2,197,270,273,73,3,76,1
passenger580,1,11,197,336,354,139,18,157,1
passenger581,1,22,197,336,375,139,39,178,1
passenger582,1,5,197,336,342,139,6,145,1
passenger583,1,15,197,336,362,139,26,165,1
passenger584,1,6,198,336,345,138,9,147,1
passenger585,1,12,198,336,357,138,21,159,1
passenger586,1,5,198,336,342,138,6,144,1
passenger587,1,19,198,336,368,138,32,170,1
passenger588,1,21,198,204,236,6,32,38,8
passenger589,1,20,198,336,371,138,35,173,1
passenger590,1,18,199,204,229,5,25,30,8
passenger591,1,7,199,336,348,137,12,149,1
passenger592,1,14,199,204,221,5,17,22,8
passenger593,1,4,200,398,405,198,7,205,1
passenger594,1,10,202,270,287,68,17,85,8
passenger595,1,14,203,270,295,67,25,92,8
passenger596,1,18,203,270,301,67,31,98,8
passenger597,1,4,203,270,275,67,5,72,8
passenger598,1,21,203,260,290,57,30,87,13
passenger599,1,13,204,270,292,66,22,88,8
passenger600,1,23,204,260,294,56,34,90,13
passenger601,1,14,204,270,295,66,25,91,8
passenger602,1,15,205,260,278,55,18,73,13
passenger603,1,18,205,270,301,65,31,96,8
passenger604,1,21,205,260,290,55,30,85,13
passenger605,1,5,205,270,278,65,8,73,8
passenger606,1,14,207,341,370,134,29,163,3
passenger607,1,2,207,341,344,134,3,137,3
passenger608,1,13,207,341,367,134,26,160,3
passenger609,1,21,207,405,439,198,34,232,3
passenger610,1,22,207,405,442,198,37,235,3
passenger611,1,8,208,405,416,197,11,208,3
passenger612,1,11,208,405,423,197,18,215,3
passenger613,1,15,209,405,431,196,26,222,3
passenger614,1,11,209,405,423,196,18,214,3
passenger615,1,6,209,405,412,196,7,203,3
passenger616,1,9,209,405,419,196,14,210,3
passenger617,1,11,210,405,423,195,18,213,3
passenger618,1,14,210,405,428,195,23,218,3
passenger619,1,24,210,465,506,255,41,296,3
passenger620,1,15,211,465,489,254,24,278,3
passenger621,1,11,211,465,479,254,14,268,3
passenger622,1,17,211,465,493,254,28,282,3
passenger623,1,20,211,465,498,254,33,287,3
passenger624,1,12,211,465,482,254,17,271,3
passenger625,1,13,212,465,485,253,20,273,3
passenger626,1,7,212,465,473,253,8,261,3
passenger627,1,22,212,465,502,253,37,290,3
passenger628,1,22,212,465,502,253,37,290,3
passenger629,1,6,213,531,542,318,11,329,3
passenger630,1,10,213,407,424,194,17,211,6
passenger631,1,8,213,531,546,318,15,333,3
passenger632,1,24,214,407,448,193,41,234,6
passenger633,1,3,214,531,535,317,4,321,3
passenger634,1,6,214,407,416,193,9,202,6
passenger635,1,9,215,531,549,316,18,334,3
passenger636,1,15,215,407,433,192,26,218,6
passenger637,1,7,216,407,419,191,12,203,6
passenger638,1,14,216,407,430,191,23,214,6
passenger639,1,19,216,407,439,191,32,223,6
passenger640,1,21,216,407,443,191,36,227,6
passenger641,1,4,216,407,412,191,5,196,6
passenger642,1,5,216,531,539,315,8,323,3
passenger643,1,4,217,407,412,190,5,195,6
passenger644,1,23,217,473,513,256,40,296,6
passenger645,1,17,217,473,501,256,28,284,6
passenger646,1,14,217,473,494,256,21,277,6
passenger647,1,20,217,473,508,256,35,291,6
passenger648,1,16,218,473,498,255,25,280,6
passenger649,1,7,218,473,483,255,10,265,6
passenger650,1,14,218,473,494,255,21,276,6
passenger651,1,18,218,473,504,255,31,286,6
passenger652,1,2,219,473,476,254,3,257,6
passenger653,1,16,220,415,444,195,29,224,2
passenger654,1,13,220,415,437,195,22,217,2
passenger655,1,3,220,415,419,195,4,199,2
passenger656,1,8,220,415,426,195,11,206,2
passenger657,1,12,220,473,490,253,17,270,6
passenger658,1,10,221,415,430,194,15,209,2
passenger659,1,8,221,415,426,194,11,205,2
passenger660,1,17,221,415,447,194,32,226,2
passenger661,1,11,221,415,433,194,18,212,2
passenger662,1,13,221,415,437,194,22,216,2
passenger663,1,21,222,465,499,243,34,277,2
passenger664,1,4,222,465,472,243,7,250,2
passenger665,1,10,223,465,484,242,19,261,2
passenger666,1,3,224,465,469,241,4,245,2
passenger667,1,24,224,465,504,241,39,280,2
passenger668,1,6,224,465,476,241,11,252,2
passenger669,1,21,224,465,499,241,34,275,2
passenger670,1,6,225,465,476,240,11,251,2
passenger671,1,9,225,465,481,240,16,256,2
passenger672,1,16,225,465,492,240,27,267,2
passenger673,1,21,226,350,382,124,32,156,7
passenger674,1,6,226,350,359,124,9,133,7
passenger675,1,7,227,350,362,123,12,135,7
passenger676,1,23,228,350,388,122,38,160,7
passenger677,1,9,228,350,366,122,16,138,7
passenger678,1,7,228,350,362,122,12,134,7
passenger679,1,19,228,350,378,122,28,150,7
passenger680,1,4,229,350,355,121,5,126,7
passenger681,1,22,229,350,385,121,35,156,7
passenger682,1,23,229,412,450,183,38,221,7
passenger683,1,22,229,412,447,183,35,218,7
passenger684,1,9,230,412,424,182,12,194,7
passenger685,1,4,230,412,417,182,5,187,7
passenger686,1,12,230,412,431,182,19,201,7
passenger687,1,10,230,412,427,182,15,197,7
passenger688,1,25,231,412,456,181,44,225,7
passenger689,1,17,231,412,438,181,26,207,7
passenger690,1,24,232,412,453,180,41,221,7
passenger691,1,20,232,412,443,180,31,211,7
passenger692,1,19,232,482,514,250,32,282,7
passenger693,1,4,233,482,489,249,7,256,7
passenger694,1,3,234,482,486,248,4,252,7
passenger695,1,3,234,482,486,248,4,252,7
passenger696,1,16,234,482,507,248,25,273,7
passenger697,1,6,234,482,493,248,11,259,7
passenger698,1,25,235,310,352,75,42,117,5
passenger699,1,5,235,310,318,75,8,83,5
passenger700,1,24,235,378,419,143,41,184,5
passenger701,1,18,236,378,411,142,33,175,5
passenger702,1,4,236,378,385,142,7,149,5
passenger703,1,3,236,378,382,142,4,146,5
passenger704,1,11,237,378,400,141,22,163,5
passenger705,1,10,237,378,397,141,19,160,5
passenger706,1,9,238,378,394,140,16,156,5
passenger707,1,14,238,378,405,140,27,167,5
passenger708,1,5,239,378,388,139,10,149,5
passenger709,1,5,239,378,388,139,10,149,5
passenger710,1,18,239,444,473,205,29,234,5
passenger711,1,25,239,444,486,205,42,247,5
passenger712,1,8,239,444,457,205,13,218,5
passenger713,1,24,240,444,483,204,39,243,5
passenger714,1,10,241,444,461,203,17,220,5
passenger715,1,10,241,444,461,203,17,220,5
passenger716,1,4,241,444,449,203,5,208,5
passenger717,1,12,241,368,387,127,19,146,4
passenger718,1,13,241,444,466,203,22,225,5
passenger719,1,17,241,368,398,127,30,157,4
passenger720,1,5,242,444,452,202,8,210,5
passenger721,1,6,242,368,379,126,11,137,4
passenger722,1,12,243,428,451,185,23,208,4
passenger723,1,3,243,428,432,185,4,189,4
passenger724,1,5,243,428,436,185,8,193,4
passenger725,1,17,243,428,460,185,32,217,4
passenger726,1,24,244,428,469,184,41,225,4
passenger727,1,15,244,428,456,184,28,212,4
passenger728,1,5,245,250,256,5,6,11,9
passenger729,1,25,245,250,288,5,38,43,9
passenger730,1,14,246,250,271,4,21,25,9
passenger731,1,19,246,250,278,4,28,32,9
passenger732,1,6,246,250,259,4,9,13,9
passenger733,1,15,246,314,338,68,24,92,9
passenger734,1,3,247,314,318,67,4,71,9
passenger735,1,17,247,314,342,67,28,95,9
passenger736,1,6,247,314,325,67,11,78,9
passenger737,1,23,247,314,352,67,38,105,9
passenger738,1,3,248,384,388,136,4,140,10
passenger739,1,17,248,314,342,66,28,94,9
passenger740,1,5,249,314,322,65,8,73,9
passenger741,1,18,249,314,345,65,31,96,9
passenger742,1,13,249,314,334,65,20,85,9
passenger743,1,25,249,314,356,65,42,107,9
passenger744,1,17,249,382,408,133,26,159,9
passenger745,1,10,250,320,339,70,19,89,0
passenger746,1,4,250,382,389,132,7,139,9
passenger747,1,16,250,320,351,70,31,101,0
passenger748,1,12,251,320,343,69,23,92,0
passenger749,1,3,251,320,326,69,6,75,0
passenger750,1,15,252,320,348,68,28,96,0
passenger751,1,7,252,320,332,68,12,80,0
passenger752,1,7,253,320,332,67,12,79,0
passenger753,1,2,253,320,323,67,3,70,0
passenger754,1,10,253,320,339,67,19,86,0
passenger755,1,7,253,368,382,115,14,129,0
passenger756,1,3,253,368,374,115,6,121,0
passenger757,1,12,254,368,389,114,21,135,0
passenger758,1,7,254,368,382,114,14,128,0
passenger759,1,5,254,368,378,114,10,124,0
passenger760,1,13,254,368,392,114,24,138,0
passenger761,1,3,254,368,374,114,6,120,0
passenger762,1,25,255,260,300,5,40,45,13
passenger763,1,13,255,260,274,5,14,19,13
passenger764,1,25,256,260,300,4,40,44,13
passenger765,1,23,256,326,366,70,40,110,13
passenger766,1,25,256,326,370,70,44,114,13
passenger767,1,15,256,326,352,70,26,96,13
passenger768,1,12,256,326,347,70,21,91,13
passenger769,1,19,256,326,358,70,32,102,13
passenger770,1,3,257,326,332,69,6,75,13
passenger771,1,22,257,326,363,69,37,106,13
passenger772,1,9,257,326,342,69,16,85,13
passenger773,1,2,257,326,329,69,3,72,13
passenger774,1,7,257,326,338,69,12,81,13
passenger775,1,7,258,396,412,138,16,154,13
passenger776,1,2,258,396,399,138,3,141,13
passenger777,1,18,258,396,429,138,33,171,13
passenger778,1,4,258,396,403,138,7,145,13
passenger779,1,22,259,396,437,137,41,178,13
passenger780,1,12,259,396,421,137,25,162,13
passenger781,1,19,260,396,432,136,36,172,13
passenger782,1,10,260,396,417,136,21,157,13
passenger783,1,5,261,396,406,135,10,145,13
passenger784,1,6,262,396,409,134,13,147,13
passenger785,1,17,262,460,490,198,30,228,13
passenger786,1,19,262,460,496,198,36,234,13
passenger787,1,8,263,270,283,7,13,20,8
passenger788,1,10,263,270,287,7,17,24,8
passenger789,1,24,264,320,363,56,43,99,8
passenger790,1,22,265,320,359,55,39,94,8
passenger791,1,11,265,320,340,55,20,75,8
passenger792,1,7,265,320,332,55,12,67,8
passenger793,1,9,266,320,336,54,16,70,8
passenger794,1,14,266,320,347,54,27,81,8
passenger795,1,15,266,320,350,54,30,84,8
passenger796,1,6,266,320,329,54,9,63,8
passenger797,1,3,266,320,324,54,4,58,8
passenger798,1,13,267,320,344,53,24,77,8
passenger799,1,21,267,388,424,121,36,157,8
passenger800,1,5,267,398,408,131,10,141,1
passenger801,1,11,267,388,406,121,18,139,8
passenger802,1,5,268,398,408,130,10,140,1
passenger803,1,7,268,388,398,120,10,130,8
passenger804,1,16,268,398,427,130,29,159,1
passenger805,1,8,268,388,401,120,13,133,8
passenger806,1,8,268,398,415,130,17,147,1
passenger807,1,25,268,388,430,120,42,162,8
passenger808,1,6,269,398,411,129,13,142,1
passenger809,1,6,269,388,395,119,7,126,8
passenger810,1,24,269,398,437,129,39,168,1
passenger811,1,15,269,388,414,119,26,145,8
passenger812,1,3,270,398,402,128,4,132,1
passenger813,1,12,270,388,409,118,21,139,8
passenger814,1,15,270,398,424,128,26,154,1
passenger815,1,8,270,388,401,118,13,131,8
passenger816,1,15,270,398,424,128,26,154,1
passenger817,1,17,270,388,418,118,30,148,8
passenger818,1,8,270,462,473,192,11,203,1
passenger819,1,21,270,456,490,186,34,220,8
passenger820,1,12,270,462,481,192,19,211,1
passenger821,1,25,271,456,498,185,42,227,8
passenger822,1,4,271,462,467,191,5,196,1
passenger823,1,9,272,456,468,184,12,196,8
passenger824,1,19,272,462,496,190,34,224,1
passenger825,1,23,272,456,494,184,38,222,8
passenger826,1,7,273,537,547,264,10,274,6
passenger827,1,25,273,537,579,264,42,306,6
passenger828,1,6,274,537,544,263,7,270,6
passenger829,1,11,274,537,555,263,18,281,6
passenger830,1,9,274,537,551,263,14,277,6
passenger831,1,12,275,531,554,256,23,279,3
passenger832,1,23,275,537,573,262,36,298,6
passenger833,1,19,276,531,565,255,34,289,3
passenger834,1,21,276,537,569,261,32,293,6
passenger835,1,8,277,531,546,254,15,269,3
passenger836,1,24,277,537,576,260,39,299,6
passenger837,1,12,277,531,554,254,23,277,3
passenger838,1,17,277,537,563,260,26,286,6
passenger839,1,18,278,531,562,253,31,284,3
passenger840,1,17,278,537,563,259,26,285,6
passenger841,1,16,279,585,608,306,23,329,3
passenger842,1,13,279,605,623,326,18,344,6
passenger843,1,17,279,585,611,306,26,332,3
passenger844,1,23,279,605,643,326,38,364,6
passenger845,1,11,280,585,601,305,16,321,3
passenger846,1,14,280,605,626,325,21,346,6
passenger847,1,6,280,585,592,305,7,312,3
passenger848,1,10,280,605,618,325,13,338,6
passenger849,1,20,280,585,616,305,31,336,3
passenger850,1,17,280,605,633,325,28,353,6
passenger851,1,7,280,585,595,305,10,315,3
passenger852,1,15,281,605,629,324,24,348,6
passenger853,1,21,281,585,619,304,34,338,3
passenger854,1,4,281,605,610,324,5,329,6
passenger855,1,3,282,529,533,247,4,251,2
passenger856,1,11,282,529,545,247,16,263,2
passenger857,1,17,283,529,555,246,26,272,2
passenger858,1,9,283,529,541,246,12,258,2
passenger859,1,21,283,529,561,246,32,278,2
passenger860,1,22,283,529,564,246,35,281,2
passenger861,1,14,283,529,550,246,21,267,2
passenger862,1,11,283,529,545,246,16,262,2
passenger863,1,3,284,529,533,245,4,249,2
passenger864,1,21,284,529,561,245,32,277,2
passenger865,1,23,284,587,623,303,36,339,2
passenger866,1,12,284,587,602,303,15,318,2
passenger867,1,14,285,587,608,302,21,323,2
passenger868,1,20,285,587,618,302,31,333,2
passenger869,1,18,286,587,614,301,27,328,2
passenger870,1,5,287,587,593,300,6,306,2
passenger871,1,18,288,587,614,299,27,326,2
passenger872,1,24,288,587,626,299,39,338,2
passenger873,1,20,289,587,618,298,31,329,2
passenger874,1,13,289,587,605,298,18,316,2
passenger875,1,14,289,651,670,362,19,381,2
passenger876,1,8,290,428,443,138,15,153,4
passenger877,1,17,290,482,510,192,28,220,7
passenger878,1,7,290,428,440,138,12,150,4
passenger879,1,10,290,482,499,192,17,209,7
passenger880,1,8,291,428,443,137,15,152,4
passenger881,1,10,291,482,499,191,17,208,7
passenger882,1,10,291,428,447,137,19,156,4
passenger883,1,3,291,482,486,191,4,195,7
passenger884,1,19,292,494,524,202,30,232,4
passenger885,1,12,292,534,553,242,19,261,7
passenger886,1,24,292,494,535,202,41,243,4
passenger887,1,6,293,534,543,241,9,250,7
passenger888,1,18,293,494,521,201,27,228,4
passenger889,1,6,294,534,543,240,9,249,7
passenger890,1,15,295,494,516,199,22,221,4
passenger891,1,13,295,534,556,239,22,261,7
passenger892,1,12,295,494,511,199,17,216,4
passenger893,1,17,295,534,562,239,28,267,7
passenger894,1,21,296,494,528,198,34,232,4
passenger895,1,9,296,534,548,238,14,252,7
passenger896,1,22,296,494,531,198,37,235,4
passenger897,1,6,296,534,543,238,9,247,7
passenger898,1,9,296,494,504,198,10,208,4
passenger899,1,9,296,534,548,238,14,252,7
passenger900,1,24,297,494,535,197,41,238,4
passenger901,1,4,297,534,539,237,5,242,7
passenger902,1,11,298,494,508,196,14,210,4
passenger903,1,12,298,534,553,236,19,255,7
passenger904,1,21,298,560,596,262,36,298,4
passenger905,1,13,298,580,598,282,18,300,7
passenger906,1,25,298,560,602,262,42,304,4
passenger907,1,19,300,580,610,280,30,310,7
passenger908,1,18,300,560,589,260,29,289,4
passenger909,1,20,300,580,613,280,33,313,7
passenger910,1,5,301,560,568,259,8,267,4
passenger911,1,12,301,560,579,259,19,278,4
passenger912,1,16,301,560,585,259,25,284,4
passenger913,1,7,301,560,572,259,12,271,4
passenger914,1,4,302,560,565,258,5,263,4
passenger915,1,5,302,560,568,258,8,266,4
passenger916,1,20,302,560,593,258,33,291,4
passenger917,1,17,302,628,654,326,26,352,4
passenger918,1,8,304,628,639,324,11,335,4
passenger919,1,19,304,628,660,324,32,356,4
passenger920,1,18,304,628,657,324,29,353,4
passenger921,1,21,305,444,478,139,34,173,5
passenger922,1,23,305,512,548,207,36,243,5
passenger923,1,23,305,512,548,207,36,243,5
passenger924,1,6,305,512,519,207,7,214,5
passenger925,1,20,306,382,413,76,31,107,9
passenger926,1,11,306,512,530,206,18,224,5
passenger927,1,11,307,382,398,75,16,91,9
passenger928,1,17,307,512,540,205,28,233,5
passenger929,1,16,308,382,405,74,23,97,9
passenger930,1,12,308,512,533,204,21,225,5
passenger931,1,25,309,382,422,73,40,113,9
passenger932,1,6,309,512,519,203,7,210,5
passenger933,1,4,310,382,389,72,7,79,9
passenger934,1,2,311,382,385,71,3,74,9
passenger935,1,21,311,382,416,71,34,105,9
passenger936,1,11,311,382,398,71,16,87,9
passenger937,1,12,312,448,467,136,19,155,9
passenger938,1,17,312,448,476,136,28,164,9
passenger939,1,12,312,448,467,136,19,155,9
passenger940,1,15,313,448,472,135,24,159,9
passenger941,1,3,313,448,452,135,4,139,9
passenger942,1,5,314,448,456,134,8,142,9
passenger943,1,24,314,384,423,70,39,109,10
passenger944,1,12,314,448,467,134,19,153,9
passenger945,1,6,314,384,395,70,11,81,10
passenger946,1,10,314,448,463,134,15,149,9
passenger947,1,10,315,384,405,69,21,90,10
passenger948,1,8,315,384,399,69,15,84,10
passenger949,1,9,315,384,402,69,18,87,10
passenger950,1,19,315,448,476,133,28,161,10
passenger951,1,4,315,448,453,133,5,138,10
passenger952,1,9,316,448,460,132,12,144,10
passenger953,1,13,316,448,466,132,18,150,10
passenger954,1,14,316,448,469,132,21,153,10
passenger955,1,23,316,448,482,132,34,166,10
passenger956,1,24,316,448,485,132,37,169,10
passenger957,1,9,317,448,460,131,12,143,10
passenger958,1,14,317,448,469,131,21,152,10
passenger959,1,2,318,368,371,50,3,53,0
passenger960,1,16,319,368,397,49,29,78,0
passenger961,1,5,319,368,378,49,10,59,0
passenger962,1,3,319,414,418,95,4,99,0
passenger963,1,18,319,414,445,95,31,126,0
passenger964,1,6,320,414,425,94,11,105,0
passenger965,1,13,320,414,438,94,24,118,0
passenger966,1,4,320,414,421,94,7,101,0
passenger967,1,19,320,456,486,136,30,166,8
passenger968,1,20,320,414,449,94,35,129,0
passenger969,1,15,321,456,480,135,24,159,8
passenger970,1,22,321,414,453,93,39,132,0
passenger971,1,12,321,456,473,135,17,152,8
passenger972,1,6,321,414,425,93,11,104,0
passenger973,1,5,322,456,462,134,6,140,8
passenger974,1,7,322,414,428,92,14,106,0
passenger975,1,6,323,460,469,137,9,146,13
passenger976,1,9,323,460,476,137,16,153,13
passenger977,1,7,324,460,472,136,12,148,13
passenger978,1,16,324,460,487,136,27,163,13
passenger979,1,5,324,460,466,136,6,142,13
passenger980,1,16,325,460,487,135,27,162,13
passenger981,1,10,325,460,479,135,19,154,13
passenger982,1,18,325,460,493,135,33,168,13
passenger983,1,14,325,516,535,191,19,210,13
passenger984,1,23,326,516,554,190,38,228,13
passenger985,1,12,326,516,531,190,15,205,13
passenger986,1,9,326,516,526,190,10,200,13
passenger987,1,16,326,516,539,190,23,213,13
passenger988,1,17,328,516,542,188,26,214,13
passenger989,1,12,328,516,531,188,15,203,13
passenger990,1,15,329,462,488,133,26,159,1
passenger991,1,13,329,462,484,133,22,155,1
passenger992,1,9,329,462,476,133,14,147,1
passenger993,1,9,329,462,476,133,14,147,1
passenger994,1,23,330,462,502,132,40,172,1
passenger995,1,18,330,462,493,132,31,163,1
passenger996,1,4,330,526,533,196,7,203,1
passenger997,1,25,330,526,568,196,42,238,1
passenger998,1,19,331,526,558,195,32,227,1
passenger999,1,3,332,526,530,194,4,198,1
passenger1000,1,19,332,526,558,194,32,226,1
passenger1001,1,16,332,526,553,194,27,221,1
passenger1002,1,23,332,526,564,194,38,232,1
passenger1003,1,13,332,526,546,194,20,214,1
passenger1004,1,14,332,526,549,194,23,217,1
passenger1005,1,9,333,526,540,193,14,207,1
passenger1006,1,9,333,594,604,261,10,271,1
passenger1007,1,16,333,594,617,261,23,284,1
passenger1008,1,21,334,594,626,260,32,292,1
passenger1009,1,23,334,594,630,260,36,296,1
passenger1010,1,20,334,594,623,260,29,289,1
passenger1011,1,16,334,594,617,260,23,283,1
passenger1012,1,14,334,594,613,260,19,279,1
passenger1013,1,10,334,594,607,260,13,273,1
passenger1014,1,20,335,594,623,259,29,288,1
passenger1015,1,9,336,594,604,258,10,268,1
passenger1016,1,8,336,654,667,318,13,331,1
passenger1017,1,22,336,654,691,318,37,355,1
passenger1018,1,16,336,654,683,318,29,347,1
passenger1019,1,10,336,654,673,318,19,337,1
passenger1020,1,22,337,654,691,317,37,354,1
passenger1021,1,25,337,654,696,317,42,359,1
passenger1022,1,9,337,654,670,317,16,333,1
passenger1023,1,14,338,605,626,267,21,288,6
passenger1024,1,13,338,605,623,267,18,285,6
passenger1025,1,18,338,605,636,267,31,298,6
passenger1026,1,24,339,667,704,328,37,365,6
passenger1027,1,15,339,667,689,328,22,350,6
passenger1028,1,21,339,667,699,328,32,360,6
passenger1029,1,16,340,585,608,245,23,268,3
passenger1030,1,23,340,585,623,245,38,283,3
passenger1031,1,11,341,585,601,244,16,260,3
passenger1032,1,11,341,647,663,306,16,322,3
passenger1033,1,12,341,647,666,306,19,325,3
passenger1034,1,25,341,647,691,306,44,350,3
passenger1035,1,16,342,647,678,305,31,336,3
passenger1036,1,5,342,647,655,305,8,313,3
passenger1037,1,2,342,647,650,305,3,308,3
passenger1038,1,14,342,647,672,305,25,330,3
passenger1039,1,21,342,647,685,305,38,343,3
passenger1040,1,13,343,647,669,304,22,326,3
passenger1041,1,15,343,647,675,304,28,332,3
passenger1042,1,21,343,717,753,374,36,410,3
passenger1043,1,14,344,580,601,236,21,257,7
passenger1044,1,23,344,580,618,236,38,274,7
passenger1045,1,17,344,580,606,236,26,262,7
passenger1046,1,19,345,651,679,306,28,334,2
passenger1047,1,20,345,580,613,235,33,268,7
passenger1048,1,17,345,651,675,306,24,330,2
passenger1049,1,3,346,580,584,234,4,238,7
passenger1050,1,12,346,651,666,305,15,320,2
passenger1051,1,5,346,580,588,234,8,242,7
passenger1052,1,14,346,651,670,305,19,324,2
passenger1053,1,5,347,580,588,233,8,241,7
passenger1054,1,14,347,651,670,304,19,323,2
passenger1055,1,10,348,642,659,294,17,311,7
passenger1056,1,2,348,651,654,303,3,306,2
passenger1057,1,4,348,642,649,294,7,301,7
passenger1058,1,14,349,651,670,302,19,321,2
passenger1059,1,3,349,642,646,293,4,297,7
passenger1060,1,22,349,651,684,302,33,335,2
passenger1061,1,20,349,642,679,293,37,330,7
passenger1062,1,19,350,642,676,292,34,326,7
passenger1063,1,6,350,642,653,292,11,303,7
passenger1064,1,21,350,642,682,292,40,332,7
passenger1065,1,17,350,642,672,292,30,322,7
passenger1066,1,11,350,642,662,292,20,312,7
passenger1067,1,2,351,651,654,300,3,303,2
passenger1068,1,14,351,642,667,291,25,316,7
passenger1069,1,21,351,707,741,356,34,390,2
passenger1070,1,2,351,704,707,353,3,356,7
passenger1071,1,3,351,707,711,356,4,360,2
passenger1072,1,11,351,704,722,353,18,371,7
passenger1073,1,14,352,704,729,352,25,377,7
passenger1074,1,13,352,704,726,352,22,374,7
passenger1075,1,12,353,414,435,61,21,82,0
passenger1076,1,8,353,476,491,123,15,138,0
passenger1077,1,3,354,476,482,122,6,128,0
passenger1078,1,2,354,476,479,122,3,125,0
passenger1079,1,4,355,476,485,121,9,130,0
passenger1080,1,18,356,476,507,120,31,151,0
passenger1081,1,20,356,476,511,120,35,155,0
passenger1082,1,12,356,476,499,120,23,143,0
passenger1083,1,3,356,476,482,120,6,126,0
passenger1084,1,11,356,476,496,120,20,140,0
passenger1085,1,25,358,476,518,118,42,160,0
passenger1086,1,7,359,544,554,185,10,195,0
passenger1087,1,13,359,544,566,185,22,207,0
passenger1088,1,14,359,544,569,185,25,210,0
passenger1089,1,9,359,544,558,185,14,199,0
passenger1090,1,12,360,544,563,184,19,203,0
passenger1091,1,13,360,544,566,184,22,206,0
passenger1092,1,13,360,544,566,184,22,206,0
passenger1093,1,19,360,544,578,184,34,218,0
passenger1094,1,15,360,544,572,184,28,212,0
passenger1095,1,3,361,544,548,183,4,187,0
passenger1096,1,2,362,598,601,236,3,239,0
passenger1097,1,11,362,598,618,236,20,256,0
passenger1098,1,23,362,598,638,236,40,276,0
passenger1099,1,2,362,598,601,236,3,239,0
passenger1100,1,3,362,598,604,236,6,242,0
passenger1101,1,18,363,628,657,265,29,294,4
passenger1102,1,12,363,598,621,235,23,258,0
passenger1103,1,7,363,628,636,265,8,273,4
passenger1104,1,6,363,598,609,235,11,246,0
passenger1105,1,17,364,628,654,264,26,290,4
passenger1106,1,14,364,598,625,234,27,261,0
passenger1107,1,17,364,628,654,264,26,290,4
passenger1108,1,8,365,598,613,233,15,248,0
passenger1109,1,14,365,628,649,263,21,284,4
passenger1110,1,22,366,598,635,232,37,269,0
passenger1111,1,9,366,628,642,262,14,276,4
passenger1112,1,11,366,662,678,296,16,312,0
passenger1113,1,5,366,680,688,314,8,322,4
passenger1114,1,17,366,662,692,296,30,326,0
passenger1115,1,2,367,680,683,313,3,316,4
passenger1116,1,7,368,662,672,294,10,304,0
passenger1117,1,19,368,680,710,312,30,342,4
passenger1118,1,2,369,662,665,293,3,296,0
passenger1119,1,25,369,680,720,311,40,351,4
passenger1120,1,11,369,662,678,293,16,309,0
passenger1121,1,11,369,680,698,311,18,329,4
passenger1122,1,14,370,662,685,292,23,315,0
passenger1123,1,17,370,680,706,310,26,336,4
passenger1124,1,13,370,662,682,292,20,312,0
passenger1125,1,23,370,680,716,310,36,346,4
passenger1126,1,25,370,662,704,292,42,334,0
passenger1127,1,6,370,680,691,310,11,321,4
passenger1128,1,18,370,662,695,292,33,325,0
passenger1129,1,9,371,512,526,141,14,155,5
passenger1130,1,25,371,512,552,141,40,181,5
passenger1131,1,8,371,512,523,141,11,152,5
passenger1132,1,9,371,578,590,207,12,219,5
passenger1133,1,19,371,578,610,207,32,239,5
passenger1134,1,20,371,578,613,207,35,242,5
passenger1135,1,5,372,578,584,206,6,212,5
passenger1136,1,15,372,578,600,206,22,228,5
passenger1137,1,10,372,578,593,206,15,221,5
passenger1138,1,16,372,578,603,206,25,231,5
passenger1139,1,15,373,578,600,205,22,227,5
passenger1140,1,25,373,578,620,205,42,247,5
passenger1141,1,24,373,448,487,75,39,114,9
passenger1142,1,17,373,578,606,205,28,233,5
passenger1143,1,18,374,448,479,74,31,105,9
passenger1144,1,23,374,646,680,272,34,306,5
passenger1145,1,6,375,512,521,137,9,146,9
passenger1146,1,19,375,646,674,271,28,299,5
passenger1147,1,20,376,512,543,136,31,167,9
passenger1148,1,5,376,646,652,270,6,276,5
passenger1149,1,23,376,512,550,136,38,174,9
passenger1150,1,18,376,646,671,270,25,295,5
passenger1151,1,10,377,512,527,135,15,150,9
passenger1152,1,13,377,646,662,269,16,285,5
passenger1153,1,13,378,512,532,134,20,154,9
passenger1154,1,24,379,512,553,133,41,174,9
passenger1155,1,25,379,512,556,133,44,177,9
passenger1156,1,21,380,512,546,132,34,166,9
passenger1157,1,17,380,512,538,132,26,158,9
passenger1158,1,4,380,512,517,132,5,137,9
passenger1159,1,23,380,448,482,68,34,102,10
passenger1160,1,5,380,582,592,202,10,212,9
passenger1161,1,6,380,510,517,130,7,137,10
passenger1162,1,3,381,582,588,201,6,207,9
passenger1163,1,24,381,510,551,129,41,170,10
passenger1164,1,13,382,582,602,200,20,220,9
passenger1165,1,7,382,510,520,128,10,138,10
passenger1166,1,3,382,582,588,200,6,206,9
passenger1167,1,11,383,510,526,127,16,143,10
passenger1168,1,19,384,510,540,126,30,156,10
passenger1169,1,25,384,510,554,126,44,170,10
passenger1170,1,15,385,510,532,125,22,147,10
passenger1171,1,16,385,510,535,125,25,150,10
passenger1172,1,22,385,510,545,125,35,160,10
passenger1173,1,23,385,510,548,125,38,163,10
passenger1174,1,8,385,580,593,195,13,208,10
passenger1175,1,25,386,456,498,70,42,112,8
passenger1176,1,14,386,456,477,70,21,91,8
passenger1177,1,24,386,524,559,138,35,173,8
passenger1178,1,4,386,524,531,138,7,145,8
passenger1179,1,4,386,580,587,194,7,201,10
passenger1180,1,23,386,524,556,138,32,170,8
passenger1181,1,18,388,524,549,136,25,161,8
passenger1182,1,6,388,524,535,136,11,147,8
passenger1183,1,23,388,524,556,136,32,168,8
passenger1184,1,4,388,524,531,136,7,143,8
passenger1185,1,18,389,524,549,135,25,160,8
passenger1186,1,6,389,524,535,135,11,146,8
passenger1187,1,3,390,524,528,134,4,138,8
passenger1188,1,21,390,584,618,194,34,228,8
passenger1189,1,22,390,584,621,194,37,231,8
passenger1190,1,4,390,584,591,194,7,201,8
passenger1191,1,4,390,584,591,194,7,201,8
passenger1192,1,16,390,584,609,194,25,219,8
passenger1193,1,2,390,584,587,194,3,197,8
passenger1194,1,19,391,516,546,125,30,155,13
passenger1195,1,23,391,516,554,125,38,163,13
passenger1196,1,20,391,516,549,125,33,158,13
passenger1197,1,7,391,578,590,187,12,199,13
passenger1198,1,6,392,578,587,186,9,195,13
passenger1199,1,18,393,578,607,185,29,214,13
passenger1200,1,3,393,578,582,185,4,189,13
passenger1201,1,14,394,578,601,184,23,207,13
passenger1202,1,12,394,578,597,184,19,203,13
passenger1203,1,19,394,578,610,184,32,216,13
passenger1204,1,6,395,578,587,183,9,192,13
passenger1205,1,20,395,578,613,183,35,218,13
passenger1206,1,18,395,578,607,183,29,212,13
passenger1207,1,7,396,634,646,238,12,250,13
passenger1208,1,10,396,634,653,238,19,257,13
passenger1209,1,3,396,634,638,238,4,242,13
passenger1210,1,12,397,634,657,237,23,260,13
passenger1211,1,8,397,634,649,237,15,252,13
passenger1212,1,4,397,634,641,237,7,244,13
passenger1213,1,15,398,634,662,236,28,264,13
passenger1214,1,15,398,654,680,256,26,282,1
passenger1215,1,4,398,634,641,236,7,243,13
passenger1216,1,6,398,654,663,256,9,265,1
passenger1217,1,3,399,654,658,255,4,259,1
passenger1218,1,18,400,722,753,322,31,353,1
passenger1219,1,10,400,722,739,322,17,339,1
passenger1220,1,3,401,717,723,316,6,322,3
passenger1221,1,6,401,717,730,316,13,329,3
passenger1222,1,25,401,717,759,316,42,358,3
passenger1223,1,8,402,667,676,265,9,274,6
passenger1224,1,18,402,717,748,315,31,346,3
passenger1225,1,13,402,667,685,265,18,283,6
passenger1226,1,6,403,717,730,314,13,327,3
passenger1227,1,9,403,667,679,264,12,276,6
passenger1228,1,2,404,717,720,313,3,316,3
passenger1229,1,19,404,667,695,263,28,291,6
passenger1230,1,10,404,717,738,313,21,334,3
passenger1231,1,13,404,667,685,263,18,281,6
passenger1232,1,5,404,717,727,313,10,323,3
passenger1233,1,21,404,667,699,263,32,295,6
passenger1234,1,7,404,717,733,313,16,329,3
passenger1235,1,15,405,667,689,262,22,284,6
passenger1236,1,22,405,785,818,380,33,413,3
passenger1237,1,19,405,729,759,324,30,354,6
passenger1238,1,16,406,729,754,323,25,348,6
passenger1239,1,23,407,729,765,322,36,358,6
passenger1240,1,6,407,729,736,322,7,329,6
passenger1241,1,25,407,729,769,322,40,362,6
passenger1242,1,15,407,729,751,322,22,344,6
passenger1243,1,11,407,729,745,322,16,338,6
passenger1244,1,8,408,729,740,321,11,332,6
passenger1245,1,19,408,729,759,321,30,351,6
passenger1246,1,25,409,729,769,320,40,360,6
passenger1247,1,18,409,795,822,386,27,413,6
passenger1248,1,2,409,795,798,386,3,389,6
passenger1249,1,13,409,795,815,386,20,406,6
passenger1250,1,19,411,704,738,293,34,327,7
passenger1251,1,11,411,704,722,293,18,311,7
passenger1252,1,20,411,704,741,293,37,330,7
passenger1253,1,18,412,704,735,292,31,323,7
passenger1254,1,3,412,704,710,292,6,298,7
passenger1255,1,15,412,662,688,250,26,276,0
passenger1256,1,6,412,704,715,292,11,303,7
passenger1257,1,13,413,730,746,317,16,333,0
passenger1258,1,11,413,730,742,317,12,329,0
passenger1259,1,21,413,730,762,317,32,349,0
passenger1260,1,22,413,730,765,317,35,352,0
passenger1261,1,13,414,730,746,316,16,332,0
passenger1262,1,14,414,730,749,316,19,335,0
passenger1263,1,17,414,730,754,316,24,340,0
passenger1264,1,17,414,730,754,316,24,340,0
passenger1265,1,17,414,707,733,293,26,319,2
passenger1266,1,20,414,730,759,316,29,345,0
passenger1267,1,25,414,707,747,293,40,333,2
passenger1268,1,21,414,730,762,316,32,348,0
passenger1269,1,5,414,707,715,293,8,301,2
passenger1270,1,13,415,707,725,292,18,310,2
passenger1271,1,13,416,707,725,291,18,309,2
passenger1272,1,14,416,707,728,291,21,312,2
passenger1273,1,14,416,707,728,291,21,312,2
passenger1274,1,19,416,707,737,291,30,321,2
passenger1275,1,12,417,773,796,356,23,379,2
passenger1276,1,8,417,773,786,356,13,369,2
passenger1277,1,12,417,773,796,356,23,379,2
passenger1278,1,22,417,773,810,356,37,393,2
passenger1279,1,9,417,773,789,356,16,372,2
passenger1280,1,2,418,680,683,262,3,265,4
passenger1281,1,25,418,680,720,262,40,302,4
passenger1282,1,6,418,746,755,328,9,337,4
passenger1283,1,16,418,746,773,328,27,355,4
passenger1284,1,21,418,746,780,328,34,362,4
passenger1285,1,8,418,746,759,328,13,341,4
passenger1286,1,10,418,746,763,328,17,345,4
passenger1287,1,8,418,746,759,328,13,341,4
passenger1288,1,5,418,746,752,328,6,334,4
passenger1289,1,5,419,746,752,327,6,333,4
passenger1290,1,6,419,746,755,327,9,336,4
passenger1291,1,12,419,746,767,327,21,348,4
passenger1292,1,14,419,802,823,383,21,404,4
passenger1293,1,2,420,802,805,382,3,385,4
passenger1294,1,22,420,802,837,382,35,417,4
passenger1295,1,18,420,802,831,382,29,411,4
passenger1296,1,3,420,802,808,382,6,388,4
passenger1297,1,22,420,802,837,382,35,417,4
passenger1298,1,2,421,802,805,381,3,384,4
passenger1299,1,15,421,802,826,381,24,405,4
passenger1300,1,13,422,802,820,380,18,398,4
passenger1301,1,14,422,802,823,380,21,401,4
passenger1302,1,24,422,860,897,438,37,475,4
passenger1303,1,24,423,860,897,437,37,474,4
passenger1304,1,8,424,860,869,436,9,445,4
passenger1305,1,15,425,860,882,435,22,457,4
passenger1306,1,25,425,860,900,435,40,475,4
passenger1307,1,19,426,860,888,434,28,462,4
passenger1308,1,23,426,860,894,434,34,468,4
passenger1309,1,12,426,860,875,434,15,449,4
passenger1310,1,8,426,860,869,434,9,443,4
passenger1311,1,14,426,860,879,434,19,453,4
passenger1312,1,21,427,926,960,499,34,533,4
passenger1313,1,24,427,926,965,499,39,538,4
passenger1314,1,18,427,926,955,499,29,528,4
passenger1315,1,18,429,926,955,497,29,526,4
passenger1316,1,14,429,926,947,497,21,518,4
passenger1317,1,9,429,926,936,497,10,507,4
passenger1318,1,12,429,926,941,497,15,512,4
passenger1319,1,13,429,926,944,497,18,515,4
passenger1320,1,21,429,926,960,497,34,531,4
passenger1321,1,15,430,926,950,496,24,520,4
passenger1322,1,21,430,990,1026,560,36,596,4
passenger1323,1,2,430,990,993,560,3,563,4
passenger1324,1,20,430,990,1023,560,33,593,4
passenger1325,1,14,431,646,665,215,19,234,5
passenger1326,1,25,431,646,684,215,38,253,5
passenger1327,1,13,431,646,662,215,16,231,5
passenger1328,1,13,431,646,662,215,16,231,5
passenger1329,1,5,431,646,652,215,6,221,5
passenger1330,1,21,432,710,744,278,34,312,5
passenger1331,1,18,433,710,737,277,27,304,5
passenger1332,1,22,434,710,747,276,37,313,5
passenger1333,1,4,434,580,587,146,7,153,10
passenger1334,1,7,435,710,720,275,10,285,5
passenger1335,1,23,435,580,616,145,36,181,10
passenger1336,1,3,435,710,714,275,4,279,5
passenger1337,1,14,436,582,605,146,23,169,9
passenger1338,1,11,436,580,598,144,18,162,10
passenger1339,1,24,436,710,751,274,41,315,5
passenger1340,1,22,436,582,617,146,35,181,9
passenger1341,1,23,436,580,616,144,36,180,10
passenger1342,1,8,436,710,723,274,13,287,5
passenger1343,1,16,437,582,609,145,27,172,9
passenger1344,1,18,437,580,609,143,29,172,10
passenger1345,1,25,437,710,754,273,44,317,5
passenger1346,1,2,438,582,585,144,3,147,9
passenger1347,1,25,439,580,620,141,40,181,10
passenger1348,1,10,439,710,727,271,17,288,5
passenger1349,1,5,439,582,592,143,10,153,9
passenger1350,1,16,439,580,605,141,25,166,10
passenger1351,1,20,440,710,741,270,31,301,5
passenger1352,1,5,440,582,592,142,10,152,9
passenger1353,1,2,440,580,583,140,3,143,10
passenger1354,1,23,441,780,814,339,34,373,5
passenger1355,1,24,441,640,679,199,39,238,9
passenger1356,1,5,441,646,652,205,6,211,10
passenger1357,1,23,442,780,814,338,34,372,5
passenger1358,1,23,442,640,676,198,36,234,9
passenger1359,1,25,442,646,684,204,38,242,10
passenger1360,1,7,442,780,790,338,10,348,5
passenger1361,1,15,443,640,662,197,22,219,9
passenger1362,1,25,443,646,684,203,38,241,10
passenger1363,1,23,443,780,814,337,34,371,5
passenger1364,1,16,444,640,665,196,25,221,9
passenger1365,1,6,444,646,655,202,9,211,10
passenger1366,1,4,445,640,647,195,7,202,9
passenger1367,1,8,445,646,659,201,13,214,10
passenger1368,1,3,445,640,644,195,4,199,9
passenger1369,1,6,446,646,655,200,9,209,10
passenger1370,1,3,446,640,644,194,4,198,9
passenger1371,1,20,446,646,677,200,31,231,10
passenger1372,1,16,446,640,665,194,25,219,9
passenger1373,1,14,446,646,669,200,23,223,10
passenger1374,1,21,446,640,672,194,32,226,9
passenger1375,1,11,447,646,664,199,18,217,10
passenger1376,1,11,447,640,656,193,16,209,9
passenger1377,1,6,447,646,655,199,9,208,10
passenger1378,1,12,447,704,723,257,19,276,9
passenger1379,1,6,448,710,719,262,9,271,10
passenger1380,1,16,448,704,733,256,29,285,9
passenger1381,1,25,448,710,750,262,40,302,10
passenger1382,1,14,448,704,729,256,25,281,9
passenger1383,1,9,448,710,724,262,14,276,10
passenger1384,1,18,448,704,737,256,33,289,9
passenger1385,1,21,449,710,744,261,34,295,10
passenger1386,1,13,450,704,726,254,22,276,9
passenger1387,1,8,451,584,599,133,15,148,8
passenger1388,1,19,451,584,614,133,30,163,8
passenger1389,1,6,451,584,595,133,11,144,8
passenger1390,1,25,452,584,626,132,42,174,8
passenger1391,1,9,452,652,668,200,16,216,8
passenger1392,1,10,452,652,671,200,19,219,8
passenger1393,1,19,453,652,686,199,34,233,8
passenger1394,1,2,453,652,655,199,3,202,8
passenger1395,1,6,453,652,663,199,11,210,8
passenger1396,1,5,453,652,660,199,8,207,8
passenger1397,1,11,454,652,674,198,22,220,8
passenger1398,1,15,454,652,680,198,28,226,8
passenger1399,1,6,454,652,663,198,11,209,8
passenger1400,1,10,454,652,671,198,19,217,8
passenger1401,1,20,454,706,737,252,31,283,8
passenger1402,1,24,454,706,747,252,41,293,8
passenger1403,1,2,455,706,709,251,3,254,8
passenger1404,1,17,455,706,732,251,26,277,8
passenger1405,1,2,456,706,709,250,3,253,8
passenger1406,1,14,456,706,727,250,21,271,8
passenger1407,1,23,456,706,744,250,38,288,8
passenger1408,1,21,456,706,740,250,34,284,8
passenger1409,1,7,456,706,716,250,10,260,8
passenger1410,1,8,456,706,719,250,13,263,8
passenger1411,1,20,456,772,803,316,31,347,8
passenger1412,1,21,457,772,806,315,34,349,8
passenger1413,1,8,457,772,783,315,11,326,8
passenger1414,1,2,457,772,775,315,3,318,8
passenger1415,1,12,457,634,657,177,23,200,13
passenger1416,1,16,457,772,795,315,23,338,8
passenger1417,1,12,457,634,657,177,23,200,13
passenger1418,1,24,457,772,811,315,39,354,8
passenger1419,1,21,458,678,710,220,32,252,13
passenger1420,1,20,458,678,707,220,29,249,13
passenger1421,1,2,459,678,681,219,3,222,13
passenger1422,1,22,459,678,713,219,35,254,13
passenger1423,1,20,459,678,707,219,29,248,13
passenger1424,1,11,459,678,694,219,16,235,13
passenger1425,1,16,459,678,701,219,23,242,13
passenger1426,1,21,460,678,710,218,32,250,13
passenger1427,1,23,461,722,762,261,40,301,1
passenger1428,1,15,461,722,746,261,24,285,1
passenger1429,1,2,461,678,681,217,3,220,13
passenger1430,1,16,462,722,749,260,27,287,1
passenger1431,1,18,462,722,753,260,31,291,1
passenger1432,1,3,463,722,728,259,6,265,1
passenger1433,1,21,463,722,758,259,36,295,1
passenger1434,1,6,464,722,733,258,11,269,1
passenger1435,1,23,465,785,821,320,36,356,3
passenger1436,1,15,467,785,809,318,24,342,3
passenger1437,1,9,467,785,799,318,14,332,3
passenger1438,1,3,467,785,789,318,4,322,3
passenger1439,1,2,468,795,798,327,3,330,6
passenger1440,1,19,469,795,825,326,30,356,6
passenger1441,1,11,469,795,811,326,16,342,6
passenger1442,1,22,470,795,830,325,35,360,6
passenger1443,1,7,470,795,805,325,10,335,6
passenger1444,1,24,470,795,834,325,39,364,6
passenger1445,1,24,471,795,834,324,39,363,6
passenger1446,1,4,471,859,866,388,7,395,6
passenger1447,1,17,471,859,893,388,34,422,6
passenger1448,1,24,471,859,902,388,43,431,6
passenger1449,1,9,471,859,877,388,18,406,6
passenger1450,1,3,472,859,863,387,4,391,6
passenger1451,1,23,472,788,824,316,36,352,0
passenger1452,1,13,472,859,883,387,24,411,6
passenger1453,1,2,474,788,791,314,3,317,0
passenger1454,1,22,474,788,821,314,33,347,0
passenger1455,1,18,475,788,813,313,25,338,0
passenger1456,1,3,475,788,794,313,6,319,0
passenger1457,1,8,475,788,801,313,13,326,0
passenger1458,1,2,475,788,791,313,3,316,0
passenger1459,1,24,475,788,827,313,39,352,0
passenger1460,1,2,475,788,791,313,3,316,0
passenger1461,1,21,476,788,818,312,30,342,0
passenger1462,1,14,476,852,875,376,23,399,0
passenger1463,1,15,476,852,878,376,26,402,0
passenger1464,1,21,477,852,886,375,34,409,0
passenger1465,1,23,477,852,890,375,38,413,0
passenger1466,1,5,478,852,862,374,10,384,0
passenger1467,1,2,478,852,855,374,3,377,0
passenger1468,1,4,478,852,859,374,7,381,0
passenger1469,1,18,479,762,791,283,29,312,7
passenger1470,1,15,480,762,786,282,24,306,7
passenger1471,1,4,480,762,767,282,5,287,7
passenger1472,1,7,481,762,772,281,10,291,7
passenger1473,1,14,481,762,783,281,21,302,7
passenger1474,1,19,481,762,794,281,32,313,7
passenger1475,1,10,481,762,777,281,15,296,7
passenger1476,1,24,481,762,803,281,41,322,7
passenger1477,1,25,482,762,806,280,44,324,7
passenger1478,1,20,482,762,797,280,35,315,7
passenger1479,1,12,482,832,849,350,17,367,7
passenger1480,1,23,482,832,870,350,38,388,7
passenger1481,1,19,482,832,862,350,30,380,7
passenger1482,1,14,483,832,853,349,21,370,7
passenger1483,1,12,483,832,849,349,17,366,7
passenger1484,1,21,484,832,866,348,34,382,7
passenger1485,1,15,484,832,856,348,24,372,7
passenger1486,1,6,484,832,841,348,9,357,7
passenger1487,1,25,484,832,874,348,42,390,7
passenger1488,1,3,484,832,836,348,4,352,7
passenger1489,1,18,485,507,536,22,29,51,11
passenger1490,1,17,485,507,535,22,28,50,12
passenger1491,1,16,486,507,530,21,23,44,11
passenger1492,1,3,486,507,511,21,4,25,12
passenger1493,1,13,486,507,523,21,16,37,11
passenger1494,1,23,486,507,547,21,40,61,12
passenger1495,1,7,486,507,515,21,8,29,11
passenger1496,1,18,487,507,538,20,31,51,12
passenger1497,1,22,487,507,546,20,39,59,11
passenger1498,1,24,487,507,550,20,43,63,12
passenger1499,1,14,487,507,526,20,19,39,11
passenger1500,1,9,488,507,521,19,14,33,12
passenger1501,1,18,488,507,536,19,29,48,11
passenger1502,1,13,488,507,527,19,20,39,12
passenger1503,1,17,489,507,533,18,26,44,11
passenger1504,1,19,489,507,541,18,34,52,12
passenger1505,1,19,490,507,539,17,32,49,11
passenger1506,1,7,490,507,517,17,10,27,12
passenger1507,1,20,490,507,542,17,35,52,11
passenger1508,1,15,491,507,531,16,24,40,12
passenger1509,1,24,491,569,608,78,39,117,11
passenger1510,1,17,491,575,605,84,30,114,12
passenger1511,1,23,491,569,605,78,36,114,11
passenger1512,1,25,491,575,617,84,42,126,12
passenger1513,1,25,491,569,611,78,42,120,11
passenger1514,1,19,492,575,609,83,34,117,12
passenger1515,1,16,492,569,592,77,23,100,11
passenger1516,1,4,492,575,580,83,5,88,12
passenger1517,1,11,493,569,583,76,14,90,11
passenger1518,1,13,494,575,597,81,22,103,12
passenger1519,1,20,495,569,600,74,31,105,11
passenger1520,1,16,495,575,602,80,27,107,12
passenger1521,1,12,495,569,586,74,17,91,11
passenger1522,1,5,497,575,583,78,8,86,12
passenger1523,1,19,497,569,597,72,28,100,11
passenger1524,1,12,497,575,594,78,19,97,12
passenger1525,1,2,499,569,572,70,3,73,11
passenger1526,1,8,499,575,588,76,13,89,12
passenger1527,1,23,500,569,605,69,36,105,11
passenger1528,1,4,500,575,580,75,5,80,12
passenger1529,1,11,500,637,653,137,16,153,11
passenger1530,1,14,500,643,666,143,23,166,12
passenger1531,1,4,501,637,642,136,5,141,11
passenger1532,1,5,501,643,651,142,8,150,12
passenger1533,1,24,501,637,674,136,37,173,11
passenger1534,1,16,502,643,670,141,27,168,12
passenger1535,1,7,502,637,647,135,10,145,11
passenger1536,1,6,503,643,654,140,11,151,12
passenger1537,1,12,503,637,656,134,19,153,11
passenger1538,1,19,503,643,675,140,32,172,12
passenger1539,1,19,503,637,665,134,28,162,11
passenger1540,1,6,503,643,654,140,11,151,12
passenger1541,1,19,503,637,665,134,28,162,11
passenger1542,1,23,503,643,681,140,38,178,12
passenger1543,1,7,504,637,647,133,10,143,11
passenger1544,1,2,504,643,646,139,3,142,12
passenger1545,1,25,505,637,677,132,40,172,11
passenger1546,1,14,505,643,666,138,23,161,12
passenger1547,1,20,506,637,668,131,31,162,11
passenger1548,1,9,506,643,659,137,16,153,12
passenger1549,1,9,506,703,719,197,16,213,11
passenger1550,1,7,506,705,713,199,8,207,12
passenger1551,1,7,506,703,715,197,12,209,11
passenger1552,1,13,507,705,725,198,20,218,12
passenger1553,1,4,508,703,710,195,7,202,11
passenger1554,1,22,508,705,740,197,35,232,12
passenger1555,1,14,508,703,726,195,23,218,11
passenger1556,1,23,509,705,743,196,38,234,12
passenger1557,1,14,509,703,726,194,23,217,11
passenger1558,1,9,509,705,717,196,12,208,12
passenger1559,1,14,509,703,726,194,23,217,11
passenger1560,1,5,510,710,716,200,6,206,10
passenger1561,1,21,510,710,744,200,34,234,10
passenger1562,1,19,510,710,740,200,30,230,10
passenger1563,1,5,510,710,716,200,6,206,10
passenger1564,1,15,511,710,734,199,24,223,10
passenger1565,1,14,511,710,731,199,21,220,10
passenger1566,1,6,511,704,713,193,9,202,9
passenger1567,1,4,512,704,709,192,5,197,9
passenger1568,1,20,513,704,741,191,37,228,9
passenger1569,1,8,513,704,717,191,13,204,9
passenger1570,1,14,513,704,729,191,25,216,9
passenger1571,1,7,514,762,776,248,14,262,9
passenger1572,1,17,514,762,790,248,28,276,9
passenger1573,1,3,514,762,766,248,4,252,9
passenger1574,1,10,515,678,691,163,13,176,13
passenger1575,1,15,515,736,760,221,24,245,13
passenger1576,1,12,515,736,755,221,19,240,13
passenger1577,1,16,515,736,763,221,27,248,13
passenger1578,1,6,515,736,745,221,9,230,13
passenger1579,1,12,516,736,755,220,19,239,13
passenger1580,1,20,516,736,769,220,33,253,13
passenger1581,1,10,517,736,751,219,15,234,13
passenger1582,1,5,517,736,742,219,6,225,13
passenger1583,1,22,518,736,773,218,37,255,13
passenger1584,1,20,518,736,769,218,33,251,13
passenger1585,1,18,518,796,821,278,25,303,13
passenger1586,1,21,518,796,830,278,34,312,13
passenger1587,1,20,519,772,803,253,31,284,8
passenger1588,1,19,519,772,800,253,28,281,8
passenger1589,1,14,519,772,791,253,19,272,8
passenger1590,1,2,519,722,725,203,3,206,1
passenger1591,1,16,520,772,795,252,23,275,8
passenger1592,1,8,520,786,797,266,11,277,1
passenger1593,1,20,521,836,867,315,31,346,8
passenger1594,1,13,522,786,808,264,22,286,1
passenger1595,1,23,522,836,874,314,38,352,8
passenger1596,1,16,523,786,813,263,27,290,1
passenger1597,1,15,524,836,858,312,22,334,8
passenger1598,1,24,525,786,827,261,41,302,1
passenger1599,1,13,525,786,808,261,22,283,1
passenger1600,1,11,526,786,804,260,18,278,1
passenger1601,1,10,526,786,801,260,15,275,1
passenger1602,1,23,527,786,824,259,38,297,1
passenger1603,1,20,528,786,819,258,33,291,1
passenger1604,1,5,528,786,792,258,6,264,1
passenger1605,1,13,528,852,874,324,22,346,1
passenger1606,1,10,528,773,792,245,19,264,2
passenger1607,1,17,528,852,880,324,28,352,1
passenger1608,1,3,529,773,777,244,4,248,2
passenger1609,1,19,529,773,805,244,32,276,2
passenger1610,1,19,529,773,805,244,32,276,2
passenger1611,1,7,529,773,783,244,10,254,2
passenger1612,1,5,529,833,843,304,10,314,2
passenger1613,1,17,529,833,861,304,28,332,2
passenger1614,1,8,530,785,796,255,11,266,3
passenger1615,1,24,530,785,824,255,39,294,3
passenger1616,1,20,530,833,868,303,35,338,2
passenger1617,1,24,531,785,824,254,39,293,3
passenger1618,1,14,531,785,806,254,21,275,3
passenger1619,1,24,531,785,824,254,39,293,3
passenger1620,1,2,533,849,852,316,3,319,3
passenger1621,1,8,533,849,862,316,13,329,3
passenger1622,1,2,533,849,852,316,3,319,3
passenger1623,1,18,533,849,874,316,25,341,3
passenger1624,1,14,534,900,921,366,21,387,7
passenger1625,1,8,534,900,911,366,11,377,7
passenger1626,1,9,535,900,914,365,14,379,7
passenger1627,1,17,535,900,926,365,26,391,7
passenger1628,1,6,536,859,870,323,11,334,6
passenger1629,1,14,536,859,886,323,27,350,6
passenger1630,1,16,536,859,890,323,31,354,6
passenger1631,1,7,536,859,873,323,14,337,6
passenger1632,1,7,537,927,937,390,10,400,6
passenger1633,1,10,537,927,944,390,17,407,6
passenger1634,1,16,537,927,956,390,29,419,6
passenger1635,1,8,538,927,940,389,13,402,6
passenger1636,1,11,538,927,947,389,20,409,6
passenger1637,1,15,539,927,953,388,26,414,6
passenger1638,1,6,539,927,934,388,7,395,6
passenger1639,1,15,539,927,953,388,26,414,6
passenger1640,1,5,540,852,862,312,10,322,0
passenger1641,1,5,540,852,862,312,10,322,0
passenger1642,1,7,540,852,866,312,14,326,0
passenger1643,1,8,540,914,927,374,13,387,0
passenger1644,1,2,540,914,917,374,3,377,0
passenger1645,1,25,541,914,954,373,40,413,0
passenger1646,1,9,541,914,930,373,16,389,0
passenger1647,1,21,541,914,946,373,32,405,0
passenger1648,1,23,542,914,950,372,36,408,0
passenger1649,1,21,542,914,946,372,32,404,0
passenger1650,1,21,542,914,946,372,32,404,0
passenger1651,1,4,543,914,921,371,7,378,0
passenger1652,1,10,544,914,933,370,19,389,0
passenger1653,1,19,544,980,1010,436,30,466,0
passenger1654,1,15,545,980,1004,435,24,459,0
passenger1655,1,2,545,980,983,435,3,438,0
passenger1656,1,15,546,980,1004,434,24,458,0
passenger1657,1,21,546,980,1014,434,34,468,0
passenger1658,1,21,546,980,1014,434,34,468,0
passenger1659,1,11,546,980,996,434,16,450,0
passenger1660,1,7,547,571,583,24,12,36,14
passenger1661,1,9,547,571,585,24,14,38,15
passenger1662,1,9,548,571,587,23,16,39,14
passenger1663,1,10,548,571,588,23,17,40,15
passenger1664,1,9,549,571,587,22,16,38,14
passenger1665,1,12,549,571,592,22,21,43,15
passenger1666,1,2,549,571,574,22,3,25,14
passenger1667,1,8,550,571,582,21,11,32,15
passenger1668,1,9,550,571,587,21,16,37,14
passenger1669,1,5,550,571,577,21,6,27,15
passenger1670,1,23,551,571,607,20,36,56,14
passenger1671,1,18,551,571,604,20,33,53,15
passenger1672,1,23,551,571,607,20,36,56,14
passenger1673,1,15,552,571,599,19,28,47,15
passenger1674,1,4,552,571,578,19,7,26,14
passenger1675,1,23,552,571,611,19,40,59,15
passenger1676,1,12,554,571,594,17,23,40,14
passenger1677,1,18,554,571,604,17,33,50,15
passenger1678,1,11,554,571,591,17,20,37,14
passenger1679,1,13,555,571,595,16,24,40,15
passenger1680,1,13,555,631,651,76,20,96,14
passenger1681,1,8,555,635,646,80,11,91,15
passenger1682,1,15,555,631,655,76,24,100,14
passenger1683,1,19,556,635,669,79,34,113,15
passenger1684,1,2,556,631,634,75,3,78,14
passenger1685,1,5,556,635,641,79,6,85,15
passenger1686,1,22,557,631,670,74,39,113,14
passenger1687,1,15,557,635,659,78,24,102,15
passenger1688,1,25,558,631,675,73,44,117,14
passenger1689,1,16,558,635,662,77,27,104,15
passenger1690,1,17,559,631,661,72,30,102,14
passenger1691,1,23,559,635,677,76,42,118,15
passenger1692,1,17,559,703,731,144,28,172,11
passenger1693,1,9,559,631,643,72,12,84,14
passenger1694,1,14,560,635,656,75,21,96,15
passenger1695,1,7,560,703,715,143,12,155,11
passenger1696,1,10,560,631,646,71,15,86,14
passenger1697,1,18,560,635,666,75,31,106,15
passenger1698,1,5,560,990,998,430,8,438,4
passenger1699,1,18,561,703,734,142,31,173,11
passenger1700,1,16,561,631,658,70,27,97,14
passenger1701,1,9,561,635,649,74,14,88,15
passenger1702,1,3,561,703,707,142,4,146,11
passenger1703,1,18,562,631,664,69,33,102,14
passenger1704,1,21,562,635,673,73,38,111,15
passenger1705,1,19,562,753,787,191,34,225,11
passenger1706,1,12,563,701,724,138,23,161,14
passenger1707,1,17,563,701,731,138,30,168,15
passenger1708,1,11,563,753,771,190,18,208,11
passenger1709,1,10,563,701,720,138,19,157,14
passenger1710,1,9,563,701,719,138,18,156,15
passenger1711,1,7,563,753,765,190,12,202,11
passenger1712,1,25,563,701,743,138,42,180,14
passenger1713,1,17,564,701,731,137,30,167,15
passenger1714,1,6,564,753,762,189,9,198,11
passenger1715,1,22,564,701,736,137,35,172,14
passenger1716,1,5,564,701,711,137,10,147,15
passenger1717,1,16,565,753,780,188,27,215,11
passenger1718,1,5,565,701,711,136,10,146,14
passenger1719,1,10,566,701,722,135,21,156,15
passenger1720,1,17,567,753,783,186,30,216,11
passenger1721,1,25,567,701,743,134,42,176,14
passenger1722,1,25,567,701,741,134,40,174,15
passenger1723,1,23,568,753,793,185,40,225,11
passenger1724,1,7,568,701,715,133,14,147,14
passenger1725,1,4,568,701,708,133,7,140,15
passenger1726,1,23,568,753,793,185,40,225,11
passenger1727,1,24,570,701,740,131,39,170,14
passenger1728,1,8,572,701,716,129,15,144,15
passenger1729,1,2,572,701,704,129,3,132,14
passenger1730,1,17,572,701,731,129,30,159,15
passenger1731,1,3,572,701,707,129,6,135,14
passenger1732,1,2,572,701,704,129,3,132,15
passenger1733,1,24,572,769,808,197,39,236,14
passenger1734,1,13,573,767,783,194,16,210,15
passenger1735,1,4,573,769,776,196,7,203,14
passenger1736,1,17,573,767,791,194,24,218,15
passenger1737,1,10,573,769,786,196,17,213,14
passenger1738,1,14,573,767,786,194,19,213,15
passenger1739,1,23,574,705,743,131,38,169,12
passenger1740,1,7,574,705,713,131,8,139,12
passenger1741,1,17,575,705,731,130,26,156,12
passenger1742,1,21,575,705,737,130,32,162,12
passenger1743,1,12,576,705,722,129,17,146,12
passenger1744,1,25,576,767,809,191,42,233,12
passenger1745,1,12,577,767,786,190,19,209,12
passenger1746,1,13,578,780,798,202,18,220,5
passenger1747,1,23,579,780,814,201,34,235,5
passenger1748,1,17,579,776,804,197,28,225,10
passenger1749,1,22,580,776,815,196,39,235,10
passenger1750,1,20,580,776,811,196,35,231,10
passenger1751,1,19,580,776,808,196,32,228,10
passenger1752,1,7,580,776,786,196,10,206,10
passenger1753,1,11,580,776,794,196,18,214,10
passenger1754,1,22,581,776,815,195,39,234,10
passenger1755,1,16,581,776,801,195,25,220,10
passenger1756,1,8,581,762,779,181,17,198,9
passenger1757,1,9,581,776,790,195,14,209,10
passenger1758,1,20,581,762,795,181,33,214,9
passenger1759,1,6,582,762,773,180,11,191,9
passenger1760,1,4,583,762,769,179,7,186,9
passenger1761,1,20,583,762,795,179,33,212,9
passenger1762,1,8,583,762,779,179,17,196,9
passenger1763,1,20,584,762,795,178,33,211,9
passenger1764,1,14,584,816,835,232,19,251,9
passenger1765,1,25,584,816,854,232,38,270,9
passenger1766,1,14,585,836,855,251,19,270,8
passenger1767,1,22,586,849,882,263,33,296,3
passenger1768,1,22,586,836,871,250,35,285,8
passenger1769,1,7,586,849,859,263,10,273,3
passenger1770,1,25,587,833,875,246,42,288,2
passenger1771,1,19,587,833,865,246,32,278,2
passenger1772,1,4,587,833,840,246,7,253,2
passenger1773,1,2,588,833,836,245,3,248,2
passenger1774,1,8,589,833,848,244,15,259,2
passenger1775,1,2,589,833,836,244,3,247,2
passenger1776,1,10,589,833,852,244,19,263,2
passenger1777,1,25,589,901,941,312,40,352,2
passenger1778,1,13,589,901,919,312,18,330,2
passenger1779,1,2,590,852,855,262,3,265,1
passenger1780,1,13,590,852,874,262,22,284,1
passenger1781,1,7,590,852,864,262,12,274,1
passenger1782,1,22,591,852,889,261,37,298,1
passenger1783,1,4,591,852,859,261,7,268,1
passenger1784,1,20,592,852,885,260,33,293,1
passenger1785,1,12,592,852,871,260,19,279,1
passenger1786,1,2,592,852,855,260,3,263,1
passenger1787,1,18,593,912,943,319,31,350,1
passenger1788,1,12,593,912,933,319,21,340,1
passenger1789,1,20,593,912,949,319,37,356,1
passenger1790,1,16,596,912,939,316,27,343,1
passenger1791,1,20,596,912,949,316,37,353,1
passenger1792,1,13,597,980,1000,383,20,403,0
passenger1793,1,2,597,980,983,383,3,386,0
passenger1794,1,5,598,980,988,382,8,390,0
passenger1795,1,13,598,1036,1058,438,22,460,0
passenger1796,1,11,599,1036,1054,437,18,455,0
passenger1797,1,21,599,1036,1068,437,32,469,0
passenger1798,1,11,599,1036,1054,437,18,455,0
passenger1799,1,22,600,1036,1071,436,35,471,0
passenger1800,1,6,600,1036,1045,436,9,445,0
passenger1801,1,11,601,927,947,326,20,346,6
passenger1802,1,20,601,927,962,326,35,361,6
passenger1803,1,4,601,983,988,382,5,387,6
passenger1804,1,9,601,983,995,382,12,394,6
passenger1805,1,20,601,983,1012,382,29,411,6
passenger1806,1,16,601,983,1006,382,23,405,6
passenger1807,1,20,602,983,1012,381,29,410,6
passenger1808,1,14,602,983,1002,381,19,400,6
passenger1809,1,22,602,983,1016,381,33,414,6
passenger1810,1,23,602,983,1019,381,36,417,6
passenger1811,1,25,602,983,1023,381,40,421,6
passenger1812,1,4,603,983,988,380,5,385,6
passenger1813,1,16,603,1049,1074,446,25,471,6
passenger1814,1,4,604,1049,1054,445,5,450,6
passenger1815,1,7,605,1049,1059,444,10,454,6
passenger1816,1,9,605,1049,1063,444,14,458,6
passenger1817,1,17,606,1049,1077,443,28,471,6
passenger1818,1,12,606,1049,1068,443,19,462,6
passenger1819,1,22,606,1049,1084,443,35,478,6
passenger1820,1,9,607,1049,1063,442,14,456,6
passenger1821,1,16,608,796,817,188,21,209,13
passenger1822,1,20,608,796,827,188,31,219,13
passenger1823,1,25,608,796,838,188,42,230,13
passenger1824,1,7,608,769,781,161,12,173,14
passenger1825,1,19,608,796,824,188,28,216,13
passenger1826,1,4,608,769,776,161,7,168,14
passenger1827,1,15,609,796,814,187,18,205,13
passenger1828,1,11,609,769,789,160,20,180,14
passenger1829,1,25,609,796,838,187,42,229,13
passenger1830,1,20,609,769,802,160,33,193,14
passenger1831,1,24,609,767,804,158,37,195,15
passenger1832,1,22,609,796,833,187,37,224,13
passenger1833,1,11,610,769,789,159,20,179,14
passenger1834,1,19,610,767,795,157,28,185,15
passenger1835,1,2,610,796,799,186,3,189,13
passenger1836,1,15,612,769,795,157,26,183,14
passenger1837,1,3,612,769,773,157,4,161,14
passenger1838,1,19,612,833,861,221,28,249,14
passenger1839,1,25,612,833,873,221,40,261,14
passenger1840,1,18,612,833,858,221,25,246,14
passenger1841,1,22,613,833,868,220,35,255,14
passenger1842,1,7,613,833,841,220,8,228,14
passenger1843,1,25,613,833,873,220,40,260,14
passenger1844,1,15,613,833,851,220,18,238,14
passenger1845,1,18,614,833,858,219,25,244,14
passenger1846,1,20,614,833,864,219,31,250,14
passenger1847,1,17,614,833,855,219,22,241,14
passenger1848,1,9,614,899,915,285,16,301,14
passenger1849,1,16,615,899,930,284,31,315,14
passenger1850,1,17,615,899,933,284,34,318,14
passenger1851,1,22,615,899,940,284,41,325,14
passenger1852,1,13,615,899,923,284,24,308,14
passenger1853,1,14,616,899,926,283,27,310,14
passenger1854,1,14,616,767,786,151,19,170,15
passenger1855,1,4,616,899,906,283,7,290,14
passenger1856,1,4,616,767,772,151,5,156,15
passenger1857,1,2,616,899,902,283,3,286,14
passenger1858,1,17,617,767,791,150,24,174,15
passenger1859,1,12,618,899,920,281,21,302,14
passenger1860,1,22,619,767,800,148,33,181,15
passenger1861,1,18,619,990,1019,371,29,400,4
passenger1862,1,5,619,899,909,280,10,290,14
passenger1863,1,4,620,767,772,147,5,152,15
passenger1864,1,10,621,990,1009,369,19,388,4
passenger1865,1,24,621,963,1000,342,37,379,14
passenger1866,1,3,621,829,835,208,6,214,15
passenger1867,1,6,621,990,1001,369,11,380,4
passenger1868,1,2,622,963,966,341,3,344,14
passenger1869,1,11,622,829,847,207,18,225,15
passenger1870,1,25,622,990,1032,368,42,410,4
passenger1871,1,18,623,963,990,340,27,367,14
passenger1872,1,13,623,829,851,206,22,228,15
passenger1873,1,5,623,990,998,367,8,375,4
passenger1874,1,10,623,963,980,340,17,357,14
passenger1875,1,14,623,829,854,206,25,231,15
passenger1876,1,8,624,990,1005,366,15,381,4
passenger1877,1,18,625,963,990,338,27,365,14
passenger1878,1,25,625,829,871,204,42,246,15
passenger1879,1,6,625,1058,1065,433,7,440,4
passenger1880,1,8,625,864,873,239,9,248,13
passenger1881,1,5,626,963,971,337,8,345,14
passenger1882,1,19,626,829,861,203,32,235,15
passenger1883,1,13,626,1058,1076,432,18,450,4
passenger1884,1,8,626,864,873,238,9,247,13
passenger1885,1,7,626,963,975,337,12,349,14
passenger1886,1,3,626,829,835,203,6,209,15
passenger1887,1,13,627,1058,1076,431,18,449,4
passenger1888,1,18,628,864,885,236,21,257,13
passenger1889,1,7,628,963,975,335,12,347,14
passenger1890,1,2,629,829,832,200,3,203,15
passenger1891,1,13,629,753,775,124,22,146,11
passenger1892,1,18,630,864,885,234,21,255,13
passenger1893,1,10,630,963,980,333,17,350,14
passenger1894,1,8,630,829,842,199,13,212,15
passenger1895,1,5,630,753,759,123,6,129,11
passenger1896,1,19,631,864,888,233,24,257,13
passenger1897,1,22,631,963,996,332,33,365,14
passenger1898,1,20,631,829,864,198,35,233,15
passenger1899,1,14,631,817,838,186,21,207,11
passenger1900,1,19,631,864,888,233,24,257,13
passenger1901,1,11,631,1025,1045,394,20,414,14
passenger1902,1,2,631,897,900,266,3,269,15
passenger1903,1,10,632,817,832,185,15,200,11
passenger1904,1,18,632,864,885,232,21,253,13
passenger1905,1,17,632,897,925,265,28,293,15
passenger1906,1,25,632,817,859,185,42,227,11
passenger1907,1,25,633,864,898,231,34,265,13
passenger1908,1,7,633,897,909,264,12,276,15
passenger1909,1,2,633,817,820,184,3,187,11
passenger1910,1,8,634,864,873,230,9,239,13
passenger1911,1,23,634,897,933,263,36,299,15
passenger1912,1,21,635,817,853,182,36,218,11
passenger1913,1,4,635,897,904,262,7,269,15
passenger1914,1,5,635,817,825,182,8,190,11
passenger1915,1,15,636,817,841,181,24,205,11
passenger1916,1,17,636,817,845,181,28,209,11
passenger1917,1,25,636,817,859,181,42,223,11
passenger1918,1,20,636,817,850,181,33,214,11
passenger1919,1,7,637,885,897,248,12,260,11
passenger1920,1,2,638,885,888,247,3,250,11
passenger1921,1,17,638,816,842,178,26,204,9
passenger1922,1,15,639,816,838,177,22,199,9
passenger1923,1,24,639,816,851,177,35,212,9
passenger1924,1,15,639,816,838,177,22,199,9
passenger1925,1,14,639,816,835,177,19,196,9
passenger1926,1,9,639,816,828,177,12,189,9
passenger1927,1,4,641,767,772,126,5,131,12
passenger1928,1,23,641,767,805,126,38,164,12
passenger1929,1,21,641,767,799,126,32,158,12
passenger1930,1,5,642,767,775,125,8,133,12
passenger1931,1,18,642,767,794,125,27,152,12
passenger1932,1,10,642,767,782,125,15,140,12
passenger1933,1,12,642,767,786,125,19,144,12
passenger1934,1,22,642,767,802,125,35,160,12
passenger1935,1,22,642,835,874,193,39,232,12
passenger1936,1,6,642,835,846,193,11,204,12
passenger1937,1,9,643,835,851,192,16,208,12
passenger1938,1,21,644,835,871,191,36,227,12
passenger1939,1,24,644,835,878,191,43,234,12
passenger1940,1,3,646,780,784,134,4,138,5
passenger1941,1,22,646,780,811,134,31,165,5
passenger1942,1,13,647,780,798,133,18,151,5
passenger1943,1,16,647,780,803,133,23,156,5
passenger1944,1,3,647,776,780,129,4,133,10
passenger1945,1,18,647,838,863,191,25,216,5
passenger1946,1,18,647,838,861,191,23,214,10
passenger1947,1,17,648,838,860,190,22,212,5
passenger1948,1,20,648,838,867,190,29,219,10
passenger1949,1,24,649,849,886,200,37,237,3
passenger1950,1,22,649,849,882,200,33,233,3
passenger1951,1,19,649,849,877,200,28,228,3
passenger1952,1,25,649,849,889,200,40,240,3
passenger1953,1,18,649,915,944,266,29,295,3
passenger1954,1,18,650,836,863,186,27,213,8
passenger1955,1,15,651,836,858,185,22,207,8
passenger1956,1,20,651,901,932,250,31,281,2
passenger1957,1,3,652,836,840,184,4,188,8
passenger1958,1,14,652,836,855,184,19,203,8
passenger1959,1,12,652,836,851,184,15,199,8
passenger1960,1,23,652,898,934,246,36,282,8
passenger1961,1,3,652,898,902,246,4,250,8
passenger1962,1,17,652,898,926,246,28,274,8
passenger1963,1,6,653,901,910,248,9,257,2
passenger1964,1,23,653,898,934,245,36,281,8
passenger1965,1,22,653,901,936,248,35,283,2
passenger1966,1,7,653,898,910,245,12,257,8
passenger1967,1,22,653,901,936,248,35,283,2
passenger1968,1,13,653,898,918,245,20,265,8
passenger1969,1,25,653,901,941,248,40,288,2
passenger1970,1,19,654,912,946,258,34,292,1
passenger1971,1,2,654,912,915,258,3,261,1
passenger1972,1,6,654,898,907,244,9,253,8
passenger1973,1,11,654,912,930,258,18,276,1
passenger1974,1,7,655,912,924,257,12,269,1
passenger1975,1,5,655,912,920,257,8,265,1
passenger1976,1,25,656,970,1008,314,38,352,1
passenger1977,1,22,656,970,1003,314,33,347,1
passenger1978,1,12,656,970,987,314,17,331,1
passenger1979,1,7,656,970,980,314,10,324,1
passenger1980,1,6,656,970,977,314,7,321,1
passenger1981,1,23,657,1036,1074,379,38,417,0
passenger1982,1,9,657,1036,1050,379,14,393,0
passenger1983,1,2,658,1036,1039,378,3,381,0
passenger1984,1,11,658,1036,1054,378,18,396,0
passenger1985,1,12,658,1098,1113,440,15,455,0
passenger1986,1,16,658,1098,1119,440,21,461,0
passenger1987,1,10,658,1098,1109,440,11,451,0
passenger1988,1,24,658,1098,1133,440,35,475,0
passenger1989,1,17,658,1098,1122,440,24,464,0
passenger1990,1,25,659,1098,1136,439,38,477,0
passenger1991,1,10,659,1098,1109,439,11,450,0
passenger1992,1,17,659,1098,1122,439,24,463,0
passenger1993,1,10,659,1098,1109,439,11,450,0
passenger1994,1,18,659,1098,1125,439,27,466,0
passenger1995,1,19,659,1162,1188,503,26,529,0
passenger1996,1,9,659,1162,1176,503,14,517,0
passenger1997,1,24,659,1162,1199,503,37,540,0
passenger1998,1,22,660,1162,1193,502,31,533,0
passenger1999,1,23,660,1162,1196,502,34,536,0
passenger2000,1,7,661,1162,1172,501,10,511,0
passenger2001,1,19,661,1162,1188,501,26,527,0
passenger2002,1,4,661,1162,1167,501,5,506,0
passenger2003,1,4,662,1162,1167,500,5,505,0
passenger2004,1,25,662,1162,1202,500,40,540,0
passenger2005,1,5,662,1228,1238,566,10,576,0
passenger2006,1,22,663,1049,1084,386,35,421,6
passenger2007,1,12,663,1049,1068,386,19,405,6
passenger2008,1,9,663,1107,1121,444,14,458,6
passenger2009,1,3,663,1228,1232,565,4,569,0
passenger2010,1,18,664,1107,1136,443,29,472,6
passenger2011,1,19,664,1107,1139,443,32,475,6
passenger2012,1,13,664,1107,1127,443,20,463,6
passenger2013,1,21,664,1107,1143,443,36,479,6
passenger2014,1,9,664,1107,1121,443,14,457,6
passenger2015,1,15,665,1107,1131,442,24,466,6
passenger2016,1,8,665,1107,1118,442,11,453,6
passenger2017,1,15,665,1107,1131,442,24,466,6
passenger2018,1,5,666,1107,1113,441,6,447,6
passenger2019,1,13,666,1165,1185,499,20,519,6
passenger2020,1,15,666,1165,1191,499,26,525,6
passenger2021,1,15,667,1165,1191,498,26,524,6
passenger2022,1,12,667,1165,1182,498,17,515,6
passenger2023,1,17,667,1165,1195,498,30,528,6
passenger2024,1,14,667,1165,1188,498,23,521,6
passenger2025,1,8,668,1165,1176,497,11,508,6
passenger2026,1,7,668,1165,1173,497,8,505,6
passenger2027,1,17,668,1165,1195,497,30,527,6
passenger2028,1,24,668,1165,1204,497,39,536,6
passenger2029,1,20,668,864,891,196,27,223,13
passenger2030,1,17,669,924,950,255,26,281,13
passenger2031,1,24,669,924,963,255,39,294,13
passenger2032,1,23,669,924,960,255,36,291,13
passenger2033,1,14,669,924,943,255,19,274,13
passenger2034,1,4,670,924,929,254,5,259,13
passenger2035,1,17,670,924,950,254,26,280,13
passenger2036,1,16,670,924,947,254,23,277,13
passenger2037,1,8,670,924,935,254,11,265,13
passenger2038,1,22,670,924,957,254,33,287,13
passenger2039,1,22,671,924,957,253,33,286,13
passenger2040,1,9,671,988,1004,317,16,333,13
passenger2041,1,13,671,988,1014,317,26,343,13
passenger2042,1,6,672,988,997,316,9,325,13
passenger2043,1,6,672,988,997,316,9,325,13
passenger2044,1,8,673,988,1001,315,13,328,13
passenger2045,1,10,673,988,1007,315,19,334,13
passenger2046,1,8,674,988,1001,314,13,327,13
passenger2047,1,5,674,988,994,314,6,320,13
passenger2048,1,12,674,988,1011,314,23,337,13
passenger2049,1,16,674,988,1019,314,31,345,13
passenger2050,1,9,675,1036,1050,361,14,375,13
passenger2051,1,14,675,1036,1059,361,23,384,13
passenger2052,1,8,675,1036,1047,361,11,372,13
passenger2053,1,18,676,1036,1067,360,31,391,13
passenger2054,1,17,676,1036,1064,360,28,388,13
passenger2055,1,25,677,1036,1078,359,42,401,13
passenger2056,1,3,677,1036,1040,359,4,363,13
passenger2057,1,22,677,1036,1073,359,37,396,13
passenger2058,1,10,678,1036,1053,358,17,375,13
passenger2059,1,3,678,1036,1040,358,4,362,13
passenger2060,1,18,679,1058,1085,379,27,406,4
passenger2061,1,6,679,1058,1065,379,7,386,4
passenger2062,1,6,680,1058,1065,378,7,385,4
passenger2063,1,25,680,1058,1094,378,36,414,4
passenger2064,1,7,680,1058,1068,378,10,388,4
passenger2065,1,15,681,1058,1080,377,22,399,4
passenger2066,1,6,681,1058,1065,377,7,384,4
passenger2067,1,4,682,1120,1127,438,7,445,4
passenger2068,1,2,683,897,900,214,3,217,15
passenger2069,1,2,683,897,900,214,3,217,15
passenger2070,1,13,683,898,918,215,20,235,8
passenger2071,1,12,684,897,918,213,21,234,15
passenger2072,1,2,684,897,900,213,3,216,15
passenger2073,1,10,684,897,914,213,17,230,15
passenger2074,1,8,684,957,968,273,11,284,15
passenger2075,1,15,684,957,979,273,22,295,15
passenger2076,1,25,684,898,938,214,40,254,8
passenger2077,1,18,684,885,912,201,27,228,11
passenger2078,1,24,684,957,996,273,39,312,15
passenger2079,1,6,685,816,823,131,7,138,9
passenger2080,1,7,686,885,897,199,12,211,11
passenger2081,1,20,686,957,986,271,29,300,15
passenger2082,1,9,686,816,828,130,12,142,9
passenger2083,1,22,686,885,918,199,33,232,11
passenger2084,1,13,686,957,975,271,18,289,15
passenger2085,1,6,687,880,889,193,9,202,9
passenger2086,1,22,687,885,918,198,33,231,11
passenger2087,1,15,688,835,859,147,24,171,12
passenger2088,1,21,688,957,989,269,32,301,15
passenger2089,1,12,688,880,899,192,19,211,9
passenger2090,1,5,688,885,893,197,8,205,11
passenger2091,1,18,689,835,864,146,29,175,12
passenger2092,1,4,690,957,962,267,5,272,15
passenger2093,1,17,690,880,908,190,28,218,9
passenger2094,1,12,691,885,904,194,19,213,11
passenger2095,1,20,691,835,868,144,33,177,12
passenger2096,1,22,691,957,992,266,35,301,15
passenger2097,1,11,691,880,896,189,16,205,9
passenger2098,1,23,691,885,921,194,36,230,11
passenger2099,1,4,692,835,840,143,5,148,12
passenger2100,1,4,692,957,962,265,5,270,15
passenger2101,1,25,693,900,940,207,40,247,7
passenger2102,1,15,693,880,904,187,24,211,9
passenger2103,1,12,693,885,904,192,19,211,11
passenger2104,1,5,693,835,843,142,8,150,12
passenger2105,1,8,693,957,968,264,11,275,15
passenger2106,1,18,693,900,929,207,29,236,7
passenger2107,1,21,693,880,916,187,36,223,9
passenger2108,1,23,693,945,979,252,34,286,11
passenger2109,1,11,694,903,923,209,20,229,12
passenger2110,1,12,695,1021,1044,326,23,349,15
passenger2111,1,5,696,900,906,204,6,210,7
passenger2112,1,3,696,880,884,184,4,188,9
passenger2113,1,12,697,945,962,248,17,265,11
passenger2114,1,15,698,903,929,205,26,231,12
passenger2115,1,4,698,1025,1032,327,7,334,14
passenger2116,1,11,700,1021,1041,321,20,341,15
passenger2117,1,17,700,900,926,200,26,226,7
passenger2118,1,21,700,880,916,180,36,216,9
passenger2119,1,24,701,945,982,244,37,281,11
passenger2120,1,10,701,903,920,202,17,219,12
passenger2121,1,11,701,1025,1045,324,20,344,14
passenger2122,1,22,702,900,935,198,35,233,7
passenger2123,1,18,702,880,911,178,31,209,9
passenger2124,1,8,702,945,954,243,9,252,11
passenger2125,1,18,702,903,934,201,31,232,12
passenger2126,1,5,702,900,906,198,6,204,7
passenger2127,1,12,702,880,899,178,19,197,9
passenger2128,1,9,703,945,957,242,12,254,11
passenger2129,1,25,703,903,943,200,40,240,12
passenger2130,1,2,704,966,969,262,3,265,7
passenger2131,1,22,704,938,977,234,39,273,9
passenger2132,1,8,704,903,916,199,13,212,12
passenger2133,1,2,704,966,969,262,3,265,7
passenger2134,1,17,704,938,968,234,30,264,9
passenger2135,1,18,706,903,934,197,31,228,12
passenger2136,1,5,706,903,911,197,8,205,12
passenger2137,1,2,706,903,906,197,3,200,12
passenger2138,1,4,707,901,906,194,5,199,2
passenger2139,1,11,707,838,852,131,14,145,5
passenger2140,1,5,708,838,846,130,8,138,10
passenger2141,1,18,709,838,863,129,25,154,5
passenger2142,1,3,709,838,842,129,4,133,10
passenger2143,1,20,709,838,869,129,31,160,5
passenger2144,1,22,709,838,871,129,33,162,10
passenger2145,1,19,710,838,866,128,28,156,5
passenger2146,1,24,710,838,875,128,37,165,10
passenger2147,1,24,710,838,875,128,37,165,5
passenger2148,1,3,710,838,842,128,4,132,10
passenger2149,1,10,710,838,849,128,11,139,5
passenger2150,1,20,710,838,867,128,29,157,10
passenger2151,1,10,711,838,849,127,11,138,5
passenger2152,1,19,711,838,864,127,26,153,10
passenger2153,1,20,712,838,869,126,31,157,5
passenger2154,1,25,712,838,878,126,40,166,10
passenger2155,1,9,713,915,929,202,14,216,3
passenger2156,1,10,713,915,932,202,17,219,3
passenger2157,1,2,714,915,918,201,3,204,3
passenger2158,1,8,714,915,926,201,11,212,3
passenger2159,1,8,715,915,926,200,11,211,3
passenger2160,1,12,716,915,936,199,21,220,3
passenger2161,1,12,716,915,936,199,21,220,3
passenger2162,1,22,717,915,952,198,37,235,3
passenger2163,1,20,718,915,948,197,33,230,3
passenger2164,1,19,719,975,1005,256,30,286,3
passenger2165,1,2,719,975,978,256,3,259,3
passenger2166,1,13,719,975,997,256,22,278,3
passenger2167,1,19,721,970,996,249,26,275,1
passenger2168,1,7,721,970,980,249,10,259,1
passenger2169,1,12,722,970,987,248,17,265,1
passenger2170,1,19,722,970,996,248,26,274,1
passenger2171,1,21,722,970,1000,248,30,278,1
passenger2172,1,22,722,1034,1069,312,35,347,1
passenger2173,1,12,722,1034,1053,312,19,331,1
passenger2174,1,11,723,1034,1050,311,16,327,1
passenger2175,1,11,723,1034,1050,311,16,327,1
passenger2176,1,18,723,1034,1063,311,29,340,1
passenger2177,1,12,723,1034,1053,311,19,330,1
passenger2178,1,11,724,1034,1050,310,16,326,1
passenger2179,1,6,724,1034,1041,310,7,317,1
passenger2180,1,13,724,1034,1056,310,22,332,1
passenger2181,1,7,724,1034,1044,310,10,320,1
passenger2182,1,14,725,1229,1250,504,21,525,6
passenger2183,1,23,725,1229,1263,504,34,538,6
passenger2184,1,20,725,1229,1258,504,29,533,6
passenger2185,1,13,726,1229,1247,503,18,521,6
passenger2186,1,25,726,1229,1267,503,38,541,6
passenger2187,1,25,726,1229,1267,503,38,541,6
passenger2188,1,12,727,1229,1244,502,15,517,6
passenger2189,1,20,727,1228,1261,501,33,534,0
passenger2190,1,10,728,1229,1240,501,11,512,6
passenger2191,1,23,729,1228,1266,499,38,537,0
passenger2192,1,10,729,1229,1240,500,11,511,6
passenger2193,1,8,730,1228,1243,498,15,513,0
passenger2194,1,5,730,1228,1238,498,10,508,0
passenger2195,1,22,731,1104,1141,373,37,410,13
passenger2196,1,9,731,1228,1246,497,18,515,0
passenger2197,1,21,731,1104,1138,373,34,407,13
passenger2198,1,4,731,1228,1235,497,7,504,0
passenger2199,1,14,731,1104,1129,373,25,398,13
passenger2200,1,12,732,1104,1123,372,19,391,13
passenger2201,1,12,732,1104,1123,372,19,391,13
passenger2202,1,6,732,1104,1113,372,9,381,13
passenger2203,1,3,732,1104,1108,372,4,376,13
passenger2204,1,10,733,1104,1119,371,15,386,13
passenger2205,1,13,734,1104,1126,370,22,392,13
passenger2206,1,21,735,1104,1138,369,34,403,13
passenger2207,1,13,735,1164,1188,429,24,453,13
passenger2208,1,7,735,1164,1176,429,12,441,13
passenger2209,1,8,736,1164,1179,428,15,443,13
passenger2210,1,16,736,1164,1195,428,31,459,13
passenger2211,1,12,737,1164,1185,427,21,448,13
passenger2212,1,23,737,1164,1204,427,40,467,13
passenger2213,1,12,737,1164,1185,427,21,448,13
passenger2214,1,15,737,1164,1192,427,28,455,13
passenger2215,1,3,737,1164,1168,427,4,431,13
passenger2216,1,6,738,1164,1173,426,9,435,13
passenger2217,1,22,738,1228,1265,490,37,527,13
passenger2218,1,10,738,1228,1245,490,17,507,13
passenger2219,1,12,740,1120,1143,380,23,403,4
passenger2220,1,16,740,1120,1151,380,31,411,4
passenger2221,1,3,740,1120,1124,380,4,384,4
passenger2222,1,14,740,1120,1147,380,27,407,4
passenger2223,1,10,741,1120,1139,379,19,398,4
passenger2224,1,5,741,1120,1130,379,10,389,4
passenger2225,1,12,741,1120,1143,379,23,402,4
passenger2226,1,12,742,1120,1143,378,23,401,4
passenger2227,1,6,742,1120,1133,378,13,391,4
passenger2228,1,15,743,1168,1192,425,24,449,4
passenger2229,1,19,743,945,971,202,26,228,11
passenger2230,1,8,744,1168,1179,424,11,435,4
passenger2231,1,25,744,945,985,201,40,241,11
passenger2232,1,16,744,1168,1195,424,27,451,4
passenger2233,1,20,744,945,974,201,29,230,11
passenger2234,1,3,744,1168,1172,424,4,428,4
passenger2235,1,20,744,945,974,201,29,230,11
passenger2236,1,10,744,1168,1183,424,15,439,4
passenger2237,1,19,744,945,971,201,26,227,11
passenger2238,1,21,745,1168,1204,423,36,459,4
passenger2239,1,8,745,1011,1026,266,15,281,11
passenger2240,1,8,746,1168,1179,422,11,433,4
passenger2241,1,3,747,1011,1015,264,4,268,11
passenger2242,1,16,747,1011,1040,264,29,293,11
passenger2243,1,20,747,1011,1046,264,35,299,11
passenger2244,1,11,748,1011,1033,263,22,285,11
passenger2245,1,5,748,1011,1021,263,10,273,11
passenger2246,1,9,748,1011,1029,263,18,281,11
passenger2247,1,11,748,1011,1033,263,22,285,11
passenger2248,1,23,749,1011,1051,262,40,302,11
passenger2249,1,4,749,1011,1018,262,7,269,11
passenger2250,1,10,749,1075,1090,326,15,341,11
passenger2251,1,17,750,1075,1101,325,26,351,11
passenger2252,1,7,750,1075,1085,325,10,335,11
passenger2253,1,23,750,1075,1115,325,40,365,11
passenger2254,1,23,750,1075,1115,325,40,365,11
passenger2255,1,11,751,1075,1093,324,18,342,11
passenger2256,1,19,751,1075,1107,324,32,356,11
passenger2257,1,20,751,1075,1110,324,35,359,11
passenger2258,1,18,752,1075,1104,323,29,352,11
passenger2259,1,6,752,1075,1082,323,7,330,11
passenger2260,1,3,752,1139,1145,387,6,393,11
passenger2261,1,10,752,1139,1160,387,21,408,11
passenger2262,1,5,752,1139,1149,387,10,397,11
passenger2263,1,9,753,1139,1157,386,18,404,11
passenger2264,1,17,753,1139,1171,386,32,418,11
passenger2265,1,16,753,1139,1168,386,29,415,11
passenger2266,1,7,754,1139,1153,385,14,399,11
passenger2267,1,2,754,1139,1142,385,3,388,11
passenger2268,1,7,754,1139,1153,385,14,399,11
passenger2269,1,12,755,966,987,211,21,232,7
passenger2270,1,20,755,938,973,183,35,218,9
passenger2271,1,10,756,966,981,210,15,225,7
passenger2272,1,8,756,938,953,182,15,197,9
passenger2273,1,15,756,966,994,210,28,238,7
passenger2274,1,3,756,938,944,182,6,188,9
passenger2275,1,7,757,966,976,209,10,219,7
passenger2276,1,2,758,938,941,180,3,183,9
passenger2277,1,14,758,966,991,208,25,233,7
passenger2278,1,12,758,938,959,180,21,201,9
passenger2279,1,15,758,966,994,208,28,236,7
passenger2280,1,16,759,938,965,179,27,206,9
passenger2281,1,11,759,966,984,207,18,225,7
passenger2282,1,22,760,938,977,178,39,217,9
passenger2283,1,24,760,966,1005,206,39,245,7
passenger2284,1,4,760,938,947,178,9,187,9
passenger2285,1,24,760,1030,1071,270,41,311,7
passenger2286,1,6,760,1000,1009,240,9,249,9
passenger2287,1,7,760,1030,1044,270,14,284,7
passenger2288,1,14,760,1000,1025,240,25,265,9
passenger2289,1,2,760,1030,1033,270,3,273,7
passenger2290,1,10,761,1000,1015,239,15,254,9
passenger2291,1,6,761,1030,1041,269,11,280,7
passenger2292,1,13,761,1000,1022,239,22,261,9
passenger2293,1,21,762,1030,1066,268,36,304,7
passenger2294,1,24,762,1000,1039,238,39,277,9
passenger2295,1,7,762,1030,1044,268,14,282,7
passenger2296,1,15,763,1000,1028,237,28,265,9
passenger2297,1,13,763,1030,1056,267,26,293,7
passenger2298,1,11,764,903,923,139,20,159,12
passenger2299,1,17,764,969,997,205,28,233,12
passenger2300,1,25,764,1000,1042,236,42,278,9
passenger2301,1,11,765,969,985,204,16,220,12
passenger2302,1,3,765,969,973,204,4,208,12
passenger2303,1,23,766,969,1007,203,38,241,12
passenger2304,1,24,766,969,1010,203,41,244,12
passenger2305,1,9,767,969,981,202,12,214,12
passenger2306,1,14,767,969,992,202,23,225,12
passenger2307,1,22,767,969,1004,202,35,237,12
passenger2308,1,14,767,969,992,202,23,225,12
passenger2309,1,13,767,969,989,202,20,222,12
passenger2310,1,24,767,1035,1068,268,33,301,12
passenger2311,1,21,767,1035,1063,268,28,296,12
passenger2312,1,14,767,1035,1054,268,19,287,12
passenger2313,1,5,768,1021,1027,253,6,259,15
passenger2314,1,12,769,1035,1050,266,15,281,12
passenger2315,1,18,769,1025,1054,256,29,285,14
passenger2316,1,8,769,1021,1034,252,13,265,15
passenger2317,1,14,769,898,921,129,23,152,8
passenger2318,1,17,770,964,990,194,26,220,8
passenger2319,1,4,770,964,969,194,5,199,8
passenger2320,1,15,770,964,986,194,22,216,8
passenger2321,1,19,770,901,929,131,28,159,2
passenger2322,1,7,770,964,974,194,10,204,8
passenger2323,1,15,770,901,923,131,22,153,2
passenger2324,1,19,770,964,994,194,30,224,8
passenger2325,1,3,770,1025,1029,255,4,259,14
passenger2326,1,17,771,967,991,196,24,220,2
passenger2327,1,8,772,964,977,192,13,205,8
passenger2328,1,11,773,967,981,194,14,208,2
passenger2329,1,17,773,967,991,194,24,218,2
passenger2330,1,2,773,967,970,194,3,197,2
passenger2331,1,2,773,967,970,194,3,197,2
passenger2332,1,12,773,967,984,194,17,211,2
passenger2333,1,24,773,904,941,131,37,168,10
passenger2334,1,2,774,904,907,130,3,133,10
passenger2335,1,20,774,904,935,130,31,161,10
passenger2336,1,3,774,904,910,130,6,136,10
passenger2337,1,13,775,904,926,129,22,151,10
passenger2338,1,12,775,904,923,129,19,148,10
passenger2339,1,13,775,904,926,129,22,151,10
passenger2340,1,3,775,904,910,129,6,135,10
passenger2341,1,20,776,904,935,128,31,159,10
passenger2342,1,8,776,904,917,128,13,141,10
passenger2343,1,20,777,966,999,189,33,222,10
passenger2344,1,17,778,900,926,122,26,148,5
passenger2345,1,15,778,900,920,122,20,142,5
passenger2346,1,9,778,966,980,188,14,202,10
passenger2347,1,17,779,900,926,121,26,147,5
passenger2348,1,25,779,900,940,121,40,161,5
passenger2349,1,24,780,900,937,120,37,157,5
passenger2350,1,23,780,900,934,120,34,154,5
passenger2351,1,7,780,900,908,120,8,128,5
passenger2352,1,16,780,900,923,120,23,143,5
passenger2353,1,11,782,900,914,118,14,132,5
passenger2354,1,25,782,900,940,118,40,158,5
passenger2355,1,24,782,966,1003,184,37,221,5
passenger2356,1,22,783,975,1010,192,35,227,3
passenger2357,1,5,783,975,983,192,8,200,3
passenger2358,1,9,783,975,989,192,14,206,3
passenger2359,1,19,784,975,1005,191,30,221,3
passenger2360,1,19,784,975,1005,191,30,221,3
passenger2361,1,10,784,975,992,191,17,208,3
passenger2362,1,5,785,975,983,190,8,198,3
passenger2363,1,5,785,1033,1041,248,8,256,3
passenger2364,1,18,785,1033,1062,248,29,277,3
passenger2365,1,12,785,1033,1052,248,19,267,3
passenger2366,1,13,786,1033,1055,247,22,269,3
passenger2367,1,21,786,1033,1069,247,36,283,3
passenger2368,1,2,787,1033,1036,246,3,249,3
passenger2369,1,20,787,1033,1066,246,33,279,3
passenger2370,1,8,788,1092,1103,304,11,315,1
passenger2371,1,24,788,1092,1133,304,41,345,1
passenger2372,1,24,789,1228,1269,439,41,480,0
passenger2373,1,14,789,1228,1253,439,25,464,0
passenger2374,1,9,789,1294,1308,505,14,519,0
passenger2375,1,7,789,1294,1304,505,10,515,0
passenger2376,1,6,789,1294,1301,505,7,512,0
passenger2377,1,25,790,1294,1326,504,32,536,0
passenger2378,1,6,791,1228,1237,437,9,446,13
passenger2379,1,12,792,1228,1249,436,21,457,13
passenger2380,1,13,792,1229,1247,437,18,455,6
passenger2381,1,18,792,1228,1259,436,31,467,13
passenger2382,1,22,792,1293,1328,501,35,536,6
passenger2383,1,15,792,1228,1254,436,26,462,13
passenger2384,1,20,793,1293,1324,500,31,531,6
passenger2385,1,15,793,1228,1254,435,26,461,13
passenger2386,1,12,794,1293,1312,499,19,518,6
passenger2387,1,5,794,1228,1234,434,6,440,13
passenger2388,1,7,794,1293,1303,499,10,509,6
passenger2389,1,12,794,1228,1249,434,21,455,13
passenger2390,1,3,795,1293,1297,498,4,502,6
passenger2391,1,9,796,1228,1242,432,14,446,13
passenger2392,1,13,796,1288,1306,492,18,510,13
passenger2393,1,13,796,1288,1306,492,18,510,13
passenger2394,1,21,797,1288,1322,491,34,525,13
passenger2395,1,25,798,1288,1328,490,40,530,13
passenger2396,1,19,798,1288,1318,490,30,520,13
passenger2397,1,3,798,1288,1292,490,4,494,13
passenger2398,1,11,798,1288,1302,490,14,504,13
passenger2399,1,19,798,1168,1200,370,32,402,4
passenger2400,1,16,799,1168,1195,369,27,396,4
passenger2401,1,12,799,1168,1187,369,19,388,4
passenger2402,1,12,799,1226,1243,427,17,444,4
passenger2403,1,11,799,1226,1240,427,14,441,4
passenger2404,1,15,799,1226,1250,427,24,451,4
passenger2405,1,6,799,1226,1233,427,7,434,4
passenger2406,1,14,799,1226,1247,427,21,448,4
passenger2407,1,6,801,1226,1233,425,7,432,4
passenger2408,1,18,802,1226,1255,424,29,453,4
passenger2409,1,22,803,1226,1261,423,35,458,4
passenger2410,1,14,803,1226,1247,423,21,444,4
passenger2411,1,11,803,1226,1240,423,14,437,4
passenger2412,1,24,804,1284,1325,480,41,521,4
passenger2413,1,17,804,1284,1308,480,24,504,4
passenger2414,1,12,805,1000,1019,195,19,214,9
passenger2415,1,2,805,1000,1003,195,3,198,9
passenger2416,1,2,806,1000,1003,194,3,197,9
passenger2417,1,7,806,1068,1076,262,8,270,9
passenger2418,1,7,806,1068,1076,262,8,270,9
passenger2419,1,19,806,1068,1096,262,28,290,9
passenger2420,1,14,807,1068,1087,261,19,280,9
passenger2421,1,25,807,1068,1106,261,38,299,9
passenger2422,1,14,807,1068,1087,261,19,280,9
passenger2423,1,23,808,1068,1102,260,34,294,9
passenger2424,1,15,809,1068,1090,259,22,281,9
passenger2425,1,10,809,1068,1081,259,13,272,9
passenger2426,1,19,810,1068,1096,258,28,286,9
passenger2427,1,12,810,1132,1151,322,19,341,9
passenger2428,1,8,811,1132,1141,321,9,330,9
passenger2429,1,13,811,1132,1154,321,22,343,9
passenger2430,1,17,811,1132,1160,321,28,349,9
passenger2431,1,11,811,1132,1148,321,16,337,9
passenger2432,1,18,811,1132,1163,321,31,352,9
passenger2433,1,25,812,1132,1172,320,40,360,9
passenger2434,1,11,812,1132,1148,320,16,336,9
passenger2435,1,9,813,1132,1144,319,12,331,9
passenger2436,1,11,813,1132,1148,319,16,335,9
passenger2437,1,22,813,1198,1233,385,35,420,9
passenger2438,1,6,813,1198,1205,385,7,392,9
passenger2439,1,25,813,1198,1238,385,40,425,9
passenger2440,1,11,814,1198,1212,384,14,398,9
passenger2441,1,22,815,1198,1233,383,35,418,9
passenger2442,1,20,815,1139,1176,324,37,361,11
passenger2443,1,20,816,1198,1227,382,29,411,9
passenger2444,1,23,817,1197,1235,380,38,418,11
passenger2445,1,6,817,1197,1208,380,11,391,11
passenger2446,1,16,818,1197,1224,379,27,406,11
passenger2447,1,4,818,1197,1204,379,7,386,11
passenger2448,1,9,819,1197,1213,378,16,394,11
passenger2449,1,2,819,1197,1200,378,3,381,11
passenger2450,1,18,819,1197,1228,378,31,409,11
passenger2451,1,16,820,1021,1050,201,29,230,15
passenger2452,1,19,820,1021,1057,201,36,237,15
passenger2453,1,6,820,1021,1030,201,9,210,15
passenger2454,1,9,820,1021,1037,201,16,217,15
passenger2455,1,18,820,1021,1054,201,33,234,15
passenger2456,1,21,820,1021,1061,201,40,241,15
passenger2457,1,23,820,1083,1123,263,40,303,15
passenger2458,1,3,821,1083,1089,262,6,268,15
passenger2459,1,11,822,1083,1105,261,22,283,15
passenger2460,1,2,823,1083,1086,260,3,263,15
passenger2461,1,21,824,1083,1119,259,36,295,15
passenger2462,1,4,824,1083,1092,259,9,268,15
passenger2463,1,21,824,967,997,143,30,173,2
passenger2464,1,5,825,1083,1095,258,12,270,15
passenger2465,1,2,826,967,970,141,3,144,2
passenger2466,1,23,826,1083,1123,257,40,297,15
passenger2467,1,12,826,967,984,141,17,158,2
passenger2468,1,12,826,1083,1108,257,25,282,15
passenger2469,1,17,827,967,991,140,24,164,2
passenger2470,1,8,827,1083,1100,256,17,273,15
passenger2471,1,18,827,1019,1048,192,29,221,2
passenger2472,1,12,827,1147,1164,320,17,337,15
passenger2473,1,8,828,1019,1034,191,15,206,2
passenger2474,1,11,828,1147,1161,319,14,333,15
passenger2475,1,2,828,1019,1022,191,3,194,2
passenger2476,1,9,828,1030,1048,202,18,220,7
passenger2477,1,16,828,1147,1170,319,23,342,15
passenger2478,1,5,829,1019,1029,190,10,200,2
passenger2479,1,4,830,1030,1037,200,7,207,7
passenger2480,1,17,831,1019,1045,188,26,214,2
passenger2481,1,12,831,1030,1053,199,23,222,7
passenger2482,1,5,831,1019,1029,188,10,198,2
passenger2483,1,19,831,1096,1120,265,24,289,7
passenger2484,1,20,831,1025,1058,194,33,227,14
passenger2485,1,2,832,1019,1022,187,3,190,2
passenger2486,1,6,832,1096,1103,264,7,271,7
passenger2487,1,10,833,1025,1042,192,17,209,14
passenger2488,1,19,834,964,994,130,30,160,8
passenger2489,1,3,834,1019,1025,185,6,191,2
passenger2490,1,21,834,964,998,130,34,164,8
passenger2491,1,9,834,1025,1039,191,14,205,14
passenger2492,1,5,834,1019,1029,185,10,195,2
passenger2493,1,22,834,964,1001,130,37,167,8
passenger2494,1,4,835,964,969,129,5,134,8
passenger2495,1,5,835,1035,1041,200,6,206,12
passenger2496,1,24,835,1024,1063,189,39,228,8
passenger2497,1,14,837,966,987,129,21,150,5
passenger2498,1,13,837,966,984,129,18,147,5
passenger2499,1,18,838,966,995,128,29,157,10
passenger2500,1,17,838,966,992,128,26,154,5
passenger2501,1,16,838,966,991,128,25,153,10
passenger2502,1,2,838,966,969,128,3,131,5
passenger2503,1,15,839,966,988,127,22,149,10
passenger2504,1,8,839,966,977,127,11,138,5
passenger2505,1,21,840,966,1002,126,36,162,10
passenger2506,1,14,840,966,987,126,21,147,5
passenger2507,1,4,840,966,971,126,5,131,10
passenger2508,1,23,840,966,1000,126,34,160,5
passenger2509,1,8,840,966,977,126,11,137,10
passenger2510,1,8,842,1033,1046,191,13,204,3
passenger2511,1,24,843,1033,1074,190,41,231,3
passenger2512,1,20,843,1033,1066,190,33,223,3
passenger2513,1,22,843,1099,1138,256,39,295,3
passenger2514,1,17,844,1099,1131,255,32,287,3
passenger2515,1,23,844,1099,1141,255,42,297,3
passenger2516,1,4,844,1099,1104,255,5,260,3
passenger2517,1,16,844,1099,1128,255,29,284,3
passenger2518,1,9,845,1099,1115,254,16,270,3
passenger2519,1,11,845,1099,1119,254,20,274,3
passenger2520,1,7,845,1099,1111,254,12,266,3
passenger2521,1,6,846,1099,1108,253,9,262,3
passenger2522,1,12,846,1099,1122,253,23,276,3
passenger2523,1,24,846,1165,1200,319,35,354,3
passenger2524,1,17,847,1165,1191,318,26,344,3
passenger2525,1,10,848,1165,1176,317,11,328,3
passenger2526,1,12,848,1165,1180,317,15,332,3
passenger2527,1,14,848,1165,1184,317,19,336,3
passenger2528,1,7,850,1092,1100,242,8,250,1
passenger2529,1,14,850,1092,1113,242,21,263,1
passenger2530,1,18,850,1092,1121,242,29,271,1
passenger2531,1,7,850,1092,1100,242,8,250,1
passenger2532,1,16,850,1165,1188,315,23,338,3
passenger2533,1,19,850,1092,1124,242,32,274,1
passenger2534,1,14,850,1165,1184,315,19,334,3
passenger2535,1,9,851,1092,1106,241,14,255,1
passenger2536,1,15,851,1092,1116,241,24,265,1
passenger2537,1,21,851,1092,1128,241,36,277,1
passenger2538,1,7,851,1158,1168,307,10,317,1
passenger2539,1,15,852,1158,1184,306,26,332,1
passenger2540,1,18,852,1158,1191,306,33,339,1
passenger2541,1,9,852,1158,1172,306,14,320,1
passenger2542,1,11,853,1158,1178,305,20,325,1
passenger2543,1,23,853,1158,1198,305,40,345,1
passenger2544,1,10,853,1158,1175,305,17,322,1
passenger2545,1,16,854,1158,1187,304,29,333,1
passenger2546,1,5,854,1158,1164,304,6,310,1
passenger2547,1,24,855,1293,1332,438,39,477,6
passenger2548,1,16,855,1293,1318,438,25,463,6
passenger2549,1,20,855,1284,1315,429,31,460,4
passenger2550,1,16,855,1293,1318,438,25,463,6
passenger2551,1,10,855,1284,1299,429,15,444,4
passenger2552,1,10,855,1293,1308,438,15,453,6
passenger2553,1,18,856,1284,1311,428,27,455,4
passenger2554,1,22,856,1293,1328,437,35,472,6
passenger2555,1,5,857,1284,1292,427,8,435,4
passenger2556,1,22,857,1357,1384,500,27,527,6
passenger2557,1,21,858,1284,1318,426,34,460,4
passenger2558,1,4,858,1357,1362,499,5,504,6
passenger2559,1,4,859,1284,1289,425,5,430,4
passenger2560,1,18,860,1284,1311,424,27,451,4
passenger2561,1,22,860,1284,1321,424,37,461,4
passenger2562,1,11,860,1350,1366,490,16,506,4
passenger2563,1,17,860,1350,1378,490,28,518,4
passenger2564,1,25,860,1350,1388,490,38,528,4
passenger2565,1,9,861,1357,1369,496,12,508,6
passenger2566,1,7,862,1350,1358,488,8,496,4
passenger2567,1,25,862,1350,1388,488,38,526,4
passenger2568,1,8,862,1350,1361,488,11,499,4
passenger2569,1,13,862,1350,1372,488,22,510,4
passenger2570,1,12,862,1350,1369,488,19,507,4
passenger2571,1,14,862,1288,1309,426,21,447,13
passenger2572,1,8,862,1350,1361,488,11,499,4
passenger2573,1,18,863,1288,1315,425,27,452,13
passenger2574,1,18,863,1288,1315,425,27,452,13
passenger2575,1,6,863,1354,1363,491,9,500,13
passenger2576,1,13,864,1354,1374,490,20,510,13
passenger2577,1,3,864,1354,1358,490,4,494,13
passenger2578,1,7,866,1354,1366,488,12,500,13
passenger2579,1,25,866,1354,1394,488,40,528,13
passenger2580,1,14,866,1354,1377,488,23,511,13
passenger2581,1,16,866,1354,1381,488,27,515,13
passenger2582,1,23,866,1354,1390,488,36,524,13
passenger2583,1,19,867,1198,1224,331,26,357,9
passenger2584,1,21,867,1198,1230,331,32,363,9
passenger2585,1,19,867,1198,1224,331,26,357,9
passenger2586,1,13,869,1198,1216,329,18,347,9
passenger2587,1,17,869,1264,1290,395,26,421,9
passenger2588,1,8,869,1264,1277,395,13,408,9
passenger2589,1,23,869,1264,1300,395,36,431,9
passenger2590,1,6,870,1264,1273,394,9,403,9
passenger2591,1,23,870,1264,1300,394,36,430,9
passenger2592,1,23,870,1264,1300,394,36,430,9
passenger2593,1,5,871,1264,1270,393,6,399,9
passenger2594,1,19,871,1264,1294,393,30,423,9
passenger2595,1,25,871,1264,1304,393,40,433,9
passenger2596,1,15,871,1264,1286,393,22,415,9
passenger2597,1,10,872,1330,1345,458,15,473,9
passenger2598,1,23,872,1330,1368,458,38,496,9
passenger2599,1,14,872,1330,1353,458,23,481,9
passenger2600,1,4,872,1330,1335,458,5,463,9
passenger2601,1,7,873,1330,1340,457,10,467,9
passenger2602,1,18,873,1330,1359,457,29,486,9
passenger2603,1,12,873,1330,1349,457,19,476,9
passenger2604,1,7,873,1330,1340,457,10,467,9
passenger2605,1,21,873,1330,1364,457,34,491,9
passenger2606,1,4,873,1330,1335,457,5,462,9
passenger2607,1,7,874,1392,1406,518,14,532,9
passenger2608,1,13,874,1392,1416,518,24,542,9
passenger2609,1,2,874,1392,1395,518,3,521,9
passenger2610,1,11,874,1197,1217,323,20,343,11
passenger2611,1,23,874,1392,1432,518,40,558,9
passenger2612,1,24,874,1197,1238,323,41,364,11
passenger2613,1,22,874,1392,1429,518,37,555,9
passenger2614,1,9,875,1197,1213,322,16,338,11
passenger2615,1,3,875,1392,1398,517,6,523,9
passenger2616,1,21,875,1263,1297,388,34,422,11
passenger2617,1,10,876,1392,1411,516,19,535,9
passenger2618,1,19,876,1263,1293,387,30,417,11
passenger2619,1,4,876,1392,1401,516,9,525,9
passenger2620,1,18,876,1263,1290,387,27,414,11
passenger2621,1,16,877,1392,1421,515,29,544,9
passenger2622,1,24,877,1263,1304,386,41,427,11
passenger2623,1,4,877,1392,1401,515,9,524,9
passenger2624,1,11,877,1263,1279,386,16,402,11
passenger2625,1,25,877,1456,1494,579,38,617,9
passenger2626,1,11,878,1263,1279,385,16,401,11
passenger2627,1,17,878,1456,1480,578,24,602,9
passenger2628,1,5,878,1263,1269,385,6,391,11
passenger2629,1,19,878,1456,1484,578,28,606,9
passenger2630,1,8,878,1263,1274,385,11,396,11
passenger2631,1,15,878,1456,1476,578,20,598,9
passenger2632,1,23,879,1263,1301,384,38,422,11
passenger2633,1,17,879,1456,1480,577,24,601,9
passenger2634,1,13,879,1263,1283,384,20,404,11
passenger2635,1,6,879,1456,1463,577,7,584,9
passenger2636,1,10,879,1329,1344,450,15,465,11
passenger2637,1,22,879,1456,1489,577,33,610,9
passenger2638,1,7,879,1329,1337,450,8,458,11
passenger2639,1,17,880,1456,1480,576,24,600,9
passenger2640,1,13,880,1329,1349,449,20,469,11
passenger2641,1,9,880,1456,1468,576,12,588,9
passenger2642,1,19,880,1329,1361,449,32,481,11
passenger2643,1,10,881,1329,1344,448,15,463,11
passenger2644,1,8,881,1329,1340,448,11,459,11
passenger2645,1,14,881,1329,1352,448,23,471,11
passenger2646,1,20,882,1329,1364,447,35,482,11
passenger2647,1,22,882,1329,1368,447,39,486,11
passenger2648,1,17,882,1329,1357,447,28,475,11
passenger2649,1,17,884,1391,1413,507,22,529,11
passenger2650,1,20,884,1391,1418,507,27,534,11
passenger2651,1,8,884,1391,1400,507,9,516,11
passenger2652,1,8,885,1391,1400,506,9,515,11
passenger2653,1,13,885,1391,1407,506,16,522,11
passenger2654,1,17,886,1024,1048,138,24,162,8
passenger2655,1,17,886,1024,1048,138,24,162,8
passenger2656,1,5,886,1024,1030,138,6,144,8
passenger2657,1,20,886,1024,1055,138,31,169,8
passenger2658,1,10,887,1024,1039,137,15,152,8
passenger2659,1,23,887,1024,1060,137,36,173,8
passenger2660,1,19,887,1024,1052,137,28,165,8
passenger2661,1,25,887,966,1006,79,40,119,5
passenger2662,1,17,888,1024,1048,136,24,160,8
passenger2663,1,14,888,966,987,78,21,99,5
passenger2664,1,6,888,1024,1033,136,9,145,8
passenger2665,1,11,888,1032,1048,144,16,160,5
passenger2666,1,22,888,1088,1123,200,35,235,8
passenger2667,1,11,889,1032,1048,143,16,159,5
passenger2668,1,3,889,1088,1092,199,4,203,8
passenger2669,1,7,889,1032,1042,143,10,153,5
passenger2670,1,16,889,1088,1111,199,23,222,8
passenger2671,1,17,889,1032,1058,143,26,169,5
passenger2672,1,25,889,1088,1130,199,42,241,8
passenger2673,1,24,890,1025,1066,135,41,176,14
passenger2674,1,14,890,1032,1053,142,21,163,5
passenger2675,1,15,890,1088,1108,198,20,218,8
passenger2676,1,21,890,1025,1061,135,36,171,14
passenger2677,1,3,890,1032,1036,142,4,146,5
passenger2678,1,16,890,1088,1111,198,23,221,8
passenger2679,1,13,891,1091,1109,200,18,218,14
passenger2680,1,20,891,1032,1063,141,31,172,5
passenger2681,1,21,892,1088,1120,196,32,228,8
passenger2682,1,17,892,1091,1117,199,26,225,14
passenger2683,1,17,893,1032,1058,139,26,165,5
passenger2684,1,18,893,1088,1115,195,27,222,8
passenger2685,1,15,893,1091,1113,198,22,220,14
passenger2686,1,7,893,1032,1042,139,10,149,5
passenger2687,1,8,894,1088,1099,194,11,205,8
passenger2688,1,19,894,1091,1121,197,30,227,14
passenger2689,1,16,894,1147,1170,253,23,276,15
passenger2690,1,7,894,1032,1042,138,10,148,5
passenger2691,1,23,894,1088,1126,194,38,232,8
passenger2692,1,25,894,1091,1129,197,38,235,14
passenger2693,1,17,894,1147,1173,253,26,279,15
passenger2694,1,7,895,1084,1094,189,10,199,5
passenger2695,1,24,895,1156,1185,261,29,290,8
passenger2696,1,7,895,1091,1101,196,10,206,14
passenger2697,1,12,895,1147,1164,252,17,269,15
passenger2698,1,22,896,1084,1113,188,29,217,5
passenger2699,1,14,897,1156,1171,259,15,274,8
passenger2700,1,7,897,1091,1101,194,10,204,14
passenger2701,1,3,897,1147,1151,250,4,254,15
passenger2702,1,10,897,1084,1099,187,15,202,5
passenger2703,1,18,897,1096,1117,199,21,220,7
passenger2704,1,19,897,1156,1178,259,22,281,8
passenger2705,1,7,898,1091,1101,193,10,203,14
passenger2706,1,5,898,1084,1090,186,6,192,5
passenger2707,1,18,898,1096,1117,198,21,219,7
passenger2708,1,5,899,1091,1097,192,6,198,14
