id,source,dest,submit_tick,pickup_tick,dropoff_tick,wait_time,travel_time,total_time,elevator
passenger1,16,5,0,23,84,23,61,84,0
passenger2,7,6,0,6,80,6,74,80,1
passenger3,9,17,0,8,28,8,20,28,2
passenger4,10,9,0,13,64,13,51,64,3
passenger5,13,16,1,14,23,13,9,22,0
passenger6,1,23,1,1,42,0,41,41,4
passenger7,23,16,1,44,53,43,9,52,5
passenger8,15,18,1,22,29,21,7,28,1
passenger9,12,10,2,15,39,13,24,37,2
passenger10,9,4,2,10,79,8,69,77,3
passenger11,22,9,2,39,76,37,37,74,0
passenger12,8,25,2,9,50,7,41,48,1
passenger13,13,16,2,18,25,16,7,23,2
passenger14,7,19,3,6,26,3,20,23,3
passenger15,12,4,4,11,87,7,76,83,0
passenger16,21,11,4,38,70,34,32,66,1
passenger17,17,9,4,28,42,24,14,38,2
passenger18,15,20,4,20,29,16,9,25,3
passenger19,23,6,4,124,166,120,42,162,0
passenger20,17,23,4,26,44,22,18,40,1
passenger21,17,4,4,28,55,24,27,51,2
passenger22,5,6,5,5,8,0,3,3,5
passenger23,3,19,6,10,36,4,26,30,6
passenger24,25,13,6,134,166,128,32,160,3
passenger25,15,20,6,20,33,14,13,27,0
passenger26,11,12,6,14,17,8,3,11,1
passenger27,15,8,7,22,45,15,23,38,2
passenger28,2,15,7,7,30,0,23,23,6
passenger29,21,2,8,36,93,28,57,85,0
passenger30,6,7,8,8,11,0,3,3,4
passenger31,21,13,9,36,68,27,32,59,0
passenger32,14,17,9,17,26,8,9,17,0
passenger33,7,18,9,11,31,2,20,22,5
passenger34,1,3,9,9,13,0,4,4,7
passenger35,21,17,9,36,56,27,20,47,0
passenger36,5,11,10,14,24,4,10,14,6
passenger37,2,17,10,11,34,1,23,24,8
passenger38,19,7,10,30,80,20,50,70,0
passenger39,9,6,10,10,73,0,63,63,3
passenger40,10,7,11,11,48,0,37,37,2
passenger41,7,11,12,12,22,0,10,10,4
passenger42,22,20,12,39,49,27,10,37,0
passenger43,8,24,12,15,45,3,30,33,4
passenger44,6,23,12,17,48,5,31,36,6
passenger45,8,14,12,14,22,2,8,10,5
passenger46,6,20,12,17,43,5,26,31,6
passenger47,8,22,13,15,39,2,24,26,4
passenger48,3,13,13,13,27,0,14,14,7
passenger49,4,23,14,16,47,2,31,33,7
passenger50,11,17,14,14,26,0,12,12,1
passenger51,22,14,14,39,65,25,26,51,0
passenger52,2,6,14,15,21,1,6,7,9
passenger53,6,23,14,17,48,3,31,34,6
passenger54,23,12,16,124,152,108,28,136,0
passenger55,23,7,16,124,163,108,39,147,0
passenger56,17,10,17,26,73,9,47,56,0
passenger57,7,11,17,18,26,1,8,9,8
passenger58,9,6,18,18,72,0,54,54,4
passenger59,9,4,18,18,78,0,60,60,4
passenger60,25,10,18,128,158,110,30,140,0
passenger61,3,15,19,21,37,2,16,18,10
passenger62,23,9,19,128,175,109,47,156,3
passenger63,22,16,19,35,49,16,14,30,3
passenger64,19,8,19,26,67,7,41,48,3
passenger65,1,9,21,21,54,0,33,33,11
passenger66,24,20,21,131,145,110,14,124,3
passenger67,20,22,22,35,41,13,6,19,1
passenger68,10,9,22,23,64,1,41,42,8
passenger69,24,15,23,131,160,108,29,137,3
passenger70,8,7,23,25,80,2,55,57,9
passenger71,22,2,23,35,86,12,51,63,3
passenger72,2,19,24,24,72,0,48,48,11
passenger73,1,5,24,24,30,0,6,6,12
passenger74,25,11,25,225,252,200,27,227,3
passenger75,19,13,25,26,56,1,30,31,3
passenger76,3,5,25,27,39,2,12,14,11
passenger77,20,3,25,29,82,4,53,57,3
passenger78,15,9,26,28,63,2,35,37,4
passenger79,10,24,26,29,56,3,27,30,9
passenger80,16,9,26,26,65,0,39,39,5
passenger81,10,18,26,29,44,3,15,18,9
passenger82,1,6,26,26,33,0,7,7,13
passenger83,16,3,27,27,77,0,50,50,5
passenger84,20,14,27,29,53,2,24,26,3
passenger85,6,19,27,42,72,15,30,45,11
passenger86,25,11,28,225,252,197,27,224,3
passenger87,8,15,28,28,37,0,9,9,10
passenger88,2,13,28,29,47,1,18,19,14
passenger89,1,11,28,28,40,0,12,12,15
passenger90,19,23,29,32,44,3,12,15,1
passenger91,3,7,29,29,46,0,17,17,11
passenger92,11,15,29,32,38,3,6,9,9
passenger93,25,18,29,225,239,196,14,210,3
passenger94,14,2,30,30,76,0,46,46,7
passenger95,3,4,31,31,34,0,3,3,11
passenger96,17,9,31,32,63,1,31,32,4
passenger97,7,17,32,34,48,2,14,16,12
passenger98,21,11,32,32,60,0,28,28,3
passenger99,23,19,33,128,148,95,20,115,3
passenger100,18,22,33,33,41,0,8,8,5
passenger101,5,19,33,34,60,1,26,27,14
passenger102,24,25,33,222,225,189,3,192,3
passenger103,15,19,34,37,46,3,9,12,10
passenger104,23,22,34,128,139,94,11,105,3
passenger105,23,21,34,128,142,94,14,108,3
passenger106,10,19,35,39,52,4,13,17,12
passenger107,11,21,35,36,106,1,70,71,2
passenger108,21,24,35,38,47,3,9,12,1
passenger109,15,12,35,37,69,2,32,34,10
passenger110,5,16,35,35,53,0,18,18,14
passenger111,15,13,36,37,66,1,29,30,10
passenger112,17,22,36,36,45,0,9,9,8
passenger113,4,11,36,36,60,0,24,24,11
passenger114,19,21,37,37,43,0,6,6,7
passenger115,20,22,37,37,41,0,4,4,5
passenger116,25,16,37,225,245,188,20,208,3
passenger117,7,15,37,38,61,1,23,24,13
passenger118,18,3,38,39,76,1,37,38,8
passenger119,19,14,38,38,67,0,29,29,6
passenger120,24,6,38,222,261,184,39,223,3
passenger121,23,12,38,128,170,90,42,132,3
passenger122,15,17,38,38,42,0,4,4,10
passenger123,15,23,39,39,53,0,14,14,9
passenger124,5,19,39,39,72,0,33,33,11
passenger125,25,6,40,225,261,185,36,221,3
passenger126,7,12,40,40,54,0,14,14,13
passenger127,19,24,40,40,51,0,11,11,6
passenger128,20,12,40,40,62,0,22,22,7
passenger129,17,6,41,42,83,1,41,42,10
passenger130,12,5,41,43,93,2,50,52,15
passenger131,1,22,41,64,109,23,45,68,2
passenger132,21,13,42,43,59,1,16,17,7
passenger133,1,3,42,64,68,22,4,26,2
passenger134,3,18,43,58,99,15,41,56,2
passenger135,6,7,43,43,46,0,3,3,11
passenger136,22,20,43,125,145,82,20,102,3
passenger137,8,15,43,43,61,0,18,18,13
passenger138,6,22,43,43,79,0,36,36,11
passenger139,3,19,43,58,102,15,44,59,2
passenger140,13,19,43,47,59,4,12,16,15
passenger141,12,4,44,44,96,0,52,52,15
passenger142,19,16,44,47,67,3,20,23,9
passenger143,12,10,44,44,103,0,59,59,14
passenger144,9,13,45,46,57,1,11,12,13
passenger145,7,8,45,46,51,1,5,6,11
passenger146,7,1,45,48,64,3,16,19,2
passenger147,24,6,46,46,72,0,26,26,4
passenger148,5,4,46,52,55,6,3,9,2
passenger149,25,12,47,50,67,3,17,20,1
passenger150,9,11,47,47,51,0,4,4,13
passenger151,3,8,47,58,79,11,21,32,2
passenger152,7,21,48,48,76,0,28,28,11
passenger153,2,11,48,61,88,13,27,40,2
passenger154,20,21,48,49,52,1,3,4,10
passenger155,13,6,48,48,109,0,61,61,14
passenger156,9,6,50,54,99,4,45,49,11
passenger157,17,8,51,52,67,1,15,16,8
passenger158,16,17,51,52,55,1,3,4,15
passenger159,24,10,52,52,75,0,23,23,6
passenger160,25,11,52,52,70,0,18,18,1
passenger161,18,17,52,53,56,1,3,4,0
passenger162,21,12,52,52,69,0,17,17,10
passenger163,20,9,53,55,74,2,19,21,12
passenger164,13,18,53,57,68,4,11,15,13
passenger165,16,2,54,54,80,0,26,26,5
passenger166,21,19,54,54,58,0,4,4,10
passenger167,3,25,54,58,114,4,56,60,2
passenger168,17,3,54,54,76,0,22,22,8
passenger169,13,21,55,57,73,2,16,18,13
passenger170,7,24,55,70,131,15,61,76,3
passenger171,11,6,55,60,99,5,39,44,11
passenger172,9,14,56,56,65,0,9,9,11
passenger173,18,24,56,57,69,1,12,13,14
passenger174,5,25,57,76,134,19,58,77,3
passenger175,14,4,57,58,72,1,14,15,5
passenger176,24,9,57,57,76,0,19,19,9
passenger177,16,18,58,59,117,1,58,59,0
passenger178,1,6,58,64,75,6,11,17,2
passenger179,18,9,58,59,74,1,15,16,12
passenger180,1,21,58,64,106,6,42,48,2
passenger181,4,3,59,79,82,20,3,23,3
passenger182,15,3,59,62,90,3,28,31,0
passenger183,17,14,59,62,67,3,5,8,12
passenger184,17,13,60,61,70,1,9,10,6
passenger185,20,17,60,62,69,2,7,9,15
passenger186,11,1,60,60,89,0,29,29,3
passenger187,7,4,60,70,79,10,9,19,3
passenger188,1,7,60,157,172,97,15,112,2
passenger189,6,2,61,72,82,11,10,21,4
passenger190,8,13,61,66,110,5,44,49,4
passenger191,5,7,61,75,100,14,25,39,4
passenger192,1,2,61,157,160,96,3,99,2
passenger193,4,12,62,78,107,16,29,45,4
passenger194,17,20,62,62,93,0,31,31,6
passenger195,16,24,62,64,81,2,17,19,13
passenger196,7,20,63,69,126,6,57,63,4
passenger197,24,15,64,69,92,5,23,28,14
passenger198,22,4,64,65,115,1,50,51,14
passenger199,22,15,65,65,92,0,27,27,14
passenger200,6,2,65,71,79,6,8,14,8
passenger201,18,11,66,66,83,0,17,17,15
passenger202,8,10,67,67,91,0,24,24,8
passenger203,25,11,68,72,100,4,28,32,14
passenger204,2,7,69,76,87,7,11,18,7
passenger205,4,18,70,71,99,1,28,29,2
passenger206,21,22,70,73,77,3,4,7,13
passenger207,16,20,70,72,142,2,70,72,15
passenger208,11,16,71,71,122,0,51,51,1
passenger209,3,14,71,73,98,2,25,27,7
passenger210,14,1,72,76,103,4,27,31,15
passenger211,14,19,73,76,139,3,63,66,15
passenger212,10,14,73,73,95,0,22,22,10
passenger213,8,7,73,77,80,4,3,7,10
passenger214,4,9,74,74,91,0,17,17,5
passenger215,21,24,74,74,81,0,7,7,13
passenger216,16,12,75,89,97,14,8,22,14
passenger217,11,16,76,83,130,7,47,54,15
passenger218,20,11,76,79,100,3,21,24,14
passenger219,15,12,76,92,97,16,5,21,14
passenger220,8,2,76,76,90,0,14,14,1
passenger221,11,18,76,83,136,7,53,60,15
passenger222,18,25,76,85,175,9,90,99,14
passenger223,1,20,77,79,116,2,37,39,7
passenger224,20,11,77,79,100,2,21,23,14
passenger225,8,9,77,78,81,1,3,4,12
passenger226,18,22,78,156,166,78,10,88,14
passenger227,17,13,78,153,199,75,46,121,14
passenger228,17,2,78,153,221,75,68,143,14
passenger229,16,2,78,150,221,72,71,143,14
passenger230,24,23,78,81,84,3,3,6,13
passenger231,13,10,79,79,86,0,7,7,15
passenger232,19,16,79,82,89,3,7,10,14
passenger233,18,13,80,188,199,108,11,119,14
passenger234,6,2,80,80,90,0,10,10,1
passenger235,8,14,81,81,93,0,12,12,2
passenger236,11,13,81,87,94,6,7,13,12
passenger237,7,24,81,81,114,0,33,33,9
passenger238,10,22,82,84,109,2,25,27,12
passenger239,10,12,82,84,91,2,7,9,12
passenger240,16,7,82,83,138,1,55,56,6
passenger241,6,10,82,82,106,0,24,24,1
passenger242,21,4,82,82,103,0,21,21,11
passenger243,11,17,82,87,100,5,13,18,12
passenger244,18,11,83,293,312,210,19,229,14
passenger245,3,1,83,83,89,0,6,6,3
passenger246,12,21,83,91,106,8,15,23,12
passenger247,1,23,83,85,133,2,48,50,4
passenger248,17,1,83,86,148,3,62,65,6
passenger249,9,6,84,84,143,0,59,59,2
passenger250,24,14,84,103,119,19,16,35,6
passenger251,9,7,84,134,140,50,6,56,2
passenger252,15,1,85,92,123,7,31,38,14
passenger253,7,5,85,86,98,1,12,13,8
passenger254,16,17,86,150,153,64,3,67,14
passenger255,12,4,86,90,146,4,56,60,9
passenger256,10,22,86,86,108,0,22,22,9
passenger257,6,5,86,86,97,0,11,11,5
passenger258,3,21,86,87,129,1,42,43,1
passenger259,3,15,87,87,119,0,32,32,1
passenger260,25,17,87,91,112,4,21,25,13
passenger261,11,6,87,87,141,0,54,54,12
passenger262,1,4,87,87,95,0,8,8,4
passenger263,24,4,88,88,138,0,50,50,13
passenger264,1,21,88,88,129,0,41,41,4
passenger265,11,9,88,88,134,0,46,46,12
passenger266,18,14,89,89,119,0,30,30,6
passenger267,23,12,89,100,123,11,23,34,6
passenger268,18,22,89,89,97,0,8,8,6
passenger269,12,8,89,90,134,1,44,45,9
passenger270,25,6,89,91,134,2,43,45,13
passenger271,1,15,90,90,114,0,24,24,4
passenger272,25,3,90,91,141,1,50,51,13
passenger273,22,21,91,97,108,6,11,17,6
passenger274,24,11,91,103,130,12,27,39,6
passenger275,7,13,92,99,107,7,8,15,3
passenger276,4,22,92,94,125,2,31,33,3
passenger277,17,13,92,101,128,9,27,36,10
passenger278,13,18,92,92,104,0,12,12,10
passenger279,14,21,92,95,111,3,16,19,10
passenger280,24,16,93,103,115,10,12,22,6
passenger281,19,8,93,102,137,9,35,44,2
passenger282,1,11,94,96,108,2,12,14,0
passenger283,22,4,94,96,138,2,42,44,13
passenger284,14,5,94,94,143,0,49,49,9
passenger285,11,4,95,100,115,5,15,20,14
passenger286,19,21,95,107,111,12,4,16,10
passenger287,19,18,95,106,109,11,3,14,13
passenger288,6,14,95,96,116,1,20,21,1
passenger289,3,10,95,99,122,4,23,27,15
passenger290,13,17,95,95,108,0,13,13,7
passenger291,3,21,95,99,145,4,46,50,15
passenger292,12,23,96,97,169,1,72,73,14
passenger293,14,18,96,96,104,0,8,8,10
passenger294,21,4,96,100,138,4,38,42,13
passenger295,13,1,96,141,224,45,83,128,14
passenger296,12,21,97,97,161,0,64,64,14
passenger297,22,8,97,97,128,0,31,31,13
passenger298,10,14,98,103,144,5,41,46,14
passenger299,10,5,98,103,112,5,9,14,14
passenger300,8,11,98,100,109,2,9,11,1
passenger301,13,24,98,113,136,15,23,38,1
passenger302,14,10,99,99,156,0,57,57,7
passenger303,17,20,99,99,104,0,5,5,9
passenger304,11,13,99,100,141,1,41,42,14
passenger305,6,22,100,101,123,1,22,23,5
passenger306,22,5,100,109,146,9,37,46,2
passenger307,9,7,100,103,162,3,59,62,1
passenger308,24,2,100,103,145,3,42,45,6
passenger309,6,8,101,101,105,0,4,4,5
passenger310,15,7,101,104,165,3,61,64,7
passenger311,14,19,101,101,112,0,11,11,7
passenger312,21,3,102,102,141,0,39,39,13
passenger313,4,3,103,103,106,0,3,3,11
passenger314,23,17,104,111,123,7,12,19,9
passenger315,14,20,104,111,121,7,10,17,3
passenger316,15,6,104,104,168,0,64,64,7
passenger317,13,18,104,107,117,3,10,13,3
passenger318,1,16,106,114,139,8,25,33,11
passenger319,13,2,107,107,186,0,79,79,3
passenger320,7,12,107,109,124,2,15,17,8
passenger321,9,8,107,108,148,1,40,41,5
passenger322,17,11,108,108,153,0,45,45,7
passenger323,13,20,108,108,121,0,13,13,3
passenger324,3,9,108,108,126,0,18,18,11
passenger325,2,24,108,111,163,3,52,55,11
passenger326,5,21,108,109,145,1,36,37,15
passenger327,5,9,109,109,119,0,10,10,15
passenger328,16,21,110,117,129,7,12,19,4
passenger329,5,6,110,110,113,0,3,3,15
passenger330,23,9,110,114,134,4,20,24,12
passenger331,6,19,110,113,139,3,26,29,15
passenger332,3,22,111,119,166,8,47,55,14
passenger333,22,8,111,111,137,0,26,26,12
passenger334,3,11,112,119,137,7,18,25,14
passenger335,9,24,112,113,148,1,35,36,8
passenger336,16,24,112,115,193,3,78,81,13
passenger337,19,18,113,113,136,0,23,23,7
passenger338,3,2,114,228,333,114,105,219,14
passenger339,2,15,114,126,147,12,21,33,14
passenger340,6,25,114,114,155,0,41,41,15
passenger341,4,24,115,115,172,0,57,57,14
passenger342,17,3,115,117,154,2,37,39,10
passenger343,2,10,115,221,243,106,22,128,14
passenger344,9,8,115,115,180,0,65,65,8
passenger345,14,4,116,116,171,0,55,55,1
passenger346,4,18,116,116,156,0,40,40,14
passenger347,25,7,116,116,140,0,24,24,2
passenger348,24,9,117,124,159,7,35,42,7
passenger349,9,3,117,117,189,0,72,72,8
passenger350,11,13,117,121,127,4,6,10,8
passenger351,17,4,117,117,151,0,34,34,10
passenger352,5,11,118,120,130,2,10,12,11
passenger353,2,4,118,221,231,103,10,113,14
passenger354,16,24,118,118,136,0,18,18,4
passenger355,15,4,119,119,171,0,52,52,1
passenger356,25,14,120,127,146,7,19,26,7
passenger357,18,5,120,121,144,1,23,24,12
passenger358,15,2,120,123,158,3,35,38,10
passenger359,16,6,120,120,147,0,27,27,10
passenger360,23,2,121,121,174,0,53,53,7
passenger361,17,4,121,121,186,0,65,65,4
passenger362,18,13,121,121,128,0,7,7,12
passenger363,25,17,123,127,140,4,13,17,7
passenger364,10,3,123,123,141,0,18,18,13
passenger365,15,12,124,124,131,0,7,7,10
passenger366,2,15,124,144,176,20,32,52,13
passenger367,6,1,124,134,147,10,13,23,13
passenger368,10,6,124,124,134,0,10,10,13
passenger369,2,11,124,144,170,20,26,46,13
passenger370,6,4,125,134,138,9,4,13,13
passenger371,12,2,125,125,145,0,20,20,6
passenger372,25,12,125,127,150,2,23,25,7
passenger373,25,23,125,217,221,92,4,96,7
passenger374,25,14,126,217,238,91,21,112,7
passenger375,11,18,126,130,149,4,19,23,11
passenger376,3,22,126,228,269,102,41,143,14
passenger377,9,1,126,126,223,0,97,97,11
passenger378,6,7,126,321,340,195,19,214,14
passenger379,1,17,126,147,180,21,33,54,13
passenger380,3,22,126,330,363,204,33,237,14
passenger381,12,18,127,127,184,0,57,57,6
passenger382,9,4,127,164,242,37,78,115,13
passenger383,5,17,128,234,256,106,22,128,14
passenger384,18,7,128,129,151,1,22,23,5
passenger385,9,24,129,134,194,5,60,65,6
passenger386,22,11,129,132,155,3,23,26,1
passenger387,7,8,130,131,160,1,29,30,13
passenger388,14,15,130,130,133,0,3,3,8
passenger389,5,2,131,324,333,193,9,202,14
passenger390,13,20,131,134,153,3,19,22,11
passenger391,4,11,131,138,170,7,32,39,13
passenger392,5,7,132,153,157,21,4,25,13
passenger393,16,8,132,133,148,1,15,16,5
passenger394,7,25,133,213,280,80,67,147,14
passenger395,5,24,133,153,193,20,40,60,13
passenger396,14,2,133,137,162,4,25,29,5
passenger397,11,15,133,134,181,1,47,48,10
passenger398,7,14,133,213,251,80,38,118,14
passenger399,17,7,133,133,185,0,52,52,15
passenger400,21,12,134,134,152,0,18,18,0
passenger401,25,3,135,225,272,90,47,137,3
passenger402,9,19,135,207,260,72,53,125,14
passenger403,23,6,136,149,188,13,39,52,15
passenger404,25,5,136,225,264,89,39,128,3
passenger405,11,8,136,136,143,0,7,7,10
passenger406,11,23,136,136,193,0,57,57,10
passenger407,19,20,136,139,142,3,3,6,15
passenger408,7,24,136,137,194,1,57,58,9
passenger409,11,17,137,137,153,0,16,16,14
passenger410,18,17,137,137,140,0,3,3,7
passenger411,16,13,138,139,195,1,56,57,11
passenger412,17,23,138,142,160,4,18,22,11
passenger413,10,13,138,139,173,1,34,35,10
passenger414,5,9,139,143,159,4,16,20,9
passenger415,20,17,139,140,163,1,23,24,8
passenger416,6,14,140,140,172,0,32,32,9
passenger417,21,4,140,141,186,1,45,46,4
passenger418,2,10,141,144,167,3,23,26,13
passenger419,17,8,141,141,162,0,21,21,7
passenger420,21,22,142,142,239,0,97,97,4
passenger421,14,10,142,143,158,1,15,16,0
passenger422,2,21,142,144,186,2,42,44,13
passenger423,23,12,142,145,170,3,25,28,8
passenger424,13,19,142,199,260,57,61,118,14
passenger425,18,4,143,144,171,1,27,28,1
passenger426,17,24,144,144,163,0,19,19,11
passenger427,19,13,144,146,160,2,14,16,4
passenger428,14,7,144,144,163,0,19,19,0
passenger429,17,7,144,147,162,3,15,18,1
passenger430,9,7,144,144,151,0,7,7,5
passenger431,9,10,145,145,172,0,27,27,5
passenger432,3,18,145,149,180,4,31,35,12
passenger433,12,24,145,152,194,7,42,49,0
passenger434,5,17,145,145,177,0,32,32,12
passenger435,5,14,145,145,170,0,25,25,12
passenger436,13,12,146,147,152,1,5,6,0
passenger437,17,21,146,146,156,0,10,10,11
passenger438,8,22,147,148,204,1,56,57,5
passenger439,5,8,147,147,175,0,28,28,2
passenger440,8,24,147,148,210,1,62,63,5
passenger441,3,10,148,149,162,1,13,14,9
passenger442,11,21,149,155,189,6,34,40,0
passenger443,13,25,149,149,199,0,50,50,0
passenger444,19,18,149,149,153,0,4,4,3
passenger445,19,5,149,149,181,0,32,32,3
passenger446,12,15,150,150,201,0,51,51,7
passenger447,6,3,150,154,159,4,5,9,5
passenger448,4,20,150,150,199,0,49,49,2
passenger449,17,8,150,150,178,0,28,28,4
passenger450,19,18,150,150,153,0,3,3,3
passenger451,21,23,151,155,219,4,64,68,8
passenger452,23,5,151,151,185,0,34,34,8
passenger453,20,10,151,158,176,7,18,25,8
passenger454,11,17,151,153,205,2,52,54,7
passenger455,16,11,151,153,169,2,16,18,4
passenger456,25,5,151,155,191,4,36,40,15
passenger457,3,1,152,152,238,0,86,86,6
passenger458,21,11,152,155,173,3,18,21,8
passenger459,11,17,152,155,183,3,28,31,0
passenger460,11,15,152,153,201,1,48,49,7
passenger461,2,4,152,154,166,2,12,14,2
passenger462,24,12,152,152,172,0,20,20,15
passenger463,5,10,153,153,162,0,9,9,12
passenger464,9,7,153,159,165,6,6,12,7
passenger465,8,19,153,156,183,3,27,30,9
passenger466,3,8,155,155,166,0,11,11,10
passenger467,12,14,155,168,172,13,4,17,9
passenger468,23,24,155,160,163,5,3,8,11
passenger469,8,14,155,156,172,1,16,17,9
passenger470,1,16,155,157,191,2,34,36,2
passenger471,4,2,155,155,235,0,80,80,6
passenger472,17,5,155,156,181,1,25,26,3
passenger473,12,3,156,166,189,10,23,33,4
passenger474,19,20,156,185,263,29,78,107,14
passenger475,15,21,156,156,236,0,80,80,4
passenger476,11,5,156,156,168,0,12,12,1
passenger477,4,6,157,157,162,0,5,5,6
passenger478,6,9,158,162,167,4,5,9,6
passenger479,6,15,158,162,177,4,15,19,6
passenger480,4,16,158,158,180,0,22,22,6
passenger481,9,18,159,159,180,0,21,21,12
passenger482,13,23,159,160,244,1,84,85,4
passenger483,11,8,159,165,233,6,68,74,12
passenger484,15,17,160,160,207,0,47,47,3
passenger485,11,14,160,165,172,5,7,12,9
passenger486,12,8,160,278,284,118,6,124,4
passenger487,8,23,161,161,190,0,29,29,13
passenger488,17,3,161,163,189,2,26,28,8
passenger489,25,18,162,166,182,4,16,20,11
passenger490,2,19,162,162,196,0,34,34,2
passenger491,15,23,162,162,219,0,57,57,3
passenger492,13,8,162,162,178,0,16,16,4
passenger493,9,16,163,228,274,65,46,111,13
passenger494,21,23,163,163,169,0,6,6,14
passenger495,20,16,163,184,210,21,26,47,12
passenger496,13,9,163,163,175,0,12,12,4
passenger497,20,8,164,186,223,22,37,59,9
passenger498,7,22,164,164,215,0,51,51,1
passenger499,15,9,165,167,181,2,14,16,15
passenger500,22,25,166,166,175,0,9,9,14
passenger501,8,14,166,166,176,0,10,10,10
passenger502,13,18,166,166,210,0,44,44,3
passenger503,24,14,166,172,196,6,24,30,14
passenger504,20,15,166,184,214,18,30,48,12
passenger505,23,11,167,169,203,2,34,36,14
passenger506,10,11,167,167,170,0,3,3,13
passenger507,25,16,167,167,188,0,21,21,11
passenger508,4,2,167,167,249,0,82,82,2
passenger509,13,21,167,167,215,0,48,48,3
passenger510,12,15,167,168,176,1,8,9,9
passenger511,20,13,168,184,222,16,38,54,12
passenger512,23,16,169,169,192,0,23,23,14
passenger513,19,20,171,179,263,8,84,92,11
passenger514,16,2,171,174,247,3,73,76,12
passenger515,11,4,171,171,186,0,15,15,4
passenger516,13,4,172,173,232,1,59,60,10
passenger517,13,9,172,173,219,1,46,47,10
passenger518,1,4,172,176,184,4,8,12,1
passenger519,13,2,172,173,235,1,62,63,6
passenger520,22,19,172,172,179,0,7,7,11
passenger521,18,5,173,182,209,9,27,36,11
passenger522,20,16,173,176,188,3,12,15,11
passenger523,10,1,173,173,258,0,85,85,5
passenger524,14,20,173,173,186,0,13,13,9
passenger525,1,2,173,177,180,4,3,7,7
passenger526,10,13,174,174,183,0,9,9,5
passenger527,12,11,174,174,177,0,3,3,15
passenger528,7,2,175,181,192,6,11,17,4
passenger529,1,3,175,176,181,1,5,6,1
passenger530,18,20,176,180,184,4,4,8,12
passenger531,11,2,176,177,196,1,19,20,15
passenger532,11,25,176,177,213,1,36,37,5
passenger533,7,13,176,181,215,5,34,39,4
passenger534,14,9,176,176,221,0,45,45,0
passenger535,11,12,176,177,180,1,3,4,5
passenger536,12,18,177,180,195,3,15,18,5
passenger537,15,2,177,177,236,0,59,59,9
passenger538,1,11,177,177,193,0,16,16,1
passenger539,23,1,177,189,250,12,61,73,12
passenger540,2,17,177,192,224,15,32,47,4
passenger541,12,6,178,180,247,2,67,69,5
passenger542,6,17,178,198,224,20,26,46,4
passenger543,14,16,178,178,184,0,6,6,10
passenger544,8,14,178,178,219,0,41,41,4
passenger545,22,8,179,180,210,1,30,31,14
passenger546,10,5,179,179,244,0,65,65,2
passenger547,16,1,180,180,242,0,62,62,0
passenger548,7,18,181,203,227,22,24,46,4
passenger549,1,25,181,189,225,8,36,44,3
passenger550,11,10,181,182,233,1,51,52,2
passenger551,14,16,182,186,191,4,5,9,5
passenger552,12,23,183,185,204,2,19,21,2
passenger553,25,6,184,193,239,9,46,55,12
passenger554,18,8,184,184,202,0,18,18,11
passenger555,25,7,185,196,235,11,39,50,13
passenger556,8,18,186,188,208,2,20,22,7
passenger557,20,4,186,186,229,0,43,43,9
passenger558,14,9,187,187,239,0,52,52,5
passenger559,16,14,187,188,192,1,4,5,11
passenger560,25,24,187,196,199,9,3,12,13
passenger561,17,23,188,256,274,68,18,86,14
passenger562,5,19,188,191,235,3,44,47,15
passenger563,20,4,188,188,229,0,41,41,6
passenger564,23,18,188,189,206,1,17,18,12
passenger565,9,13,189,191,197,2,6,8,7
passenger566,13,23,189,195,270,6,75,81,11
passenger567,25,21,189,193,201,4,8,12,12
passenger568,17,3,190,256,330,66,74,140,14
passenger569,23,4,191,191,229,0,38,38,9
passenger570,5,2,191,191,196,0,5,5,15
passenger571,24,13,193,193,220,0,27,27,13
passenger572,6,3,193,194,251,1,57,58,8
passenger573,11,19,194,194,208,0,14,14,1
passenger574,25,14,195,195,219,0,24,24,12
passenger575,16,21,195,203,212,8,9,17,1
passenger576,23,7,196,204,238,8,34,42,2
passenger577,25,13,196,196,220,0,24,24,13
passenger578,24,3,196,196,236,0,40,40,0
passenger579,3,23,197,217,270,20,53,73,11
passenger580,17,5,197,203,229,6,26,32,10
passenger581,23,3,197,197,232,0,35,35,6
passenger582,18,6,197,197,247,0,50,50,5
passenger583,2,21,197,197,239,0,42,42,15
passenger584,22,3,198,198,233,0,35,35,9
passenger585,3,16,198,217,253,19,36,55,11
passenger586,1,19,198,200,235,2,35,37,15
passenger587,23,19,198,198,204,0,6,6,6
passenger588,6,5,198,198,291,0,93,93,4
passenger589,18,2,198,198,255,0,57,57,5
passenger590,14,12,199,199,242,0,43,43,1
passenger591,19,6,199,199,226,0,27,27,10
passenger592,20,18,199,199,215,0,16,16,2
passenger593,6,9,200,200,207,0,7,7,4
passenger594,2,12,202,220,240,18,20,38,11
passenger595,7,3,203,205,217,2,12,14,11
passenger596,14,15,203,204,207,1,3,4,8
passenger597,3,5,203,204,208,1,4,5,15
passenger598,3,17,203,204,231,1,27,28,15
passenger599,9,2,204,207,221,3,14,17,14
passenger600,5,25,204,208,247,4,39,43,15
passenger601,7,18,204,323,350,119,27,146,4
passenger602,12,5,205,210,229,5,19,24,10
passenger603,8,1,205,284,307,79,23,102,4
passenger604,19,9,205,205,217,0,12,12,6
passenger605,13,4,205,209,229,4,20,24,9
passenger606,21,6,207,208,241,1,33,34,2
passenger607,15,22,207,207,216,0,9,9,8
passenger608,18,16,207,207,213,0,6,6,13
passenger609,23,5,207,207,250,0,43,43,5
passenger610,25,14,207,213,232,6,19,25,5
passenger611,11,7,208,215,223,7,8,15,10
passenger612,19,25,208,208,221,0,13,13,1
passenger613,18,1,209,209,249,0,40,40,13
passenger614,12,19,209,213,272,4,59,63,9
passenger615,10,20,209,210,233,1,23,24,4
passenger616,18,2,209,209,246,0,37,37,13
passenger617,14,5,210,212,230,2,18,20,0
passenger618,13,10,210,210,219,0,9,9,9
passenger619,21,22,210,210,290,0,80,80,2
passenger620,12,14,211,211,255,0,44,44,10
passenger621,16,17,211,211,282,0,71,71,12
passenger622,16,20,211,211,289,0,78,78,12
passenger623,25,21,211,213,221,2,8,10,5
passenger624,4,12,211,212,240,1,28,29,11
passenger625,12,13,212,212,252,0,40,40,10
passenger626,14,18,212,212,272,0,60,60,0
passenger627,11,7,212,215,223,3,8,11,10
passenger628,12,22,212,212,277,0,65,65,10
passenger629,8,1,213,213,296,0,83,83,15
passenger630,25,5,213,213,250,0,37,37,5
passenger631,16,21,213,213,287,0,74,74,13
passenger632,7,9,214,214,240,0,26,26,14
passenger633,8,4,214,214,287,0,73,73,15
passenger634,4,5,214,214,229,0,15,15,11
passenger635,12,14,215,215,262,0,47,47,9
passenger636,1,22,215,223,267,8,44,52,11
passenger637,17,2,216,220,249,4,29,33,2
passenger638,22,1,216,216,259,0,43,43,1
passenger639,15,12,216,216,225,0,9,9,12
passenger640,13,24,216,216,247,0,31,31,4
passenger641,24,7,216,216,244,0,28,28,5
passenger642,15,24,216,216,296,0,80,80,13
passenger643,19,23,217,296,306,79,10,89,5
passenger644,11,8,217,217,225,0,8,8,0
passenger645,13,21,217,275,357,58,82,140,4
passenger646,24,18,217,309,325,92,16,108,5
passenger647,18,13,217,217,226,0,9,9,2
passenger648,8,11,218,220,254,2,34,36,6
passenger649,13,21,218,339,357,121,18,139,4
passenger650,14,20,218,219,233,1,14,15,4
passenger651,1,19,218,223,260,5,37,42,11
passenger652,13,25,219,223,247,4,24,28,15
passenger653,12,4,220,220,287,0,67,67,15
passenger654,21,18,220,221,226,1,5,6,5
passenger655,22,3,220,303,358,83,55,138,5
passenger656,6,22,220,225,277,5,52,57,6
passenger657,2,13,220,220,243,0,23,23,11
passenger658,11,24,221,224,296,3,72,75,13
passenger659,22,23,221,224,308,3,84,87,7
passenger660,8,15,221,221,264,0,43,43,6
passenger661,18,25,221,226,312,5,86,91,5
passenger662,1,25,221,328,380,107,52,159,11
passenger663,9,4,222,222,233,0,11,11,0
passenger664,16,20,222,270,354,48,84,132,4
passenger665,4,2,223,232,236,9,4,13,10
passenger666,23,24,224,225,294,1,69,70,1
passenger667,4,23,224,229,280,5,51,56,6
passenger668,23,25,224,225,297,1,72,73,1
passenger669,6,15,224,226,261,2,35,37,10
passenger670,25,23,225,225,229,0,4,4,3
passenger671,16,5,225,228,247,3,19,22,8
passenger672,3,7,225,232,246,7,14,21,6
passenger673,2,5,226,325,336,99,11,110,11
passenger674,2,20,226,325,369,99,44,143,11
passenger675,15,13,227,227,268,0,41,41,15
passenger676,21,11,228,229,245,1,16,17,1
passenger677,11,6,228,228,239,0,11,11,12
passenger678,12,5,228,229,244,1,15,16,2
passenger679,15,25,228,264,342,36,78,114,15
passenger680,14,8,229,232,240,3,8,11,8
passenger681,18,21,229,229,236,0,7,7,4
passenger682,12,7,229,229,238,0,9,9,2
passenger683,18,5,229,230,253,1,23,24,7
passenger684,25,8,230,367,393,137,26,163,4
passenger685,9,19,230,230,281,0,51,51,13
passenger686,1,6,230,239,248,9,9,18,9
passenger687,4,10,230,230,254,0,24,24,9
passenger688,14,5,231,232,247,1,15,16,8
passenger689,9,20,231,231,284,0,53,53,13
passenger690,24,1,232,247,307,15,60,75,4
passenger691,16,1,232,234,259,2,25,27,7
passenger692,14,22,232,232,289,0,57,57,8
passenger693,20,6,233,234,261,1,27,28,3
passenger694,7,20,234,236,289,2,53,55,12
passenger695,21,8,234,236,284,2,48,50,4
passenger696,1,12,234,239,258,5,19,24,9
passenger697,16,12,234,234,242,0,8,8,7
passenger698,24,21,235,247,256,12,9,21,4
passenger699,20,1,235,235,280,0,45,45,3
passenger700,22,19,235,239,260,4,21,25,4
passenger701,10,15,236,236,249,0,13,13,11
passenger702,21,23,236,236,244,0,8,8,4
passenger703,14,2,236,238,256,2,18,20,1
passenger704,16,18,237,245,311,8,66,74,3
passenger705,2,21,237,237,274,0,37,37,10
passenger706,6,23,238,238,293,0,55,55,13
passenger707,14,9,238,238,247,0,9,9,7
passenger708,2,1,239,239,242,0,3,3,0
passenger709,19,10,239,260,305,21,45,66,11
passenger710,22,6,239,239,288,0,49,49,4
passenger711,24,3,239,247,299,8,52,60,4
passenger712,17,24,239,242,329,3,87,90,3
passenger713,9,2,240,240,255,0,15,15,5
passenger714,22,12,241,241,278,0,37,37,4
passenger715,1,22,241,241,281,0,40,40,9
passenger716,17,2,241,351,382,110,31,141,3
passenger717,7,1,241,243,255,2,12,14,8
passenger718,24,1,241,247,307,6,60,66,4
passenger719,20,13,241,263,298,22,35,57,11
passenger720,15,21,242,417,429,175,12,187,3
passenger721,23,4,242,243,287,1,44,45,15
passenger722,1,4,243,243,248,0,5,5,0
passenger723,18,15,243,257,292,14,35,49,11
passenger724,3,6,243,244,263,1,19,20,12
passenger725,14,19,243,246,260,3,14,17,11
passenger726,9,24,244,246,283,2,37,39,10
passenger727,25,20,244,247,254,3,7,10,15
passenger728,12,22,245,247,269,2,22,24,14
passenger729,19,13,245,260,298,15,38,53,11
passenger730,12,21,246,247,266,1,19,20,14
passenger731,14,5,246,246,318,0,72,72,11
passenger732,25,2,246,247,293,1,46,47,15
passenger733,18,17,246,365,392,119,27,146,11
passenger734,15,2,247,417,485,170,68,238,3
passenger735,13,23,247,306,366,59,60,119,14
passenger736,6,18,247,248,269,1,21,22,9
passenger737,22,24,247,267,275,20,8,28,11
passenger738,13,8,248,357,370,109,13,122,3
passenger739,18,13,248,365,400,117,35,152,11
passenger740,16,19,249,253,260,4,7,11,11
passenger741,18,7,249,365,416,116,51,167,11
passenger742,19,14,249,260,295,11,35,46,11
passenger743,24,17,249,249,264,0,15,15,4
passenger744,23,25,249,270,278,21,8,29,11
passenger745,25,19,250,367,375,117,8,125,4
passenger746,15,3,250,250,322,0,72,72,11
passenger747,10,12,250,251,257,1,6,7,6
passenger748,20,15,251,254,264,3,10,13,15
passenger749,11,4,251,252,267,1,15,16,3
passenger750,18,11,252,323,372,71,49,120,15
passenger751,1,8,252,252,267,0,15,15,12
passenger752,22,3,253,360,407,107,47,154,4
passenger753,11,13,253,254,260,1,6,7,6
passenger754,3,5,253,253,257,0,4,4,13
passenger755,24,15,253,364,384,111,20,131,4
passenger756,6,5,253,255,317,2,62,64,2
passenger757,11,19,254,254,270,0,16,16,6
passenger758,19,5,254,258,284,4,26,30,15
passenger759,19,23,254,258,336,4,78,82,15
passenger760,6,1,254,255,327,1,72,73,2
passenger761,24,14,254,275,295,21,20,41,11
passenger762,20,9,255,255,276,0,21,21,15
passenger763,8,6,255,257,261,2,4,6,3
passenger764,6,12,256,256,268,0,12,12,2
passenger765,3,22,256,256,294,0,38,38,12
passenger766,13,23,256,260,280,4,20,24,6
passenger767,13,8,256,260,310,4,50,54,6
passenger768,13,4,256,260,318,4,58,62,6
passenger769,21,19,256,256,260,0,4,4,4
passenger770,4,15,257,259,278,2,19,21,12
passenger771,14,6,257,257,325,0,68,68,10
passenger772,4,20,257,259,289,2,30,32,12
passenger773,7,13,257,259,271,2,12,14,2
passenger774,7,17,257,259,281,2,22,24,2
passenger775,2,9,258,258,267,0,9,9,8
passenger776,14,11,258,258,314,0,56,56,10
passenger777,16,5,258,265,329,7,64,71,10
passenger778,12,19,258,258,275,0,17,17,0
passenger779,9,4,259,263,320,4,57,61,2
passenger780,22,20,259,269,287,10,18,28,14
passenger781,18,20,260,323,327,63,4,67,15
passenger782,20,19,260,263,290,3,27,30,14
passenger783,13,1,261,261,313,0,52,52,0
passenger784,15,7,262,262,322,0,60,60,10
passenger785,20,12,262,263,309,1,46,47,14
passenger786,23,15,262,274,300,12,26,38,14
passenger787,14,23,263,263,284,0,21,21,9
passenger788,12,10,263,268,306,5,38,43,2
passenger789,10,22,264,264,290,0,26,26,13
passenger790,19,5,265,270,329,5,59,64,10
passenger791,13,10,265,268,273,3,5,8,15
passenger792,17,2,265,265,302,0,37,37,4
passenger793,18,19,266,272,275,6,3,9,0
passenger794,6,4,266,266,365,0,99,99,7
passenger795,16,7,266,266,295,0,29,29,0
passenger796,24,20,266,277,287,11,10,21,14
passenger797,24,14,266,277,303,11,26,37,14
passenger798,24,1,267,377,426,110,49,159,11
passenger799,8,1,267,267,364,0,97,97,5
passenger800,17,13,267,267,275,0,8,8,4
passenger801,8,17,267,267,292,0,25,25,5
passenger802,5,13,268,284,312,16,28,44,15
passenger803,16,6,268,268,299,0,31,31,0
passenger804,6,9,268,268,277,0,9,9,7
passenger805,15,7,268,345,396,77,51,128,4
passenger806,10,14,268,270,276,2,6,8,8
passenger807,5,15,268,390,429,122,39,161,15
passenger808,4,6,269,269,289,0,20,20,3
passenger809,8,1,269,269,364,0,95,95,5
passenger810,25,8,269,280,317,11,37,48,14
passenger811,21,23,269,276,284,7,8,15,9
passenger812,21,3,270,274,321,4,47,51,6
passenger813,10,19,270,270,283,0,13,13,1
passenger814,15,1,270,345,411,75,66,141,4
passenger815,15,21,270,271,287,1,16,17,13
passenger816,21,10,270,274,306,4,32,36,6
passenger817,6,8,270,270,274,0,4,4,7
passenger818,8,9,270,270,274,0,4,4,5
passenger819,8,12,270,270,282,0,12,12,5
passenger820,2,7,270,275,292,5,17,22,3
passenger821,8,4,271,271,355,0,84,84,5
passenger822,22,17,271,271,296,0,25,25,14
passenger823,23,15,272,272,292,0,20,20,11
passenger824,3,23,272,272,326,0,54,54,3
passenger825,12,18,272,273,285,1,12,13,12
passenger826,10,13,273,273,312,0,39,39,15
passenger827,13,8,273,273,310,0,37,37,2
passenger828,14,19,274,276,285,2,9,11,2
passenger829,1,4,274,280,285,6,5,11,3
passenger830,22,15,274,277,294,3,17,20,6
passenger831,25,16,275,278,289,3,11,14,11
passenger832,17,23,275,277,293,2,16,18,13
passenger833,17,9,276,277,317,1,40,41,13
passenger834,14,6,276,276,321,0,45,45,8
passenger835,9,18,277,277,295,0,18,18,7
passenger836,4,17,277,287,320,10,33,43,15
passenger837,15,8,277,277,333,0,56,56,1
passenger838,2,18,277,277,311,0,34,34,3
passenger839,21,19,278,278,290,0,12,12,9
passenger840,11,17,278,278,292,0,14,14,5
passenger841,11,9,279,279,340,0,61,61,5
passenger842,9,6,279,279,359,0,80,80,7
passenger843,25,17,279,380,392,101,12,113,11
passenger844,5,22,279,493,536,214,43,257,15
passenger845,4,15,280,287,316,7,29,36,15
passenger846,5,10,280,493,511,213,18,231,15
passenger847,17,25,280,281,294,1,13,14,8
passenger848,25,23,280,370,374,90,4,94,14
passenger849,6,3,280,387,396,107,9,116,15
passenger850,23,24,280,280,283,0,3,3,10
passenger851,7,1,280,280,296,0,16,16,15
passenger852,17,2,281,281,333,0,52,52,8
passenger853,2,24,281,293,339,12,46,58,15
passenger854,13,3,281,285,307,4,22,26,0
passenger855,17,10,282,282,315,0,33,33,8
passenger856,14,23,282,282,364,0,82,82,0
passenger857,6,17,283,409,435,126,26,152,15
passenger858,21,11,283,284,303,1,19,20,6
passenger859,25,12,283,286,311,3,25,28,10
passenger860,12,23,283,283,306,0,23,23,5
passenger861,16,22,283,289,303,6,14,20,5
passenger862,20,18,283,286,310,3,24,27,1
passenger863,7,10,284,323,330,39,7,46,4
passenger864,22,16,284,363,383,79,20,99,14
passenger865,8,9,284,284,327,0,43,43,4
passenger866,20,5,284,287,315,3,28,31,6
passenger867,3,20,285,290,327,5,37,42,15
passenger868,8,20,285,393,450,108,57,165,4
passenger869,14,25,286,286,314,0,28,28,7
passenger870,14,22,287,287,305,0,18,18,7
passenger871,22,6,288,289,321,1,32,33,8
passenger872,25,19,288,288,296,0,8,8,10
passenger873,3,1,289,300,402,11,102,113,15
passenger874,7,1,289,292,385,3,93,96,3
passenger875,9,25,289,291,368,2,77,79,0
passenger876,12,1,290,301,328,11,27,38,11
passenger877,13,6,290,298,315,8,17,25,11
passenger878,22,3,290,290,347,0,57,57,1
passenger879,20,12,290,290,327,0,37,37,12
passenger880,1,17,291,296,320,5,24,29,15
passenger881,12,20,291,301,369,10,68,78,11
passenger882,16,20,291,291,301,0,10,10,7
passenger883,12,1,291,301,328,10,27,37,11
passenger884,4,12,292,296,336,4,40,44,4
passenger885,10,20,292,299,317,7,18,25,3
passenger886,11,22,292,302,323,10,21,31,3
passenger887,5,10,293,293,330,0,37,37,4
passenger888,19,4,293,293,318,0,25,25,9
passenger889,9,19,294,296,314,2,18,20,3
passenger890,15,20,295,295,358,0,63,63,6
passenger891,13,22,295,298,373,3,75,78,11
passenger892,22,25,295,295,300,0,5,5,12
passenger893,4,15,295,402,436,107,34,141,4
passenger894,3,6,296,299,320,3,21,24,4
passenger895,8,17,296,311,362,15,51,66,11
passenger896,11,22,296,302,323,6,21,27,3
passenger897,8,16,296,311,359,15,48,63,11
passenger898,20,25,296,299,312,3,13,16,5
passenger899,7,19,296,296,352,0,56,56,0
passenger900,3,14,297,313,342,16,29,45,4
passenger901,11,24,297,302,329,5,27,32,3
passenger902,20,24,298,301,311,3,10,13,7
passenger903,22,11,298,299,312,1,13,14,8
passenger904,19,1,298,298,335,0,37,37,10
passenger905,14,2,298,298,324,0,26,26,6
passenger906,19,25,298,298,314,0,16,16,7
passenger907,18,21,300,301,382,1,81,82,10
passenger908,6,25,300,300,368,0,68,68,0
passenger909,14,17,300,300,345,0,45,45,9
passenger910,20,16,301,302,308,1,6,7,13
passenger911,8,16,301,383,432,82,49,131,15
passenger912,17,22,301,304,385,3,81,84,10
passenger913,13,3,301,301,323,0,22,22,2
passenger914,3,1,302,396,402,94,6,100,15
passenger915,17,11,302,304,314,2,10,12,10
passenger916,22,18,302,302,310,0,8,8,1
passenger917,4,3,302,304,307,2,3,5,0
passenger918,10,24,304,306,366,2,60,62,6
passenger919,2,5,304,304,317,0,13,13,4
passenger920,1,11,304,307,333,3,26,29,4
passenger921,25,18,305,314,325,9,11,20,7
passenger922,13,4,305,306,327,1,21,22,14
passenger923,9,14,305,308,355,3,47,50,11
passenger924,7,18,305,487,528,182,41,223,15
passenger925,25,6,306,312,351,6,39,45,5
passenger926,7,4,306,487,496,181,9,190,15
passenger927,19,12,307,307,324,0,17,17,1
passenger928,8,6,307,308,314,1,6,7,9
passenger929,2,12,308,310,335,2,25,27,0
passenger930,18,6,308,309,339,1,30,31,12
passenger931,1,12,309,309,336,0,27,27,4
passenger932,17,9,309,312,332,3,20,23,12
passenger933,7,4,310,311,318,1,7,8,9
passenger934,19,22,311,314,323,3,9,12,3
passenger935,20,13,311,317,357,6,40,46,3
passenger936,19,10,311,314,366,3,52,55,3
passenger937,1,10,312,313,329,1,16,17,0
passenger938,18,17,312,312,315,0,3,3,1
passenger939,25,7,312,312,348,0,36,36,5
passenger940,1,7,313,313,324,0,11,11,0
passenger941,22,21,313,323,342,10,19,29,3
passenger942,3,5,314,407,417,93,10,103,4
passenger943,15,17,314,316,320,2,4,6,15
passenger944,25,19,314,314,322,0,8,8,7
passenger945,6,1,314,314,327,0,13,13,2
passenger946,16,14,314,315,321,1,6,7,12
passenger947,24,15,315,315,330,0,15,15,5
passenger948,13,8,315,324,335,9,11,20,12
passenger949,3,22,315,407,456,92,49,141,4
passenger950,21,5,315,408,455,93,47,140,5
passenger951,18,10,315,359,375,44,16,60,15
passenger952,11,22,316,316,385,0,69,69,10
passenger953,22,5,316,411,455,95,44,139,5
passenger954,8,21,316,317,360,1,43,44,14
passenger955,23,2,316,318,361,2,43,45,5
passenger956,21,13,316,408,432,92,24,116,5
passenger957,15,2,317,318,345,1,27,28,12
passenger958,18,17,317,438,469,121,31,152,15
passenger959,17,20,318,320,327,2,7,9,15
passenger960,24,22,319,329,339,10,10,20,3
passenger961,19,25,319,356,455,37,99,136,15
passenger962,17,14,319,320,365,1,45,46,15
passenger963,20,2,319,319,382,0,63,63,3
passenger964,13,11,320,321,327,1,6,7,1
passenger965,23,2,320,420,460,100,40,140,5
passenger966,17,5,320,320,390,0,70,70,15
passenger967,23,22,320,505,516,185,11,196,5
passenger968,6,22,320,320,361,0,41,41,0
passenger969,13,25,321,321,387,0,66,66,1
passenger970,19,1,321,322,370,1,48,49,7
passenger971,6,11,321,321,332,0,11,11,0
passenger972,6,4,321,321,327,0,6,6,8
passenger973,25,22,322,332,339,10,7,17,3
passenger974,11,6,322,324,331,2,7,9,13
passenger975,5,23,323,324,362,1,38,39,8
passenger976,9,1,323,325,407,2,82,84,9
passenger977,10,12,324,328,332,4,4,8,9
passenger978,16,9,324,334,351,10,17,27,7
passenger979,24,17,324,329,351,5,22,27,3
passenger980,25,10,325,332,366,7,34,41,3
passenger981,17,10,325,328,348,3,20,23,7
passenger982,18,19,325,438,441,113,3,116,15
passenger983,9,24,325,325,360,0,35,35,9
passenger984,22,23,326,333,336,7,3,10,15
passenger985,6,18,326,326,373,0,47,47,10
passenger986,3,25,326,330,366,4,36,40,8
passenger987,4,22,326,327,357,1,30,31,8
passenger988,11,8,328,328,333,0,5,5,1
passenger989,2,17,328,333,350,5,17,22,8
passenger990,19,12,329,351,382,22,31,53,9
passenger991,21,9,329,330,378,1,48,49,15
passenger992,14,8,329,333,343,4,10,14,5
passenger993,15,4,329,330,355,1,25,26,5
passenger994,12,14,330,332,338,2,6,8,9
passenger995,14,12,330,393,435,63,42,105,5
passenger996,17,13,330,330,341,0,11,11,7
passenger997,8,6,330,332,396,2,64,66,6
passenger998,17,24,331,331,413,0,82,82,7
passenger999,19,16,332,351,374,19,23,42,9
passenger1000,24,23,332,339,346,7,7,14,15
passenger1001,13,3,332,335,401,3,66,69,9
passenger1002,16,7,332,334,355,2,21,23,7
passenger1003,22,9,332,333,378,1,45,46,15
passenger1004,12,5,332,332,395,0,63,63,9
passenger1005,5,7,333,336,343,3,7,10,11
passenger1006,10,7,333,336,393,3,57,60,6
passenger1007,4,12,333,333,351,0,18,18,11
passenger1008,16,9,334,334,351,0,17,17,7
passenger1009,14,7,334,393,449,59,56,115,5
passenger1010,18,17,334,348,371,14,23,37,9
passenger1011,25,2,334,334,382,0,48,48,3
passenger1012,22,9,334,349,378,15,29,44,15
passenger1013,2,18,334,335,362,1,27,28,2
passenger1014,5,25,335,336,362,1,26,27,13
passenger1015,6,14,336,340,355,4,15,19,11
passenger1016,6,4,336,337,342,1,5,6,1
passenger1017,1,12,336,336,361,0,25,25,10
passenger1018,11,1,336,339,407,3,68,71,6
passenger1019,9,7,336,340,348,4,8,12,5
passenger1020,15,25,337,337,416,0,79,79,7
passenger1021,18,23,337,348,357,11,9,20,9
passenger1022,5,6,337,337,340,0,3,3,11
passenger1023,19,8,338,532,569,194,37,231,3
passenger1024,22,12,338,339,360,1,21,22,3
passenger1025,6,22,338,338,380,0,42,42,1
passenger1026,14,21,339,339,358,0,19,19,0
passenger1027,12,4,339,346,400,7,54,61,6
passenger1028,18,4,339,424,478,85,54,139,3
passenger1029,17,11,340,346,388,6,42,48,0
passenger1030,20,22,340,346,432,6,86,92,3
passenger1031,11,23,341,341,363,0,22,22,6
passenger1032,3,25,341,347,387,6,40,46,1
passenger1033,15,12,341,341,382,0,41,41,9
passenger1034,4,8,341,341,347,0,6,6,10
passenger1035,18,21,342,349,358,7,9,16,0
passenger1036,23,11,342,364,388,22,24,46,0
passenger1037,12,5,342,344,362,2,18,20,7
passenger1038,3,11,342,347,359,5,12,17,1
passenger1039,15,3,342,342,400,0,58,58,0
passenger1040,11,17,343,343,353,0,10,10,6
passenger1041,21,24,343,343,440,0,97,97,3
passenger1042,9,10,343,344,347,1,3,4,2
passenger1043,22,18,344,436,451,92,15,107,9
passenger1044,7,18,344,344,365,0,21,21,11
passenger1045,4,12,344,344,363,0,19,19,1
passenger1046,8,25,345,413,462,68,49,117,11
passenger1047,1,22,345,348,399,3,51,54,12
passenger1048,8,1,345,345,364,0,19,19,5
passenger1049,17,4,346,346,397,0,51,51,0
passenger1050,1,3,346,348,354,2,6,8,12
passenger1051,11,4,346,346,397,0,51,51,14
passenger1052,18,2,346,348,404,2,56,58,9
passenger1053,20,22,347,612,618,265,6,271,3
passenger1054,18,24,347,379,449,32,70,102,0
passenger1055,24,2,348,360,404,12,44,56,9
passenger1056,9,20,348,410,455,62,45,107,11
passenger1057,9,19,348,410,452,62,42,104,11
passenger1058,20,25,349,355,368,6,13,19,0
passenger1059,9,1,349,351,370,2,19,21,7
passenger1060,8,12,349,349,361,0,12,12,10
passenger1061,11,22,349,350,374,1,24,25,2
passenger1062,20,19,350,353,356,3,3,6,15
passenger1063,1,12,350,350,370,0,20,20,12
passenger1064,19,7,350,429,476,79,47,126,9
passenger1065,11,19,350,350,365,0,15,15,2
passenger1066,20,22,350,375,445,25,70,95,0
passenger1067,11,10,351,351,408,0,57,57,2
passenger1068,10,17,351,353,370,2,17,19,10
passenger1069,11,5,351,351,419,0,68,68,2
passenger1070,12,6,351,351,419,0,68,68,11
passenger1071,14,23,351,351,366,0,15,15,14
passenger1072,20,12,351,432,463,81,31,112,9
passenger1073,25,12,352,362,383,10,21,31,13
passenger1074,20,9,352,353,378,1,25,26,15
passenger1075,22,10,353,357,392,4,35,39,13
passenger1076,7,4,353,353,424,0,71,71,1
passenger1077,22,8,354,357,396,3,39,42,13
passenger1078,21,3,354,354,407,0,53,53,13
passenger1079,13,11,355,355,405,0,50,50,2
passenger1080,11,5,356,356,420,0,64,64,10
passenger1081,2,9,356,361,380,5,19,24,5
passenger1082,12,20,356,361,379,5,18,23,10
passenger1083,12,7,356,361,414,5,53,58,10
passenger1084,7,16,356,356,399,0,43,43,7
passenger1085,11,23,358,358,388,0,30,30,10
passenger1086,11,15,359,359,368,0,9,9,1
passenger1087,2,5,359,361,372,2,11,13,5
passenger1088,22,9,359,359,395,0,36,36,8
passenger1089,11,15,359,359,368,0,9,9,1
passenger1090,2,13,360,361,390,1,29,30,5
passenger1091,9,4,360,362,443,2,81,83,12
passenger1092,11,12,360,360,363,0,3,3,1
passenger1093,5,14,360,362,393,2,31,33,7
passenger1094,19,7,360,365,415,5,50,55,2
passenger1095,25,16,361,362,377,1,15,16,13
passenger1096,20,2,362,368,426,6,58,64,2
passenger1097,20,9,362,368,411,6,43,49,2
passenger1098,18,21,362,362,371,0,9,9,2
passenger1099,7,2,362,373,382,11,9,20,3
passenger1100,16,20,362,432,444,70,12,82,15
passenger1101,11,5,363,363,377,0,14,14,3
passenger1102,8,11,363,370,407,7,37,44,3
passenger1103,23,4,363,363,398,0,35,35,9
passenger1104,9,16,363,363,381,0,18,18,12
passenger1105,6,23,364,398,435,34,37,71,3
passenger1106,23,10,364,439,469,75,30,105,9
passenger1107,19,18,364,365,390,1,25,26,2
passenger1108,5,2,365,377,382,12,5,17,3
passenger1109,9,4,365,365,443,0,78,78,12
passenger1110,8,16,366,370,420,4,50,54,3
passenger1111,15,6,366,366,417,0,51,51,10
passenger1112,1,6,366,366,375,0,9,9,5
passenger1113,12,20,366,370,393,4,23,27,12
passenger1114,10,8,366,366,370,0,4,4,3
passenger1115,14,2,367,367,399,0,32,32,15
passenger1116,6,1,368,474,488,106,14,120,3
passenger1117,14,12,368,426,480,58,54,112,15
passenger1118,15,16,369,369,372,0,3,3,1
passenger1119,10,22,369,375,448,6,73,79,15
passenger1120,23,3,369,369,403,0,34,34,6
passenger1121,24,5,369,369,403,0,34,34,8
passenger1122,7,14,370,471,515,101,44,145,3
passenger1123,1,10,370,370,385,0,15,15,7
passenger1124,5,13,370,372,390,2,18,20,5
passenger1125,21,24,370,371,378,1,7,8,2
passenger1126,6,14,370,375,393,5,18,23,5
passenger1127,12,11,370,370,424,0,54,54,12
passenger1128,16,25,370,372,387,2,15,17,1
passenger1129,11,2,371,372,399,1,27,28,15
passenger1130,23,24,371,371,460,0,89,89,6
passenger1131,9,13,371,378,423,7,45,52,15
passenger1132,22,13,371,374,385,3,11,14,6
passenger1133,13,24,371,373,405,2,32,34,12
passenger1134,21,13,371,371,399,0,28,28,2
passenger1135,5,11,372,372,386,0,14,14,5
passenger1136,17,7,372,372,401,0,29,29,13
passenger1137,14,17,372,376,384,4,8,12,12
passenger1138,3,15,372,389,417,17,28,45,3
passenger1139,19,6,373,376,417,3,41,44,10
passenger1140,14,18,373,376,387,3,11,14,12
passenger1141,2,17,373,373,402,0,29,29,7
passenger1142,7,10,373,471,503,98,32,130,3
passenger1143,17,1,374,374,411,0,37,37,13
passenger1144,1,12,374,385,410,11,25,36,3
passenger1145,24,1,375,378,430,3,52,55,2
passenger1146,20,2,375,375,408,0,33,33,8
passenger1147,13,11,376,379,385,3,6,9,9
passenger1148,12,3,376,382,401,6,19,25,9
passenger1149,19,7,376,376,396,0,20,20,4
passenger1150,20,17,376,376,383,0,7,7,8
passenger1151,14,8,377,377,431,0,54,54,12
passenger1152,17,25,377,380,465,3,85,88,4
passenger1153,24,23,378,378,381,0,3,3,2
passenger1154,6,15,379,379,396,0,17,17,7
passenger1155,10,25,379,383,416,4,33,37,5
passenger1156,24,22,380,477,485,97,8,105,2
passenger1157,5,8,380,493,507,113,14,127,15
passenger1158,18,19,380,380,437,0,57,57,8
passenger1159,9,4,380,380,393,0,13,13,15
passenger1160,4,18,380,392,424,12,32,44,3
passenger1161,12,13,380,382,421,2,39,41,9
passenger1162,21,1,381,382,426,1,44,45,10
passenger1163,19,7,381,390,434,9,44,53,12
passenger1164,24,13,382,384,403,2,19,21,1
passenger1165,8,6,382,383,387,1,4,5,15
passenger1166,5,25,382,493,541,111,48,159,15
passenger1167,5,12,383,579,600,196,21,217,15
passenger1168,12,17,384,384,444,0,60,60,13
passenger1169,22,14,384,384,396,0,12,12,2
passenger1170,19,15,385,388,396,3,8,11,11
passenger1171,11,4,385,385,398,0,13,13,9
passenger1172,6,11,385,490,514,105,24,129,15
passenger1173,2,8,385,399,413,14,14,28,15
passenger1174,12,21,385,385,456,0,71,71,13
passenger1175,25,19,386,387,395,1,8,9,1
passenger1176,2,11,386,399,419,13,20,33,15
passenger1177,19,15,386,388,396,2,8,10,11
passenger1178,12,11,386,386,389,0,3,3,13
passenger1179,11,15,386,386,396,0,10,10,5
passenger1180,5,13,386,579,603,193,24,217,15
passenger1181,6,18,388,490,528,102,38,140,15
passenger1182,22,13,388,399,418,11,19,30,12
passenger1183,10,24,388,388,443,0,55,55,9
passenger1184,17,11,388,392,404,4,12,16,11
passenger1185,1,6,389,402,409,13,7,20,15
passenger1186,6,19,389,490,531,101,41,142,15
passenger1187,13,25,390,390,416,0,26,26,7
passenger1188,14,23,390,393,410,3,17,20,7
passenger1189,14,9,390,393,448,3,55,58,7
passenger1190,18,12,390,390,402,0,12,12,2
passenger1191,7,12,390,393,434,3,41,44,6
passenger1192,17,10,390,461,514,71,53,124,2
passenger1193,18,25,390,464,480,74,16,90,2
passenger1194,11,8,391,391,398,0,7,7,8
passenger1195,11,21,391,391,441,0,50,50,8
passenger1196,5,25,391,579,640,188,61,249,15
passenger1197,11,22,391,391,444,0,53,53,8
passenger1198,20,23,392,393,402,1,9,10,12
passenger1199,5,15,393,395,417,2,22,24,3
passenger1200,3,8,393,396,413,3,17,20,15
passenger1201,2,18,394,584,619,190,35,225,15
passenger1202,16,19,394,458,467,64,9,73,2
passenger1203,5,9,394,395,403,1,8,9,3
passenger1204,17,21,395,396,460,1,64,65,10
passenger1205,23,2,395,402,449,7,47,54,12
passenger1206,11,1,395,405,430,10,25,35,2
passenger1207,21,4,396,396,443,0,47,47,12
passenger1208,21,4,396,396,443,0,47,47,12
passenger1209,1,22,396,402,448,6,46,52,15
passenger1210,11,17,397,405,461,8,56,64,2
passenger1211,7,18,397,397,441,0,44,44,4
passenger1212,11,7,397,405,415,8,10,18,2
passenger1213,10,1,398,408,430,10,22,32,2
passenger1214,8,15,398,398,438,0,40,40,13
passenger1215,4,3,398,398,404,0,6,6,14
passenger1216,17,11,398,398,408,0,10,10,10
passenger1217,4,19,399,399,434,0,35,35,14
passenger1218,20,1,400,405,463,5,58,63,5
passenger1219,6,10,400,497,503,97,6,103,3
passenger1220,19,2,401,402,460,1,58,59,5
passenger1221,21,8,401,408,446,7,38,45,5
passenger1222,4,22,401,401,441,0,40,40,14
passenger1223,3,4,402,402,405,0,3,3,0
passenger1224,24,13,402,405,418,3,13,16,12
passenger1225,12,18,402,402,464,0,62,62,2
passenger1226,16,1,403,420,488,17,68,85,3
passenger1227,14,7,403,403,414,0,11,11,10
passenger1228,21,13,404,408,432,4,24,28,5
passenger1229,4,23,404,404,459,0,55,55,4
passenger1230,8,7,404,413,416,9,3,12,11
passenger1231,24,20,404,514,524,110,10,120,12
passenger1232,22,17,404,502,526,98,24,122,5
passenger1233,23,3,404,511,559,107,48,155,12
passenger1234,15,8,404,417,468,13,51,64,3
passenger1235,10,6,405,407,419,2,12,14,11
passenger1236,6,12,405,409,417,4,8,12,0
passenger1237,23,16,405,614,639,209,25,234,5
passenger1238,9,11,406,410,438,4,28,32,11
passenger1239,14,7,407,414,471,7,57,64,3
passenger1240,14,18,407,414,424,7,10,17,3
passenger1241,7,15,407,410,424,3,14,17,14
passenger1242,18,13,407,424,457,17,33,50,3
passenger1243,8,14,407,413,443,6,30,36,11
passenger1244,20,6,408,504,550,96,46,142,12
passenger1245,15,18,408,518,529,110,11,121,3
passenger1246,9,10,409,409,442,0,33,33,1
passenger1247,23,10,409,410,445,1,35,36,7
passenger1248,15,4,409,518,577,109,59,168,3
passenger1249,24,15,409,413,434,4,21,25,7
passenger1250,20,16,411,504,530,93,26,119,12
passenger1251,9,18,411,411,456,0,45,45,1
passenger1252,22,4,411,502,555,91,53,144,5
passenger1253,22,21,412,502,519,90,17,107,5
passenger1254,3,18,412,427,456,15,29,44,1
passenger1255,22,10,412,516,539,104,23,127,5
passenger1256,17,25,412,495,517,83,22,105,12
passenger1257,9,6,413,413,418,0,5,5,1
passenger1258,25,8,413,416,451,3,35,38,7
passenger1259,12,14,413,417,425,4,8,12,0
passenger1260,7,17,413,417,449,4,32,36,6
passenger1261,18,6,414,529,573,115,44,159,3
passenger1262,13,2,414,418,449,4,31,35,12
passenger1263,6,25,414,414,464,0,50,50,6
passenger1264,13,16,414,420,429,6,9,15,14
passenger1265,23,18,414,614,633,200,19,219,5
passenger1266,20,18,414,612,636,198,24,222,3
passenger1267,13,16,414,422,434,8,12,20,0
passenger1268,8,23,414,414,451,0,37,37,15
passenger1269,5,23,414,420,463,6,43,49,13
passenger1270,22,4,415,432,478,17,46,63,3
passenger1271,18,25,416,529,542,113,13,126,3
passenger1272,15,9,416,489,543,73,54,127,12
passenger1273,22,13,416,446,457,30,11,41,3
passenger1274,4,7,416,416,426,0,10,10,13
passenger1275,18,12,417,529,561,112,32,144,3
passenger1276,6,20,417,417,457,0,40,40,10
passenger1277,4,6,417,417,423,0,6,6,13
passenger1278,12,1,417,417,487,0,70,70,14
passenger1279,10,23,417,418,447,1,29,30,8
passenger1280,24,22,418,440,446,22,6,28,3
passenger1281,9,2,418,425,515,7,90,97,6
passenger1282,21,10,418,429,464,11,35,46,3
passenger1283,19,3,418,609,672,191,63,254,3
passenger1284,17,15,418,526,556,108,30,138,3
passenger1285,24,3,418,545,580,127,35,162,3
passenger1286,11,25,418,421,453,3,32,35,8
passenger1287,10,17,418,418,429,0,11,11,8
passenger1288,5,19,418,418,445,0,27,27,4
passenger1289,7,15,419,419,445,0,26,26,6
passenger1290,22,17,419,421,430,2,9,11,7
passenger1291,12,5,419,419,478,0,59,59,0
passenger1292,9,22,419,425,456,6,31,37,6
passenger1293,6,17,420,420,453,0,33,33,1
passenger1294,13,9,420,420,428,0,8,8,12
passenger1295,18,10,420,604,658,184,54,238,3
passenger1296,8,14,420,422,442,2,20,22,6
passenger1297,19,22,420,609,618,189,9,198,3
passenger1298,16,17,421,521,526,100,5,105,3
passenger1299,20,7,421,425,454,4,29,33,7
passenger1300,7,13,422,422,432,0,10,10,4
passenger1301,16,17,422,521,526,99,5,104,3
passenger1302,4,20,422,422,470,0,48,48,2
passenger1303,10,22,423,428,456,5,28,33,6
passenger1304,19,25,424,609,625,185,16,201,3
passenger1305,16,14,425,429,460,4,31,35,14
passenger1306,5,10,425,438,474,13,36,49,12
passenger1307,22,10,426,537,565,111,28,139,3
passenger1308,2,7,426,426,441,0,15,15,2
passenger1309,15,16,426,426,429,0,3,3,14
passenger1310,25,24,426,542,545,116,3,119,3
passenger1311,14,21,426,426,442,0,16,16,0
passenger1312,2,15,427,427,455,0,28,28,2
passenger1313,12,20,427,429,450,2,21,23,4
passenger1314,21,17,427,615,639,188,24,212,3
passenger1315,17,18,429,429,434,0,5,5,8
passenger1316,15,6,429,429,475,0,46,46,0
passenger1317,8,19,429,429,452,0,23,23,13
passenger1318,16,6,429,490,549,61,59,120,5
passenger1319,22,25,429,537,542,108,5,113,3
passenger1320,16,6,429,490,549,61,59,120,5
passenger1321,24,6,430,545,573,115,28,143,3
passenger1322,11,22,430,431,456,1,25,26,6
passenger1323,14,7,430,484,544,54,60,114,5
passenger1324,3,10,430,430,439,0,9,9,10
passenger1325,17,18,431,431,434,0,3,3,8
passenger1326,6,4,431,432,486,1,54,55,1
passenger1327,18,4,431,434,494,3,60,63,8
passenger1328,2,13,431,449,483,18,34,52,12
passenger1329,15,7,431,431,472,0,41,41,0
passenger1330,6,9,432,432,439,0,7,7,1
passenger1331,1,10,433,452,474,19,22,41,12
passenger1332,1,8,434,452,468,18,16,34,12
passenger1333,15,1,434,434,474,0,40,40,7
passenger1334,16,15,435,435,462,0,27,27,0
passenger1335,16,21,435,435,442,0,7,7,0
passenger1336,2,5,435,449,458,14,9,23,12
passenger1337,8,18,436,436,456,0,20,20,1
passenger1338,22,23,436,436,439,0,3,3,9
passenger1339,15,11,436,436,442,0,6,6,7
passenger1340,11,2,436,438,460,2,22,24,5
passenger1341,12,13,436,436,439,0,3,3,6
passenger1342,6,20,436,437,470,1,33,34,2
passenger1343,21,8,437,438,472,1,34,35,14
passenger1344,23,3,437,437,481,0,44,44,3
passenger1345,23,20,437,621,632,184,11,195,3
passenger1346,6,17,438,438,461,0,23,23,2
passenger1347,8,20,439,444,470,5,26,31,2
passenger1348,5,7,439,439,465,0,26,26,12
passenger1349,8,5,439,444,527,5,83,88,2
passenger1350,9,16,439,439,450,0,11,11,1
passenger1351,16,14,440,441,488,1,47,48,13
passenger1352,5,6,440,440,462,0,22,22,12
passenger1353,23,7,440,440,476,0,36,36,9
passenger1354,3,12,441,446,480,5,34,39,12
passenger1355,1,9,441,565,583,124,18,142,12
passenger1356,22,7,441,441,475,0,34,34,14
passenger1357,18,13,442,442,487,0,45,45,4
passenger1358,9,17,442,442,493,0,51,51,5
passenger1359,15,8,442,445,501,3,56,59,6
passenger1360,6,23,442,452,505,10,53,63,5
passenger1361,5,24,443,455,508,12,53,65,5
passenger1362,12,25,443,443,468,0,25,25,10
passenger1363,9,15,443,443,487,0,44,44,5
passenger1364,16,9,444,447,489,3,42,45,11
passenger1365,6,14,444,452,484,8,32,40,5
passenger1366,17,7,445,445,499,0,54,54,13
passenger1367,20,16,445,445,456,0,11,11,14
passenger1368,5,24,445,455,508,10,53,63,5
passenger1369,2,17,446,449,495,3,46,49,12
passenger1370,11,17,446,449,461,3,12,15,2
passenger1371,20,18,446,446,452,0,6,6,14
passenger1372,17,22,446,446,460,0,14,14,13
passenger1373,18,21,446,449,456,3,7,10,13
passenger1374,11,6,446,449,524,3,75,78,2
passenger1375,6,16,447,549,594,102,45,147,5
passenger1376,14,2,447,447,512,0,65,65,10
passenger1377,6,25,447,549,618,102,69,171,5
passenger1378,19,5,447,447,503,0,56,56,4
passenger1379,2,8,448,449,468,1,19,20,12
passenger1380,22,13,448,618,647,170,29,199,3
passenger1381,20,13,448,448,463,0,15,15,14
passenger1382,13,16,448,509,565,61,56,117,2
passenger1383,24,11,448,450,469,2,19,21,8
passenger1384,15,23,448,450,464,2,14,16,10
passenger1385,10,21,449,469,506,20,37,57,9
passenger1386,14,22,450,561,581,111,20,131,2
passenger1387,12,16,451,662,671,211,9,220,2
passenger1388,9,16,451,472,487,21,15,36,9
passenger1389,9,16,451,472,487,21,15,36,9
passenger1390,20,11,452,452,493,0,41,41,4
passenger1391,11,9,452,466,472,14,6,20,9
passenger1392,19,15,452,452,474,0,22,22,11
passenger1393,13,1,453,710,735,257,25,282,2
passenger1394,3,1,453,467,564,14,97,111,5
passenger1395,22,2,453,453,486,0,33,33,0
passenger1396,2,20,453,460,498,7,38,45,5
passenger1397,14,8,454,754,824,300,70,370,2
passenger1398,16,6,454,521,573,67,52,119,3
passenger1399,5,10,454,552,582,98,30,128,5
passenger1400,23,20,454,459,474,5,15,20,4
passenger1401,5,15,454,552,591,98,39,137,5
passenger1402,23,24,454,459,462,5,3,8,4
passenger1403,20,4,455,455,499,0,44,44,11
passenger1404,7,6,455,455,461,0,6,6,7
passenger1405,4,5,456,556,571,100,15,115,12
passenger1406,8,14,456,468,486,12,18,30,12
passenger1407,10,11,456,464,506,8,42,50,3
passenger1408,7,4,456,456,465,0,9,9,7
passenger1409,25,15,456,456,475,0,19,19,15
passenger1410,6,21,456,461,501,5,40,45,7
passenger1411,21,25,456,456,467,0,11,11,13
passenger1412,4,16,457,556,596,99,40,139,12
passenger1413,25,21,457,457,463,0,6,6,15
passenger1414,6,23,457,461,508,4,47,51,7
passenger1415,11,13,457,461,512,4,51,55,3
passenger1416,14,20,457,457,503,0,46,46,9
passenger1417,4,14,457,556,590,99,34,133,12
passenger1418,21,14,457,457,488,0,31,31,13
passenger1419,7,2,458,458,469,0,11,11,7
passenger1420,14,18,458,458,495,0,37,37,9
passenger1421,14,25,459,459,516,0,57,57,9
passenger1422,16,13,459,460,467,1,7,8,1
passenger1423,2,14,459,460,484,1,24,25,5
passenger1424,5,19,459,459,501,0,42,42,12
passenger1425,5,23,459,553,615,94,62,156,12
passenger1426,8,11,460,468,477,8,9,17,12
passenger1427,4,6,461,465,481,4,16,20,7
passenger1428,24,8,461,461,501,0,40,40,6
passenger1429,13,25,461,463,530,2,67,69,14
passenger1430,16,2,462,462,490,0,28,28,1
passenger1431,9,10,462,471,474,9,3,12,12
passenger1432,7,13,463,465,483,2,18,20,12
passenger1433,10,8,463,464,468,1,4,5,3
passenger1434,11,9,464,466,472,2,6,8,9
passenger1435,6,12,465,497,509,32,12,44,3
passenger1436,24,13,467,467,490,0,23,23,6
passenger1437,15,25,467,475,541,8,66,74,15
passenger1438,16,6,467,472,490,5,18,23,15
passenger1439,10,13,468,468,506,0,38,38,14
passenger1440,12,4,469,470,486,1,16,17,1
passenger1441,3,9,469,469,477,0,8,8,5
passenger1442,23,18,470,470,477,0,7,7,6
passenger1443,22,5,470,470,503,0,33,33,4
passenger1444,11,15,470,470,529,0,59,59,8
passenger1445,11,9,471,471,480,0,9,9,8
passenger1446,2,22,471,471,505,0,34,34,7
passenger1447,24,3,471,471,509,0,38,38,10
passenger1448,11,13,471,471,525,0,54,54,8
passenger1449,20,25,471,471,480,0,9,9,2
passenger1450,11,19,472,472,537,0,65,65,8
passenger1451,24,21,472,472,479,0,7,7,10
passenger1452,8,21,472,472,520,0,48,48,14
passenger1453,11,1,474,474,505,0,31,31,8
passenger1454,19,21,474,475,552,1,77,78,13
passenger1455,9,12,475,475,506,0,31,31,1
passenger1456,10,3,475,477,497,2,20,22,8
passenger1457,25,1,475,480,539,5,59,64,2
passenger1458,14,1,475,479,505,4,26,30,11
passenger1459,18,23,475,478,558,3,80,83,13
passenger1460,17,16,475,481,484,6,3,9,13
passenger1461,21,25,476,479,563,3,84,87,10
passenger1462,22,6,476,476,504,0,28,28,10
passenger1463,15,21,476,476,535,0,59,59,11
passenger1464,8,17,477,478,519,1,41,42,1
passenger1465,1,22,477,488,537,11,49,60,3
passenger1466,16,19,478,480,538,2,58,60,4
passenger1467,21,6,478,479,504,1,25,26,10
passenger1468,12,22,478,480,508,2,28,30,12
passenger1469,5,21,479,479,524,0,45,45,0
passenger1470,8,15,480,480,513,0,33,33,1
passenger1471,13,18,480,483,498,3,15,18,12
passenger1472,21,9,481,481,499,0,18,18,10
passenger1473,5,11,481,481,506,0,25,25,0
passenger1474,16,19,481,481,553,0,72,72,6
passenger1475,19,9,481,487,499,6,12,18,10
passenger1476,24,3,481,514,559,33,45,78,12
passenger1477,3,1,482,482,488,0,6,6,3
passenger1478,24,5,482,514,553,32,39,71,12
passenger1479,16,21,482,482,548,0,66,66,4
passenger1480,20,24,482,484,560,2,76,78,10
passenger1481,2,11,482,482,502,0,20,20,14
passenger1482,13,18,483,483,498,0,15,15,12
passenger1483,16,14,483,483,487,0,4,4,6
passenger1484,8,3,484,485,556,1,71,72,7
passenger1485,11,7,484,484,494,0,10,10,11
passenger1486,14,20,484,484,498,0,14,14,5
passenger1487,14,15,484,484,487,0,3,3,5
passenger1488,2,17,484,484,512,0,28,28,14
passenger1489,11,4,485,485,499,0,14,14,11
passenger1490,6,20,485,485,540,0,55,55,8
passenger1491,23,13,486,510,530,24,20,44,9
passenger1492,25,5,486,516,553,30,37,67,9
passenger1493,8,24,486,486,511,0,25,25,7
passenger1494,5,17,486,491,533,5,42,47,8
passenger1495,6,9,486,486,519,0,33,33,8
passenger1496,12,9,487,490,497,3,7,10,4
passenger1497,22,25,487,487,588,0,101,101,2
passenger1498,13,14,487,487,527,0,40,40,4
passenger1499,2,6,487,487,495,0,8,8,0
passenger1500,1,22,488,488,523,0,35,35,14
passenger1501,6,9,488,488,519,0,31,31,8
passenger1502,22,18,488,488,496,0,8,8,2
passenger1503,16,1,489,489,561,0,72,72,9
passenger1504,15,8,489,489,546,0,57,57,12
passenger1505,19,24,490,498,513,8,15,23,9
passenger1506,7,9,490,494,519,4,25,29,11
passenger1507,9,21,490,490,535,0,45,45,11
passenger1508,2,23,491,491,526,0,35,35,14
passenger1509,20,13,491,492,509,1,17,18,2
passenger1510,15,23,491,491,511,0,20,20,12
passenger1511,20,7,491,492,521,1,29,30,2
passenger1512,2,17,491,491,512,0,21,21,14
passenger1513,4,3,491,491,554,0,63,63,0
passenger1514,25,12,492,516,533,24,17,41,9
passenger1515,17,6,492,492,550,0,58,58,9
passenger1516,3,2,492,492,584,0,92,92,3
passenger1517,9,1,493,495,509,2,14,16,13
passenger1518,11,9,494,494,498,0,4,4,6
passenger1519,14,15,495,754,757,259,3,262,2
passenger1520,8,12,495,499,509,4,10,14,0
passenger1521,2,8,495,500,514,5,14,19,8
passenger1522,25,13,497,511,534,14,23,37,5
passenger1523,24,13,497,508,534,11,26,37,5
passenger1524,4,22,497,497,536,0,39,39,15
passenger1525,11,16,499,503,516,4,13,17,1
passenger1526,17,8,499,499,518,0,19,19,2
passenger1527,19,13,500,500,530,0,30,30,9
passenger1528,10,8,500,500,581,0,81,81,1
passenger1529,19,7,500,500,547,0,47,47,9
passenger1530,4,23,500,500,543,0,43,43,11
passenger1531,9,17,501,502,518,1,16,17,0
passenger1532,18,21,501,522,527,21,5,26,1
passenger1533,16,18,501,502,571,1,69,70,2
passenger1534,21,24,502,502,511,0,9,9,7
passenger1535,2,19,502,502,537,0,35,35,8
passenger1536,5,23,503,503,558,0,55,55,13
passenger1537,2,7,503,579,594,76,15,91,8
passenger1538,5,16,503,503,538,0,35,35,13
passenger1539,1,13,503,505,525,2,20,22,8
passenger1540,25,14,503,618,643,115,25,140,5
passenger1541,12,17,503,506,519,3,13,16,1
passenger1542,14,10,503,808,818,305,10,315,2
passenger1543,15,1,504,505,539,1,34,35,2
passenger1544,7,17,504,504,547,0,43,43,6
passenger1545,9,2,505,569,584,64,15,79,15
passenger1546,4,22,505,506,551,1,45,46,4
passenger1547,9,1,506,569,587,63,18,81,15
passenger1548,19,14,506,516,555,10,39,49,14
passenger1549,12,23,506,506,536,0,30,30,1
passenger1550,8,15,506,507,523,1,16,17,15
passenger1551,19,16,506,516,549,10,33,43,14
passenger1552,6,18,507,507,550,0,43,43,6
passenger1553,19,4,508,516,583,8,67,75,14
passenger1554,5,17,508,510,547,2,37,39,6
passenger1555,3,23,508,509,543,1,34,35,11
passenger1556,3,25,509,509,547,0,38,38,11
passenger1557,17,12,509,512,561,3,49,52,14
passenger1558,7,9,509,511,515,2,4,6,4
passenger1559,19,6,509,516,577,7,61,68,14
passenger1560,14,25,510,510,543,0,33,33,1
passenger1561,7,18,510,511,535,1,24,25,4
passenger1562,5,21,510,510,559,0,49,49,6
passenger1563,5,8,510,510,529,0,19,19,6
passenger1564,12,10,511,511,543,0,32,32,0
passenger1565,5,17,511,574,614,63,40,103,8
passenger1566,1,25,511,511,562,0,51,51,13
passenger1567,2,9,512,512,526,0,14,14,10
passenger1568,24,4,513,513,553,0,40,40,7
passenger1569,2,19,513,513,549,0,36,36,10
passenger1570,2,23,513,513,557,0,44,44,10
passenger1571,12,22,514,518,536,4,18,22,15
passenger1572,7,4,514,515,574,1,59,60,11
passenger1573,25,20,514,516,525,2,9,11,7
passenger1574,23,8,515,614,657,99,43,142,5
passenger1575,11,15,515,515,523,0,8,8,15
passenger1576,12,7,515,562,575,47,13,60,15
passenger1577,10,16,515,518,531,3,13,16,4
passenger1578,1,9,515,516,526,1,10,11,10
passenger1579,8,2,516,516,579,0,63,63,8
passenger1580,4,13,516,516,533,0,17,17,13
passenger1581,3,9,517,533,551,16,18,34,2
passenger1582,15,22,517,518,537,1,19,20,3
passenger1583,3,11,518,518,537,0,19,19,6
passenger1584,3,11,518,518,537,0,19,19,6
passenger1585,13,20,518,559,625,41,66,107,15
passenger1586,12,24,518,562,635,44,73,117,15
passenger1587,4,2,519,521,615,2,94,96,6
passenger1588,1,9,519,539,551,20,12,32,2
passenger1589,5,3,519,519,603,0,84,84,13
passenger1590,6,25,519,522,562,3,40,43,13
passenger1591,21,1,520,520,564,0,44,44,5
passenger1592,23,6,520,520,546,0,26,26,7
passenger1593,11,9,521,521,607,0,86,86,4
passenger1594,11,20,522,522,543,0,21,21,4
passenger1595,18,15,522,522,560,0,38,38,1
passenger1596,16,19,523,523,532,0,9,9,3
passenger1597,5,10,524,524,533,0,9,9,6
passenger1598,3,18,525,533,571,8,38,46,2
passenger1599,11,16,525,530,542,5,12,17,10
passenger1600,15,7,526,527,569,1,42,43,11
passenger1601,4,25,526,530,588,4,58,62,2
passenger1602,8,3,527,529,612,2,83,85,6
passenger1603,8,23,528,595,658,67,63,130,6
passenger1604,7,25,528,598,664,70,66,136,6
passenger1605,12,22,528,530,555,2,25,27,13
passenger1606,17,2,528,528,559,0,31,31,5
passenger1607,13,11,528,530,536,2,6,8,9
passenger1608,6,14,529,550,576,21,26,47,9
passenger1609,3,18,529,533,571,4,38,42,2
passenger1610,21,3,529,529,594,0,65,65,1
passenger1611,12,17,529,530,541,1,11,12,13
passenger1612,2,10,529,536,555,7,19,26,2
passenger1613,7,1,529,547,561,18,14,32,9
passenger1614,21,12,530,530,569,0,39,39,1
passenger1615,19,15,530,531,555,1,24,25,15
passenger1616,22,25,530,533,543,3,10,13,1
passenger1617,16,9,531,531,546,0,15,15,0
passenger1618,11,21,531,531,553,0,22,22,10
passenger1619,11,13,531,531,535,0,4,4,10
passenger1620,5,25,533,553,599,20,46,66,9
passenger1621,17,9,533,533,564,0,31,31,8
passenger1622,15,11,533,533,539,0,6,6,12
passenger1623,4,22,533,556,590,23,34,57,9
passenger1624,23,21,534,534,542,0,8,8,14
passenger1625,10,7,534,534,598,0,64,64,6
passenger1626,2,19,535,542,574,7,32,39,2
passenger1627,9,23,535,538,604,3,66,69,7
passenger1628,22,4,536,539,583,3,44,47,14
passenger1629,23,4,536,536,583,0,47,47,14
passenger1630,13,12,536,536,539,0,3,3,0
passenger1631,24,17,536,539,553,3,14,17,1
passenger1632,22,15,537,539,552,2,13,15,14
passenger1633,21,22,537,537,540,0,3,3,11
passenger1634,22,11,537,539,564,2,25,27,14
passenger1635,10,25,538,539,599,1,60,61,9
passenger1636,19,23,538,538,554,0,16,16,4
passenger1637,15,24,539,539,560,0,21,21,10
passenger1638,18,19,539,544,547,5,3,8,13
passenger1639,5,15,539,549,582,10,33,43,7
passenger1640,19,20,540,540,543,0,3,3,4
passenger1641,24,9,540,540,578,0,38,38,1
passenger1642,8,25,540,541,610,1,69,70,7
passenger1643,25,5,540,543,590,3,47,50,1
passenger1644,10,24,540,540,596,0,56,56,9
passenger1645,5,20,541,549,593,8,44,52,7
passenger1646,3,5,541,556,566,15,10,25,7
passenger1647,20,16,541,541,547,0,6,6,8
passenger1648,14,22,542,542,563,0,21,21,6
passenger1649,8,13,542,542,578,0,36,36,7
passenger1650,16,19,542,542,549,0,7,7,10
passenger1651,9,16,543,543,580,0,37,37,9
passenger1652,12,14,544,559,609,15,50,65,8
passenger1653,22,10,544,546,566,2,20,22,15
passenger1654,17,24,545,545,560,0,15,15,10
passenger1655,20,25,545,545,560,0,15,15,4
passenger1656,15,8,546,552,567,6,15,21,8
passenger1657,25,17,546,547,557,1,10,11,11
passenger1658,7,8,546,546,578,0,32,32,5
passenger1659,7,21,546,546,607,0,61,61,5
passenger1660,3,19,547,556,590,9,34,43,7
passenger1661,14,2,547,555,579,8,24,32,8
passenger1662,16,19,548,548,618,0,70,70,8
passenger1663,19,14,548,548,584,0,36,36,13
passenger1664,9,5,549,551,628,2,77,79,2
passenger1665,1,9,549,560,572,11,12,23,7
passenger1666,16,1,549,549,582,0,33,33,8
passenger1667,25,15,550,560,589,10,29,39,4
passenger1668,8,25,550,618,692,68,74,142,2
passenger1669,5,24,550,550,607,0,57,57,7
passenger1670,8,10,551,571,610,20,39,59,14
passenger1671,11,25,551,659,692,108,33,141,2
passenger1672,7,25,551,570,632,19,62,81,8
passenger1673,9,8,552,552,618,0,66,66,2
passenger1674,16,18,552,556,617,4,61,65,1
passenger1675,9,4,552,615,631,63,16,79,2
passenger1676,10,14,554,555,561,1,6,7,2
passenger1677,2,23,554,557,606,3,49,52,0
passenger1678,1,11,554,560,576,6,16,22,0
passenger1679,20,9,555,556,592,1,36,37,6
passenger1680,13,3,555,558,587,3,29,32,14
passenger1681,20,16,555,556,579,1,23,24,6
passenger1682,22,9,555,555,591,0,36,36,13
passenger1683,2,9,556,557,572,1,15,16,0
passenger1684,4,14,556,556,590,0,34,34,12
passenger1685,4,24,556,556,596,0,40,40,9
passenger1686,16,7,557,557,584,0,27,27,1
passenger1687,24,20,557,557,573,0,16,16,4
passenger1688,11,4,558,815,830,257,15,272,2
passenger1689,9,15,558,568,625,10,57,67,14
passenger1690,20,7,559,577,621,18,44,62,2
passenger1691,19,8,559,574,618,15,44,59,2
passenger1692,7,12,559,570,605,11,35,46,8
passenger1693,5,11,559,574,602,15,28,43,8
passenger1694,9,8,560,564,567,4,3,7,8
passenger1695,20,9,560,577,615,17,38,55,2
passenger1696,18,19,560,571,574,11,3,14,2
passenger1697,17,7,560,568,621,8,53,61,2
passenger1698,21,6,560,560,601,0,41,41,6
passenger1699,7,22,561,574,642,13,68,81,14
passenger1700,9,18,561,568,634,7,66,73,14
passenger1701,2,16,561,561,594,0,33,33,5
passenger1702,22,18,561,563,575,2,12,14,6
passenger1703,15,22,562,562,625,0,63,63,1
passenger1704,8,10,562,567,599,5,32,37,8
passenger1705,2,18,562,562,602,0,40,40,12
passenger1706,19,4,563,579,620,16,41,57,4
passenger1707,17,20,563,601,681,38,80,118,2
passenger1708,6,12,563,567,579,4,12,16,0
passenger1709,23,11,563,564,599,1,35,36,4
passenger1710,19,14,563,579,592,16,13,29,4
passenger1711,17,16,563,763,802,200,39,239,2
passenger1712,17,20,563,863,870,300,7,307,2
passenger1713,23,8,564,564,610,0,46,46,4
passenger1714,24,16,564,567,579,3,12,15,6
passenger1715,15,9,564,564,578,0,14,14,1
passenger1716,11,17,564,564,631,0,67,67,14
passenger1717,10,8,565,565,569,0,4,4,3
passenger1718,21,11,565,568,599,3,31,34,4
passenger1719,17,1,566,863,925,297,62,359,2
passenger1720,2,22,567,567,611,0,44,44,5
passenger1721,4,20,567,571,604,4,33,37,5
passenger1722,23,13,567,571,585,4,14,18,10
passenger1723,23,11,568,571,589,3,18,21,10
passenger1724,24,6,568,568,598,0,30,30,10
passenger1725,11,10,568,572,575,4,3,7,1
passenger1726,20,2,568,569,606,1,37,38,13
passenger1727,21,1,570,570,629,0,59,59,4
passenger1728,8,15,572,572,609,0,37,37,15
passenger1729,4,13,572,572,587,0,15,15,5
passenger1730,25,21,572,588,595,16,7,23,2
passenger1731,1,15,572,581,603,9,22,31,11
passenger1732,15,2,572,581,606,9,25,34,13
passenger1733,17,14,572,577,584,5,7,12,13
passenger1734,18,8,573,573,594,0,21,21,13
passenger1735,7,19,573,579,605,6,26,32,12
passenger1736,19,5,573,665,723,92,58,150,4
passenger1737,6,15,573,574,593,1,19,20,12
passenger1738,21,6,573,575,598,2,23,25,10
passenger1739,6,21,574,574,611,0,37,37,12
passenger1740,18,23,574,574,646,0,72,72,13
passenger1741,20,24,575,575,676,0,101,101,4
passenger1742,5,7,575,668,688,93,20,113,5
passenger1743,6,2,576,576,650,0,74,74,12
passenger1744,20,17,576,576,583,0,7,7,4
passenger1745,3,5,577,577,587,0,10,10,11
passenger1746,5,11,578,580,613,2,33,35,14
passenger1747,12,8,579,579,645,0,66,66,0
passenger1748,24,6,579,585,624,6,39,45,2
passenger1749,15,11,580,582,588,2,6,8,6
passenger1750,10,21,580,582,607,2,25,27,5
passenger1751,25,1,580,588,637,8,49,57,2
passenger1752,12,3,580,580,659,0,79,79,0
passenger1753,11,16,580,648,703,68,55,123,5
passenger1754,11,8,581,648,657,67,9,76,5
passenger1755,8,9,581,581,602,0,21,21,1
passenger1756,10,18,581,582,598,1,16,17,5
passenger1757,3,2,581,581,584,0,3,3,3
passenger1758,13,18,581,583,595,2,12,14,0
passenger1759,7,6,582,584,587,2,3,5,1
passenger1760,16,10,583,586,604,3,18,21,4
passenger1761,19,4,583,585,638,2,53,55,9
passenger1762,4,14,583,583,621,0,38,38,14
passenger1763,10,19,584,693,710,109,17,126,5
passenger1764,13,9,584,584,641,0,57,57,0
passenger1765,4,5,584,584,599,0,15,15,14
passenger1766,19,6,585,585,632,0,47,47,9
passenger1767,13,21,586,586,602,0,16,16,0
passenger1768,23,7,586,593,629,7,36,43,9
passenger1769,3,20,586,586,621,0,35,35,8
passenger1770,18,9,587,587,645,0,58,58,7
passenger1771,15,5,587,589,617,2,28,30,4
passenger1772,18,19,587,587,590,0,3,3,7
passenger1773,8,12,588,592,598,4,6,10,11
passenger1774,9,1,589,593,608,4,15,19,10
passenger1775,4,24,589,589,629,0,40,40,8
passenger1776,12,4,589,596,620,7,24,31,4
passenger1777,2,9,589,590,607,1,17,18,14
passenger1778,25,10,589,589,610,0,21,21,2
passenger1779,25,13,590,692,710,102,18,120,2
passenger1780,20,1,590,593,662,3,69,72,7
passenger1781,1,24,590,593,646,3,53,56,14
passenger1782,24,4,591,596,638,5,42,47,9
passenger1783,17,24,591,592,609,1,17,18,0
passenger1784,24,8,592,689,717,97,28,125,2
passenger1785,21,17,592,596,630,4,34,38,7
passenger1786,24,4,592,689,725,97,36,133,2
passenger1787,16,1,593,596,657,3,61,64,12
passenger1788,9,1,593,593,608,0,15,15,10
passenger1789,12,21,593,596,615,3,19,22,3
passenger1790,17,8,596,599,640,3,41,44,12
passenger1791,11,10,596,599,604,3,5,8,4
passenger1792,19,7,597,598,649,1,51,52,0
passenger1793,3,13,597,686,714,89,28,117,14
passenger1794,21,12,598,598,640,0,42,42,7
passenger1795,6,2,598,598,604,0,6,6,10
passenger1796,24,20,599,607,623,8,16,24,7
passenger1797,4,2,599,600,606,1,6,7,13
passenger1798,4,10,599,600,625,1,25,26,13
passenger1799,21,4,600,600,654,0,54,54,7
passenger1800,21,1,600,600,662,0,62,62,7
passenger1801,19,8,601,601,657,0,56,56,5
passenger1802,25,12,601,601,618,0,17,17,9
passenger1803,7,21,601,603,639,2,36,38,14
passenger1804,11,9,601,601,607,0,6,6,4
passenger1805,19,14,601,601,643,0,42,42,5
passenger1806,17,12,601,863,908,262,45,307,2
passenger1807,2,1,602,604,608,2,4,6,10
passenger1808,1,15,602,608,632,6,24,30,10
passenger1809,13,19,602,603,622,1,19,20,15
passenger1810,23,5,602,606,653,4,47,51,0
passenger1811,24,16,602,609,623,7,14,21,0
passenger1812,14,5,603,606,686,3,80,83,15
passenger1813,5,1,603,604,618,1,14,15,6
passenger1814,17,11,604,607,621,3,14,17,11
passenger1815,5,4,605,605,608,0,3,3,6
passenger1816,2,17,605,605,639,0,34,34,10
passenger1817,18,16,606,606,642,0,36,36,3
passenger1818,3,2,606,612,615,6,3,9,6
passenger1819,3,19,606,612,650,6,38,44,6
passenger1820,19,8,607,607,640,0,33,33,12
passenger1821,2,8,608,608,621,0,13,13,13
passenger1822,21,4,608,608,671,0,63,63,5
passenger1823,20,12,608,608,618,0,10,10,9
passenger1824,4,24,608,608,661,0,53,53,6
passenger1825,13,17,608,608,614,0,6,6,1
passenger1826,3,10,608,612,631,4,19,23,6
passenger1827,16,17,609,613,616,4,3,7,15
passenger1828,2,16,609,609,633,0,24,24,13
passenger1829,24,20,609,609,615,0,6,6,0
passenger1830,6,23,609,614,673,5,59,64,4
passenger1831,18,2,609,610,638,1,28,29,11
passenger1832,4,24,609,609,661,0,52,52,6
passenger1833,6,3,610,614,623,4,9,13,4
passenger1834,12,14,610,617,621,7,4,11,14
passenger1835,15,17,610,610,616,0,6,6,15
passenger1836,25,19,612,612,626,0,14,14,7
passenger1837,1,3,612,618,622,6,4,10,6
passenger1838,1,10,612,618,631,6,13,19,6
passenger1839,9,24,612,747,778,135,31,166,2
passenger1840,10,1,612,612,637,0,25,25,2
passenger1841,23,7,613,614,660,1,46,47,5
passenger1842,23,20,613,614,627,1,13,14,5
passenger1843,23,21,613,614,624,1,10,11,5
passenger1844,4,16,613,613,635,0,22,22,10
passenger1845,11,16,614,614,628,0,14,14,14
passenger1846,19,13,614,618,631,4,13,17,0
passenger1847,8,23,614,621,646,7,25,32,13
passenger1848,17,23,614,614,629,0,15,15,1
passenger1849,6,21,615,615,640,0,25,25,13
passenger1850,9,12,615,821,854,206,33,239,2
passenger1851,22,9,615,617,645,2,28,30,7
passenger1852,7,23,615,618,646,3,28,31,13
passenger1853,25,8,616,619,640,3,21,24,12
passenger1854,8,6,616,618,624,2,6,8,2
passenger1855,1,14,616,618,639,2,21,23,6
passenger1856,7,22,616,618,643,2,25,27,13
passenger1857,5,16,616,616,635,0,19,19,10
passenger1858,13,16,617,617,658,0,41,41,11
passenger1859,3,12,618,623,652,5,29,34,4
passenger1860,16,9,619,623,641,4,18,22,0
passenger1861,22,14,619,619,636,0,17,17,7
passenger1862,10,1,619,622,646,3,24,27,9
passenger1863,5,12,620,628,662,8,34,42,2
passenger1864,11,22,621,621,678,0,57,57,11
passenger1865,20,4,621,621,654,0,33,33,1
passenger1866,15,12,621,625,667,4,42,46,14
passenger1867,3,17,621,622,646,1,24,25,6
passenger1868,14,3,622,622,686,0,64,64,14
passenger1869,12,19,622,625,646,3,21,24,10
passenger1870,9,3,622,625,642,3,17,20,9
passenger1871,6,25,623,624,692,1,68,69,2
passenger1872,16,5,623,623,653,0,30,30,0
passenger1873,13,5,623,631,653,8,22,30,0
passenger1874,12,4,623,625,685,2,60,62,10
passenger1875,16,15,623,623,627,0,4,4,0
passenger1876,16,12,624,624,634,0,10,10,0
passenger1877,8,7,625,626,629,1,3,4,11
passenger1878,6,11,625,625,659,0,34,34,2
passenger1879,12,17,625,625,639,0,14,14,10
passenger1880,2,8,625,626,642,1,16,17,4
passenger1881,22,23,626,626,629,0,3,3,1
passenger1882,24,8,626,629,675,3,46,49,8
passenger1883,4,5,626,631,649,5,18,23,2
passenger1884,4,24,626,631,689,5,58,63,2
passenger1885,23,21,626,626,639,0,13,13,8
passenger1886,19,9,626,626,645,0,19,19,7
passenger1887,12,22,627,627,651,0,24,24,10
passenger1888,21,13,628,628,668,0,40,40,15
passenger1889,21,9,628,628,676,0,48,48,15
passenger1890,11,21,629,634,654,5,20,25,6
passenger1891,10,19,629,631,650,2,19,21,6
passenger1892,12,8,630,634,645,4,11,15,0
passenger1893,6,16,630,632,658,2,26,28,11
passenger1894,12,10,630,634,638,4,4,8,0
passenger1895,19,1,630,630,680,0,50,50,5
passenger1896,3,25,631,728,781,97,53,150,2
passenger1897,17,14,631,631,636,0,5,5,7
passenger1898,1,15,631,631,657,0,26,26,4
passenger1899,11,15,631,634,642,3,8,11,6
passenger1900,2,14,631,731,754,100,23,123,2
passenger1901,15,8,631,631,640,0,9,9,12
passenger1902,2,25,631,731,781,100,50,150,2
passenger1903,18,16,632,633,639,1,6,7,5
passenger1904,20,17,632,632,639,0,7,7,3
passenger1905,4,12,632,632,662,0,30,30,2
passenger1906,23,8,632,632,679,0,47,47,15
passenger1907,25,2,633,633,685,0,52,52,8
passenger1908,9,16,633,641,682,8,41,49,0
passenger1909,5,6,633,635,653,2,18,20,9
passenger1910,17,8,634,636,657,2,21,23,5
passenger1911,22,8,634,642,675,8,33,41,14
passenger1912,14,9,635,636,645,1,9,10,7
passenger1913,9,17,635,641,685,6,44,50,0
passenger1914,8,4,635,645,656,10,11,21,0
passenger1915,7,24,636,639,676,3,37,40,4
passenger1916,7,10,636,639,646,3,7,10,4
passenger1917,16,3,636,636,689,0,53,53,10
passenger1918,7,5,636,639,723,3,84,87,4
passenger1919,24,19,637,637,650,0,13,13,15
passenger1920,7,16,638,639,660,1,21,22,4
passenger1921,17,22,638,639,651,1,12,13,10
passenger1922,4,19,639,639,672,0,33,33,9
passenger1923,5,15,639,645,685,6,40,46,12
passenger1924,22,2,639,642,689,3,47,50,14
passenger1925,4,21,639,639,676,0,37,37,9
passenger1926,1,18,639,639,675,0,36,36,2
passenger1927,13,9,641,641,647,0,6,6,1
passenger1928,22,9,641,643,691,2,48,50,13
passenger1929,1,4,641,641,646,0,5,5,2
passenger1930,3,25,642,642,685,0,43,43,9
passenger1931,15,17,642,642,646,0,4,4,6
passenger1932,6,22,642,644,678,2,34,36,11
passenger1933,19,12,642,643,662,1,19,20,8
passenger1934,18,14,642,642,667,0,25,25,10
passenger1935,10,15,642,646,657,4,11,15,4
passenger1936,9,24,642,642,703,0,61,61,0
passenger1937,18,19,643,643,646,0,3,3,10
passenger1938,18,12,644,646,662,2,16,18,8
passenger1939,24,6,644,651,698,7,47,54,13
passenger1940,15,2,646,750,774,104,24,128,8
passenger1941,8,15,646,646,679,0,33,33,0
passenger1942,13,24,647,647,729,0,82,82,3
passenger1943,16,11,647,652,665,5,13,18,8
passenger1944,11,16,647,649,660,2,11,13,4
passenger1945,20,7,647,647,682,0,35,35,15
passenger1946,15,1,647,750,779,103,29,132,8
passenger1947,23,15,648,648,676,0,28,28,13
passenger1948,7,16,648,649,687,1,38,39,7
passenger1949,17,23,649,649,728,0,79,79,8
passenger1950,1,11,649,657,675,8,18,26,12
passenger1951,5,15,649,649,667,0,18,18,2
passenger1952,13,12,649,649,652,0,3,3,3
passenger1953,25,14,649,654,679,5,25,30,13
passenger1954,11,2,650,650,677,0,27,27,5
passenger1955,8,23,651,654,686,3,32,35,2
passenger1956,12,23,651,652,681,1,29,30,11
passenger1957,14,11,652,703,760,51,57,108,8
passenger1958,14,2,652,753,774,101,21,122,8
passenger1959,2,12,652,652,678,0,26,26,12
passenger1960,15,14,652,750,753,98,3,101,8
passenger1961,11,8,652,652,657,0,5,5,5
passenger1962,18,16,652,653,661,1,8,9,15
passenger1963,2,12,653,653,678,0,25,25,12
passenger1964,18,20,653,653,725,0,72,72,15
passenger1965,8,24,653,717,778,64,61,125,2
passenger1966,17,11,653,656,672,3,16,19,15
passenger1967,16,22,653,653,725,0,72,72,8
passenger1968,6,4,653,653,722,0,69,69,9
passenger1969,12,3,653,653,672,0,19,19,3
passenger1970,21,25,654,654,664,0,10,10,6
passenger1971,16,25,654,654,734,0,80,80,8
passenger1972,2,16,654,654,688,0,34,34,12
passenger1973,12,7,654,654,664,0,10,10,3
passenger1974,8,14,655,717,754,62,37,99,2
passenger1975,17,5,655,655,680,0,25,25,14
passenger1976,16,24,656,656,731,0,75,75,8
passenger1977,1,22,656,657,700,1,43,44,12
passenger1978,16,9,656,656,672,0,16,16,8
passenger1979,19,16,656,656,663,0,7,7,10
passenger1980,20,3,656,669,722,13,53,66,11
passenger1981,2,17,657,661,682,4,21,25,1
passenger1982,8,6,657,657,663,0,6,6,5
passenger1983,11,19,658,815,867,157,52,209,2
passenger1984,5,25,658,668,724,10,56,66,5
passenger1985,11,4,658,815,830,157,15,172,2
passenger1986,2,22,658,658,699,0,41,41,7
passenger1987,3,11,658,658,672,0,14,14,1
passenger1988,17,13,658,658,668,0,10,10,15
passenger1989,7,3,658,660,674,2,14,16,5
passenger1990,18,13,659,659,670,0,11,11,10
passenger1991,2,5,659,659,668,0,9,9,7
passenger1992,15,5,659,659,680,0,21,21,14
passenger1993,10,4,659,659,669,0,10,10,3
passenger1994,20,16,659,661,673,2,12,14,13
passenger1995,20,2,659,661,710,2,49,51,13
passenger1996,10,7,659,659,664,0,5,5,3
passenger1997,16,21,659,659,674,0,15,15,11
passenger1998,6,20,660,663,713,3,50,53,5
passenger1999,15,21,660,660,734,0,74,74,14
passenger2000,3,25,661,661,706,0,45,45,12
passenger2001,11,8,661,849,914,188,65,253,2
passenger2002,5,25,661,667,706,6,39,45,12
passenger2003,23,4,662,681,719,19,38,57,11
passenger2004,12,19,662,662,678,0,16,16,2
passenger2005,15,5,662,662,680,0,18,18,14
passenger2006,10,8,663,668,675,5,7,12,8
passenger2007,25,6,663,664,699,1,35,36,6
passenger2008,18,23,663,663,681,0,18,18,11
passenger2009,20,4,663,663,704,0,41,41,13
passenger2010,4,20,664,664,694,0,30,30,12
passenger2011,19,11,664,666,684,2,18,20,13
passenger2012,14,1,664,665,692,1,27,28,15
passenger2013,8,14,664,668,676,4,8,12,0
passenger2014,4,2,664,664,739,0,75,75,12
passenger2015,6,25,665,665,724,0,59,59,5
passenger2016,18,24,665,665,684,0,19,19,11
passenger2017,7,15,665,665,679,0,14,14,0
passenger2018,23,9,666,673,711,7,38,45,4
passenger2019,17,18,666,666,669,0,3,3,9
passenger2020,21,25,666,669,679,3,10,13,4
passenger2021,16,15,667,671,706,4,35,39,2
passenger2022,22,18,667,671,677,4,6,10,6
passenger2023,10,16,667,668,707,1,39,40,8
passenger2024,14,6,667,667,679,0,12,12,10
passenger2025,13,16,668,668,715,0,47,47,15
passenger2026,23,15,668,668,686,0,18,18,6
passenger2027,5,25,668,668,704,0,36,36,7
passenger2028,15,8,668,668,717,0,49,49,2
passenger2029,19,10,668,668,687,0,19,19,13
passenger2030,10,21,669,669,722,0,53,53,8
passenger2031,22,14,669,671,689,2,18,20,6
passenger2032,10,22,669,695,725,26,30,56,8
passenger2033,5,19,669,669,692,0,23,23,7
passenger2034,15,22,670,706,772,36,66,102,2
passenger2035,11,21,670,670,734,0,64,64,14
passenger2036,1,19,670,678,712,8,34,42,3
passenger2037,2,17,670,675,706,5,31,36,3
passenger2038,5,25,670,670,704,0,34,34,7
passenger2039,20,3,671,671,722,0,51,51,11
passenger2040,23,7,671,673,717,2,44,46,4
passenger2041,14,3,671,679,707,8,28,36,13
passenger2042,3,7,672,672,688,0,16,16,3
passenger2043,14,22,672,677,695,5,18,23,1
passenger2044,5,19,673,680,716,7,36,43,8
passenger2045,1,8,673,678,691,5,13,18,3
passenger2046,5,4,674,680,683,6,3,9,14
passenger2047,15,23,674,676,758,2,82,84,13
passenger2048,17,22,674,863,874,189,11,200,2
passenger2049,15,2,674,676,710,2,34,36,13
passenger2050,9,21,675,676,696,1,20,21,7
passenger2051,2,3,675,675,682,0,7,7,3
passenger2052,21,2,675,675,725,0,50,50,11
passenger2053,24,19,676,676,692,0,16,16,4
passenger2054,17,14,676,680,689,4,9,13,6
passenger2055,3,11,677,689,704,12,15,27,10
passenger2056,21,23,677,677,681,0,4,4,9
passenger2057,12,21,677,678,697,1,19,20,12
passenger2058,20,2,678,681,731,3,50,53,2
passenger2059,16,14,678,683,689,5,6,11,6
passenger2060,20,23,679,681,686,2,5,7,2
passenger2061,14,9,679,679,691,0,12,12,13
passenger2062,25,18,680,680,696,0,16,16,4
passenger2063,17,3,680,680,704,0,24,24,6
passenger2064,11,5,680,680,736,0,56,56,7
passenger2065,13,21,681,681,697,0,16,16,12
passenger2066,6,25,681,681,740,0,59,59,10
passenger2067,4,3,682,683,686,1,3,4,14
passenger2068,25,3,683,685,725,2,40,42,9
passenger2069,19,20,683,688,691,5,3,8,1
passenger2070,9,2,683,691,710,8,19,27,13
passenger2071,8,2,684,694,710,10,16,26,13
passenger2072,17,23,684,684,698,0,14,14,1
passenger2073,25,21,684,685,693,1,8,9,9
passenger2074,20,23,684,691,698,7,7,14,1
passenger2075,20,17,684,687,699,3,12,15,4
passenger2076,25,9,684,685,713,1,28,29,9
passenger2077,11,23,684,684,758,0,74,74,13
passenger2078,8,4,684,722,800,38,78,116,13
passenger2079,7,15,685,688,702,3,14,17,3
passenger2080,23,4,686,686,725,0,39,39,2
passenger2081,18,20,686,691,695,5,4,9,0
passenger2082,23,19,686,686,700,0,14,14,2
passenger2083,4,13,686,686,710,0,24,24,10
passenger2084,24,23,686,686,689,0,3,3,11
passenger2085,16,25,687,687,704,0,17,17,7
passenger2086,17,2,687,687,737,0,50,50,0
passenger2087,23,5,688,689,719,1,30,31,9
passenger2088,10,6,688,688,698,0,10,10,13
passenger2089,18,1,688,691,740,3,49,52,0
passenger2090,17,22,688,688,699,0,11,11,0
passenger2091,20,8,689,689,714,0,25,25,4
passenger2092,23,10,690,690,709,0,19,19,11
passenger2093,18,13,690,691,722,1,31,32,0
passenger2094,2,1,691,691,696,0,5,5,14
passenger2095,5,24,691,701,765,10,64,74,13
passenger2096,24,11,691,778,815,87,37,124,2
passenger2097,25,2,691,692,731,1,39,40,2
passenger2098,25,6,691,692,721,1,29,30,2
passenger2099,1,19,692,692,720,0,28,28,15
passenger2100,10,8,692,693,759,1,66,67,5
passenger2101,19,9,693,693,711,0,18,18,4
passenger2102,19,5,693,693,723,0,30,30,4
passenger2103,3,9,693,707,727,14,20,34,13
passenger2104,16,6,693,702,720,9,18,27,4
passenger2105,4,19,693,704,749,11,45,56,13
passenger2106,13,11,693,698,750,5,52,57,5
passenger2107,6,1,693,694,794,1,100,101,10
passenger2108,2,18,693,693,727,0,34,34,14
passenger2109,3,7,694,707,719,13,12,25,13
passenger2110,23,9,695,775,821,80,46,126,2
passenger2111,19,9,696,696,712,0,16,16,11
passenger2112,24,21,696,701,712,5,11,16,1
passenger2113,12,18,697,697,709,0,12,12,3
passenger2114,11,24,698,698,731,0,33,33,8
passenger2115,9,21,698,699,730,1,31,32,10
passenger2116,16,17,700,700,745,0,45,45,9
passenger2117,9,21,700,700,730,0,30,30,10
passenger2118,19,21,700,700,769,0,69,69,2
passenger2119,21,4,701,718,770,17,52,69,3
passenger2120,22,7,701,701,732,0,31,31,12
passenger2121,25,14,701,704,722,3,18,21,1
passenger2122,9,6,702,702,753,0,51,51,15
passenger2123,10,1,702,705,764,3,59,62,15
passenger2124,18,17,702,893,897,191,4,195,2
passenger2125,14,10,702,703,709,1,6,7,11
passenger2126,19,22,702,797,874,95,77,172,2
passenger2127,3,10,702,704,713,2,9,11,6
passenger2128,25,22,703,704,709,1,5,6,1
passenger2129,25,5,703,704,738,1,34,35,1
passenger2130,12,4,704,706,722,2,16,18,9
passenger2131,22,13,704,719,746,15,27,42,5
passenger2132,7,3,704,704,791,0,87,87,14
passenger2133,19,21,704,710,716,6,6,12,5
passenger2134,22,25,704,719,724,15,5,20,5
passenger2135,21,20,706,708,711,2,3,5,0
passenger2136,21,25,706,708,789,2,81,83,0
passenger2137,12,19,706,707,726,1,19,20,10
passenger2138,21,3,707,708,734,1,26,27,0
passenger2139,18,9,707,707,756,0,49,49,5
passenger2140,4,5,708,719,735,11,16,27,11
passenger2141,3,23,709,713,758,4,45,49,13
passenger2142,20,3,709,711,734,2,23,25,0
passenger2143,16,17,709,709,712,0,3,3,8
passenger2144,13,16,709,710,715,1,5,6,15
passenger2145,23,13,710,710,722,0,12,12,12
passenger2146,17,15,710,712,750,2,38,40,8
passenger2147,10,23,710,710,757,0,47,47,9
passenger2148,11,20,710,710,731,0,21,21,14
passenger2149,16,18,710,747,819,37,72,109,8
passenger2150,20,19,710,711,714,1,3,4,7
passenger2151,15,16,711,714,717,3,3,6,10
passenger2152,13,9,711,811,821,100,10,110,2
passenger2153,19,22,712,712,721,0,9,9,3
passenger2154,18,20,712,743,825,31,82,113,8
passenger2155,21,10,713,713,731,0,18,18,1
passenger2156,2,9,713,725,741,12,16,28,11
passenger2157,19,21,714,714,718,0,4,4,3
passenger2158,13,20,714,714,731,0,17,17,14
passenger2159,2,17,715,728,759,13,31,44,4
passenger2160,17,13,716,716,722,0,6,6,0
passenger2161,18,13,716,717,724,1,7,8,7
passenger2162,14,16,717,717,721,0,4,4,14
passenger2163,20,7,718,719,766,1,47,48,8
passenger2164,8,11,719,722,733,3,11,14,13
passenger2165,6,9,719,720,741,1,21,22,4
passenger2166,9,8,719,720,723,1,3,4,6
passenger2167,11,13,721,726,754,5,28,33,12
passenger2168,18,8,721,721,781,0,60,60,10
passenger2169,22,12,722,722,755,0,33,33,3
passenger2170,19,3,722,722,760,0,38,38,15
passenger2171,5,12,722,723,748,1,25,26,4
passenger2172,10,13,722,730,737,8,7,15,13
passenger2173,4,12,722,722,736,0,14,14,9
passenger2174,18,19,723,723,726,0,3,3,10
passenger2175,7,9,723,726,753,3,27,30,6
passenger2176,14,13,723,723,726,0,3,3,1
passenger2177,20,10,723,725,747,2,22,24,15
passenger2178,17,23,724,724,738,0,14,14,14
passenger2179,8,21,724,724,753,0,29,29,13
passenger2180,9,17,724,727,745,3,18,21,13
passenger2181,16,14,724,742,779,18,37,55,13
passenger2182,6,3,725,729,734,4,5,9,6
passenger2183,23,22,725,725,737,0,12,12,3
passenger2184,23,13,725,725,752,0,27,27,3
passenger2185,23,12,726,726,755,0,29,29,3
passenger2186,2,5,726,726,735,0,9,9,11
passenger2187,7,10,726,726,756,0,30,30,6
passenger2188,24,9,727,727,756,0,29,29,5
passenger2189,16,7,727,807,854,80,47,127,5
passenger2190,17,15,728,730,734,2,4,6,15
passenger2191,4,12,729,732,746,3,14,17,11
passenger2192,3,23,729,729,776,0,47,47,11
passenger2193,18,24,730,739,823,9,84,93,5
passenger2194,22,6,730,731,763,1,32,33,5
passenger2195,18,3,731,739,770,8,31,39,5
passenger2196,25,20,731,732,743,1,11,12,3
passenger2197,18,25,731,813,826,82,13,95,5
passenger2198,22,3,731,731,770,0,39,39,5
passenger2199,1,25,731,735,781,4,46,50,2
passenger2200,7,11,732,732,744,0,12,12,7
passenger2201,2,16,732,732,760,0,28,28,2
passenger2202,21,22,732,732,735,0,3,3,10
passenger2203,15,17,732,734,790,2,56,58,15
passenger2204,13,12,733,740,743,7,3,10,15
passenger2205,14,24,734,737,811,3,74,77,15
passenger2206,7,12,735,735,748,0,13,13,4
passenger2207,16,15,735,807,838,72,31,103,5
passenger2208,1,8,735,735,744,0,9,9,2
passenger2209,17,18,736,810,813,74,3,77,5
passenger2210,19,25,736,736,826,0,90,90,5
passenger2211,17,15,737,910,942,173,32,205,5
passenger2212,9,10,737,741,744,4,3,7,4
passenger2213,21,12,737,740,755,3,15,18,3
passenger2214,18,4,737,913,963,176,50,226,5
passenger2215,4,6,737,737,741,0,4,4,6
passenger2216,5,16,738,738,791,0,53,53,1
passenger2217,16,14,738,807,841,69,34,103,5
passenger2218,8,15,738,738,755,0,17,17,4
passenger2219,3,12,740,747,781,7,34,41,1
passenger2220,4,2,740,744,750,4,6,10,1
passenger2221,5,3,740,740,747,0,7,7,1
passenger2222,12,14,740,743,785,3,42,45,15
passenger2223,16,11,741,742,787,1,45,46,9
passenger2224,5,1,741,741,753,0,12,12,1
passenger2225,18,25,741,913,926,172,13,185,5
passenger2226,8,6,742,749,809,7,60,67,6
passenger2227,8,6,742,749,809,7,60,67,6
passenger2228,6,13,743,743,764,0,21,21,6
passenger2229,20,18,743,743,747,0,4,4,14
passenger2230,24,9,744,760,791,16,31,47,9
passenger2231,13,10,744,746,753,2,7,9,5
passenger2232,2,10,744,750,777,6,27,33,1
passenger2233,7,12,744,746,760,2,14,16,6
passenger2234,4,19,744,747,774,3,27,30,0
passenger2235,22,25,744,745,834,1,89,90,10
passenger2236,3,25,744,744,789,0,45,45,0
passenger2237,22,15,744,745,758,1,13,14,10
passenger2238,9,13,745,821,857,76,36,112,2
passenger2239,14,22,745,801,819,56,18,74,5
passenger2240,14,1,746,752,824,6,72,78,11
passenger2241,18,20,747,747,834,0,87,87,14
passenger2242,8,3,747,747,814,0,67,67,12
passenger2243,4,22,747,747,781,0,34,34,0
passenger2244,12,14,748,748,752,0,4,4,11
passenger2245,25,2,748,763,802,15,39,54,9
passenger2246,6,21,748,751,778,3,27,30,0
passenger2247,14,1,748,753,779,5,26,31,8
passenger2248,18,4,749,749,788,0,39,39,14
passenger2249,20,21,749,750,753,1,3,4,9
passenger2250,12,7,749,795,854,46,59,105,5
passenger2251,23,14,750,757,782,7,25,32,9
passenger2252,16,4,750,753,788,3,35,38,14
passenger2253,16,15,750,753,756,3,3,6,14
passenger2254,8,20,750,750,777,0,27,27,6
passenger2255,4,18,751,757,793,6,36,42,15
passenger2256,25,15,751,763,779,12,16,28,9
passenger2257,3,14,751,760,785,9,25,34,15
passenger2258,14,7,752,752,796,0,44,44,4
passenger2259,16,7,752,755,784,3,29,32,10
passenger2260,14,15,752,752,755,0,3,3,4
passenger2261,17,20,752,752,821,0,69,69,10
passenger2262,23,20,752,757,772,5,15,20,9
passenger2263,20,22,753,767,773,14,6,20,11
passenger2264,7,8,753,754,759,1,5,6,0
passenger2265,14,12,753,753,757,0,4,4,8
passenger2266,18,1,754,761,824,7,63,70,11
passenger2267,4,19,754,757,796,3,39,42,15
passenger2268,21,8,754,754,791,0,37,37,13
passenger2269,8,15,755,759,768,4,9,13,0
passenger2270,12,5,755,755,767,0,12,12,3
passenger2271,13,21,756,756,766,0,10,10,12
passenger2272,19,21,756,764,770,8,6,14,11
passenger2273,17,22,756,757,773,1,16,17,11
passenger2274,7,2,756,756,831,0,75,75,0
passenger2275,3,25,757,757,813,0,56,56,1
passenger2276,17,7,758,758,810,0,52,52,11
passenger2277,22,8,758,773,807,15,34,49,11
passenger2278,15,7,758,758,783,0,25,25,14
passenger2279,3,7,758,758,768,0,10,10,1
passenger2280,6,14,759,765,787,6,22,28,1
passenger2281,1,6,759,764,773,5,9,14,15
passenger2282,15,10,760,760,775,0,15,15,10
passenger2283,16,17,760,760,763,0,3,3,2
passenger2284,25,21,760,763,769,3,6,9,9
passenger2285,6,18,760,765,795,5,30,35,1
passenger2286,16,15,760,760,805,0,45,45,2
passenger2287,20,4,760,764,803,4,39,43,4
passenger2288,10,21,760,761,785,1,24,25,7
passenger2289,23,1,760,760,805,0,45,45,13
passenger2290,12,7,761,761,806,0,45,45,6
passenger2291,5,2,761,762,862,1,100,101,1
passenger2292,14,17,761,761,825,0,64,64,14
passenger2293,14,10,762,762,776,0,14,14,14
passenger2294,20,17,762,764,773,2,9,11,4
passenger2295,23,9,762,762,788,0,26,26,13
passenger2296,6,12,763,763,792,0,29,29,3
passenger2297,13,12,763,764,767,1,3,4,10
passenger2298,21,2,764,767,810,3,43,46,4
passenger2299,14,11,764,764,771,0,7,7,14
passenger2300,6,17,764,764,803,0,39,39,3
passenger2301,21,14,765,766,781,1,15,16,12
passenger2302,3,2,765,773,778,8,5,13,3
passenger2303,11,17,766,772,816,6,44,50,10
passenger2304,8,22,766,771,804,5,33,38,1
passenger2305,1,2,767,774,777,7,3,10,5
passenger2306,4,25,767,767,826,0,59,59,5
passenger2307,13,4,767,767,788,0,21,21,14
passenger2308,8,25,767,771,813,4,42,46,1
passenger2309,18,6,767,773,835,6,62,68,7
passenger2310,7,2,767,767,774,0,7,7,8
passenger2311,20,4,767,767,815,0,48,48,11
passenger2312,8,9,767,771,774,4,3,7,1
passenger2313,16,20,768,769,778,1,9,10,7
passenger2314,8,10,769,844,889,75,45,120,1
passenger2315,10,2,769,775,791,6,16,22,10
passenger2316,19,14,769,770,781,1,11,12,12
passenger2317,12,25,769,769,834,0,65,65,10
passenger2318,5,25,770,770,814,0,44,44,15
passenger2319,18,6,770,773,805,3,32,35,12
passenger2320,17,19,770,770,774,0,4,4,6
passenger2321,10,9,770,775,778,5,3,8,10
passenger2322,21,5,770,770,797,0,27,27,13
passenger2323,1,17,770,774,810,4,36,40,5
passenger2324,23,13,770,776,800,6,24,30,11
passenger2325,4,14,770,770,798,0,28,28,3
passenger2326,7,21,771,776,802,5,26,31,15
passenger2327,16,9,772,777,792,5,15,20,4
passenger2328,16,17,773,777,850,4,73,77,4
passenger2329,17,10,773,773,789,0,16,16,4
passenger2330,15,2,773,780,810,7,30,37,4
passenger2331,11,10,773,773,776,0,3,3,14
passenger2332,14,24,773,783,867,10,84,94,4
passenger2333,24,13,773,779,800,6,21,27,11
passenger2334,17,3,774,774,806,0,32,32,4
passenger2335,13,18,774,784,795,10,11,21,1
passenger2336,18,25,774,774,795,0,21,21,7
passenger2337,12,23,775,781,807,6,26,32,1
passenger2338,25,15,775,781,805,6,24,30,2
passenger2339,3,10,775,775,788,0,13,13,3
passenger2340,20,15,775,777,788,2,11,13,6
passenger2341,24,21,776,779,784,3,5,8,11
passenger2342,2,22,776,776,831,0,55,55,8
passenger2343,9,21,777,779,837,2,58,60,14
passenger2344,13,12,778,784,787,6,3,9,12
passenger2345,2,3,778,778,782,0,4,4,5
passenger2346,15,14,778,778,781,0,3,3,12
passenger2347,4,13,779,785,798,6,13,19,5
passenger2348,2,4,779,779,785,0,6,6,5
passenger2349,13,16,780,782,835,2,53,55,13
passenger2350,17,25,780,782,866,2,84,86,6
passenger2351,22,10,780,781,818,1,37,38,0
passenger2352,20,3,780,780,842,0,62,62,7
passenger2353,22,10,782,782,818,0,36,36,0
passenger2354,20,25,782,782,795,0,13,13,7
passenger2355,18,24,782,791,870,9,79,88,11
passenger2356,1,5,783,795,805,12,10,22,14
passenger2357,16,14,783,785,791,2,6,8,6
passenger2358,4,18,783,784,819,1,35,36,8
passenger2359,2,25,784,791,834,7,43,50,10
passenger2360,4,12,784,784,807,0,23,23,8
passenger2361,21,13,784,784,800,0,16,16,11
passenger2362,19,18,785,788,791,3,3,6,11
passenger2363,24,12,785,786,812,1,26,27,0
passenger2364,25,13,785,789,809,4,20,24,0
passenger2365,23,19,785,785,797,0,12,12,2
passenger2366,4,17,786,786,816,0,30,30,8
passenger2367,22,4,786,788,830,2,42,44,2
passenger2368,21,3,787,787,842,0,55,55,7
passenger2369,22,20,787,788,792,1,4,5,2
passenger2370,4,19,788,788,822,0,34,34,8
passenger2371,3,15,788,791,819,3,28,31,14
passenger2372,24,6,789,792,835,3,43,46,7
passenger2373,5,11,789,792,804,3,12,15,8
passenger2374,10,2,789,789,810,0,21,21,4
passenger2375,12,7,789,789,802,0,13,13,12
passenger2376,4,7,789,789,798,0,9,9,8
passenger2377,1,23,790,794,828,4,34,38,10
passenger2378,25,10,791,791,818,0,27,27,0
passenger2379,22,12,792,805,831,13,26,39,15
passenger2380,23,5,792,808,844,16,36,52,15
passenger2381,8,19,792,792,840,0,48,48,13
passenger2382,6,21,792,795,828,3,33,36,8
passenger2383,11,12,792,792,839,0,47,47,12
passenger2384,20,1,793,793,835,0,42,42,2
passenger2385,19,20,793,796,799,3,3,6,15
passenger2386,21,25,794,802,814,8,12,20,15
passenger2387,20,14,794,794,808,0,14,14,2
passenger2388,12,10,794,794,812,0,18,18,3
passenger2389,21,10,794,797,818,3,21,24,0
passenger2390,15,3,795,796,818,1,22,23,11
passenger2391,8,7,796,797,802,1,5,6,12
passenger2392,11,13,796,796,834,0,38,38,6
passenger2393,18,11,796,796,837,0,41,41,1
passenger2394,4,14,797,798,828,1,30,31,9
passenger2395,2,22,798,798,840,0,42,42,14
passenger2396,20,6,798,800,825,2,25,27,0
passenger2397,7,1,798,798,816,0,18,18,4
passenger2398,10,1,798,799,818,1,19,20,6
passenger2399,24,4,798,798,839,0,41,41,7
passenger2400,17,15,799,863,903,64,40,104,2
passenger2401,6,21,799,801,824,2,23,25,10
passenger2402,3,23,799,801,843,2,42,44,14
passenger2403,19,16,799,867,900,68,33,101,2
passenger2404,22,11,799,803,824,4,21,25,7
passenger2405,8,4,799,799,811,0,12,12,12
passenger2406,24,11,799,799,824,0,25,25,7
passenger2407,21,9,801,801,841,0,40,40,1
passenger2408,24,22,802,811,819,9,8,17,15
passenger2409,8,13,803,803,834,0,31,31,6
passenger2410,20,6,803,807,835,4,28,32,7
passenger2411,1,8,803,805,818,2,13,15,9
passenger2412,15,4,804,804,861,0,57,57,5
passenger2413,9,23,804,806,828,2,22,24,10
passenger2414,2,11,805,810,836,5,26,31,4
passenger2415,1,5,805,805,811,0,6,6,9
passenger2416,3,21,806,806,860,0,54,54,4
passenger2417,4,14,806,811,844,5,33,38,12
passenger2418,18,16,806,811,815,5,4,9,7
passenger2419,17,9,806,910,952,104,42,146,5
passenger2420,23,2,807,807,862,0,55,55,1
passenger2421,3,22,807,807,863,0,56,56,4
passenger2422,2,5,807,810,826,3,16,19,4
passenger2423,5,1,808,808,818,0,10,10,12
passenger2424,3,15,809,809,832,0,23,23,13
passenger2425,17,3,809,996,1022,187,26,213,5
passenger2426,24,3,810,810,859,0,49,49,1
passenger2427,18,21,810,937,1002,127,65,192,5
passenger2428,14,13,811,811,846,0,35,35,8
passenger2429,3,7,811,811,817,0,6,6,13
passenger2430,22,9,811,819,850,8,31,39,5
passenger2431,1,19,811,816,854,5,38,43,4
passenger2432,18,2,811,811,845,0,34,34,7
passenger2433,2,3,812,812,820,0,8,8,4
passenger2434,2,16,812,812,847,0,35,35,4
passenger2435,4,16,813,813,841,0,28,28,6
passenger2436,5,25,813,813,847,0,34,34,9
passenger2437,19,10,813,934,949,121,15,136,5
passenger2438,11,2,813,815,831,2,16,18,0
passenger2439,2,14,813,813,843,0,30,30,4
passenger2440,1,16,814,916,933,102,17,119,4
passenger2441,10,4,815,815,828,0,13,13,3
passenger2442,14,19,815,816,829,1,13,14,14
passenger2443,5,14,816,824,856,8,32,40,3
passenger2444,22,7,817,818,847,1,29,30,1
passenger2445,21,19,817,821,825,4,4,8,1
passenger2446,11,23,818,823,843,5,20,25,9
passenger2447,25,6,818,826,857,8,31,39,5
passenger2448,25,1,819,826,872,7,46,53,5
passenger2449,4,2,819,823,913,4,90,94,4
passenger2450,10,24,819,819,873,0,54,54,0
passenger2451,16,3,820,822,887,2,65,67,14
passenger2452,13,10,820,820,827,0,7,7,7
passenger2453,12,7,820,867,924,47,57,104,7
passenger2454,6,24,820,821,873,1,52,53,3
passenger2455,14,11,820,828,877,8,49,57,9
passenger2456,2,20,820,821,864,1,43,44,11
passenger2457,12,10,820,867,917,47,50,97,7
passenger2458,17,4,821,825,884,4,59,63,14
passenger2459,14,22,822,829,845,7,16,23,13
passenger2460,12,1,823,867,936,44,69,113,7
passenger2461,6,2,824,825,831,1,6,7,0
passenger2462,13,10,824,825,869,1,44,45,13
passenger2463,4,18,824,907,937,83,30,113,4
passenger2464,5,9,825,825,849,0,24,24,3
passenger2465,25,2,826,826,869,0,43,43,5
passenger2466,7,8,826,826,831,0,5,5,12
passenger2467,13,7,826,826,876,0,50,50,13
passenger2468,25,1,826,826,872,0,46,46,5
passenger2469,24,14,827,831,856,4,25,29,10
passenger2470,1,3,827,833,837,6,4,10,3
passenger2471,3,8,827,828,839,1,11,12,11
passenger2472,9,17,827,828,844,1,16,17,6
passenger2473,8,19,828,831,855,3,24,27,12
passenger2474,8,7,828,831,907,3,76,79,12
passenger2475,7,9,828,828,834,0,6,6,12
passenger2476,21,7,828,828,854,0,26,26,8
passenger2477,7,24,828,828,866,0,38,38,12
passenger2478,17,5,829,829,851,0,22,22,1
passenger2479,22,5,830,921,960,91,39,130,5
passenger2480,5,12,831,832,849,1,17,18,11
passenger2481,18,5,831,834,889,3,55,58,9
passenger2482,19,4,831,831,884,0,53,53,14
passenger2483,20,3,831,834,887,3,53,56,14
passenger2484,12,17,831,831,878,0,47,47,15
passenger2485,7,16,832,832,877,0,45,45,7
passenger2486,18,17,832,834,859,2,25,27,9
passenger2487,10,20,833,833,857,0,24,24,4
passenger2488,19,9,834,934,952,100,18,118,5
passenger2489,19,23,834,837,843,3,6,9,9
passenger2490,21,19,834,834,838,0,4,4,8
passenger2491,20,21,834,834,837,0,3,3,14
passenger2492,8,19,834,839,861,5,22,27,11
passenger2493,5,9,834,834,842,0,8,8,11
passenger2494,24,8,835,846,874,11,28,39,14
passenger2495,22,11,835,840,867,5,27,32,14
passenger2496,6,3,835,835,842,0,7,7,7
passenger2497,14,12,837,837,895,0,58,58,6
passenger2498,13,2,837,840,913,3,73,76,4
passenger2499,7,1,838,838,850,0,12,12,15
passenger2500,8,24,838,839,873,1,34,35,0
passenger2501,4,18,838,840,865,2,25,27,3
passenger2502,1,15,838,848,874,10,26,36,7
passenger2503,24,9,839,846,871,7,25,32,14
passenger2504,5,15,839,843,859,4,16,20,3
passenger2505,7,23,840,840,888,0,48,48,15
passenger2506,22,17,840,840,857,0,17,17,14
passenger2507,16,19,840,841,848,1,7,8,6
passenger2508,12,25,840,840,869,0,29,29,12
passenger2509,9,1,840,841,865,1,24,25,1
passenger2510,18,17,842,843,847,1,4,5,10
passenger2511,25,10,843,847,880,4,33,37,9
passenger2512,11,15,843,846,854,3,8,11,0
passenger2513,10,20,843,843,863,0,20,20,0
passenger2514,11,20,844,846,863,2,17,19,0
passenger2515,11,6,844,846,899,2,53,55,0
passenger2516,25,14,844,847,868,3,21,24,9
passenger2517,18,15,844,844,853,0,9,9,10
passenger2518,9,25,845,845,879,0,34,34,2
passenger2519,10,25,845,845,875,0,30,30,11
passenger2520,11,1,845,846,872,1,26,27,5
passenger2521,1,25,846,848,898,2,50,52,7
passenger2522,14,10,846,846,902,0,56,56,12
passenger2523,21,16,846,854,883,8,29,37,6
passenger2524,17,18,847,847,918,0,71,71,10
passenger2525,5,3,848,851,859,3,8,11,1
passenger2526,19,1,848,848,914,0,66,66,6
passenger2527,18,4,848,851,884,3,33,36,13
passenger2528,7,18,850,854,913,4,59,63,5
passenger2529,16,20,850,850,858,0,8,8,12
passenger2530,16,2,850,850,886,0,36,36,10
passenger2531,21,6,850,851,878,1,27,28,14
passenger2532,4,22,850,856,920,6,64,70,1
passenger2533,5,14,850,851,900,1,49,50,1
passenger2534,13,20,850,850,863,0,13,13,0
passenger2535,2,3,851,851,854,0,3,3,7
passenger2536,11,12,851,851,854,0,3,3,2
passenger2537,20,16,851,851,883,0,32,32,6
passenger2538,4,25,851,857,898,6,41,47,7
passenger2539,12,25,852,854,879,2,25,27,2
passenger2540,25,2,852,866,911,14,45,59,6
passenger2541,13,11,852,852,905,0,53,53,11
passenger2542,13,8,853,853,910,0,57,57,11
passenger2543,14,13,853,856,859,3,3,6,10
passenger2544,5,8,853,853,881,0,28,28,1
passenger2545,4,22,854,855,885,1,30,31,15
passenger2546,17,10,854,854,869,0,15,15,13
passenger2547,10,2,855,868,886,13,18,31,10
passenger2548,8,24,855,863,891,8,28,36,15
passenger2549,1,4,855,865,871,10,6,16,1
passenger2550,22,14,855,857,889,2,32,34,6
passenger2551,1,13,855,865,897,10,32,42,1
passenger2552,19,9,855,855,883,0,28,28,9
passenger2553,10,16,856,868,914,12,46,58,10
passenger2554,15,23,856,856,870,0,14,14,0
passenger2555,7,4,857,857,928,0,71,71,8
passenger2556,17,14,857,857,862,0,5,5,14
passenger2557,9,18,858,861,882,3,21,24,8
passenger2558,10,5,858,864,925,6,61,67,8
passenger2559,14,11,859,859,864,0,5,5,13
passenger2560,11,12,860,867,870,7,3,10,8
passenger2561,23,6,860,860,905,0,45,45,6
passenger2562,7,15,860,860,872,0,12,12,15
passenger2563,2,4,860,862,871,2,9,11,1
passenger2564,15,13,860,860,892,0,32,32,3
passenger2565,17,3,861,861,895,0,34,34,9
passenger2566,22,13,862,862,897,0,35,35,12
passenger2567,4,8,862,862,893,0,31,31,5
passenger2568,6,12,862,878,904,16,26,42,10
passenger2569,12,11,862,862,865,0,3,3,10
passenger2570,12,23,862,862,927,0,65,65,10
passenger2571,24,13,862,863,892,1,29,30,6
passenger2572,25,21,862,866,872,4,6,10,6
passenger2573,21,6,863,866,899,3,33,36,0
passenger2574,11,9,863,864,872,1,8,9,13
passenger2575,3,2,863,865,869,2,4,6,5
passenger2576,16,11,864,864,877,0,13,13,9
passenger2577,21,17,864,866,882,2,16,18,0
passenger2578,3,21,866,866,918,0,52,52,5
passenger2579,13,15,866,870,874,4,4,8,7
passenger2580,25,17,866,866,880,0,14,14,6
passenger2581,1,5,866,866,874,0,8,8,1
passenger2582,11,1,866,866,889,0,23,23,13
passenger2583,5,20,867,881,922,14,41,55,10
passenger2584,4,5,867,884,895,17,11,28,13
passenger2585,13,3,867,871,895,4,24,28,9
passenger2586,7,24,869,875,930,6,55,61,10
passenger2587,16,25,869,875,898,6,23,29,15
passenger2588,9,16,869,872,912,3,40,43,13
passenger2589,6,10,869,877,889,8,12,20,1
passenger2590,5,21,870,874,917,4,43,47,1
passenger2591,5,6,870,874,877,4,3,7,1
passenger2592,12,11,870,870,917,0,47,47,8
passenger2593,8,9,871,874,903,3,29,32,14
passenger2594,8,23,871,872,927,1,55,56,10
passenger2595,15,23,871,872,888,1,16,17,15
passenger2596,25,17,871,871,885,0,14,14,12
passenger2597,21,3,872,872,910,0,38,38,4
passenger2598,24,13,872,872,901,0,29,29,11
passenger2599,18,7,872,883,902,11,19,30,4
passenger2600,3,23,872,953,975,81,22,103,10
passenger2601,12,4,873,874,892,1,18,19,9
passenger2602,17,2,873,878,937,5,59,64,15
passenger2603,12,18,873,874,926,1,52,53,9
passenger2604,19,12,873,880,893,7,13,20,4
passenger2605,10,21,873,880,933,7,53,60,9
passenger2606,5,2,873,874,960,1,86,87,1
passenger2607,4,21,874,884,919,10,35,45,14
passenger2608,12,1,874,874,899,0,25,25,9
passenger2609,5,1,874,874,963,0,89,89,1
passenger2610,21,12,874,874,893,0,19,19,4
passenger2611,2,6,874,890,896,16,6,22,14
passenger2612,16,15,874,875,912,1,37,38,15
passenger2613,21,1,874,874,916,0,42,42,4
passenger2614,2,1,875,875,972,0,97,97,5
passenger2615,10,19,875,880,929,5,49,54,9
passenger2616,17,6,875,878,929,3,51,54,15
passenger2617,17,5,876,877,925,1,48,49,8
passenger2618,19,11,876,876,898,0,22,22,6
passenger2619,2,10,876,876,899,0,23,23,5
passenger2620,20,18,876,877,883,1,6,7,4
passenger2621,7,19,877,877,917,0,40,40,13
passenger2622,10,12,877,880,916,3,36,39,9
passenger2623,3,25,877,879,926,2,47,49,5
passenger2624,21,5,877,877,911,0,34,34,12
passenger2625,15,20,877,886,937,9,51,60,6
passenger2626,13,6,878,892,905,14,13,27,6
passenger2627,25,7,878,879,917,1,38,39,2
passenger2628,9,10,878,884,889,6,5,11,1
passenger2629,23,13,878,881,901,3,20,23,11
passenger2630,18,23,878,882,897,4,15,19,8
passenger2631,24,22,878,878,884,0,6,6,11
passenger2632,23,24,879,881,944,2,63,65,11
passenger2633,25,17,879,879,897,0,18,18,2
passenger2634,4,3,879,884,887,5,3,8,14
passenger2635,20,8,879,879,908,0,29,29,3
passenger2636,21,24,879,879,932,0,53,53,12
passenger2637,17,20,879,879,890,0,11,11,8
passenger2638,7,11,879,879,905,0,26,26,13
passenger2639,25,21,880,880,886,0,6,6,2
passenger2640,6,24,880,880,924,0,44,44,14
passenger2641,13,22,880,892,941,12,49,61,6
passenger2642,14,16,880,889,931,9,42,51,6
passenger2643,5,9,881,881,899,0,18,18,10
passenger2644,19,22,881,882,887,1,5,6,7
passenger2645,3,2,881,881,969,0,88,88,5
passenger2646,18,12,882,883,898,1,15,16,3
passenger2647,22,2,882,884,920,2,36,38,11
passenger2648,9,1,882,883,899,1,16,17,9
passenger2649,18,22,884,884,894,0,10,10,8
passenger2650,4,9,884,884,896,0,12,12,5
passenger2651,22,2,884,884,920,0,36,36,11
passenger2652,24,23,885,891,902,6,11,17,15
passenger2653,4,18,885,885,913,0,28,28,5
passenger2654,1,13,886,889,907,3,18,21,10
passenger2655,2,14,886,886,910,0,24,24,10
passenger2656,9,18,886,886,908,0,22,22,1
passenger2657,23,13,886,888,916,2,28,30,15
passenger2658,17,16,887,887,890,0,3,3,12
passenger2659,25,6,887,898,927,11,29,40,7
passenger2660,6,10,887,906,912,19,6,25,9
passenger2661,19,22,887,887,894,0,7,7,8
passenger2662,7,3,888,890,966,2,76,78,5
passenger2663,16,15,888,890,893,2,3,5,12
passenger2664,10,5,888,889,955,1,66,67,1
passenger2665,22,19,888,888,906,0,18,18,7
passenger2666,15,7,888,888,911,0,23,23,3
passenger2667,11,2,889,892,909,3,17,20,0
passenger2668,7,12,889,956,987,67,31,98,5
passenger2669,11,3,889,892,906,3,14,17,0
passenger2670,24,7,889,891,926,2,35,37,15
passenger2671,13,12,889,890,893,1,3,4,4
passenger2672,12,22,889,889,931,0,42,42,0
passenger2673,19,22,890,890,948,0,58,58,2
passenger2674,10,7,890,890,951,0,61,61,1
passenger2675,11,15,890,893,903,3,10,13,1
passenger2676,9,12,890,896,903,6,7,13,5
passenger2677,4,15,890,892,921,2,29,31,9
passenger2678,18,14,890,890,898,0,8,8,11
passenger2679,22,25,891,894,901,3,7,10,8
passenger2680,23,3,891,891,932,0,41,41,7
passenger2681,23,9,892,892,920,0,28,28,7
passenger2682,12,11,892,898,901,6,3,9,3
passenger2683,8,22,893,893,921,0,28,28,5
passenger2684,16,25,893,894,947,1,53,54,11
passenger2685,24,11,893,893,920,0,27,27,15
passenger2686,19,13,893,911,937,18,26,44,1
passenger2687,13,19,894,894,925,0,31,31,3
passenger2688,18,23,894,894,951,0,57,57,2
passenger2689,20,16,894,914,932,20,18,38,1
passenger2690,23,3,894,894,932,0,38,38,7
passenger2691,20,10,894,914,946,20,32,52,1
passenger2692,11,20,894,943,986,49,43,92,1
passenger2693,7,23,894,899,923,5,24,29,13
passenger2694,13,9,895,895,905,0,10,10,3
passenger2695,9,11,895,952,984,57,32,89,5
passenger2696,24,3,895,895,934,0,39,39,15
passenger2697,13,21,895,895,929,0,34,34,3
passenger2698,12,15,896,940,979,44,39,83,1
passenger2699,9,4,897,898,907,1,9,10,4
passenger2700,16,23,897,900,951,3,51,54,2
passenger2701,14,11,897,898,905,1,7,8,11
passenger2702,4,24,897,903,935,6,32,38,0
passenger2703,22,23,897,920,923,23,3,26,1
passenger2704,9,16,897,952,993,55,41,96,5
passenger2705,11,6,898,898,905,0,7,7,6
passenger2706,6,10,898,898,906,0,8,8,14
passenger2707,14,4,898,898,916,0,18,18,11
passenger2708,18,12,899,908,940,9,32,41,1
