id,source,dest,submit_tick,pickup_tick,dropoff_tick,wait_time,travel_time,total_time,elevator
passenger1,16,1,0,27,62,27,35,62,0
passenger2,6,1,0,5,56,5,51,56,1
passenger3,8,1,0,9,64,9,55,64,2
passenger4,7,1,0,6,63,6,57,63,3
passenger5,10,1,1,13,62,12,49,61,0
passenger6,17,1,1,80,118,79,38,117,1
passenger7,11,1,1,16,64,15,48,63,2
passenger8,9,1,1,13,63,12,50,62,3
passenger9,14,1,2,21,62,19,41,60,0
passenger10,16,1,2,25,56,23,31,54,1
passenger11,2,1,2,3,6,1,3,4,4
passenger12,23,1,2,796,826,794,30,824,2
passenger13,23,1,2,585,613,583,28,611,3
passenger14,16,1,3,27,62,24,35,59,0
passenger15,15,1,4,22,56,18,34,52,1
passenger16,18,1,4,29,64,25,35,60,2
passenger17,12,1,4,18,63,14,45,59,3
passenger18,10,1,4,13,62,9,49,58,0
passenger19,10,1,4,11,56,7,45,52,1
passenger20,5,1,4,4,64,0,60,60,2
passenger21,22,1,4,465,494,461,29,490,3
passenger22,9,1,5,10,62,5,52,57,0
passenger23,8,1,6,10,63,4,53,57,3
passenger24,25,1,6,807,833,801,26,827,0
passenger25,14,1,6,22,63,16,41,57,3
passenger26,16,1,6,27,62,21,35,56,0
passenger27,7,1,7,7,63,0,56,56,3
passenger28,8,1,7,7,62,0,55,55,0
passenger29,19,1,8,92,128,84,36,120,0
passenger30,12,1,8,17,62,9,45,54,0
passenger31,5,1,9,15,54,6,39,45,4
passenger32,22,1,9,210,239,201,29,230,1
passenger33,11,1,9,16,64,7,48,55,2
passenger34,18,1,9,83,118,74,35,109,1
passenger35,10,1,9,13,64,4,51,55,2
passenger36,15,1,10,22,56,12,34,46,1
passenger37,20,1,10,151,182,141,31,172,1
passenger38,23,1,10,273,301,263,28,291,1
passenger39,6,1,10,18,54,8,36,44,4
passenger40,18,1,11,83,118,72,35,107,1
passenger41,23,1,12,273,301,261,28,289,1
passenger42,17,1,12,80,118,68,38,106,1
passenger43,5,1,12,15,54,3,39,42,4
passenger44,6,1,12,18,54,6,36,42,4
passenger45,6,1,12,18,54,6,36,42,4
passenger46,4,1,12,12,54,0,42,42,4
passenger47,20,1,13,33,64,20,31,51,2
passenger48,25,1,13,985,1011,972,26,998,2
passenger49,14,1,14,19,56,5,37,42,1
passenger50,16,1,14,25,56,11,31,42,1
passenger51,20,1,14,95,126,81,31,112,2
passenger52,11,1,14,14,56,0,42,42,1
passenger53,13,1,14,20,64,6,44,50,2
passenger54,16,1,16,85,128,69,43,112,0
passenger55,9,1,16,68,118,52,50,102,4
passenger56,3,1,17,19,25,2,6,8,5
passenger57,15,1,17,24,62,7,38,45,0
passenger58,21,1,18,35,63,17,28,45,3
passenger59,3,1,18,19,25,1,6,7,5
passenger60,7,1,18,21,54,3,33,36,4
passenger61,8,1,19,24,54,5,30,35,4
passenger62,21,1,19,206,239,187,33,220,1
passenger63,14,1,19,19,56,0,37,37,1
passenger64,14,1,19,19,56,0,37,37,1
passenger65,17,1,21,88,128,67,40,107,0
passenger66,8,1,21,24,54,3,30,33,4
passenger67,19,1,22,29,63,7,34,41,3
passenger68,2,1,22,22,25,0,3,3,5
passenger69,4,1,23,28,80,5,52,57,6
passenger70,21,1,23,340,368,317,28,345,3
passenger71,17,1,23,26,64,3,38,41,2
passenger72,6,1,24,32,80,8,48,56,6
passenger73,12,1,24,77,118,53,41,94,4
passenger74,3,1,25,25,80,0,55,55,6
passenger75,18,1,25,29,64,4,35,39,2
passenger76,20,1,25,95,126,70,31,101,2
passenger77,8,1,25,25,54,0,29,29,4
passenger78,10,1,26,71,118,45,47,92,4
passenger79,7,1,26,35,80,9,45,54,6
passenger80,11,1,26,74,118,48,44,92,4
passenger81,8,1,26,65,118,39,53,92,4
passenger82,7,1,26,35,80,9,45,54,6
passenger83,12,1,27,77,118,50,41,91,4
passenger84,22,1,27,465,494,438,29,467,3
passenger85,20,1,27,32,63,5,31,36,3
passenger86,9,1,28,68,118,40,50,90,4
passenger87,24,1,28,958,985,930,27,957,3
passenger88,7,1,28,35,80,7,45,52,6
passenger89,23,1,28,585,613,557,28,585,3
passenger90,9,1,29,94,141,65,47,112,6
passenger91,14,1,29,81,118,52,37,89,4
passenger92,6,1,29,32,80,3,48,51,6
passenger93,20,1,29,32,63,3,31,34,3
passenger94,9,1,30,94,141,64,47,111,6
passenger95,22,1,31,210,239,179,29,208,1
passenger96,3,1,31,33,92,2,59,61,5
passenger97,14,1,32,137,180,105,43,148,4
passenger98,5,1,32,38,92,6,54,60,5
passenger99,23,1,33,273,301,240,28,268,1
passenger100,12,1,33,77,118,44,41,85,4
passenger101,18,1,33,147,180,114,33,147,4
passenger102,23,1,33,397,425,364,28,392,1
passenger103,14,1,34,137,180,103,43,146,4
passenger104,3,1,34,34,92,0,58,58,5
passenger105,7,1,34,35,80,1,45,46,6
passenger106,7,1,35,35,80,0,45,45,6
passenger107,23,1,35,420,448,385,28,413,0
passenger108,23,1,35,420,448,385,28,413,0
passenger109,13,1,35,157,203,122,46,168,6
passenger110,23,1,35,420,448,385,28,413,0
passenger111,7,1,36,36,80,0,44,44,6
passenger112,18,1,36,201,242,165,41,206,4
passenger113,11,1,36,100,141,64,41,105,6
passenger114,7,1,37,88,141,51,53,104,6
passenger115,8,1,37,91,141,54,50,104,6
passenger116,12,1,37,154,203,117,49,166,6
passenger117,10,1,37,97,141,60,44,104,6
passenger118,7,1,38,42,92,4,50,54,5
passenger119,10,1,38,51,92,13,41,54,5
passenger120,5,1,38,38,92,0,54,54,5
passenger121,25,1,38,934,960,896,26,922,0
passenger122,11,1,38,106,152,68,46,114,5
passenger123,4,1,39,42,49,3,7,10,7
passenger124,15,1,39,140,180,101,40,141,4
passenger125,23,1,40,420,448,380,28,408,0
passenger126,10,1,40,97,141,57,44,101,6
passenger127,22,1,40,99,128,59,29,88,0
passenger128,16,1,40,75,118,35,43,78,1
passenger129,19,1,41,92,128,51,36,87,0
passenger130,9,1,41,48,92,7,44,51,5
passenger131,2,1,41,42,45,1,3,4,8
passenger132,10,1,42,103,152,61,49,110,5
passenger133,24,1,42,426,453,384,27,411,6
passenger134,20,1,43,95,128,52,33,85,0
passenger135,20,1,43,95,124,52,29,81,3
passenger136,23,1,43,297,325,254,28,282,6
passenger137,10,1,43,103,152,60,49,109,5
passenger138,9,1,43,48,92,5,44,49,5
passenger139,24,1,43,426,453,383,27,410,6
passenger140,15,1,43,161,203,118,42,160,6
passenger141,9,1,44,48,92,4,44,48,5
passenger142,8,1,44,45,92,1,47,48,5
passenger143,23,1,44,297,325,253,28,281,6
passenger144,3,1,45,45,49,0,4,4,7
passenger145,3,1,45,45,49,0,4,4,7
passenger146,19,1,45,92,124,47,32,79,3
passenger147,2,1,46,48,51,2,3,5,8
passenger148,6,1,46,54,108,8,54,62,9
passenger149,25,1,47,548,574,501,26,527,6
passenger150,12,1,47,109,152,62,43,105,5
passenger151,19,1,47,225,263,178,38,216,6
passenger152,13,1,48,78,128,30,50,80,0
passenger153,4,1,48,49,108,1,59,60,9
passenger154,6,1,48,54,108,6,54,60,9
passenger155,20,1,48,228,263,180,35,215,6
passenger156,4,1,50,50,108,0,58,58,9
passenger157,16,1,51,117,152,66,35,101,5
passenger158,10,1,51,103,152,52,49,101,5
passenger159,10,1,52,103,152,51,49,100,5
passenger160,24,1,52,484,511,432,27,459,6
passenger161,16,1,52,117,152,65,35,100,5
passenger162,16,1,52,117,152,65,35,100,5
passenger163,10,1,53,73,128,20,55,75,0
passenger164,11,1,53,75,124,22,49,71,3
passenger165,18,1,54,175,210,121,35,156,5
passenger166,2,1,54,55,76,1,21,22,7
passenger167,7,1,54,57,108,3,51,54,9
passenger168,16,1,54,169,210,115,41,156,5
passenger169,16,1,55,169,210,114,41,155,5
passenger170,4,1,55,61,76,6,15,21,7
passenger171,20,1,55,228,263,173,35,208,6
passenger172,15,1,56,114,152,58,38,96,5
passenger173,7,1,56,57,108,1,51,52,9
passenger174,20,1,57,228,263,171,35,206,6
passenger175,25,1,57,885,911,828,26,854,5
passenger176,12,1,57,69,108,12,39,51,9
passenger177,8,1,58,60,108,2,48,50,9
passenger178,9,1,58,63,108,5,45,50,9
passenger179,16,1,58,169,210,111,41,152,5
passenger180,3,1,58,58,76,0,18,18,7
passenger181,13,1,59,124,168,65,44,109,9
passenger182,2,1,59,60,67,1,7,8,8
passenger183,2,1,59,60,67,1,7,8,10
passenger184,12,1,60,121,168,61,47,108,9
passenger185,19,1,60,178,210,118,32,150,5
passenger186,23,1,60,365,393,305,28,333,5
passenger187,4,1,60,61,76,1,15,16,7
passenger188,7,1,60,62,118,2,56,58,4
passenger189,12,1,61,121,168,60,47,107,9
passenger190,15,1,61,132,168,71,36,107,9
passenger191,25,1,61,949,975,888,26,914,5
passenger192,18,1,61,175,210,114,35,149,5
passenger193,14,1,62,129,168,67,39,106,9
passenger194,3,1,62,63,67,1,4,5,8
passenger195,3,1,62,63,67,1,4,5,10
passenger196,5,1,63,64,76,1,12,13,7
passenger197,17,1,64,167,203,103,36,139,6
passenger198,9,1,64,64,108,0,44,44,9
passenger199,7,1,65,68,76,3,8,11,7
passenger200,18,1,65,193,228,128,35,163,9
passenger201,21,1,66,238,268,172,30,202,5
passenger202,12,1,67,69,118,2,49,51,1
passenger203,23,1,68,365,393,297,28,325,5
passenger204,19,1,69,86,118,17,32,49,1
passenger205,19,1,70,230,268,160,38,198,5
passenger206,22,1,70,362,393,292,31,323,5
passenger207,6,1,70,71,126,1,55,56,2
passenger208,20,1,71,235,268,164,33,197,5
passenger209,24,1,71,456,483,385,27,412,1
passenger210,25,1,72,1016,1042,944,26,970,1
passenger211,15,1,73,132,168,59,36,95,9
passenger212,20,1,73,235,268,162,33,195,5
passenger213,23,1,73,397,425,324,28,352,1
passenger214,22,1,74,316,345,242,29,271,9
passenger215,23,1,74,397,425,323,28,351,1
passenger216,21,1,75,259,289,184,30,214,9
passenger217,11,1,76,76,124,0,48,48,3
passenger218,19,1,76,196,228,120,32,152,9
passenger219,11,1,76,76,124,0,48,48,3
passenger220,21,1,76,259,289,183,30,213,9
passenger221,21,1,76,259,289,183,30,213,9
passenger222,24,1,76,557,584,481,27,508,9
passenger223,16,1,77,77,118,0,41,41,1
passenger224,13,1,77,78,128,1,50,51,0
passenger225,5,1,77,82,120,5,38,43,7
passenger226,17,1,78,80,118,2,38,40,1
passenger227,15,1,78,82,128,4,46,50,0
passenger228,14,1,78,83,126,5,43,48,2
passenger229,18,1,78,83,118,5,35,40,1
passenger230,22,1,78,316,345,238,29,267,9
passenger231,5,1,79,82,120,3,38,41,7
passenger232,12,1,79,79,126,0,47,47,2
passenger233,19,1,80,148,182,68,34,102,1
passenger234,21,1,80,259,289,179,30,209,9
passenger235,20,1,81,151,182,70,31,101,1
passenger236,21,1,81,259,289,178,30,208,9
passenger237,22,1,81,316,345,235,29,264,9
passenger238,25,1,82,612,638,530,26,556,9
passenger239,16,1,82,85,124,3,39,42,3
passenger240,7,1,82,86,120,4,34,38,7
passenger241,15,1,82,82,124,0,42,42,3
passenger242,19,1,82,92,124,10,32,42,3
passenger243,4,1,82,125,173,43,48,91,7
passenger244,20,1,83,203,239,120,36,156,1
passenger245,15,1,83,86,126,3,40,43,2
passenger246,24,1,83,557,584,474,27,501,9
passenger247,7,1,83,86,120,3,34,37,7
passenger248,23,1,83,377,405,294,28,322,9
passenger249,12,1,84,95,120,11,25,36,7
passenger250,15,1,84,86,126,2,40,42,2
passenger251,17,1,84,90,126,6,36,42,2
passenger252,15,1,85,86,126,1,40,41,2
passenger253,23,1,85,377,405,292,28,320,9
passenger254,6,1,86,91,113,5,22,27,8
passenger255,19,1,86,148,182,62,34,96,1
passenger256,25,1,86,977,1003,891,26,917,4
passenger257,7,1,86,86,120,0,34,34,7
passenger258,8,1,86,89,120,3,31,34,7
passenger259,13,1,87,98,120,11,22,33,7
passenger260,19,1,87,208,242,121,34,155,4
passenger261,25,1,87,977,1003,890,26,916,4
passenger262,21,1,87,313,345,226,32,258,9
passenger263,21,1,88,272,302,184,30,214,4
passenger264,12,1,88,95,120,7,25,32,7
passenger265,17,1,88,88,124,0,36,36,3
passenger266,7,1,89,97,113,8,16,24,8
passenger267,13,1,89,147,173,58,26,84,7
passenger268,6,1,89,91,113,2,22,24,8
passenger269,2,1,89,90,94,1,4,5,10
passenger270,22,1,89,401,432,312,31,343,4
passenger271,21,1,90,272,302,182,30,212,4
passenger272,14,1,90,194,229,104,35,139,7
passenger273,2,1,91,91,94,0,3,3,10
passenger274,4,1,91,94,112,3,18,21,11
passenger275,4,1,92,94,112,2,18,20,11
passenger276,19,1,92,92,124,0,32,32,3
passenger277,6,1,92,92,113,0,21,21,8
passenger278,8,1,92,102,113,10,11,21,8
passenger279,22,1,92,355,384,263,29,292,0
passenger280,23,1,93,404,432,311,28,339,4
passenger281,20,1,93,95,126,2,31,33,2
passenger282,9,1,94,128,146,34,18,52,8
passenger283,15,1,94,132,168,38,36,74,9
passenger284,6,1,94,94,113,0,19,19,8
passenger285,22,1,95,604,633,509,29,538,2
passenger286,4,1,95,95,112,0,17,17,11
passenger287,19,1,95,208,242,113,34,147,4
passenger288,14,1,95,194,229,99,35,134,7
passenger289,20,1,95,287,318,192,31,223,2
passenger290,12,1,95,95,120,0,25,25,7
passenger291,5,1,95,98,112,3,14,17,11
passenger292,20,1,96,348,381,252,33,285,2
passenger293,17,1,96,255,289,159,34,193,7
passenger294,13,1,96,191,229,95,38,133,7
passenger295,10,1,96,97,141,1,44,45,6
passenger296,10,1,97,97,141,0,44,44,6
passenger297,13,1,97,191,229,94,38,132,7
passenger298,8,1,98,102,113,4,11,15,8
passenger299,8,1,98,102,113,4,11,15,8
passenger300,8,1,98,102,113,4,11,15,8
passenger301,2,1,98,99,108,1,9,10,10
passenger302,24,1,99,799,826,700,27,727,2
passenger303,7,1,99,99,113,0,14,14,8
passenger304,5,1,99,99,112,0,13,13,11
passenger305,5,1,100,100,112,0,12,12,11
passenger306,25,1,100,985,1011,885,26,911,2
passenger307,13,1,100,191,229,91,38,129,7
passenger308,9,1,100,128,146,28,18,46,8
passenger309,11,1,101,101,141,0,40,40,6
passenger310,4,1,101,103,108,2,5,7,10
passenger311,9,1,101,128,146,27,18,45,8
passenger312,7,1,102,104,112,2,8,10,11
passenger313,21,1,103,340,368,237,28,265,3
passenger314,3,1,104,106,110,2,4,6,12
passenger315,12,1,104,154,203,50,49,99,6
passenger316,20,1,104,280,309,176,29,205,3
passenger317,22,1,104,604,633,500,29,529,2
passenger318,14,1,106,194,229,88,35,123,7
passenger319,7,1,107,123,146,16,23,39,8
passenger320,10,1,107,131,180,24,49,73,4
passenger321,7,1,107,123,146,16,23,39,8
passenger322,17,1,108,210,247,102,37,139,3
passenger323,9,1,108,128,180,20,52,72,4
passenger324,17,1,108,210,247,102,37,139,3
passenger325,17,1,108,210,247,102,37,139,3
passenger326,24,1,108,484,511,376,27,403,6
passenger327,10,1,109,131,180,22,49,71,4
passenger328,25,1,110,609,635,499,26,525,6
passenger329,11,1,110,143,173,33,30,63,7
passenger330,18,1,110,217,253,107,36,143,0
passenger331,17,1,110,158,192,48,34,82,2
passenger332,21,1,111,231,263,120,32,152,6
passenger333,13,1,111,144,186,33,42,75,3
passenger334,21,1,112,231,263,119,32,151,6
passenger335,10,1,112,137,186,25,49,74,3
passenger336,13,1,112,144,186,32,42,74,3
passenger337,13,1,113,147,192,34,45,79,2
passenger338,18,1,114,175,210,61,35,96,5
passenger339,16,1,114,169,210,55,41,96,5
passenger340,3,1,114,116,131,2,15,17,10
passenger341,21,1,115,231,263,116,32,148,6
passenger342,20,1,115,235,268,120,33,153,5
passenger343,4,1,115,119,131,4,12,16,10
passenger344,25,1,115,609,635,494,26,520,6
passenger345,17,1,116,172,210,56,38,94,5
passenger346,4,1,116,119,131,3,12,15,10
passenger347,13,1,116,156,194,40,38,78,0
passenger348,22,1,117,234,263,117,29,146,6
passenger349,8,1,117,133,186,16,53,69,3
passenger350,24,1,117,484,511,367,27,394,6
passenger351,12,1,117,149,194,32,45,77,0
passenger352,7,1,118,123,146,5,23,28,8
passenger353,10,1,118,143,194,25,51,76,0
passenger354,14,1,118,129,168,11,39,50,9
passenger355,18,1,119,175,210,56,35,91,5
passenger356,24,1,120,489,516,369,27,396,5
passenger357,6,1,120,120,146,0,26,26,8
passenger358,25,1,120,949,975,829,26,855,5
passenger359,14,1,120,129,168,9,39,48,9
passenger360,5,1,121,122,131,1,9,10,10
passenger361,24,1,121,489,516,368,27,395,5
passenger362,10,1,121,131,146,10,15,25,8
passenger363,16,1,123,164,203,41,39,80,6
passenger364,18,1,123,170,203,47,33,80,6
passenger365,2,1,124,125,128,1,3,4,11
passenger366,7,1,124,124,146,0,22,22,8
passenger367,18,1,124,170,203,46,33,79,6
passenger368,9,1,124,128,146,4,18,22,8
passenger369,2,1,124,125,128,1,3,4,12
passenger370,2,1,125,125,128,0,3,3,11
passenger371,21,1,125,238,268,113,30,143,5
passenger372,5,1,125,128,173,3,45,48,7
passenger373,4,1,125,125,131,0,6,6,10
passenger374,15,1,126,184,228,58,44,102,9
passenger375,4,1,126,126,131,0,5,5,10
passenger376,17,1,126,190,228,64,38,102,9
passenger377,15,1,126,161,203,35,42,77,6
passenger378,17,1,126,190,228,64,38,102,9
passenger379,13,1,126,126,168,0,42,42,9
passenger380,20,1,126,235,268,109,33,142,5
passenger381,17,1,127,190,228,63,38,101,9
passenger382,11,1,127,162,186,35,24,59,8
passenger383,2,1,128,129,132,1,3,4,13
passenger384,8,1,128,136,173,8,37,45,7
passenger385,5,1,129,129,173,0,44,44,7
passenger386,2,1,129,131,138,2,7,9,11
passenger387,8,1,130,136,173,6,37,43,7
passenger388,6,1,130,132,173,2,41,43,7
passenger389,3,1,131,134,138,3,4,7,11
passenger390,9,1,131,158,186,27,28,55,8
passenger391,14,1,131,133,182,2,49,51,1
passenger392,6,1,132,133,192,1,59,60,2
passenger393,8,1,132,133,186,1,53,54,3
passenger394,2,1,133,134,137,1,3,4,10
passenger395,3,1,133,135,145,2,10,12,12
passenger396,5,1,133,134,194,1,60,61,0
passenger397,12,1,133,167,186,34,19,53,8
passenger398,17,1,133,142,182,9,40,49,1
passenger399,20,1,133,235,268,102,33,135,5
passenger400,17,1,134,142,182,8,40,48,1
passenger401,16,1,135,139,182,4,43,47,1
passenger402,24,1,135,456,483,321,27,348,1
passenger403,8,1,136,136,173,0,37,37,7
passenger404,21,1,136,313,345,177,32,209,9
passenger405,24,1,136,456,483,320,27,347,1
passenger406,15,1,136,136,182,0,46,46,1
passenger407,22,1,136,316,345,180,29,209,9
passenger408,5,1,136,139,145,3,6,9,12
passenger409,23,1,137,377,405,240,28,268,9
passenger410,15,1,137,140,180,3,40,43,4
passenger411,7,1,138,138,194,0,56,56,0
passenger412,3,1,138,141,168,3,27,30,10
passenger413,19,1,138,196,228,58,32,90,9
passenger414,12,1,139,143,192,4,49,53,2
passenger415,9,1,139,139,173,0,34,34,7
passenger416,11,1,140,140,192,0,52,52,2
passenger417,25,1,140,612,638,472,26,498,9
passenger418,12,1,141,141,186,0,45,45,3
passenger419,3,1,141,141,168,0,27,27,10
passenger420,8,1,142,152,168,10,16,26,10
passenger421,5,1,142,152,186,10,34,44,8
passenger422,18,1,142,145,182,3,37,40,1
passenger423,21,1,142,206,239,64,33,97,1
passenger424,22,1,142,210,239,68,29,97,1
passenger425,17,1,143,144,180,1,36,37,4
passenger426,20,1,144,211,242,67,31,98,4
passenger427,12,1,144,144,192,0,48,48,2
passenger428,17,1,144,144,180,0,36,36,4
passenger429,4,1,144,144,168,0,24,24,10
passenger430,14,1,144,147,186,3,39,42,3
passenger431,15,1,145,150,186,5,36,41,3
passenger432,2,1,145,146,149,1,3,4,11
passenger433,15,1,145,151,192,6,41,47,2
passenger434,19,1,145,208,242,63,34,97,4
passenger435,10,1,145,145,194,0,49,49,0
passenger436,15,1,146,150,186,4,36,40,3
passenger437,8,1,146,152,168,6,16,22,10
passenger438,8,1,147,152,168,5,16,21,10
passenger439,5,1,147,147,168,0,21,21,10
passenger440,9,1,147,219,236,72,17,89,10
passenger441,21,1,148,313,345,165,32,197,9
passenger442,24,1,149,456,483,307,27,334,1
passenger443,17,1,149,216,253,67,37,104,2
passenger444,16,1,149,153,186,4,33,37,3
passenger445,16,1,149,154,192,5,38,43,2
passenger446,13,1,150,156,194,6,38,44,0
passenger447,12,1,150,150,194,0,44,44,0
passenger448,16,1,150,207,247,57,40,97,3
passenger449,20,1,150,269,302,119,33,152,4
passenger450,11,1,150,258,278,108,20,128,10
passenger451,15,1,151,151,192,0,41,41,2
passenger452,13,1,151,208,253,57,45,102,0
passenger453,8,1,151,152,168,1,16,17,10
passenger454,8,1,151,152,168,1,16,17,10
passenger455,3,1,151,155,160,4,5,9,11
passenger456,12,1,151,151,194,0,43,43,0
passenger457,19,1,152,315,349,163,34,197,7
passenger458,18,1,152,258,289,106,31,137,7
passenger459,25,1,152,977,1003,825,26,851,4
passenger460,2,1,152,152,160,0,8,8,11
passenger461,20,1,152,203,239,51,36,87,1
passenger462,21,1,152,272,302,120,30,150,4
passenger463,12,1,153,153,194,0,41,41,0
passenger464,8,1,153,153,168,0,15,15,10
passenger465,10,1,153,222,236,69,14,83,10
passenger466,18,1,155,312,349,157,37,194,7
passenger467,22,1,155,210,239,55,29,84,1
passenger468,17,1,155,216,253,61,37,98,2
passenger469,14,1,155,211,253,56,42,98,0
passenger470,17,1,155,216,253,61,37,98,2
passenger471,3,1,155,155,160,0,5,5,11
passenger472,16,1,155,155,192,0,37,37,2
passenger473,3,1,156,156,160,0,4,4,11
passenger474,25,1,156,977,1003,821,26,847,4
passenger475,23,1,156,453,483,297,30,327,1
passenger476,14,1,156,211,253,55,42,97,0
passenger477,10,1,157,222,236,65,14,79,10
passenger478,19,1,158,217,247,59,30,89,3
passenger479,17,1,158,216,253,58,37,95,2
passenger480,18,1,158,220,253,62,33,95,2
passenger481,14,1,159,211,253,52,42,94,0
passenger482,7,1,159,183,203,24,20,44,10
passenger483,3,1,159,161,197,2,36,38,12
passenger484,8,1,160,188,203,28,15,43,10
passenger485,14,1,160,194,229,34,35,69,7
passenger486,12,1,160,167,186,7,19,26,8
passenger487,14,1,161,207,226,46,19,65,8
passenger488,8,1,161,188,203,27,15,42,10
passenger489,24,1,162,958,985,796,27,823,3
passenger490,10,1,162,184,229,22,45,67,7
passenger491,22,1,162,465,494,303,29,332,3
passenger492,11,1,162,162,186,0,24,24,8
passenger493,12,1,163,167,186,4,19,23,8
passenger494,16,1,163,197,242,34,45,79,4
passenger495,8,1,163,174,197,11,23,34,12
passenger496,7,1,163,169,197,6,28,34,12
passenger497,11,1,164,164,186,0,22,22,8
passenger498,21,1,164,351,381,187,30,217,2
passenger499,5,1,165,165,197,0,32,32,12
passenger500,12,1,166,167,186,1,19,20,8
passenger501,18,1,166,214,247,48,33,81,3
passenger502,18,1,166,214,247,48,33,81,3
passenger503,12,1,166,167,186,1,19,20,8
passenger504,3,1,166,170,174,4,4,8,11
passenger505,2,1,167,167,174,0,7,7,11
passenger506,13,1,167,204,226,37,22,59,8
passenger507,21,1,167,223,253,56,30,86,0
passenger508,2,1,167,168,171,1,3,4,13
passenger509,23,1,167,484,512,317,28,345,0
passenger510,18,1,167,170,203,3,33,36,6
passenger511,2,1,168,168,171,0,3,3,13
passenger512,10,1,169,180,197,11,17,28,12
passenger513,7,1,171,171,197,0,26,26,12
passenger514,24,1,171,674,701,503,27,530,0
passenger515,15,1,171,210,226,39,16,55,8
passenger516,9,1,172,177,197,5,20,25,12
passenger517,8,1,172,174,197,2,23,25,12
passenger518,15,1,172,250,286,78,36,114,8
passenger519,2,1,172,174,189,2,15,17,13
passenger520,8,1,172,174,197,2,23,25,12
passenger521,5,1,173,174,203,1,29,30,10
passenger522,16,1,173,213,253,40,40,80,2
passenger523,18,1,173,283,318,110,35,145,2
passenger524,13,1,173,204,226,31,22,53,8
passenger525,5,1,173,174,203,1,29,30,10
passenger526,10,1,174,180,197,6,17,23,12
passenger527,22,1,174,294,325,120,31,151,6
passenger528,6,1,175,180,203,5,23,28,10
passenger529,5,1,175,175,203,0,28,28,10
passenger530,4,1,176,181,186,5,5,10,11
passenger531,21,1,176,305,335,129,30,159,5
passenger532,4,1,176,178,189,2,11,13,13
passenger533,15,1,176,210,253,34,43,77,2
passenger534,25,1,176,609,635,433,26,459,6
passenger535,17,1,176,216,253,40,37,77,2
passenger536,11,1,177,211,239,34,28,62,12
passenger537,6,1,177,180,203,3,23,26,10
passenger538,2,1,177,177,186,0,9,9,11
passenger539,5,1,177,177,203,0,26,26,10
passenger540,24,1,177,484,511,307,27,334,6
passenger541,5,1,178,181,189,3,8,11,13
passenger542,2,1,178,179,182,1,3,4,14
passenger543,21,1,178,359,393,181,34,215,5
passenger544,12,1,178,214,239,36,25,61,12
passenger545,10,1,179,208,239,29,31,60,12
passenger546,19,1,179,230,268,51,38,89,5
passenger547,14,1,180,211,253,31,42,73,0
passenger548,23,1,181,360,388,179,28,207,6
passenger549,13,1,181,208,253,27,45,72,0
passenger550,19,1,181,225,263,44,38,82,6
passenger551,23,1,182,365,393,183,28,211,5
passenger552,13,1,183,217,239,34,22,56,12
passenger553,8,1,184,216,236,32,20,52,10
passenger554,25,1,184,949,975,765,26,791,5
passenger555,7,1,185,185,203,0,18,18,10
passenger556,2,1,186,186,189,0,3,3,13
passenger557,15,1,186,186,228,0,42,42,9
passenger558,25,1,187,612,638,425,26,451,9
passenger559,4,1,187,191,200,4,9,13,11
passenger560,22,1,187,362,393,175,31,206,5
passenger561,21,1,188,359,393,171,34,205,5
passenger562,24,1,188,877,904,689,27,716,7
passenger563,12,1,188,188,229,0,41,41,7
passenger564,8,1,188,216,236,28,20,48,10
passenger565,14,1,189,248,289,59,41,100,7
passenger566,5,1,189,194,200,5,6,11,11
passenger567,22,1,189,362,393,173,31,204,5
passenger568,17,1,190,190,228,0,38,38,9
passenger569,13,1,191,191,229,0,38,38,7
passenger570,14,1,191,248,289,57,41,98,7
passenger571,19,1,193,196,228,3,32,35,9
passenger572,14,1,193,248,289,55,41,96,7
passenger573,22,1,194,316,345,122,29,151,9
passenger574,24,1,195,557,584,362,27,389,9
passenger575,24,1,195,557,584,362,27,389,9
passenger576,16,1,196,197,242,1,45,46,4
passenger577,19,1,196,255,289,59,34,93,9
passenger578,9,1,196,196,226,0,30,30,8
passenger579,2,1,197,198,213,1,15,16,13
passenger580,11,1,197,200,226,3,26,29,8
passenger581,22,1,197,401,432,204,31,235,4
passenger582,5,1,197,203,241,6,38,44,14
passenger583,15,1,197,251,289,54,38,92,7
passenger584,6,1,198,210,236,12,26,38,10
passenger585,12,1,198,199,247,1,48,49,3
passenger586,5,1,198,203,213,5,10,15,13
passenger587,19,1,198,208,242,10,34,44,4
passenger588,21,1,198,272,302,74,30,104,4
passenger589,20,1,198,318,349,120,31,151,7
passenger590,18,1,199,312,349,113,37,150,7
passenger591,7,1,199,207,241,8,34,42,14
passenger592,14,1,199,207,226,8,19,27,8
passenger593,4,1,200,200,241,0,41,41,14
passenger594,10,1,202,203,253,1,50,51,2
passenger595,14,1,203,203,247,0,44,44,3
passenger596,18,1,203,203,242,0,39,39,4
passenger597,4,1,203,208,213,5,5,10,13
passenger598,21,1,203,445,477,242,32,274,7
passenger599,13,1,204,204,226,0,22,22,8
passenger600,23,1,204,506,534,302,28,330,7
passenger601,14,1,204,207,226,3,19,22,8
passenger602,15,1,205,250,286,45,36,81,8
passenger603,18,1,205,205,242,0,37,37,4
passenger604,21,1,205,206,239,1,33,34,1
passenger605,5,1,205,205,213,0,8,8,13
passenger606,14,1,207,207,226,0,19,19,8
passenger607,2,1,207,208,211,1,3,4,11
passenger608,13,1,207,208,253,1,45,46,0
passenger609,21,1,207,207,239,0,32,32,1
passenger610,22,1,207,448,477,241,29,270,7
passenger611,8,1,208,210,241,2,31,33,14
passenger612,11,1,208,211,239,3,28,31,12
passenger613,15,1,209,250,286,41,36,77,8
passenger614,11,1,209,211,239,2,28,30,12
passenger615,6,1,209,210,236,1,26,27,10
passenger616,9,1,209,213,241,4,28,32,14
passenger617,11,1,210,211,239,1,28,29,12
passenger618,14,1,210,247,286,37,39,76,8
passenger619,24,1,210,519,546,309,27,336,1
passenger620,15,1,211,304,348,93,44,137,8
passenger621,11,1,211,211,239,0,28,28,12
passenger622,17,1,211,211,247,0,36,36,3
passenger623,20,1,211,269,302,58,33,91,4
passenger624,12,1,211,214,239,3,25,28,12
passenger625,13,1,212,217,239,5,22,27,12
passenger626,7,1,212,213,236,1,23,24,10
passenger627,22,1,212,270,301,58,31,89,1
passenger628,22,1,212,270,301,58,31,89,1
passenger629,6,1,213,248,281,35,33,68,14
passenger630,10,1,213,218,241,5,23,28,14
passenger631,8,1,213,252,281,39,29,68,14
passenger632,24,1,214,519,546,305,27,332,1
passenger633,3,1,214,216,242,2,26,28,11
passenger634,6,1,214,222,247,8,25,33,13
passenger635,9,1,215,215,241,0,26,26,14
passenger636,15,1,215,251,289,36,38,74,7
passenger637,7,1,216,228,242,12,14,26,11
passenger638,14,1,216,261,286,45,25,70,12
passenger639,19,1,216,277,309,61,32,93,3
passenger640,21,1,216,340,368,124,28,152,3
passenger641,4,1,216,219,242,3,23,26,11
passenger642,5,1,216,222,242,6,20,26,11
passenger643,4,1,217,218,247,1,29,30,13
passenger644,23,1,217,453,483,236,30,266,1
passenger645,17,1,217,217,253,0,36,36,2
passenger646,14,1,217,261,286,44,25,69,12
passenger647,20,1,217,280,309,63,29,92,3
passenger648,16,1,218,265,286,47,21,68,12
passenger649,7,1,218,229,247,11,18,29,13
passenger650,14,1,218,261,286,43,25,68,12
passenger651,18,1,218,218,253,0,35,35,0
passenger652,2,1,219,220,235,1,15,16,15
passenger653,16,1,220,220,263,0,43,43,6
passenger654,13,1,220,227,241,7,14,21,14
passenger655,3,1,220,223,235,3,12,15,15
passenger656,8,1,220,252,281,32,29,61,14
passenger657,12,1,220,224,241,4,17,21,14
passenger658,10,1,221,222,236,1,14,15,10
passenger659,8,1,221,232,247,11,15,26,13
passenger660,17,1,221,268,286,47,18,65,12
passenger661,11,1,221,221,241,0,20,20,14
passenger662,13,1,221,262,281,41,19,60,14
passenger663,21,1,222,272,302,50,30,80,4
passenger664,4,1,222,227,235,5,8,13,15
passenger665,10,1,223,223,236,0,13,13,10
passenger666,3,1,224,224,235,0,11,11,15
passenger667,24,1,224,958,985,734,27,761,3
passenger668,6,1,224,224,247,0,23,23,13
passenger669,21,1,224,288,318,64,30,94,0
passenger670,6,1,225,225,242,0,17,17,11
passenger671,9,1,225,232,242,7,10,17,11
passenger672,16,1,225,263,302,38,39,77,4
passenger673,21,1,226,340,368,114,28,142,3
passenger674,6,1,226,226,247,0,21,21,13
passenger675,7,1,227,228,242,1,14,15,11
passenger676,23,1,228,546,574,318,28,346,0
passenger677,9,1,228,252,278,24,26,50,10
passenger678,7,1,228,228,242,0,14,14,11
passenger679,19,1,228,277,309,49,32,81,3
passenger680,4,1,229,229,235,0,6,6,15
passenger681,22,1,229,294,325,65,31,96,6
passenger682,23,1,229,796,826,567,30,597,2
passenger683,22,1,229,294,325,65,31,96,6
passenger684,9,1,230,252,286,22,34,56,12
passenger685,4,1,230,230,235,0,5,5,15
passenger686,12,1,230,258,281,28,23,51,14
passenger687,10,1,230,255,286,25,31,56,12
passenger688,25,1,231,675,701,444,26,470,6
passenger689,17,1,231,273,309,42,36,78,3
passenger690,24,1,232,484,511,252,27,279,6
passenger691,20,1,232,284,318,52,34,86,0
passenger692,19,1,232,232,268,0,36,36,5
passenger693,4,1,233,243,278,10,35,45,10
passenger694,3,1,234,240,278,6,38,44,10
passenger695,3,1,234,240,278,6,38,44,10
passenger696,16,1,234,274,318,40,44,84,2
passenger697,6,1,234,246,286,12,40,52,12
passenger698,25,1,235,675,701,440,26,466,6
passenger699,5,1,235,237,247,2,10,12,13
passenger700,24,1,235,545,574,310,29,339,6
passenger701,18,1,236,276,318,40,42,82,0
passenger702,4,1,236,242,263,6,21,27,15
passenger703,3,1,236,239,263,3,24,27,15
passenger704,11,1,237,240,286,3,46,49,8
passenger705,10,1,237,237,286,0,49,49,8
passenger706,9,1,238,239,289,1,50,51,7
passenger707,14,1,238,247,286,9,39,48,8
passenger708,5,1,239,239,247,0,8,8,13
passenger709,5,1,239,239,247,0,8,8,13
passenger710,18,1,239,315,348,76,33,109,8
passenger711,25,1,239,675,701,436,26,462,6
passenger712,8,1,239,252,263,13,11,24,15
passenger713,24,1,240,545,574,305,29,334,6
passenger714,10,1,241,242,289,1,47,48,7
passenger715,10,1,241,242,289,1,47,48,7
passenger716,4,1,241,242,263,1,21,22,15
passenger717,12,1,241,243,286,2,43,45,8
passenger718,13,1,241,267,318,26,51,77,2
passenger719,17,1,241,311,348,70,37,107,8
passenger720,5,1,242,245,263,3,18,21,15
passenger721,6,1,242,248,263,6,15,21,15
passenger722,12,1,243,243,286,0,43,43,8
passenger723,3,1,243,243,247,0,4,4,13
passenger724,5,1,243,246,278,3,32,35,10
passenger725,17,1,243,311,348,68,37,105,8
passenger726,24,1,244,489,516,245,27,272,5
passenger727,15,1,244,244,289,0,45,45,9
passenger728,5,1,245,245,263,0,18,18,15
passenger729,25,1,245,612,638,367,26,393,9
passenger730,14,1,246,247,286,1,39,40,8
passenger731,19,1,246,299,335,53,36,89,5
passenger732,6,1,246,246,286,0,40,40,12
passenger733,15,1,246,304,348,58,44,102,8
passenger734,3,1,247,249,275,2,26,28,11
passenger735,17,1,247,283,325,36,42,78,6
passenger736,6,1,247,247,286,0,39,39,12
passenger737,23,1,247,631,659,384,28,412,8
passenger738,3,1,248,249,275,1,26,27,11
passenger739,17,1,248,248,289,0,41,41,9
passenger740,5,1,249,261,275,12,14,26,11
passenger741,18,1,249,252,289,3,37,40,9
passenger742,13,1,249,257,301,8,44,52,1
passenger743,25,1,249,612,638,363,26,389,9
passenger744,17,1,249,249,289,0,40,40,9
passenger745,10,1,250,250,301,0,51,51,1
passenger746,4,1,250,256,275,6,19,25,11
passenger747,16,1,250,307,348,57,41,98,8
passenger748,12,1,251,261,278,10,17,27,10
passenger749,3,1,251,251,275,0,24,24,11
passenger750,15,1,252,304,348,52,44,96,8
passenger751,7,1,252,255,263,3,8,11,15
passenger752,7,1,253,255,263,2,8,10,15
passenger753,2,1,253,254,263,1,9,10,13
passenger754,10,1,253,255,278,2,23,25,10
passenger755,7,1,253,255,263,2,8,10,15
passenger756,3,1,253,253,275,0,22,22,11
passenger757,12,1,254,254,301,0,47,47,1
passenger758,7,1,254,277,313,23,36,59,15
passenger759,5,1,254,261,275,7,14,21,11
passenger760,13,1,254,257,301,3,44,47,1
passenger761,3,1,254,257,263,3,6,9,13
passenger762,25,1,255,955,981,700,26,726,8
passenger763,13,1,255,256,302,1,46,47,4
passenger764,25,1,256,1007,1033,751,26,777,8
passenger765,23,1,256,631,659,375,28,403,8
passenger766,25,1,256,1007,1033,751,26,777,8
passenger767,15,1,256,260,302,4,42,46,4
passenger768,12,1,256,258,281,2,23,25,14
passenger769,19,1,256,379,415,123,36,159,8
passenger770,3,1,257,257,263,0,6,6,13
passenger771,22,1,257,510,539,253,29,282,8
passenger772,9,1,257,257,309,0,52,52,3
passenger773,2,1,257,260,263,3,3,6,13
passenger774,7,1,257,277,313,20,36,56,15
passenger775,7,1,258,285,312,27,27,54,11
passenger776,2,1,258,260,263,2,3,5,13
passenger777,18,1,258,312,349,54,37,91,7
passenger778,4,1,258,258,275,0,17,17,11
passenger779,22,1,259,510,539,251,29,280,8
passenger780,12,1,259,259,281,0,22,22,14
passenger781,19,1,260,315,349,55,34,89,7
passenger782,10,1,260,260,309,0,49,49,3
passenger783,5,1,261,261,275,0,14,14,11
passenger784,6,1,262,264,275,2,11,13,11
passenger785,17,1,262,501,523,239,22,261,12
passenger786,19,1,262,265,301,3,36,39,1
passenger787,8,1,263,288,312,25,24,49,11
passenger788,10,1,263,264,318,1,54,55,0
passenger789,24,1,264,877,904,613,27,640,7
passenger790,22,1,265,510,539,245,29,274,8
passenger791,11,1,265,266,281,1,15,16,14
passenger792,7,1,265,285,312,20,27,47,11
passenger793,9,1,266,266,278,0,12,12,10
passenger794,14,1,266,266,309,0,43,43,3
passenger795,15,1,266,401,423,135,22,157,12
passenger796,6,1,266,282,312,16,30,46,11
passenger797,3,1,266,268,278,2,10,12,13
passenger798,13,1,267,267,318,0,51,51,2
passenger799,21,1,267,445,477,178,32,210,7
passenger800,5,1,267,269,313,2,44,46,15
passenger801,11,1,267,267,281,0,14,14,14
passenger802,5,1,268,269,313,1,44,45,15
passenger803,7,1,268,292,308,24,16,40,10
passenger804,16,1,268,446,469,178,23,201,12
passenger805,8,1,268,269,278,1,9,10,10
passenger806,8,1,268,295,308,27,13,40,10
passenger807,25,1,268,1016,1042,748,26,774,1
passenger808,6,1,269,272,313,3,41,44,15
passenger809,6,1,269,272,313,3,41,44,15
passenger810,24,1,269,974,1003,705,29,734,4
passenger811,15,1,269,269,309,0,40,40,3
passenger812,3,1,270,270,278,0,8,8,13
passenger813,12,1,270,310,333,40,23,63,12
passenger814,15,1,270,271,318,1,47,48,0
passenger815,8,1,270,295,308,25,13,38,10
passenger816,15,1,270,271,318,1,47,48,2
passenger817,17,1,270,501,523,231,22,253,12
passenger818,8,1,270,295,308,25,13,38,10
passenger819,21,1,270,338,368,68,30,98,4
passenger820,12,1,270,310,333,40,23,63,12
passenger821,25,1,271,1016,1042,745,26,771,1
passenger822,4,1,271,273,278,2,5,7,13
passenger823,9,1,272,283,313,11,30,41,15
passenger824,19,1,272,281,318,9,37,46,0
passenger825,23,1,272,453,483,181,30,211,1
passenger826,7,1,273,273,281,0,8,8,14
passenger827,25,1,273,1016,1042,743,26,769,1
passenger828,6,1,274,274,313,0,39,39,15
passenger829,11,1,274,305,333,31,28,59,12
passenger830,9,1,274,283,313,9,30,39,15
passenger831,12,1,275,310,333,35,23,58,12
passenger832,23,1,275,591,619,316,28,344,4
passenger833,19,1,276,281,318,5,37,42,0
passenger834,21,1,276,288,318,12,30,42,0
passenger835,8,1,277,280,313,3,33,36,15
passenger836,24,1,277,974,1003,697,29,726,4
passenger837,12,1,277,304,349,27,45,72,7
passenger838,17,1,277,277,318,0,41,41,2
passenger839,18,1,278,278,318,0,40,40,0
passenger840,17,1,278,278,318,0,40,40,2
passenger841,16,1,279,280,325,1,45,46,6
passenger842,13,1,279,287,335,8,48,56,5
passenger843,17,1,279,279,318,0,39,39,2
passenger844,23,1,279,453,483,174,30,204,1
passenger845,11,1,280,280,335,0,55,55,5
passenger846,14,1,280,290,335,10,45,55,5
passenger847,6,1,280,282,312,2,30,32,11
passenger848,10,1,280,300,349,20,49,69,7
passenger849,20,1,280,280,309,0,29,29,3
passenger850,17,1,280,280,318,0,38,38,2
passenger851,7,1,280,299,333,19,34,53,12
passenger852,15,1,281,293,335,12,42,54,5
passenger853,21,1,281,338,368,57,30,87,4
passenger854,4,1,281,284,289,3,5,8,13
passenger855,3,1,282,282,308,0,26,26,10
passenger856,11,1,282,282,335,0,53,53,5
passenger857,17,1,283,283,325,0,42,42,6
passenger858,9,1,283,325,367,42,42,84,15
passenger859,21,1,283,340,368,57,28,85,3
passenger860,22,1,283,465,494,182,29,211,3
passenger861,14,1,283,338,367,55,29,84,15
passenger862,11,1,283,283,335,0,52,52,5
passenger863,3,1,284,284,308,0,24,24,10
passenger864,21,1,284,352,384,68,32,100,0
passenger865,23,1,284,585,613,301,28,329,3
passenger866,12,1,284,332,367,48,35,83,15
passenger867,14,1,285,318,363,33,45,78,1
passenger868,20,1,285,285,318,0,33,33,0
passenger869,18,1,286,286,325,0,39,39,6
passenger870,5,1,287,288,308,1,20,21,10
passenger871,18,1,288,288,325,0,37,37,6
passenger872,24,1,288,674,701,386,27,413,0
passenger873,20,1,289,348,381,59,33,92,2
passenger874,13,1,289,335,367,46,32,78,15
passenger875,14,1,289,323,368,34,45,79,4
passenger876,8,1,290,290,312,0,22,22,11
passenger877,17,1,290,397,419,107,22,129,15
passenger878,7,1,290,320,348,30,28,58,11
passenger879,10,1,290,295,312,5,17,22,11
passenger880,8,1,291,291,312,0,21,21,11
passenger881,10,1,291,295,312,4,17,21,11
passenger882,10,1,291,295,312,4,17,21,11
passenger883,3,1,291,293,297,2,4,6,13
passenger884,19,1,292,557,583,265,26,291,15
passenger885,12,1,292,333,348,41,15,56,11
passenger886,24,1,292,799,826,507,27,534,2
passenger887,6,1,293,293,333,0,40,40,12
passenger888,18,1,293,450,471,157,21,178,15
passenger889,6,1,294,294,333,0,39,39,12
passenger890,15,1,295,327,368,32,41,73,3
passenger891,13,1,295,373,393,78,20,98,11
passenger892,12,1,295,333,348,38,15,53,11
passenger893,17,1,295,397,419,102,22,124,15
passenger894,21,1,296,351,381,55,30,85,2
passenger895,9,1,296,298,308,2,10,12,10
passenger896,22,1,296,355,384,59,29,88,0
passenger897,6,1,296,296,333,0,37,37,12
passenger898,9,1,296,298,308,2,10,12,10
passenger899,9,1,296,298,308,2,10,12,10
passenger900,24,1,297,545,574,248,29,277,6
passenger901,4,1,297,300,316,3,16,19,14
passenger902,11,1,298,330,348,32,18,50,11
passenger903,12,1,298,333,348,35,15,50,11
passenger904,21,1,298,351,381,53,30,83,2
passenger905,13,1,298,300,348,2,48,50,8
passenger906,25,1,298,742,768,444,26,470,6
passenger907,19,1,300,344,384,44,40,84,0
passenger908,18,1,300,342,381,42,39,81,2
passenger909,20,1,300,302,335,2,33,35,5
passenger910,5,1,301,305,316,4,11,15,14
passenger911,12,1,301,333,348,32,15,47,11
passenger912,16,1,301,337,384,36,47,83,0
passenger913,7,1,301,320,340,19,20,39,10
passenger914,4,1,302,302,316,0,14,14,14
passenger915,5,1,302,305,316,3,11,14,14
passenger916,20,1,302,302,335,0,33,33,5
passenger917,17,1,302,339,381,37,42,79,2
passenger918,8,1,304,323,348,19,25,44,11
passenger919,19,1,304,379,415,75,36,111,8
passenger920,18,1,304,373,415,69,42,111,8
passenger921,21,1,305,359,393,54,34,88,5
passenger922,23,1,305,427,455,122,28,150,5
passenger923,23,1,305,427,455,122,28,150,5
passenger924,6,1,305,308,316,3,8,11,14
passenger925,20,1,306,355,388,49,33,82,6
passenger926,11,1,306,306,333,0,27,27,12
passenger927,11,1,307,307,333,0,26,26,12
passenger928,17,1,307,307,345,0,38,38,9
passenger929,16,1,308,308,348,0,40,40,8
passenger930,12,1,308,348,375,40,27,67,12
passenger931,25,1,309,949,975,640,26,666,5
passenger932,6,1,309,309,316,0,7,7,14
passenger933,4,1,310,313,343,3,30,33,13
passenger934,2,1,311,311,340,0,29,29,10
passenger935,21,1,311,313,345,2,32,34,9
passenger936,11,1,311,313,363,2,50,52,1
passenger937,12,1,312,348,375,36,27,63,12
passenger938,17,1,312,312,348,0,36,36,8
passenger939,12,1,312,348,375,36,27,63,12
passenger940,15,1,313,401,423,88,22,110,12
passenger941,3,1,313,347,385,34,38,72,13
passenger942,5,1,314,316,343,2,27,29,13
passenger943,24,1,314,557,584,243,27,270,9
passenger944,12,1,314,315,368,1,53,54,4
passenger945,6,1,314,319,343,5,24,29,13
passenger946,10,1,314,332,343,18,11,29,13
passenger947,10,1,315,336,388,21,52,73,6
passenger948,8,1,315,327,340,12,13,25,10
passenger949,9,1,315,330,340,15,10,25,10
passenger950,19,1,315,315,349,0,34,34,7
passenger951,4,1,315,315,340,0,25,25,10
passenger952,9,1,316,328,343,12,15,27,13
passenger953,13,1,316,318,368,2,50,52,4
passenger954,14,1,316,323,368,7,45,52,4
passenger955,23,1,316,377,405,61,28,89,9
passenger956,24,1,316,557,584,241,27,268,9
passenger957,9,1,317,319,368,2,49,51,3
passenger958,14,1,317,318,363,1,45,46,1
passenger959,2,1,318,319,338,1,19,20,14
passenger960,16,1,319,324,363,5,39,44,1
passenger961,5,1,319,319,367,0,48,48,15
passenger962,3,1,319,322,338,3,16,19,14
passenger963,18,1,319,330,363,11,33,44,1
passenger964,6,1,320,320,343,0,23,23,13
passenger965,13,1,320,320,368,0,48,48,4
passenger966,4,1,320,325,338,5,13,18,14
passenger967,19,1,320,381,413,61,32,93,7
passenger968,20,1,320,320,349,0,29,29,7
passenger969,15,1,321,321,363,0,42,42,1
passenger970,22,1,321,510,539,189,29,218,8
passenger971,12,1,321,348,375,27,27,54,12
passenger972,6,1,321,321,343,0,22,22,13
passenger973,5,1,322,328,338,6,10,16,14
passenger974,7,1,322,322,340,0,18,18,10
passenger975,6,1,323,323,343,0,20,20,13
passenger976,9,1,323,326,348,3,22,25,11
passenger977,7,1,324,324,340,0,16,16,10
passenger978,16,1,324,324,363,0,39,39,1
passenger979,5,1,324,328,338,4,10,14,14
passenger980,16,1,325,325,363,0,38,38,1
passenger981,10,1,325,328,367,3,39,42,15
passenger982,18,1,325,330,363,5,33,38,1
passenger983,14,1,325,325,368,0,43,43,4
passenger984,23,1,326,631,659,305,28,333,8
passenger985,12,1,326,333,348,7,15,22,11
passenger986,9,1,326,326,348,0,22,22,11
passenger987,16,1,326,326,363,0,37,37,1
passenger988,17,1,328,369,405,41,36,77,9
passenger989,12,1,328,332,367,4,35,39,15
passenger990,15,1,329,329,368,0,39,39,3
passenger991,13,1,329,373,393,44,20,64,11
passenger992,9,1,329,329,343,0,14,14,13
passenger993,9,1,329,329,343,0,14,14,13
passenger994,23,1,330,591,619,261,28,289,4
passenger995,18,1,330,378,413,48,35,83,7
passenger996,4,1,330,331,338,1,7,8,14
passenger997,25,1,330,1029,1055,699,26,725,4
passenger998,19,1,331,439,477,108,38,146,7
passenger999,3,1,332,334,338,2,4,6,14
passenger1000,19,1,332,332,368,0,36,36,4
passenger1001,16,1,332,332,368,0,36,36,3
passenger1002,23,1,332,591,619,259,28,287,4
passenger1003,13,1,332,332,384,0,52,52,0
passenger1004,14,1,332,333,381,1,48,49,2
passenger1005,9,1,333,361,385,28,24,52,13
passenger1006,9,1,333,361,385,28,24,52,13
passenger1007,16,1,333,333,368,0,35,35,3
passenger1008,21,1,334,391,425,57,34,91,1
passenger1009,23,1,334,919,947,585,28,613,4
passenger1010,20,1,334,388,425,54,37,91,1
passenger1011,16,1,334,370,413,36,43,79,7
passenger1012,14,1,334,334,381,0,47,47,2
passenger1013,10,1,334,364,385,30,21,51,13
passenger1014,20,1,335,335,368,0,33,33,4
passenger1015,9,1,336,355,405,19,50,69,9
passenger1016,8,1,336,358,385,22,27,49,13
passenger1017,22,1,336,394,425,58,31,89,1
passenger1018,16,1,336,337,384,1,47,48,0
passenger1019,10,1,336,336,388,0,52,52,6
passenger1020,22,1,337,401,432,64,31,95,4
passenger1021,25,1,337,1016,1042,679,26,705,1
passenger1022,9,1,337,355,405,18,50,68,9
passenger1023,14,1,338,338,367,0,29,29,15
passenger1024,13,1,338,341,388,3,47,50,6
passenger1025,18,1,338,341,384,3,43,46,0
passenger1026,24,1,339,519,546,180,27,207,1
passenger1027,15,1,339,341,367,2,26,28,15
passenger1028,21,1,339,402,434,63,32,95,3
passenger1029,16,1,340,394,419,54,25,79,15
passenger1030,23,1,340,585,613,245,28,273,3
passenger1031,11,1,341,345,375,4,30,34,12
passenger1032,11,1,341,345,375,4,30,34,12
passenger1033,12,1,341,348,375,7,27,34,12
passenger1034,25,1,341,1029,1055,688,26,714,4
passenger1035,16,1,342,394,419,52,25,77,15
passenger1036,5,1,342,346,380,4,34,38,10
passenger1037,2,1,342,343,346,1,3,4,14
passenger1038,14,1,342,346,388,4,42,46,6
passenger1039,21,1,342,402,434,60,32,92,3
passenger1040,13,1,343,343,388,0,45,45,6
passenger1041,15,1,343,343,367,0,24,24,15
passenger1042,21,1,343,391,425,48,34,82,1
passenger1043,14,1,344,346,388,2,42,44,6
passenger1044,23,1,344,585,613,241,28,269,3
passenger1045,17,1,344,447,471,103,24,127,15
passenger1046,19,1,345,345,381,0,36,36,2
passenger1047,20,1,345,347,384,2,37,39,0
passenger1048,17,1,345,447,471,102,24,126,15
passenger1049,3,1,346,354,362,8,8,16,14
passenger1050,12,1,346,348,375,2,27,29,12
passenger1051,5,1,346,346,380,0,34,34,10
passenger1052,14,1,346,346,388,0,42,42,6
passenger1053,5,1,347,347,380,0,33,33,10
passenger1054,14,1,347,347,388,0,41,41,6
passenger1055,10,1,348,358,380,10,22,32,10
passenger1056,2,1,348,349,362,1,13,14,14
passenger1057,4,1,348,387,414,39,27,66,10
passenger1058,14,1,349,352,375,3,23,26,12
passenger1059,3,1,349,349,385,0,36,36,13
passenger1060,22,1,349,604,633,255,29,284,2
passenger1061,20,1,349,349,384,0,35,35,0
passenger1062,19,1,350,398,434,48,36,84,3
passenger1063,6,1,350,350,380,0,30,30,10
passenger1064,21,1,350,411,443,61,32,93,2
passenger1065,17,1,350,447,471,97,24,121,15
passenger1066,11,1,350,361,380,11,19,30,10
passenger1067,2,1,351,351,393,0,42,42,11
passenger1068,14,1,351,352,375,1,23,24,12
passenger1069,21,1,351,411,443,60,32,92,2
passenger1070,2,1,351,351,362,0,11,11,14
passenger1071,3,1,351,351,385,0,34,34,13
passenger1072,11,1,351,361,380,10,19,29,10
passenger1073,14,1,352,398,423,46,25,71,12
passenger1074,13,1,352,387,419,35,32,67,15
passenger1075,12,1,353,384,419,31,35,66,15
passenger1076,8,1,353,354,380,1,26,27,10
passenger1077,3,1,354,354,393,0,39,39,11
passenger1078,2,1,354,359,362,5,3,8,14
passenger1079,4,1,355,357,393,2,36,38,11
passenger1080,18,1,356,782,817,426,35,461,12
passenger1081,20,1,356,356,393,0,37,37,5
passenger1082,12,1,356,384,419,28,35,63,15
passenger1083,3,1,356,356,362,0,6,6,14
passenger1084,11,1,356,381,419,25,38,63,15
passenger1085,25,1,358,934,960,576,26,602,0
passenger1086,7,1,359,362,393,3,31,34,11
passenger1087,13,1,359,366,380,7,14,21,10
passenger1088,14,1,359,398,423,39,25,64,12
passenger1089,9,1,359,359,413,0,54,54,7
passenger1090,12,1,360,361,415,1,54,55,8
passenger1091,13,1,360,361,405,1,44,45,9
passenger1092,13,1,360,366,415,6,49,55,8
passenger1093,19,1,360,407,443,47,36,83,2
passenger1094,15,1,360,401,423,41,22,63,12
passenger1095,3,1,361,372,382,11,10,21,14
passenger1096,2,1,362,365,382,3,17,20,14
passenger1097,11,1,362,362,380,0,18,18,10
passenger1098,23,1,362,546,574,184,28,212,0
passenger1099,2,1,362,365,382,3,17,20,14
passenger1100,3,1,362,372,382,10,10,20,14
passenger1101,18,1,363,404,443,41,39,80,2
passenger1102,12,1,363,363,415,0,52,52,8
passenger1103,7,1,363,363,393,0,30,30,11
passenger1104,6,1,363,375,434,12,59,71,3
passenger1105,17,1,364,401,443,37,42,79,2
passenger1106,14,1,364,364,405,0,41,41,9
passenger1107,17,1,364,401,443,37,42,79,2
passenger1108,8,1,365,366,393,1,27,28,11
passenger1109,14,1,365,366,413,1,47,48,7
passenger1110,22,1,366,422,453,56,31,87,6
passenger1111,9,1,366,405,431,39,26,65,13
passenger1112,11,1,366,367,385,1,18,19,13
passenger1113,5,1,366,376,382,10,6,16,14
passenger1114,17,1,366,375,413,9,38,47,7
passenger1115,2,1,367,367,382,0,15,15,14
passenger1116,7,1,368,387,423,19,36,55,12
passenger1117,19,1,368,415,453,47,38,85,6
passenger1118,2,1,369,369,382,0,13,13,14
passenger1119,25,1,369,1001,1027,632,26,658,5
passenger1120,11,1,369,369,385,0,16,16,13
passenger1121,11,1,369,369,385,0,16,16,13
passenger1122,14,1,370,401,448,31,47,78,0
passenger1123,17,1,370,375,413,5,38,43,7
passenger1124,13,1,370,411,431,41,20,61,13
passenger1125,23,1,370,427,455,57,28,85,5
passenger1126,25,1,370,940,966,570,26,596,7
passenger1127,6,1,370,384,423,14,39,53,12
passenger1128,18,1,370,378,413,8,35,43,7
passenger1129,9,1,371,402,414,31,12,43,10
passenger1130,25,1,371,674,700,303,26,329,9
passenger1131,8,1,371,399,414,28,15,43,10
passenger1132,9,1,371,429,453,58,24,82,10
passenger1133,19,1,371,439,477,68,38,106,7
passenger1134,20,1,371,422,455,51,33,84,5
passenger1135,5,1,372,376,382,4,6,10,14
passenger1136,15,1,372,377,393,5,16,21,11
passenger1137,10,1,372,392,443,20,51,71,2
passenger1138,16,1,372,372,413,0,41,41,7
passenger1139,15,1,373,377,393,4,16,20,11
passenger1140,25,1,373,1007,1033,634,26,660,8
passenger1141,24,1,373,557,584,184,27,211,9
passenger1142,17,1,373,375,413,2,38,40,7
passenger1143,18,1,374,374,415,0,41,41,8
passenger1144,23,1,374,377,405,3,28,31,9
passenger1145,6,1,375,391,414,16,23,39,10
passenger1146,19,1,375,419,455,44,36,80,5
passenger1147,20,1,376,382,415,6,33,39,8
passenger1148,5,1,376,376,382,0,6,6,14
passenger1149,23,1,376,500,528,124,28,152,9
passenger1150,18,1,376,376,415,0,39,39,8
passenger1151,10,1,377,378,419,1,41,42,15
passenger1152,13,1,377,502,524,125,22,147,11
passenger1153,13,1,378,502,524,124,22,146,11
passenger1154,24,1,379,557,584,178,27,205,9
passenger1155,25,1,379,674,700,295,26,321,9
passenger1156,21,1,380,385,415,5,30,35,8
passenger1157,17,1,380,381,425,1,44,45,1
passenger1158,4,1,380,380,423,0,43,43,12
passenger1159,23,1,380,500,528,120,28,148,9
passenger1160,5,1,380,393,431,13,38,51,13
passenger1161,6,1,380,396,431,16,35,51,13
passenger1162,3,1,381,384,414,3,30,33,10
passenger1163,24,1,381,609,638,228,29,257,9
passenger1164,13,1,382,382,432,0,50,50,4
passenger1165,7,1,382,398,453,16,55,71,6
passenger1166,3,1,382,384,414,2,30,32,10
passenger1167,11,1,383,458,478,75,20,95,11
passenger1168,19,1,384,385,425,1,40,41,1
passenger1169,25,1,384,940,966,556,26,582,7
passenger1170,15,1,385,386,434,1,48,49,3
passenger1171,16,1,385,389,434,4,45,49,3
passenger1172,22,1,385,503,534,118,31,149,7
passenger1173,23,1,385,506,534,121,28,149,7
passenger1174,8,1,385,448,478,63,30,93,11
passenger1175,25,1,386,940,966,554,26,580,7
passenger1176,14,1,386,390,419,4,29,33,15
passenger1177,24,1,386,877,904,491,27,518,7
passenger1178,4,1,386,389,408,3,19,22,14
passenger1179,4,1,386,387,414,1,27,28,10
passenger1180,23,1,386,506,534,120,28,148,7
passenger1181,18,1,388,389,432,1,43,44,4
passenger1182,6,1,388,408,431,20,23,43,11
passenger1183,23,1,388,631,659,243,28,271,8
passenger1184,4,1,388,389,408,1,19,20,14
passenger1185,18,1,389,389,432,0,43,43,4
passenger1186,6,1,389,394,408,5,14,19,14
passenger1187,3,1,390,397,431,7,34,41,11
passenger1188,21,1,390,391,425,1,34,35,1
passenger1189,22,1,390,503,534,113,31,144,7
passenger1190,4,1,390,390,408,0,18,18,14
passenger1191,4,1,390,390,431,0,41,41,13
passenger1192,16,1,390,390,434,0,44,44,3
passenger1193,2,1,390,391,453,1,62,63,6
passenger1194,19,1,391,392,432,1,40,41,4
passenger1195,23,1,391,506,534,115,28,143,7
passenger1196,20,1,391,397,432,6,35,41,4
passenger1197,7,1,391,395,414,4,19,23,10
passenger1198,6,1,392,392,414,0,22,22,10
passenger1199,18,1,393,394,434,1,40,41,3
passenger1200,3,1,393,402,408,9,6,15,14
passenger1201,14,1,394,398,423,4,25,29,12
passenger1202,12,1,394,394,423,0,29,29,12
passenger1203,19,1,394,394,432,0,38,38,4
passenger1204,6,1,395,395,408,0,13,13,14
passenger1205,20,1,395,446,479,51,33,84,8
passenger1206,18,1,395,395,434,0,39,39,3
passenger1207,7,1,396,396,414,0,18,18,10
passenger1208,10,1,396,420,468,24,48,72,9
passenger1209,3,1,396,397,431,1,34,35,11
passenger1210,12,1,397,397,448,0,51,51,0
passenger1211,8,1,397,402,431,5,29,34,13
passenger1212,4,1,397,402,431,5,29,34,11
passenger1213,15,1,398,442,469,44,27,71,12
passenger1214,15,1,398,442,469,44,27,71,12
passenger1215,4,1,398,399,408,1,9,10,14
passenger1216,6,1,398,398,431,0,33,33,13
passenger1217,3,1,399,399,431,0,32,32,11
passenger1218,18,1,400,503,524,103,21,124,15
passenger1219,10,1,400,432,453,32,21,53,10
passenger1220,3,1,401,402,408,1,6,7,14
passenger1221,6,1,401,408,431,7,23,30,11
passenger1222,25,1,401,1016,1042,615,26,641,1
passenger1223,8,1,402,402,431,0,29,29,13
passenger1224,18,1,402,552,583,150,31,181,15
passenger1225,13,1,402,433,479,31,46,77,8
passenger1226,6,1,403,408,431,5,23,28,11
passenger1227,9,1,403,429,453,26,24,50,10
passenger1228,2,1,404,405,408,1,3,4,14
passenger1229,19,1,404,407,443,3,36,39,2
passenger1230,10,1,404,404,455,0,51,51,5
passenger1231,13,1,404,437,471,33,34,67,15
passenger1232,5,1,404,405,431,1,26,27,11
passenger1233,21,1,404,404,434,0,30,30,3
passenger1234,7,1,404,411,431,7,20,27,11
passenger1235,15,1,405,441,471,36,30,66,15
passenger1236,22,1,405,465,494,60,29,89,3
passenger1237,19,1,405,407,443,2,36,38,2
passenger1238,16,1,406,446,469,40,23,63,12
passenger1239,23,1,407,651,679,244,28,272,3
passenger1240,6,1,407,408,431,1,23,24,11
passenger1241,25,1,407,1029,1055,622,26,648,4
passenger1242,15,1,407,442,469,35,27,62,12
passenger1243,11,1,407,407,455,0,48,48,5
passenger1244,8,1,408,426,479,18,53,71,8
passenger1245,19,1,408,408,448,0,40,40,0
passenger1246,25,1,409,1013,1039,604,26,630,3
passenger1247,18,1,409,411,453,2,42,44,6
passenger1248,2,1,409,411,434,2,23,25,14
passenger1249,13,1,409,411,431,2,20,22,13
passenger1250,19,1,411,415,453,4,38,42,6
passenger1251,11,1,411,443,470,32,27,59,13
passenger1252,20,1,411,411,448,0,37,37,0
passenger1253,18,1,412,412,453,0,41,41,6
passenger1254,3,1,412,414,434,2,20,22,14
passenger1255,15,1,412,540,556,128,16,144,13
passenger1256,6,1,412,412,468,0,56,56,9
passenger1257,13,1,413,413,431,0,18,18,13
passenger1258,11,1,413,435,469,22,34,56,12
passenger1259,21,1,413,413,443,0,30,30,2
passenger1260,22,1,413,465,494,52,29,81,3
passenger1261,13,1,414,450,470,36,20,56,13
passenger1262,14,1,414,453,470,39,17,56,13
passenger1263,17,1,414,415,455,1,40,41,5
passenger1264,17,1,414,415,455,1,40,41,5
passenger1265,17,1,414,415,455,1,40,41,5
passenger1266,20,1,414,461,494,47,33,80,3
passenger1267,25,1,414,934,960,520,26,546,0
passenger1268,21,1,414,414,448,0,34,34,0
passenger1269,5,1,414,418,434,4,16,20,14
passenger1270,13,1,415,450,470,35,20,55,13
passenger1271,13,1,416,450,470,34,20,54,13
passenger1272,14,1,416,453,470,37,17,54,13
passenger1273,14,1,416,453,470,37,17,54,13
passenger1274,19,1,416,458,494,42,36,78,3
passenger1275,12,1,417,499,524,82,25,107,11
passenger1276,8,1,417,425,434,8,9,17,14
passenger1277,12,1,417,499,524,82,25,107,11
passenger1278,22,1,417,417,448,0,31,31,0
passenger1279,9,1,417,417,468,0,51,51,9
passenger1280,2,1,418,418,479,0,61,61,8
passenger1281,25,1,418,985,1011,567,26,593,2
passenger1282,6,1,418,421,434,3,13,16,14
passenger1283,16,1,418,453,494,35,41,76,3
passenger1284,21,1,418,419,453,1,34,35,6
passenger1285,8,1,418,425,434,7,9,16,14
passenger1286,10,1,418,420,468,2,48,50,9
passenger1287,8,1,418,425,434,7,9,16,14
passenger1288,5,1,418,418,434,0,16,16,14
passenger1289,5,1,419,420,453,1,33,34,10
passenger1290,6,1,419,421,434,2,13,15,14
passenger1291,12,1,419,446,470,27,24,51,13
passenger1292,14,1,419,447,492,28,45,73,4
passenger1293,2,1,420,422,471,2,49,51,15
passenger1294,22,1,420,669,698,249,29,278,2
passenger1295,18,1,420,474,507,54,33,87,2
passenger1296,3,1,420,425,471,5,46,51,15
passenger1297,22,1,420,669,698,249,29,278,2
passenger1298,2,1,421,422,471,1,49,50,15
passenger1299,15,1,421,429,468,8,39,47,9
passenger1300,13,1,422,448,494,26,46,72,3
passenger1301,14,1,422,426,468,4,42,46,9
passenger1302,24,1,422,674,701,252,27,279,0
passenger1303,24,1,423,674,701,251,27,278,0
passenger1304,8,1,424,425,453,1,28,29,10
passenger1305,15,1,425,429,468,4,39,43,9
passenger1306,25,1,425,807,833,382,26,408,6
passenger1307,19,1,426,474,512,48,38,86,0
passenger1308,23,1,426,609,637,183,28,211,0
passenger1309,12,1,426,426,477,0,51,51,7
passenger1310,8,1,426,426,453,0,27,27,10
passenger1311,14,1,426,426,468,0,42,42,9
passenger1312,21,1,427,478,512,51,34,85,0
passenger1313,24,1,427,489,516,62,27,89,5
passenger1314,18,1,427,471,512,44,41,85,0
passenger1315,18,1,429,471,512,42,41,83,0
passenger1316,14,1,429,432,477,3,45,48,7
passenger1317,9,1,429,429,453,0,24,24,10
passenger1318,12,1,429,436,453,7,17,24,10
passenger1319,13,1,429,429,477,0,48,48,7
passenger1320,21,1,429,480,516,51,36,87,5
passenger1321,15,1,430,430,468,0,38,38,9
passenger1322,21,1,430,479,511,49,32,81,6
passenger1323,2,1,430,434,478,4,44,48,11
passenger1324,20,1,430,476,511,46,35,81,6
passenger1325,14,1,431,432,477,1,45,46,7
passenger1326,25,1,431,1001,1027,570,26,596,5
passenger1327,13,1,431,467,507,36,40,76,2
passenger1328,13,1,431,467,507,36,40,76,2
passenger1329,5,1,431,431,483,0,52,52,1
passenger1330,21,1,432,479,511,47,32,79,6
passenger1331,18,1,433,435,468,2,33,35,9
passenger1332,22,1,434,483,516,49,33,82,5
passenger1333,4,1,434,438,478,4,40,44,11
passenger1334,7,1,435,435,483,0,48,48,1
passenger1335,23,1,435,500,528,65,28,93,9
passenger1336,3,1,435,438,482,3,44,47,14
passenger1337,14,1,436,436,479,0,43,43,8
passenger1338,11,1,436,436,469,0,33,33,12
passenger1339,24,1,436,609,638,173,29,202,9
passenger1340,22,1,436,497,528,61,31,92,9
passenger1341,23,1,436,506,534,70,28,98,7
passenger1342,8,1,436,460,507,24,47,71,2
passenger1343,16,1,437,440,479,3,39,42,8
passenger1344,18,1,437,474,516,37,42,79,5
passenger1345,25,1,437,940,966,503,26,529,7
passenger1346,2,1,438,485,528,47,43,90,14
passenger1347,25,1,439,940,966,501,26,527,7
passenger1348,10,1,439,440,453,1,13,14,10
passenger1349,5,1,439,442,482,3,40,43,14
passenger1350,16,1,439,440,479,1,39,40,8
passenger1351,20,1,440,442,477,2,35,37,7
passenger1352,5,1,440,441,478,1,37,38,11
passenger1353,2,1,440,485,528,45,43,88,14
passenger1354,23,1,441,500,528,59,28,87,9
passenger1355,24,1,441,609,638,168,29,197,9
passenger1356,5,1,441,441,478,0,37,37,11
passenger1357,23,1,442,500,528,58,28,86,9
passenger1358,23,1,442,500,528,58,28,86,9
passenger1359,25,1,442,674,700,232,26,258,9
passenger1360,7,1,442,446,482,4,36,40,14
passenger1361,15,1,443,443,469,0,26,26,12
passenger1362,25,1,443,674,700,231,26,257,9
passenger1363,23,1,443,506,534,63,28,91,7
passenger1364,16,1,444,444,471,0,27,27,15
passenger1365,6,1,444,444,478,0,34,34,11
passenger1366,4,1,445,467,510,22,43,65,10
passenger1367,8,1,445,449,482,4,33,37,14
passenger1368,3,1,445,447,507,2,60,62,2
passenger1369,6,1,446,446,453,0,7,7,10
passenger1370,3,1,446,452,512,6,60,66,0
passenger1371,20,1,446,446,479,0,33,33,8
passenger1372,16,1,446,446,469,0,23,23,12
passenger1373,14,1,446,447,492,1,45,46,4
passenger1374,21,1,446,449,479,3,30,33,8
passenger1375,11,1,447,458,482,11,24,35,14
passenger1376,11,1,447,458,482,11,24,35,14
passenger1377,6,1,447,471,510,24,39,63,10
passenger1378,12,1,447,447,470,0,23,23,13
passenger1379,6,1,448,471,510,23,39,62,10
passenger1380,16,1,448,448,469,0,21,21,12
passenger1381,25,1,448,992,1018,544,26,570,7
passenger1382,14,1,448,448,492,0,44,44,4
passenger1383,9,1,448,451,478,3,27,30,11
passenger1384,18,1,448,552,583,104,31,135,15
passenger1385,21,1,449,449,479,0,30,30,8
passenger1386,13,1,450,450,470,0,20,20,13
passenger1387,8,1,451,451,482,0,31,31,14
passenger1388,19,1,451,737,769,286,32,318,15
passenger1389,6,1,451,452,507,1,55,56,2
passenger1390,25,1,452,992,1018,540,26,566,7
passenger1391,9,1,452,452,478,0,26,26,11
passenger1392,10,1,452,455,478,3,23,26,11
passenger1393,19,1,453,737,769,284,32,316,15
passenger1394,2,1,453,456,510,3,54,57,10
passenger1395,6,1,453,453,507,0,54,54,2
passenger1396,5,1,453,456,512,3,56,59,0
passenger1397,11,1,454,458,482,4,24,28,14
passenger1398,15,1,454,497,523,43,26,69,12
passenger1399,6,1,454,454,507,0,53,53,2
passenger1400,10,1,454,455,482,1,27,28,14
passenger1401,20,1,454,456,492,2,36,38,4
passenger1402,24,1,454,894,921,440,27,467,8
passenger1403,2,1,455,456,510,1,54,55,10
passenger1404,17,1,455,500,524,45,24,69,15
passenger1405,2,1,456,456,510,0,54,54,10
passenger1406,14,1,456,494,523,38,29,67,12
passenger1407,23,1,456,631,659,175,28,203,8
passenger1408,21,1,456,462,492,6,30,36,4
passenger1409,7,1,456,457,507,1,50,51,2
passenger1410,8,1,456,493,528,37,35,72,14
passenger1411,20,1,456,456,492,0,36,36,4
passenger1412,21,1,457,462,492,5,30,35,4
passenger1413,8,1,457,460,507,3,47,50,2
passenger1414,2,1,457,457,510,0,53,53,10
passenger1415,12,1,457,490,523,33,33,66,12
passenger1416,16,1,457,465,482,8,17,25,14
passenger1417,12,1,457,490,523,33,33,66,12
passenger1418,24,1,457,963,990,506,27,533,1
passenger1419,21,1,458,462,492,4,30,34,4
passenger1420,20,1,458,458,492,0,34,34,4
passenger1421,2,1,459,459,510,0,51,51,10
passenger1422,22,1,459,530,559,71,29,100,4
passenger1423,20,1,459,459,492,0,33,33,4
passenger1424,11,1,459,532,556,73,24,97,13
passenger1425,16,1,459,507,528,48,21,69,14
passenger1426,21,1,460,527,559,67,32,99,4
passenger1427,23,1,461,516,546,55,30,85,1
passenger1428,15,1,461,508,524,47,16,63,11
passenger1429,2,1,461,461,510,0,49,49,10
passenger1430,16,1,462,494,534,32,40,72,7
passenger1431,18,1,462,502,539,40,37,77,8
passenger1432,3,1,463,464,510,1,46,47,10
passenger1433,21,1,463,509,546,46,37,83,1
passenger1434,6,1,464,478,523,14,45,59,12
passenger1435,23,1,465,651,679,186,28,214,3
passenger1436,15,1,467,504,528,37,24,61,14
passenger1437,9,1,467,494,524,27,30,57,11
passenger1438,3,1,467,474,514,7,40,47,13
passenger1439,2,1,468,472,523,4,51,55,12
passenger1440,19,1,469,474,512,5,38,43,0
passenger1441,11,1,469,493,539,24,46,70,8
passenger1442,22,1,470,588,619,118,31,149,4
passenger1443,7,1,470,520,571,50,51,101,10
passenger1444,24,1,470,958,985,488,27,515,3
passenger1445,24,1,471,958,985,487,27,514,3
passenger1446,4,1,471,478,514,7,36,43,13
passenger1447,17,1,471,471,511,0,40,40,6
passenger1448,24,1,471,958,985,487,27,514,3
passenger1449,9,1,471,489,539,18,50,68,8
passenger1450,3,1,472,474,514,2,40,42,13
passenger1451,23,1,472,841,869,369,28,397,3
passenger1452,13,1,472,530,571,58,41,99,10
passenger1453,2,1,474,474,524,0,50,50,15
passenger1454,22,1,474,481,512,7,31,38,0
passenger1455,18,1,475,475,516,0,41,41,5
passenger1456,3,1,475,475,514,0,39,39,13
passenger1457,8,1,475,493,528,18,35,53,14
passenger1458,2,1,475,475,524,0,49,49,15
passenger1459,24,1,475,804,833,329,29,358,0
passenger1460,2,1,475,475,524,0,49,49,15
passenger1461,21,1,476,479,511,3,32,35,6
passenger1462,14,1,476,516,559,40,43,83,4
passenger1463,15,1,476,519,559,43,40,83,4
passenger1464,21,1,477,478,512,1,34,35,0
passenger1465,23,1,477,609,637,132,28,160,0
passenger1466,5,1,478,483,514,5,31,36,13
passenger1467,2,1,478,481,524,3,43,46,11
passenger1468,4,1,478,478,514,0,36,36,13
passenger1469,18,1,479,544,571,65,27,92,10
passenger1470,15,1,480,516,557,36,41,77,3
passenger1471,4,1,480,480,514,0,34,34,13
passenger1472,7,1,481,481,523,0,42,42,12
passenger1473,14,1,481,533,571,52,38,90,10
passenger1474,19,1,481,603,629,122,26,148,10
passenger1475,10,1,481,486,523,5,37,42,12
passenger1476,24,1,481,982,1011,501,29,530,2
passenger1477,25,1,482,985,1011,503,26,529,2
passenger1478,20,1,482,717,748,235,31,266,10
passenger1479,12,1,482,511,557,29,46,75,3
passenger1480,23,1,482,486,516,4,30,34,5
passenger1481,19,1,482,603,629,121,26,147,10
passenger1482,14,1,483,483,528,0,45,45,9
passenger1483,12,1,483,511,557,28,46,74,3
passenger1484,21,1,484,601,633,117,32,149,2
passenger1485,15,1,484,486,528,2,42,44,9
passenger1486,6,1,484,486,514,2,28,30,13
passenger1487,25,1,484,807,833,323,26,349,6
passenger1488,3,1,484,484,524,0,40,40,11
passenger1489,18,1,485,600,629,115,29,144,10
passenger1490,17,1,485,541,571,56,30,86,10
passenger1491,16,1,486,489,528,3,39,42,9
passenger1492,3,1,486,486,524,0,38,38,11
passenger1493,13,1,486,488,524,2,36,38,15
passenger1494,23,1,486,486,516,0,30,30,5
passenger1495,7,1,486,489,514,3,25,28,13
passenger1496,18,1,487,600,629,113,29,142,10
passenger1497,22,1,487,959,990,472,31,503,10
passenger1498,24,1,487,621,648,134,27,161,5
passenger1499,14,1,487,491,524,4,33,37,15
passenger1500,9,1,488,489,539,1,50,51,8
passenger1501,18,1,488,534,569,46,35,81,2
passenger1502,13,1,488,488,524,0,36,36,15
passenger1503,17,1,489,531,569,42,38,80,2
passenger1504,19,1,489,537,569,48,32,80,2
passenger1505,19,1,490,603,629,113,26,139,10
passenger1506,7,1,490,490,514,0,24,24,13
passenger1507,20,1,490,717,748,227,31,258,10
passenger1508,15,1,491,494,524,3,30,33,15
passenger1509,24,1,491,621,648,130,27,157,5
passenger1510,17,1,491,531,569,40,38,78,2
passenger1511,23,1,491,554,582,63,28,91,5
passenger1512,25,1,491,1001,1027,510,26,536,5
passenger1513,25,1,491,1001,1027,510,26,536,5
passenger1514,19,1,492,660,692,168,32,200,10
passenger1515,16,1,492,497,524,5,27,32,15
passenger1516,4,1,492,497,559,5,62,67,4
passenger1517,11,1,493,493,539,0,46,46,8
passenger1518,13,1,494,499,546,5,47,52,1
passenger1519,20,1,495,547,582,52,35,87,5
passenger1520,16,1,495,495,534,0,39,39,7
passenger1521,12,1,495,496,546,1,50,51,1
passenger1522,5,1,497,500,559,3,59,62,4
passenger1523,19,1,497,542,582,45,40,85,5
passenger1524,12,1,497,535,556,38,21,59,13
passenger1525,2,1,499,510,569,11,59,70,2
passenger1526,8,1,499,520,569,21,49,70,2
passenger1527,23,1,500,554,584,54,30,84,9
passenger1528,4,1,500,514,569,14,55,69,2
passenger1529,11,1,500,526,571,26,45,71,10
passenger1530,14,1,500,501,528,1,27,28,14
passenger1531,4,1,501,514,569,13,55,68,2
passenger1532,5,1,501,501,559,0,58,58,4
passenger1533,24,1,501,609,638,108,29,137,9
passenger1534,16,1,502,507,528,5,21,26,14
passenger1535,7,1,502,502,557,0,55,55,3
passenger1536,6,1,503,504,559,1,55,56,4
passenger1537,12,1,503,535,556,32,21,53,13
passenger1538,19,1,503,797,832,294,35,329,15
passenger1539,19,1,503,785,817,282,32,314,12
passenger1540,6,1,503,504,559,1,55,56,4
passenger1541,19,1,503,797,832,294,35,329,15
passenger1542,23,1,503,690,718,187,28,215,7
passenger1543,7,1,504,504,557,0,53,53,3
passenger1544,2,1,504,510,569,6,59,65,2
passenger1545,25,1,505,992,1018,487,26,513,7
passenger1546,14,1,505,505,524,0,19,19,11
passenger1547,20,1,506,506,539,0,33,33,8
passenger1548,9,1,506,526,556,20,30,50,13
passenger1549,9,1,506,526,556,20,30,50,13
passenger1550,7,1,506,522,574,16,52,68,0
passenger1551,7,1,506,522,574,16,52,68,0
passenger1552,13,1,507,546,570,39,24,63,11
passenger1553,4,1,508,516,574,8,58,66,6
passenger1554,22,1,508,513,546,5,33,38,1
passenger1555,14,1,508,549,570,41,21,62,11
passenger1556,23,1,509,516,546,7,30,37,1
passenger1557,14,1,509,596,624,87,28,115,12
passenger1558,9,1,509,509,559,0,50,50,4
passenger1559,14,1,509,596,624,87,28,115,12
passenger1560,5,1,510,520,556,10,36,46,13
passenger1561,21,1,510,510,546,0,36,36,1
passenger1562,19,1,510,548,584,38,36,74,9
passenger1563,5,1,510,520,556,10,36,46,13
passenger1564,15,1,511,516,557,5,41,46,3
passenger1565,14,1,511,511,528,0,17,17,14
passenger1566,6,1,511,525,582,14,57,71,5
passenger1567,4,1,512,516,574,4,58,62,6
passenger1568,20,1,513,683,718,170,35,205,7
passenger1569,8,1,513,540,573,27,33,60,12
passenger1570,14,1,513,513,528,0,15,15,14
passenger1571,7,1,514,535,573,21,38,59,12
passenger1572,17,1,514,560,596,46,36,82,7
passenger1573,3,1,514,514,571,0,57,57,10
passenger1574,10,1,515,541,570,26,29,55,11
passenger1575,15,1,515,516,557,1,41,42,3
passenger1576,12,1,515,595,610,80,15,95,14
passenger1577,16,1,515,519,557,4,38,42,3
passenger1578,6,1,515,532,573,17,41,58,12
passenger1579,12,1,516,595,610,79,15,94,14
passenger1580,20,1,516,572,603,56,31,87,8
passenger1581,10,1,517,553,568,36,15,51,14
passenger1582,5,1,517,518,574,1,56,57,0
passenger1583,22,1,518,628,659,110,31,141,8
passenger1584,20,1,518,572,603,54,31,85,8
passenger1585,18,1,518,524,557,6,33,39,3
passenger1586,21,1,518,625,659,107,34,141,8
passenger1587,20,1,519,572,603,53,31,84,8
passenger1588,19,1,519,569,603,50,34,84,8
passenger1589,14,1,519,555,596,36,41,77,7
passenger1590,2,1,519,519,582,0,63,63,5
passenger1591,16,1,520,520,557,0,37,37,3
passenger1592,8,1,520,545,568,25,23,48,14
passenger1593,20,1,521,641,672,120,31,151,1
passenger1594,13,1,522,552,596,30,44,74,7
passenger1595,23,1,522,708,736,186,28,214,1
passenger1596,16,1,523,562,603,39,41,80,8
passenger1597,15,1,524,559,603,35,44,79,8
passenger1598,24,1,525,974,1003,449,29,478,4
passenger1599,13,1,525,527,574,2,47,49,6
passenger1600,11,1,526,526,571,0,45,45,10
passenger1601,10,1,526,529,556,3,27,30,13
passenger1602,23,1,527,919,947,392,28,420,4
passenger1603,20,1,528,580,613,52,33,85,3
passenger1604,5,1,528,529,573,1,44,45,12
passenger1605,13,1,528,528,574,0,46,46,6
passenger1606,10,1,528,529,556,1,27,28,13
passenger1607,17,1,528,632,672,104,40,144,1
passenger1608,3,1,529,532,568,3,36,39,14
passenger1609,19,1,529,537,569,8,32,40,2
passenger1610,19,1,529,595,633,66,38,104,2
passenger1611,7,1,529,532,570,3,38,41,11
passenger1612,5,1,529,529,573,0,44,44,12
passenger1613,17,1,529,632,672,103,40,143,1
passenger1614,8,1,530,535,570,5,35,40,11
passenger1615,24,1,530,958,985,428,27,455,3
passenger1616,20,1,530,598,633,68,35,103,2
passenger1617,24,1,531,958,985,427,27,454,3
passenger1618,14,1,531,531,574,0,43,43,0
passenger1619,24,1,531,1010,1039,479,29,508,3
passenger1620,2,1,533,537,596,4,59,63,7
passenger1621,8,1,533,533,583,0,50,50,15
passenger1622,2,1,533,537,596,4,59,63,7
passenger1623,18,1,533,535,574,2,39,41,6
passenger1624,14,1,534,534,571,0,37,37,10
passenger1625,8,1,534,534,583,0,49,49,15
passenger1626,9,1,535,538,570,3,32,35,11
passenger1627,17,1,535,536,574,1,38,39,0
passenger1628,6,1,536,537,568,1,31,32,14
passenger1629,14,1,536,536,571,0,35,35,10
passenger1630,16,1,536,537,582,1,45,46,5
passenger1631,7,1,536,536,573,0,37,37,12
passenger1632,7,1,537,537,573,0,36,36,12
passenger1633,10,1,537,538,583,1,45,46,15
passenger1634,16,1,537,537,582,0,45,45,5
passenger1635,8,1,538,540,573,2,33,35,12
passenger1636,11,1,538,541,583,3,42,45,15
passenger1637,15,1,539,636,670,97,34,131,13
passenger1638,6,1,539,539,568,0,29,29,14
passenger1639,15,1,539,636,670,97,34,131,13
passenger1640,5,1,540,556,610,16,54,70,1
passenger1641,5,1,540,556,610,16,54,70,1
passenger1642,7,1,540,542,568,2,26,28,14
passenger1643,8,1,540,540,573,0,33,33,12
passenger1644,2,1,540,542,603,2,61,63,8
passenger1645,25,1,541,989,1015,448,26,474,6
passenger1646,9,1,541,543,573,2,30,32,12
passenger1647,21,1,541,542,574,1,32,33,0
passenger1648,23,1,542,542,574,0,32,32,6
passenger1649,21,1,542,542,574,0,32,32,0
passenger1650,21,1,542,542,574,0,32,32,0
passenger1651,4,1,543,553,610,10,57,67,1
passenger1652,10,1,544,588,624,44,36,80,12
passenger1653,19,1,544,544,582,0,38,38,5
passenger1654,15,1,545,552,570,7,18,25,11
passenger1655,2,1,545,549,610,4,61,65,1
passenger1656,15,1,546,547,583,1,36,37,15
passenger1657,21,1,546,550,582,4,32,36,5
passenger1658,21,1,546,550,582,4,32,36,5
passenger1659,11,1,546,582,612,36,30,66,13
passenger1660,7,1,547,572,612,25,40,65,13
passenger1661,9,1,547,548,568,1,20,21,14
passenger1662,9,1,548,548,568,0,20,20,14
passenger1663,10,1,548,589,610,41,21,62,14
passenger1664,9,1,549,549,568,0,19,19,14
passenger1665,12,1,549,549,596,0,47,47,7
passenger1666,2,1,549,549,610,0,61,61,1
passenger1667,8,1,550,550,603,0,53,53,8
passenger1668,9,1,550,550,568,0,18,18,14
passenger1669,5,1,550,568,612,18,44,62,13
passenger1670,23,1,551,605,635,54,30,84,6
passenger1671,18,1,551,552,583,1,31,32,15
passenger1672,23,1,551,609,637,58,28,86,0
passenger1673,15,1,552,552,570,0,18,18,11
passenger1674,4,1,552,565,612,13,47,60,13
passenger1675,23,1,552,605,635,53,30,83,6
passenger1676,12,1,554,593,606,39,13,52,11
passenger1677,18,1,554,554,583,0,29,29,15
passenger1678,11,1,554,592,610,38,18,56,14
passenger1679,13,1,555,556,570,1,14,15,11
passenger1680,13,1,555,556,570,1,14,15,11
passenger1681,8,1,555,563,610,8,47,55,1
passenger1682,15,1,555,589,633,34,44,78,2
passenger1683,19,1,556,596,637,40,41,81,0
passenger1684,2,1,556,559,612,3,53,56,13
passenger1685,5,1,556,556,610,0,54,54,1
passenger1686,22,1,557,870,899,313,29,342,15
passenger1687,15,1,557,593,629,36,36,72,10
passenger1688,25,1,558,1001,1027,443,26,469,5
passenger1689,16,1,558,600,624,42,24,66,12
passenger1690,17,1,559,560,596,1,36,37,7
passenger1691,23,1,559,618,648,59,30,89,5
passenger1692,17,1,559,560,596,1,36,37,7
passenger1693,9,1,559,586,610,27,24,51,14
passenger1694,14,1,560,596,624,36,28,64,12
passenger1695,7,1,560,560,610,0,50,50,1
passenger1696,10,1,560,589,606,29,17,46,11
passenger1697,18,1,560,563,596,3,33,36,7
passenger1698,5,1,560,568,612,8,44,52,13
passenger1699,18,1,561,563,596,2,33,35,7
passenger1700,16,1,561,562,603,1,41,42,8
passenger1701,9,1,561,586,606,25,20,45,11
passenger1702,3,1,561,562,612,1,50,51,13
passenger1703,18,1,562,623,658,61,35,96,7
passenger1704,21,1,562,608,648,46,40,86,5
passenger1705,19,1,562,604,648,42,44,86,5
passenger1706,12,1,563,587,635,24,48,72,6
passenger1707,17,1,563,565,603,2,38,40,8
passenger1708,11,1,563,591,624,28,33,61,12
passenger1709,10,1,563,588,624,25,36,61,12
passenger1710,9,1,563,583,629,20,46,66,10
passenger1711,7,1,563,582,606,19,24,43,11
passenger1712,25,1,563,992,1018,429,26,455,7
passenger1713,17,1,564,731,769,167,38,205,15
passenger1714,6,1,564,579,606,15,27,42,11
passenger1715,22,1,564,687,718,123,31,154,7
passenger1716,5,1,564,578,610,14,32,46,14
passenger1717,16,1,565,674,709,109,35,144,15
passenger1718,5,1,565,568,612,3,44,47,13
passenger1719,10,1,566,567,610,1,43,44,1
passenger1720,17,1,567,731,769,164,38,202,15
passenger1721,25,1,567,992,1018,425,26,451,7
passenger1722,25,1,567,992,1018,425,26,451,7
passenger1723,23,1,568,690,718,122,28,150,7
passenger1724,7,1,568,582,637,14,55,69,0
passenger1725,4,1,568,576,629,8,53,61,10
passenger1726,23,1,568,690,718,122,28,150,7
passenger1727,24,1,570,877,904,307,27,334,7
passenger1728,8,1,572,577,612,5,35,40,13
passenger1729,2,1,572,573,606,1,33,34,11
passenger1730,17,1,572,575,613,3,38,41,3
passenger1731,3,1,572,572,610,0,38,38,14
passenger1732,2,1,572,573,606,1,33,34,11
passenger1733,24,1,572,877,904,305,27,332,7
passenger1734,13,1,573,573,619,0,46,46,4
passenger1735,4,1,573,575,610,2,35,37,14
passenger1736,17,1,573,575,613,2,38,40,3
passenger1737,10,1,573,600,643,27,43,70,15
passenger1738,14,1,573,573,610,0,37,37,1
passenger1739,23,1,574,749,778,175,29,204,7
passenger1740,7,1,574,574,612,0,38,38,13
passenger1741,17,1,575,575,613,0,38,38,3
passenger1742,21,1,575,625,659,50,34,84,8
passenger1743,12,1,576,627,670,51,43,94,13
passenger1744,25,1,576,1007,1033,431,26,457,8
passenger1745,12,1,577,627,670,50,43,93,13
passenger1746,13,1,578,630,670,52,40,92,13
passenger1747,23,1,579,764,792,185,28,213,8
passenger1748,17,1,579,579,619,0,40,40,4
passenger1749,22,1,580,628,659,48,31,79,8
passenger1750,20,1,580,580,613,0,33,33,3
passenger1751,19,1,580,638,672,58,34,92,1
passenger1752,7,1,580,582,606,2,24,26,11
passenger1753,11,1,580,581,633,1,52,53,2
passenger1754,22,1,581,628,659,47,31,78,8
passenger1755,16,1,581,619,658,38,39,77,7
passenger1756,8,1,581,582,624,1,42,43,12
passenger1757,9,1,581,585,624,4,39,43,12
passenger1758,20,1,581,699,736,118,37,155,1
passenger1759,6,1,582,590,643,8,53,61,15
passenger1760,4,1,583,587,648,4,61,65,5
passenger1761,20,1,583,584,619,1,35,36,4
passenger1762,8,1,583,583,610,0,27,27,14
passenger1763,20,1,584,584,619,0,35,35,4
passenger1764,14,1,584,586,633,2,47,49,2
passenger1765,25,1,584,1016,1042,432,26,458,1
passenger1766,14,1,585,586,633,1,47,48,2
passenger1767,22,1,586,588,619,2,31,33,4
passenger1768,22,1,586,588,619,2,31,33,4
passenger1769,7,1,586,593,643,7,50,57,15
passenger1770,25,1,587,1013,1039,426,26,452,3
passenger1771,19,1,587,696,730,109,34,143,13
passenger1772,4,1,587,587,648,0,61,61,5
passenger1773,2,1,588,609,633,21,24,45,11
passenger1774,8,1,589,596,643,7,47,54,15
passenger1775,2,1,589,599,658,10,59,69,7
passenger1776,10,1,589,589,606,0,17,17,11
passenger1777,25,1,589,1013,1039,424,26,450,3
passenger1778,13,1,589,589,629,0,40,40,10
passenger1779,2,1,590,599,658,9,59,68,7
passenger1780,13,1,590,590,635,0,45,45,6
passenger1781,7,1,590,593,643,3,50,53,15
passenger1782,22,1,591,648,679,57,31,88,3
passenger1783,4,1,591,603,658,12,55,67,7
passenger1784,20,1,592,699,730,107,31,138,13
passenger1785,12,1,592,595,610,3,15,18,14
passenger1786,2,1,592,599,658,7,59,66,7
passenger1787,18,1,593,635,672,42,37,79,1
passenger1788,12,1,593,593,606,0,13,13,11
passenger1789,20,1,593,755,788,162,33,195,13
passenger1790,16,1,596,596,629,0,33,33,10
passenger1791,20,1,596,599,637,3,38,41,0
passenger1792,13,1,597,635,649,38,14,52,14
passenger1793,2,1,597,599,658,2,59,61,7
passenger1794,5,1,598,619,633,21,14,35,11
passenger1795,13,1,598,635,649,37,14,51,14
passenger1796,11,1,599,629,649,30,20,50,14
passenger1797,21,1,599,787,817,188,30,218,4
passenger1798,11,1,599,629,649,30,20,50,14
passenger1799,22,1,600,601,635,1,34,35,6
passenger1800,6,1,600,622,633,22,11,33,11
passenger1801,11,1,601,603,643,2,40,42,15
passenger1802,20,1,601,601,637,0,36,36,0
passenger1803,4,1,601,616,633,15,17,32,11
passenger1804,9,1,601,623,649,22,26,48,14
passenger1805,20,1,601,601,637,0,36,36,0
passenger1806,16,1,601,601,624,0,23,23,12
passenger1807,20,1,602,602,637,0,35,35,0
passenger1808,14,1,602,610,643,8,33,41,15
passenger1809,22,1,602,602,635,0,33,33,6
passenger1810,23,1,602,605,635,3,30,33,6
passenger1811,25,1,602,989,1015,387,26,413,6
passenger1812,4,1,603,616,633,13,17,30,11
passenger1813,16,1,603,716,753,113,37,150,12
passenger1814,4,1,604,615,649,11,34,45,14
passenger1815,7,1,605,620,670,15,50,65,13
passenger1816,9,1,605,627,679,22,52,74,3
passenger1817,17,1,606,719,753,113,34,147,12
passenger1818,12,1,606,606,643,0,37,37,15
passenger1819,22,1,606,606,637,0,31,31,0
passenger1820,9,1,607,639,689,32,50,82,4
passenger1821,16,1,608,716,753,108,37,145,12
passenger1822,20,1,608,717,748,109,31,140,10
passenger1823,25,1,608,989,1015,381,26,407,6
passenger1824,7,1,608,608,658,0,50,50,7
passenger1825,19,1,608,714,748,106,34,140,10
passenger1826,4,1,608,616,633,8,17,25,11
passenger1827,15,1,609,713,753,104,40,144,12
passenger1828,11,1,609,643,689,34,46,80,4
passenger1829,25,1,609,986,1012,377,26,403,9
passenger1830,20,1,609,717,748,108,31,139,10
passenger1831,24,1,609,609,638,0,29,29,9
passenger1832,22,1,609,611,648,2,37,39,5
passenger1833,11,1,610,645,689,35,44,79,12
passenger1834,19,1,610,714,748,104,34,138,10
passenger1835,2,1,610,610,633,0,23,23,11
passenger1836,15,1,612,613,643,1,30,31,15
passenger1837,3,1,612,613,633,1,20,21,11
passenger1838,19,1,612,662,698,50,36,86,2
passenger1839,25,1,612,986,1012,374,26,400,9
passenger1840,18,1,612,657,692,45,35,80,10
passenger1841,22,1,613,613,648,0,35,35,5
passenger1842,7,1,613,631,689,18,58,76,4
passenger1843,25,1,613,986,1012,373,26,399,9
passenger1844,15,1,613,613,643,0,30,30,15
passenger1845,18,1,614,658,698,44,40,84,2
passenger1846,20,1,614,665,698,51,33,84,2
passenger1847,17,1,614,731,769,117,38,155,15
passenger1848,9,1,614,638,689,24,51,75,12
passenger1849,16,1,615,728,769,113,41,154,15
passenger1850,17,1,615,655,698,40,43,83,2
passenger1851,22,1,615,615,648,0,33,33,5
passenger1852,13,1,615,648,692,33,44,77,10
passenger1853,14,1,616,651,692,35,41,76,10
passenger1854,14,1,616,651,692,35,41,76,10
passenger1855,4,1,616,616,649,0,33,33,14
passenger1856,4,1,616,616,649,0,33,33,14
passenger1857,2,1,616,616,679,0,63,63,3
passenger1858,17,1,617,731,769,114,38,152,15
passenger1859,12,1,618,645,692,27,47,74,10
passenger1860,22,1,619,928,961,309,33,342,15
passenger1861,18,1,619,666,701,47,35,82,0
passenger1862,5,1,619,619,633,0,14,14,11
passenger1863,4,1,620,620,679,0,59,59,3
passenger1864,10,1,621,621,672,0,51,51,1
passenger1865,24,1,621,882,911,261,29,290,5
passenger1866,3,1,621,628,689,7,61,68,12
passenger1867,6,1,621,622,633,1,11,12,11
passenger1868,2,1,622,622,689,0,67,67,4
passenger1869,11,1,622,624,672,2,48,50,1
passenger1870,25,1,622,1001,1027,379,26,405,5
passenger1871,18,1,623,623,658,0,35,35,7
passenger1872,13,1,623,655,701,32,46,78,6
passenger1873,5,1,623,639,661,16,22,38,11
passenger1874,10,1,623,626,649,3,23,26,14
passenger1875,14,1,623,656,701,33,45,78,0
passenger1876,8,1,624,648,661,24,13,37,11
passenger1877,18,1,625,734,769,109,35,144,15
passenger1878,25,1,625,1007,1033,382,26,408,8
passenger1879,6,1,625,642,661,17,19,36,11
passenger1880,8,1,625,648,661,23,13,36,11
passenger1881,5,1,626,627,689,1,62,63,4
passenger1882,19,1,626,626,658,0,32,32,7
passenger1883,13,1,626,656,700,30,44,74,9
passenger1884,8,1,626,648,661,22,13,35,11
passenger1885,7,1,626,645,661,19,16,35,11
passenger1886,3,1,626,628,689,2,61,63,12
passenger1887,13,1,627,630,670,3,40,43,13
passenger1888,18,1,628,746,779,118,33,151,5
passenger1889,7,1,628,647,701,19,54,73,6
passenger1890,2,1,629,632,692,3,60,63,10
passenger1891,13,1,629,630,670,1,40,41,13
passenger1892,18,1,630,810,846,180,36,216,5
passenger1893,10,1,630,630,679,0,49,49,3
passenger1894,8,1,630,648,701,18,53,71,0
passenger1895,5,1,630,632,689,2,57,59,12
passenger1896,19,1,631,638,672,7,34,41,1
passenger1897,22,1,631,687,718,56,31,87,7
passenger1898,20,1,631,699,736,68,37,105,1
passenger1899,14,1,631,633,670,2,37,39,13
passenger1900,19,1,631,638,672,7,34,41,1
passenger1901,11,1,631,631,649,0,18,18,14
passenger1902,2,1,631,632,692,1,60,61,10
passenger1903,10,1,632,632,679,0,47,47,3
passenger1904,18,1,632,635,672,3,37,40,1
passenger1905,17,1,632,743,779,111,36,147,5
passenger1906,25,1,632,1007,1033,375,26,401,8
passenger1907,25,1,633,1007,1033,374,26,400,8
passenger1908,7,1,633,633,689,0,56,56,4
passenger1909,2,1,633,633,692,0,59,59,10
passenger1910,8,1,634,636,689,2,53,55,4
passenger1911,23,1,634,764,792,130,28,158,8
passenger1912,21,1,635,702,736,67,34,101,1
passenger1913,4,1,635,643,700,8,57,65,9
passenger1914,5,1,635,639,661,4,22,26,11
passenger1915,15,1,636,636,670,0,34,34,13
passenger1916,17,1,636,692,730,56,38,94,13
passenger1917,25,1,636,1016,1042,380,26,406,1
passenger1918,20,1,636,699,736,63,37,100,1
passenger1919,7,1,637,651,709,14,58,72,15
passenger1920,2,1,638,638,701,0,63,63,6
passenger1921,17,1,638,692,730,54,38,92,13
passenger1922,15,1,639,639,679,0,40,40,3
passenger1923,24,1,639,963,990,324,27,351,1
passenger1924,15,1,639,639,679,0,40,40,3
passenger1925,14,1,639,652,689,13,37,50,12
passenger1926,9,1,639,639,689,0,50,50,12
passenger1927,4,1,641,642,701,1,59,60,0
passenger1928,23,1,641,960,990,319,30,349,1
passenger1929,21,1,641,758,788,117,30,147,13
passenger1930,5,1,642,643,701,1,58,59,6
passenger1931,18,1,642,693,726,51,33,84,8
passenger1932,10,1,642,642,689,0,47,47,12
passenger1933,12,1,642,648,689,6,41,47,12
passenger1934,22,1,642,882,911,240,29,269,13
passenger1935,22,1,642,882,911,240,29,269,13
passenger1936,6,1,642,642,661,0,19,19,11
passenger1937,9,1,643,643,698,0,55,55,2
passenger1938,21,1,644,818,850,174,32,206,13
passenger1939,24,1,644,944,971,300,27,327,13
passenger1940,3,1,646,653,679,7,26,33,14
passenger1941,22,1,646,882,911,236,29,265,13
passenger1942,13,1,647,681,726,34,45,79,8
passenger1943,16,1,647,650,689,3,39,42,4
passenger1944,3,1,647,653,679,6,26,32,14
passenger1945,18,1,647,656,689,9,33,42,4
passenger1946,18,1,647,657,692,10,35,45,10
passenger1947,17,1,648,653,689,5,36,41,4
passenger1948,20,1,648,755,788,107,33,140,13
passenger1949,24,1,649,963,990,314,27,341,1
passenger1950,22,1,649,882,911,233,29,262,13
passenger1951,19,1,649,696,730,47,34,81,13
passenger1952,25,1,649,1013,1039,364,26,390,3
passenger1953,18,1,649,720,755,71,35,106,4
passenger1954,18,1,650,720,755,70,35,105,4
passenger1955,15,1,651,651,698,0,47,47,2
passenger1956,20,1,651,755,788,104,33,137,13
passenger1957,3,1,652,653,679,1,26,27,14
passenger1958,14,1,652,652,689,0,37,37,12
passenger1959,12,1,652,653,700,1,47,48,9
passenger1960,23,1,652,903,931,251,28,279,3
passenger1961,3,1,652,653,679,1,26,27,14
passenger1962,17,1,652,655,698,3,43,46,2
passenger1963,6,1,653,660,679,7,19,26,14
passenger1964,23,1,653,903,931,250,28,278,3
passenger1965,22,1,653,776,805,123,29,152,3
passenger1966,7,1,653,653,709,0,56,56,15
passenger1967,22,1,653,838,869,185,31,216,3
passenger1968,13,1,653,656,700,3,44,47,9
passenger1969,25,1,653,1013,1039,360,26,386,3
passenger1970,19,1,654,696,736,42,40,82,1
passenger1971,2,1,654,656,661,2,5,7,11
passenger1972,6,1,654,666,726,12,60,72,8
passenger1973,11,1,654,665,709,11,44,55,15
passenger1974,7,1,655,655,709,0,54,54,15
passenger1975,5,1,655,657,679,2,22,24,14
passenger1976,25,1,656,1020,1046,364,26,390,10
passenger1977,22,1,656,838,869,182,31,213,3
passenger1978,12,1,656,685,730,29,45,74,13
passenger1979,7,1,656,656,714,0,58,58,5
passenger1980,6,1,656,660,679,4,19,23,14
passenger1981,23,1,657,903,931,246,28,274,3
passenger1982,9,1,657,660,714,3,54,57,5
passenger1983,2,1,658,658,661,0,3,3,11
passenger1984,11,1,658,682,730,24,48,72,13
passenger1985,12,1,658,685,730,27,45,72,13
passenger1986,16,1,658,660,701,2,41,43,0
passenger1987,10,1,658,662,709,4,47,51,15
passenger1988,24,1,658,976,1003,318,27,345,12
passenger1989,17,1,658,661,701,3,40,43,6
passenger1990,25,1,659,1029,1055,370,26,396,12
passenger1991,10,1,659,662,709,3,47,50,15
passenger1992,17,1,659,663,701,4,38,42,0
passenger1993,10,1,659,662,709,3,47,50,15
passenger1994,18,1,659,659,698,0,39,39,2
passenger1995,19,1,659,849,881,190,32,222,12
passenger1996,9,1,659,659,709,0,50,50,15
passenger1997,24,1,659,976,1003,317,27,344,12
passenger1998,22,1,660,970,1003,310,33,343,12
passenger1999,23,1,660,973,1003,313,30,343,12
passenger2000,7,1,661,663,679,2,16,18,14
passenger2001,19,1,661,714,748,53,34,87,10
passenger2002,4,1,661,686,715,25,29,54,14
passenger2003,4,1,662,668,693,6,25,31,11
passenger2004,25,1,662,1029,1055,367,26,393,12
passenger2005,5,1,662,673,693,11,20,31,11
passenger2006,22,1,663,959,990,296,31,327,10
passenger2007,12,1,663,665,714,2,49,51,5
passenger2008,9,1,663,699,715,36,16,52,14
passenger2009,3,1,663,665,693,2,28,30,11
passenger2010,18,1,664,664,701,0,37,37,6
passenger2011,19,1,664,664,700,0,36,36,9
passenger2012,13,1,664,670,714,6,44,50,5
passenger2013,21,1,664,956,990,292,34,326,10
passenger2014,9,1,664,699,715,35,16,51,14
passenger2015,15,1,665,702,742,37,40,77,3
passenger2016,8,1,665,666,679,1,13,14,14
passenger2017,15,1,665,702,742,37,40,77,3
passenger2018,5,1,666,673,693,7,20,27,11
passenger2019,13,1,666,670,714,4,44,48,5
passenger2020,15,1,666,678,714,12,36,48,5
passenger2021,15,1,667,736,779,69,43,112,5
passenger2022,12,1,667,667,714,0,47,47,5
passenger2023,17,1,667,743,779,76,36,112,5
passenger2024,14,1,667,674,714,7,40,47,5
passenger2025,8,1,668,668,679,0,11,11,14
passenger2026,7,1,668,669,726,1,57,58,8
passenger2027,17,1,668,779,817,111,38,149,12
passenger2028,24,1,668,1017,1046,349,29,378,10
passenger2029,20,1,668,668,701,0,33,33,6
passenger2030,17,1,669,779,817,110,38,148,12
passenger2031,24,1,669,1017,1046,348,29,377,10
passenger2032,23,1,669,670,700,1,30,31,9
passenger2033,14,1,669,670,709,1,39,40,15
passenger2034,4,1,670,670,693,0,23,23,11
passenger2035,17,1,670,717,755,47,38,85,4
passenger2036,16,1,670,728,769,58,41,99,15
passenger2037,8,1,670,696,715,26,19,45,14
passenger2038,22,1,670,735,764,65,29,94,2
passenger2039,22,1,671,959,990,288,31,319,10
passenger2040,9,1,671,699,715,28,16,44,14
passenger2041,13,1,671,671,714,0,43,43,5
passenger2042,6,1,672,677,693,5,16,21,11
passenger2043,6,1,672,677,693,5,16,21,11
passenger2044,8,1,673,712,723,39,11,50,11
passenger2045,10,1,673,674,726,1,52,53,8
passenger2046,8,1,674,712,723,38,11,49,11
passenger2047,5,1,674,674,693,0,19,19,11
passenger2048,12,1,674,678,726,4,48,52,8
passenger2049,16,1,674,716,753,42,37,79,12
passenger2050,9,1,675,735,767,60,32,92,11
passenger2051,14,1,675,675,714,0,39,39,5
passenger2052,8,1,675,712,723,37,11,48,11
passenger2053,18,1,676,677,718,1,41,42,7
passenger2054,17,1,676,710,748,34,38,72,10
passenger2055,25,1,677,986,1012,309,26,335,0
passenger2056,3,1,677,683,715,6,32,38,14
passenger2057,22,1,677,735,764,58,29,87,2
passenger2058,10,1,678,708,755,30,47,77,4
passenger2059,3,1,678,683,715,5,32,37,14
passenger2060,18,1,679,679,718,0,39,39,7
passenger2061,6,1,679,679,693,0,14,14,11
passenger2062,6,1,680,680,693,0,13,13,11
passenger2063,25,1,680,935,961,255,26,281,15
passenger2064,7,1,680,680,736,0,56,56,1
passenger2065,15,1,681,687,726,6,39,45,8
passenger2066,6,1,681,706,723,25,17,42,11
passenger2067,4,1,682,686,715,4,29,33,14
passenger2068,2,1,683,692,753,9,61,70,12
passenger2069,2,1,683,692,755,9,63,72,4
passenger2070,13,1,683,683,726,0,43,43,8
passenger2071,12,1,684,685,730,1,45,46,13
passenger2072,2,1,684,692,753,8,61,69,12
passenger2073,10,1,684,685,736,1,51,52,1
passenger2074,8,1,684,712,723,28,11,39,11
passenger2075,15,1,684,722,764,38,42,80,2
passenger2076,25,1,684,935,961,251,26,277,15
passenger2077,18,1,684,728,767,44,39,83,0
passenger2078,24,1,684,932,961,248,29,277,15
passenger2079,6,1,685,692,715,7,23,30,14
passenger2080,7,1,686,709,723,23,14,37,11
passenger2081,20,1,686,801,832,115,31,146,15
passenger2082,9,1,686,732,752,46,20,66,14
passenger2083,22,1,686,687,718,1,31,32,7
passenger2084,13,1,686,718,764,32,46,78,2
passenger2085,6,1,687,706,723,19,17,36,11
passenger2086,22,1,687,687,718,0,31,31,7
passenger2087,15,1,688,688,726,0,38,38,8
passenger2088,21,1,688,865,899,177,34,211,15
passenger2089,12,1,688,723,764,35,41,76,9
passenger2090,5,1,688,689,715,1,26,27,14
passenger2091,18,1,689,693,726,4,33,37,8
passenger2092,4,1,690,700,723,10,23,33,11
passenger2093,17,1,690,692,730,2,38,40,13
passenger2094,12,1,691,692,742,1,50,51,3
passenger2095,20,1,691,755,788,64,33,97,13
passenger2096,22,1,691,873,911,182,38,220,5
passenger2097,11,1,691,720,768,29,48,77,6
passenger2098,23,1,691,749,778,58,29,87,7
passenger2099,4,1,692,696,755,4,59,63,4
passenger2100,4,1,692,696,753,4,57,61,12
passenger2101,25,1,693,992,1018,299,26,325,7
passenger2102,15,1,693,725,769,32,44,76,15
passenger2103,12,1,693,693,742,0,49,49,3
passenger2104,5,1,693,704,764,11,60,71,2
passenger2105,8,1,693,713,764,20,51,71,9
passenger2106,18,1,693,753,792,60,39,99,8
passenger2107,21,1,693,870,911,177,41,218,5
passenger2108,23,1,693,749,778,56,29,85,7
passenger2109,11,1,694,738,752,44,14,58,14
passenger2110,12,1,695,695,742,0,47,47,3
passenger2111,5,1,696,706,764,10,58,68,9
passenger2112,3,1,696,697,723,1,26,27,11
passenger2113,12,1,697,697,742,0,45,45,3
passenger2114,15,1,698,736,779,38,43,81,5
passenger2115,4,1,698,708,767,10,59,69,0
passenger2116,11,1,700,738,752,38,14,52,14
passenger2117,17,1,700,741,778,41,37,78,7
passenger2118,21,1,700,702,736,2,34,36,1
passenger2119,24,1,701,952,981,251,29,280,8
passenger2120,10,1,701,735,752,34,17,51,14
passenger2121,11,1,701,738,752,37,14,51,14
passenger2122,22,1,702,705,736,3,31,34,1
passenger2123,18,1,702,709,742,7,33,40,3
passenger2124,8,1,702,702,755,0,53,53,4
passenger2125,18,1,702,709,742,7,33,40,3
passenger2126,5,1,702,703,723,1,20,21,11
passenger2127,12,1,702,819,840,117,21,138,14
passenger2128,9,1,703,703,753,0,50,50,12
passenger2129,25,1,703,999,1025,296,26,322,13
passenger2130,2,1,704,704,768,0,64,64,6
passenger2131,22,1,704,761,792,57,31,88,8
passenger2132,8,1,704,704,755,0,51,51,4
passenger2133,2,1,704,704,767,0,63,63,0
passenger2134,17,1,704,706,742,2,36,38,3
passenger2135,18,1,706,709,742,3,33,36,3
passenger2136,5,1,706,706,764,0,58,58,9
passenger2137,2,1,706,706,768,0,62,62,6
passenger2138,4,1,707,708,767,1,59,60,0
passenger2139,11,1,707,707,753,0,46,46,12
passenger2140,5,1,708,708,764,0,56,56,9
passenger2141,18,1,709,753,792,44,39,83,8
passenger2142,3,1,709,709,768,0,59,59,6
passenger2143,20,1,709,755,788,46,33,79,13
passenger2144,22,1,709,938,971,229,33,262,13
passenger2145,19,1,710,714,748,4,34,38,10
passenger2146,24,1,710,963,990,253,27,280,1
passenger2147,24,1,710,963,990,253,27,280,1
passenger2148,3,1,710,710,768,0,58,58,6
passenger2149,10,1,710,711,764,1,53,54,2
passenger2150,20,1,710,755,788,45,33,78,13
passenger2151,10,1,711,711,764,0,53,53,2
passenger2152,19,1,711,714,748,3,34,37,10
passenger2153,20,1,712,903,934,191,31,222,10
passenger2154,25,1,712,1016,1042,304,26,330,1
passenger2155,9,1,713,718,764,5,46,51,9
passenger2156,10,1,713,713,764,0,51,51,2
passenger2157,2,1,714,718,752,4,34,38,14
passenger2158,8,1,714,714,764,0,50,50,9
passenger2159,8,1,715,715,764,0,49,49,9
passenger2160,12,1,716,718,767,2,49,51,0
passenger2161,12,1,716,718,767,2,49,51,0
passenger2162,22,1,717,959,990,242,31,273,10
passenger2163,20,1,718,903,934,185,31,216,10
passenger2164,19,1,719,723,755,4,32,36,4
passenger2165,2,1,719,719,752,0,33,33,14
passenger2166,13,1,719,721,767,2,46,48,0
passenger2167,19,1,721,723,755,2,32,34,4
passenger2168,7,1,721,722,779,1,57,58,5
passenger2169,12,1,722,723,768,1,45,46,6
passenger2170,19,1,722,849,881,127,32,159,12
passenger2171,21,1,722,773,805,51,32,83,3
passenger2172,22,1,722,959,990,237,31,268,10
passenger2173,12,1,722,723,764,1,41,42,9
passenger2174,11,1,723,756,798,33,42,75,1
passenger2175,11,1,723,756,798,33,42,75,1
passenger2176,18,1,723,727,764,4,37,41,2
passenger2177,12,1,723,723,768,0,45,45,6
passenger2178,11,1,724,756,798,32,42,74,1
passenger2179,6,1,724,725,752,1,27,28,14
passenger2180,13,1,724,726,764,2,38,40,9
passenger2181,7,1,724,728,752,4,24,28,14
passenger2182,14,1,725,727,768,2,41,43,6
passenger2183,23,1,725,962,990,237,28,265,10
passenger2184,20,1,725,784,817,59,33,92,4
passenger2185,13,1,726,788,830,62,42,104,9
passenger2186,25,1,726,1029,1055,303,26,329,12
passenger2187,25,1,726,1029,1055,303,26,329,12
passenger2188,12,1,727,729,779,2,50,52,5
passenger2189,20,1,727,732,767,5,35,40,0
passenger2190,10,1,728,735,752,7,17,24,14
passenger2191,23,1,729,971,1003,242,32,274,4
passenger2192,10,1,729,729,778,0,49,49,7
passenger2193,8,1,730,732,767,2,35,37,11
passenger2194,5,1,730,734,792,4,58,62,8
passenger2195,22,1,731,970,1003,239,33,272,12
passenger2196,9,1,731,735,767,4,32,36,11
passenger2197,21,1,731,732,764,1,32,33,2
passenger2198,4,1,731,731,792,0,61,61,8
passenger2199,14,1,731,733,779,2,46,48,5
passenger2200,12,1,732,742,767,10,25,35,11
passenger2201,12,1,732,742,767,10,25,35,11
passenger2202,6,1,732,776,813,44,37,81,11
passenger2203,3,1,732,734,788,2,54,56,13
passenger2204,10,1,733,738,767,5,29,34,11
passenger2205,13,1,734,734,778,0,44,44,7
passenger2206,21,1,735,735,767,0,32,32,0
passenger2207,13,1,735,735,778,0,43,43,7
passenger2208,7,1,735,738,792,3,54,57,8
passenger2209,8,1,736,780,813,44,33,77,11
passenger2210,16,1,736,740,779,4,39,43,5
passenger2211,12,1,737,769,810,32,41,73,10
passenger2212,23,1,737,738,768,1,30,31,6
passenger2213,12,1,737,769,810,32,41,73,10
passenger2214,15,1,737,737,779,0,42,42,5
passenger2215,3,1,737,740,798,3,58,61,1
passenger2216,6,1,738,739,788,1,49,50,13
passenger2217,22,1,738,738,767,0,29,29,0
passenger2218,10,1,738,738,767,0,29,29,11
passenger2219,12,1,740,819,840,79,21,100,14
passenger2220,16,1,740,776,817,36,41,77,4
passenger2221,3,1,740,740,798,0,58,58,1
passenger2222,14,1,740,774,817,34,43,77,12
passenger2223,10,1,741,786,813,45,27,72,11
passenger2224,5,1,741,744,798,3,54,57,1
passenger2225,12,1,741,819,840,78,21,99,14
passenger2226,12,1,742,742,767,0,25,25,11
passenger2227,6,1,742,759,810,17,51,68,10
passenger2228,15,1,743,747,767,4,20,24,11
passenger2229,19,1,743,798,830,55,32,87,9
passenger2230,8,1,744,769,798,25,29,54,14
passenger2231,25,1,744,989,1015,245,26,271,6
passenger2232,16,1,744,750,767,6,17,23,11
passenger2233,20,1,744,925,956,181,31,212,9
passenger2234,3,1,744,746,805,2,59,61,3
passenger2235,20,1,744,925,956,181,31,212,9
passenger2236,10,1,744,766,817,22,51,73,12
passenger2237,19,1,744,798,830,54,32,86,9
passenger2238,21,1,745,796,833,51,37,88,0
passenger2239,8,1,745,769,798,24,29,53,14
passenger2240,8,1,746,762,817,16,55,71,12
passenger2241,3,1,747,747,805,0,58,58,3
passenger2242,16,1,747,933,956,186,23,209,11
passenger2243,20,1,747,792,833,45,41,86,0
passenger2244,11,1,748,789,813,41,24,65,11
passenger2245,5,1,748,764,798,16,34,50,14
passenger2246,9,1,748,750,798,2,48,50,1
passenger2247,11,1,748,789,813,41,24,65,11
passenger2248,23,1,749,749,778,0,29,29,7
passenger2249,4,1,749,761,798,12,37,49,14
passenger2250,10,1,749,753,798,4,45,49,1
passenger2251,17,1,750,750,792,0,42,42,8
passenger2252,7,1,750,755,805,5,50,55,3
passenger2253,23,1,750,750,778,0,28,28,7
passenger2254,23,1,750,750,778,0,28,28,7
passenger2255,11,1,751,781,830,30,49,79,9
passenger2256,19,1,751,797,832,46,35,81,15
passenger2257,20,1,751,757,792,6,35,41,8
passenger2258,18,1,752,794,832,42,38,80,15
passenger2259,6,1,752,752,805,0,53,53,3
passenger2260,3,1,752,752,810,0,58,58,10
passenger2261,10,1,752,753,798,1,45,46,1
passenger2262,5,1,752,756,810,4,54,58,10
passenger2263,9,1,753,778,826,25,48,73,2
passenger2264,17,1,753,791,832,38,41,79,15
passenger2265,16,1,753,796,833,43,37,80,6
passenger2266,7,1,754,755,805,1,50,51,3
passenger2267,2,1,754,755,798,1,43,44,14
passenger2268,7,1,754,755,805,1,50,51,3
passenger2269,12,1,755,792,813,37,21,58,11
passenger2270,20,1,755,755,788,0,33,33,13
passenger2271,10,1,756,786,813,30,27,57,11
passenger2272,8,1,756,775,830,19,55,74,9
passenger2273,15,1,756,820,865,64,45,109,1
passenger2274,3,1,756,758,798,2,40,42,14
passenger2275,7,1,757,772,826,15,54,69,2
passenger2276,2,1,758,758,817,0,59,59,4
passenger2277,14,1,758,761,798,3,37,40,1
passenger2278,12,1,758,784,832,26,48,74,15
passenger2279,15,1,758,820,865,62,45,107,1
passenger2280,16,1,759,809,844,50,35,85,7
passenger2281,11,1,759,781,832,22,51,73,15
passenger2282,22,1,760,938,971,178,33,211,13
passenger2283,24,1,760,996,1025,236,29,265,13
passenger2284,4,1,760,761,798,1,37,38,14
passenger2285,24,1,760,952,981,192,29,221,8
passenger2286,6,1,760,760,810,0,50,50,10
passenger2287,7,1,760,777,833,17,56,73,0
passenger2288,14,1,760,817,865,57,48,105,1
passenger2289,2,1,760,760,817,0,57,57,4
passenger2290,10,1,761,766,817,5,51,56,12
passenger2291,6,1,761,761,810,0,49,49,10
passenger2292,13,1,761,763,805,2,42,44,3
passenger2293,21,1,762,818,850,56,32,88,13
passenger2294,24,1,762,996,1025,234,29,263,13
passenger2295,7,1,762,781,833,19,52,71,6
passenger2296,15,1,763,806,844,43,38,81,7
passenger2297,13,1,763,763,805,0,42,42,3
passenger2298,11,1,764,769,817,5,48,53,12
passenger2299,17,1,764,826,865,62,39,101,1
passenger2300,25,1,764,999,1025,235,26,261,13
passenger2301,11,1,765,769,817,4,48,52,12
passenger2302,3,1,765,771,813,6,42,48,11
passenger2303,23,1,766,941,971,175,30,205,13
passenger2304,24,1,766,952,981,186,29,215,8
passenger2305,9,1,767,772,798,5,26,31,14
passenger2306,14,1,767,773,810,6,37,43,10
passenger2307,22,1,767,938,971,171,33,204,13
passenger2308,14,1,767,773,810,6,37,43,10
passenger2309,13,1,767,799,846,32,47,79,5
passenger2310,24,1,767,952,981,185,29,214,8
passenger2311,21,1,767,818,850,51,32,83,13
passenger2312,14,1,767,831,872,64,41,105,10
passenger2313,5,1,768,770,830,2,60,62,9
passenger2314,12,1,769,769,810,0,41,41,10
passenger2315,18,1,769,811,850,42,39,81,13
passenger2316,8,1,769,769,798,0,29,29,14
passenger2317,14,1,769,831,872,62,41,103,10
passenger2318,17,1,770,808,850,38,42,80,13
passenger2319,4,1,770,772,833,2,61,63,0
passenger2320,15,1,770,834,872,64,38,102,10
passenger2321,19,1,770,814,850,44,36,80,13
passenger2322,7,1,770,772,826,2,54,56,2
passenger2323,15,1,770,834,872,64,38,102,10
passenger2324,19,1,770,814,850,44,36,80,13
passenger2325,3,1,770,772,833,2,61,63,6
passenger2326,17,1,771,808,850,37,42,79,13
passenger2327,8,1,772,775,826,3,51,54,2
passenger2328,11,1,773,776,798,3,22,25,14
passenger2329,17,1,773,876,921,103,45,148,8
passenger2330,2,1,773,781,844,8,63,71,7
passenger2331,2,1,773,781,844,8,63,71,7
passenger2332,12,1,773,819,840,46,21,67,14
passenger2333,24,1,773,963,990,190,27,217,1
passenger2334,2,1,774,782,846,8,64,72,5
passenger2335,20,1,774,784,817,10,33,43,4
passenger2336,3,1,774,774,833,0,59,59,6
passenger2337,13,1,775,912,934,137,22,159,14
passenger2338,12,1,775,819,840,44,21,65,14
passenger2339,13,1,775,948,976,173,28,201,14
passenger2340,3,1,775,775,833,0,58,58,6
passenger2341,20,1,776,784,817,8,33,41,4
passenger2342,8,1,776,776,830,0,54,54,9
passenger2343,20,1,777,903,934,126,31,157,1
passenger2344,17,1,778,779,817,1,38,39,4
passenger2345,15,1,778,872,921,94,49,143,8
passenger2346,9,1,778,778,826,0,48,48,2
passenger2347,17,1,779,779,817,0,38,38,4
passenger2348,25,1,779,1065,1091,286,26,312,3
passenger2349,24,1,780,1010,1039,230,29,259,3
passenger2350,23,1,780,955,985,175,30,205,3
passenger2351,7,1,780,781,833,1,52,53,6
passenger2352,16,1,780,957,976,177,19,196,14
passenger2353,11,1,782,782,830,0,48,48,9
passenger2354,25,1,782,1020,1046,238,26,264,10
passenger2355,24,1,782,1010,1039,228,29,257,3
passenger2356,22,1,783,959,990,176,31,207,10
passenger2357,5,1,783,787,846,4,59,63,5
passenger2358,9,1,783,783,813,0,30,30,11
passenger2359,19,1,784,849,881,65,32,97,12
passenger2360,19,1,784,849,881,65,32,97,12
passenger2361,10,1,784,786,813,2,27,29,11
passenger2362,5,1,785,786,844,1,58,59,7
passenger2363,5,1,785,786,844,1,58,59,7
passenger2364,18,1,785,789,826,4,37,41,2
passenger2365,12,1,785,785,830,0,45,45,9
passenger2366,13,1,786,948,976,162,28,190,14
passenger2367,21,1,786,787,817,1,30,31,4
passenger2368,2,1,787,791,850,4,59,63,13
passenger2369,20,1,787,966,1003,179,37,216,12
passenger2370,8,1,788,809,840,21,31,52,14
passenger2371,24,1,788,974,1003,186,29,215,4
passenger2372,24,1,789,974,1003,185,29,214,4
passenger2373,14,1,789,790,833,1,43,44,6
passenger2374,9,1,789,814,840,25,26,51,14
passenger2375,7,1,789,791,846,2,55,57,5
passenger2376,6,1,789,789,844,0,55,55,7
passenger2377,25,1,790,1029,1055,239,26,265,12
passenger2378,6,1,791,791,844,0,53,53,7
passenger2379,12,1,792,832,855,40,23,63,11
passenger2380,13,1,792,835,855,43,20,63,11
passenger2381,18,1,792,794,832,2,38,40,15
passenger2382,22,1,792,800,833,8,33,41,0
passenger2383,15,1,792,792,830,0,38,38,9
passenger2384,20,1,793,793,833,0,40,40,0
passenger2385,15,1,793,793,833,0,40,40,6
passenger2386,12,1,794,832,855,38,23,61,11
passenger2387,5,1,794,804,840,10,36,46,14
passenger2388,7,1,794,794,844,0,50,50,7
passenger2389,12,1,794,832,855,38,23,61,11
passenger2390,3,1,795,796,854,1,58,59,8
passenger2391,9,1,796,819,869,23,50,73,3
passenger2392,13,1,796,835,855,39,20,59,11
passenger2393,13,1,796,882,908,86,26,112,11
passenger2394,21,1,797,797,833,0,36,36,0
passenger2395,25,1,798,985,1011,187,26,213,2
passenger2396,19,1,798,922,956,124,34,158,9
passenger2397,3,1,798,798,854,0,56,56,8
passenger2398,11,1,798,824,872,26,48,74,10
passenger2399,19,1,798,798,832,0,34,34,15
passenger2400,16,1,799,804,846,5,42,47,5
passenger2401,12,1,799,827,872,28,45,73,10
passenger2402,12,1,799,827,872,28,45,73,10
passenger2403,11,1,799,800,844,1,44,45,7
passenger2404,15,1,799,930,956,131,26,157,11
passenger2405,6,1,799,803,854,4,51,55,8
passenger2406,14,1,799,927,956,128,29,157,11
passenger2407,6,1,801,803,854,2,51,53,8
passenger2408,18,1,802,810,846,8,36,44,5
passenger2409,22,1,803,979,1012,176,33,209,9
passenger2410,14,1,803,840,887,37,47,84,4
passenger2411,11,1,803,829,855,26,26,52,11
passenger2412,24,1,804,804,833,0,29,29,0
passenger2413,17,1,804,807,846,3,39,42,5
passenger2414,12,1,805,836,881,31,45,76,12
passenger2415,2,1,805,808,869,3,61,64,3
passenger2416,2,1,806,808,869,2,61,63,3
passenger2417,7,1,806,806,854,0,48,48,8
passenger2418,7,1,806,806,854,0,48,48,8
passenger2419,19,1,806,923,955,117,32,149,2
passenger2420,14,1,807,854,891,47,37,84,2
passenger2421,25,1,807,986,1012,179,26,205,0
passenger2422,14,1,807,912,955,105,43,148,2
passenger2423,23,1,808,982,1012,174,30,204,9
passenger2424,15,1,809,915,955,106,40,146,2
passenger2425,10,1,809,809,865,0,56,56,1
passenger2426,19,1,810,922,956,112,34,146,9
passenger2427,12,1,810,813,865,3,52,55,1
passenger2428,8,1,811,811,840,0,29,29,14
passenger2429,13,1,811,851,891,40,40,80,2
passenger2430,17,1,811,858,894,47,36,83,9
passenger2431,11,1,811,812,854,1,42,43,8
passenger2432,18,1,811,811,846,0,35,35,5
passenger2433,25,1,812,999,1025,187,26,213,13
passenger2434,11,1,812,812,854,0,42,42,8
passenger2435,9,1,813,814,840,1,26,27,14
passenger2436,11,1,813,813,854,0,41,41,8
passenger2437,22,1,813,873,911,60,38,98,5
passenger2438,6,1,813,814,869,1,55,56,3
passenger2439,25,1,813,999,1025,186,26,212,13
passenger2440,11,1,814,814,854,0,40,40,8
passenger2441,22,1,815,873,911,58,38,96,5
passenger2442,20,1,815,815,846,0,31,31,5
passenger2443,20,1,816,867,911,51,44,95,5
passenger2444,23,1,817,872,904,55,32,87,7
passenger2445,6,1,817,817,872,0,55,55,10
passenger2446,16,1,818,856,893,38,37,75,6
passenger2447,4,1,818,818,855,0,37,37,11
passenger2448,9,1,819,819,869,0,50,50,3
passenger2449,2,1,819,820,887,1,67,68,4
passenger2450,18,1,819,830,865,11,35,46,1
passenger2451,16,1,820,823,865,3,42,45,1
passenger2452,19,1,820,833,865,13,32,45,1
passenger2453,6,1,820,822,855,2,33,35,11
passenger2454,9,1,820,844,894,24,50,74,9
passenger2455,18,1,820,879,921,59,42,101,8
passenger2456,21,1,820,820,850,0,30,30,13
passenger2457,23,1,820,877,911,57,34,91,5
passenger2458,3,1,821,821,881,0,60,60,12
passenger2459,11,1,822,851,899,29,48,77,15
passenger2460,2,1,823,829,891,6,62,68,2
passenger2461,21,1,824,868,904,44,36,80,7
passenger2462,4,1,824,824,887,0,63,63,4
passenger2463,21,1,824,868,904,44,36,80,7
passenger2464,5,1,825,825,881,0,56,56,12
passenger2465,2,1,826,829,891,3,62,65,2
passenger2466,23,1,826,941,971,115,30,145,13
passenger2467,12,1,826,863,886,37,23,60,14
passenger2468,12,1,826,863,886,37,23,60,14
passenger2469,17,1,827,827,865,0,38,38,1
passenger2470,8,1,827,830,887,3,57,60,4
passenger2471,18,1,827,863,904,36,41,77,7
passenger2472,12,1,827,827,872,0,45,45,10
passenger2473,8,1,828,830,881,2,51,53,12
passenger2474,11,1,828,829,855,1,26,27,11
passenger2475,2,1,828,829,891,1,62,63,2
passenger2476,9,1,828,856,886,28,30,58,14
passenger2477,16,1,828,828,869,0,41,41,3
passenger2478,5,1,829,843,898,14,55,69,0
passenger2479,4,1,830,840,893,10,53,63,6
passenger2480,17,1,831,831,869,0,38,38,3
passenger2481,12,1,831,832,855,1,23,24,11
passenger2482,5,1,831,838,894,7,56,63,9
passenger2483,19,1,831,875,911,44,36,80,13
passenger2484,20,1,831,878,911,47,33,80,13
passenger2485,2,1,832,836,898,4,62,66,0
passenger2486,6,1,832,849,886,17,37,54,14
passenger2487,10,1,833,834,887,1,53,54,4
passenger2488,19,1,834,900,934,66,34,100,1
passenger2489,3,1,834,837,893,3,56,59,6
passenger2490,21,1,834,889,921,55,32,87,8
passenger2491,9,1,834,841,891,7,50,57,2
passenger2492,5,1,834,834,891,0,57,57,2
passenger2493,22,1,834,957,990,123,33,156,1
passenger2494,4,1,835,835,894,0,59,59,9
passenger2495,5,1,835,835,891,0,56,56,2
passenger2496,24,1,835,963,990,128,27,155,1
passenger2497,14,1,837,927,956,90,29,119,11
passenger2498,13,1,837,924,956,87,32,119,11
passenger2499,18,1,838,839,872,1,33,34,10
passenger2500,17,1,838,876,921,38,45,83,8
passenger2501,16,1,838,933,956,95,23,118,11
passenger2502,2,1,838,838,898,0,60,60,0
passenger2503,15,1,839,930,956,91,26,117,11
passenger2504,8,1,839,841,899,2,58,60,15
passenger2505,21,1,840,956,990,116,34,150,10
passenger2506,14,1,840,840,881,0,41,41,12
passenger2507,4,1,840,840,893,0,53,53,6
passenger2508,23,1,840,955,985,115,30,145,3
passenger2509,8,1,840,841,899,1,58,59,15
passenger2510,8,1,842,842,899,0,57,57,15
passenger2511,24,1,843,1010,1039,167,29,196,3
passenger2512,20,1,843,903,934,60,31,91,10
passenger2513,22,1,843,957,990,114,33,147,1
passenger2514,17,1,844,845,887,1,42,43,4
passenger2515,23,1,844,1014,1046,170,32,202,10
passenger2516,4,1,844,845,886,1,41,42,14
passenger2517,16,1,844,844,881,0,37,37,12
passenger2518,9,1,845,845,899,0,54,54,15
passenger2519,11,1,845,875,908,30,33,63,11
passenger2520,7,1,845,845,893,0,48,48,6
passenger2521,6,1,846,846,898,0,52,52,0
passenger2522,12,1,846,846,891,0,45,45,2
passenger2523,24,1,846,1010,1039,164,29,193,3
passenger2524,17,1,847,847,887,0,40,40,4
passenger2525,10,1,848,848,899,0,51,51,15
passenger2526,12,1,848,848,891,0,43,43,2
passenger2527,14,1,848,851,894,3,43,46,9
passenger2528,7,1,850,852,886,2,34,36,14
passenger2529,14,1,850,851,894,1,43,44,9
passenger2530,18,1,850,850,887,0,37,37,4
passenger2531,7,1,850,852,886,2,34,36,14
passenger2532,16,1,850,895,934,45,39,84,1
passenger2533,19,1,850,963,1003,113,40,153,12
passenger2534,14,1,850,851,894,1,43,44,9
passenger2535,9,1,851,851,898,0,47,47,0
passenger2536,15,1,851,854,894,3,40,43,9
passenger2537,21,1,851,956,990,105,34,139,10
passenger2538,7,1,851,852,886,1,34,35,14
passenger2539,15,1,852,854,894,2,40,42,9
passenger2540,18,1,852,852,887,0,35,35,4
passenger2541,9,1,852,852,898,0,46,46,0
passenger2542,11,1,853,853,899,0,46,46,15
passenger2543,23,1,853,973,1003,120,30,150,12
passenger2544,10,1,853,855,898,2,43,45,0
passenger2545,16,1,854,856,893,2,37,39,6
passenger2546,5,1,854,856,911,2,55,57,13
passenger2547,24,1,855,976,1003,121,27,148,12
passenger2548,16,1,855,856,893,1,37,38,6
passenger2549,20,1,855,856,887,1,31,32,4
passenger2550,16,1,855,856,893,1,37,38,6
passenger2551,10,1,855,855,898,0,43,43,0
passenger2552,10,1,855,855,898,0,43,43,0
passenger2553,18,1,856,860,893,4,33,37,6
passenger2554,22,1,856,916,947,60,31,91,4
passenger2555,5,1,857,857,911,0,54,54,13
passenger2556,22,1,857,916,947,59,31,90,4
passenger2557,21,1,858,913,947,55,34,89,4
passenger2558,4,1,858,860,908,2,48,50,11
passenger2559,4,1,859,860,908,1,48,49,11
passenger2560,18,1,860,860,893,0,33,33,6
passenger2561,22,1,860,970,1003,110,33,143,12
passenger2562,11,1,860,860,886,0,26,26,14
passenger2563,17,1,860,860,894,0,34,34,9
passenger2564,25,1,860,1029,1055,169,26,195,4
passenger2565,9,1,861,881,931,20,50,70,3
passenger2566,7,1,862,862,921,0,59,59,8
passenger2567,25,1,862,1029,1055,167,26,193,4
passenger2568,8,1,862,862,911,0,49,49,13
passenger2569,13,1,862,948,976,86,28,114,14
passenger2570,12,1,862,863,886,1,23,24,14
passenger2571,14,1,862,951,976,89,25,114,14
passenger2572,8,1,862,862,911,0,49,49,13
passenger2573,18,1,863,919,956,56,37,93,9
passenger2574,18,1,863,919,956,56,37,93,9
passenger2575,6,1,863,864,908,1,44,45,11
passenger2576,13,1,864,948,976,84,28,112,14
passenger2577,3,1,864,869,934,5,65,70,1
passenger2578,7,1,866,867,908,1,41,42,11
passenger2579,25,1,866,985,1011,119,26,145,2
passenger2580,14,1,866,951,976,85,25,110,14
passenger2581,16,1,866,908,943,42,35,77,12
passenger2582,23,1,866,935,963,69,28,97,6
passenger2583,19,1,867,909,947,42,38,80,4
passenger2584,21,1,867,867,899,0,32,32,15
passenger2585,19,1,867,909,947,42,38,80,4
passenger2586,13,1,869,903,943,34,40,74,12
passenger2587,17,1,869,994,1012,125,18,143,14
passenger2588,8,1,869,870,908,1,38,39,11
passenger2589,23,1,869,979,1011,110,32,142,2
passenger2590,6,1,870,881,934,11,53,64,1
passenger2591,23,1,870,870,898,0,28,28,0
passenger2592,23,1,870,930,960,60,30,90,0
passenger2593,5,1,871,876,934,5,58,63,1
passenger2594,19,1,871,923,955,52,32,84,2
passenger2595,25,1,871,986,1012,115,26,141,0
passenger2596,15,1,871,954,976,83,22,105,14
passenger2597,10,1,872,898,943,26,45,71,12
passenger2598,23,1,872,930,960,58,30,88,0
passenger2599,14,1,872,951,976,79,25,104,14
passenger2600,4,1,872,872,934,0,62,62,1
passenger2601,7,1,873,891,943,18,52,70,12
passenger2602,18,1,873,920,955,47,35,82,2
passenger2603,12,1,873,909,934,36,25,61,14
passenger2604,7,1,873,891,943,18,52,70,12
passenger2605,21,1,873,931,963,58,32,90,6
passenger2606,4,1,873,873,934,0,61,61,1
passenger2607,7,1,874,891,943,17,52,69,12
passenger2608,13,1,874,948,976,74,28,102,14
passenger2609,2,1,874,875,934,1,59,60,10
passenger2610,11,1,874,875,908,1,33,34,11
passenger2611,23,1,874,874,904,0,30,30,7
passenger2612,24,1,874,932,961,58,29,87,15
passenger2613,22,1,874,874,911,0,37,37,5
passenger2614,9,1,875,902,934,27,32,59,14
passenger2615,3,1,875,878,934,3,56,59,10
passenger2616,21,1,875,926,960,51,34,85,0
passenger2617,10,1,876,905,934,29,29,58,14
passenger2618,19,1,876,922,956,46,34,80,9
passenger2619,4,1,876,881,934,5,53,58,10
passenger2620,18,1,876,926,963,50,37,87,6
passenger2621,16,1,877,922,963,45,41,86,6
passenger2622,24,1,877,937,966,60,29,89,7
passenger2623,4,1,877,881,934,4,53,57,10
passenger2624,11,1,877,877,908,0,31,31,11
passenger2625,25,1,877,992,1018,115,26,141,7
passenger2626,11,1,878,878,908,0,30,30,11
passenger2627,17,1,878,916,956,38,40,78,9
passenger2628,5,1,878,878,934,0,56,56,1
passenger2629,19,1,878,922,960,44,38,82,0
passenger2630,8,1,878,878,931,0,53,53,3
passenger2631,15,1,878,919,963,41,44,85,6
passenger2632,23,1,879,879,911,0,32,32,5
passenger2633,17,1,879,918,960,39,42,81,0
passenger2634,13,1,879,909,955,30,46,76,2
passenger2635,6,1,879,895,934,16,39,55,14
passenger2636,10,1,879,904,955,25,51,76,2
passenger2637,22,1,879,938,971,59,33,92,13
passenger2638,7,1,879,898,934,19,36,55,14
passenger2639,17,1,880,921,961,41,40,81,15
passenger2640,13,1,880,915,963,35,48,83,6
passenger2641,9,1,880,881,931,1,50,51,3
passenger2642,19,1,880,922,960,42,38,80,0
passenger2643,10,1,881,904,955,23,51,74,2
passenger2644,8,1,881,900,955,19,55,74,2
passenger2645,14,1,881,911,956,30,45,75,9
passenger2646,20,1,882,883,921,1,38,39,8
passenger2647,22,1,882,938,971,56,33,89,13
passenger2648,17,1,882,921,961,39,40,79,15
passenger2649,17,1,884,974,998,90,24,114,11
passenger2650,20,1,884,884,921,0,37,37,8
passenger2651,8,1,884,900,955,16,55,71,2
passenger2652,8,1,885,908,963,23,55,78,6
passenger2653,13,1,885,912,960,27,48,75,0
passenger2654,17,1,886,974,998,88,24,112,11
passenger2655,17,1,886,974,998,88,24,112,11
passenger2656,5,1,886,887,943,1,56,57,12
passenger2657,20,1,886,886,921,0,35,35,8
passenger2658,10,1,887,887,934,0,47,47,1
passenger2659,23,1,887,945,975,58,30,88,5
passenger2660,19,1,887,978,998,91,20,111,11
passenger2661,25,1,887,1001,1027,114,26,140,5
passenger2662,17,1,888,928,966,40,38,78,7
passenger2663,14,1,888,888,931,0,43,43,3
passenger2664,6,1,888,904,963,16,59,75,6
passenger2665,11,1,888,913,961,25,48,73,15
passenger2666,22,1,888,942,975,54,33,87,5
passenger2667,11,1,889,913,961,24,48,72,15
passenger2668,3,1,889,890,934,1,44,45,14
passenger2669,7,1,889,891,943,2,52,54,12
passenger2670,16,1,889,925,966,36,41,77,7
passenger2671,17,1,889,974,998,85,24,109,11
passenger2672,25,1,889,1007,1033,118,26,144,8
passenger2673,24,1,890,952,981,62,29,91,8
passenger2674,14,1,890,919,966,29,47,76,7
passenger2675,15,1,890,922,966,32,44,76,7
passenger2676,21,1,890,939,975,49,36,85,5
passenger2677,3,1,890,890,934,0,44,44,14
passenger2678,16,1,890,933,956,43,23,66,11
passenger2679,13,1,891,892,934,1,42,43,10
passenger2680,20,1,891,936,975,45,39,84,5
passenger2681,21,1,892,943,981,51,38,89,8
passenger2682,17,1,892,974,998,82,24,106,11
passenger2683,17,1,893,893,931,0,38,38,3
passenger2684,18,1,893,932,971,39,39,78,13
passenger2685,15,1,893,930,956,37,26,63,11
passenger2686,7,1,893,907,961,14,54,68,15
passenger2687,8,1,894,894,943,0,49,49,12
passenger2688,19,1,894,897,931,3,34,37,3
passenger2689,16,1,894,930,975,36,45,81,5
passenger2690,7,1,894,895,947,1,52,53,4
passenger2691,23,1,894,949,981,55,32,87,8
passenger2692,25,1,894,1007,1033,113,26,139,8
passenger2693,17,1,894,929,971,35,42,77,13
passenger2694,7,1,895,895,947,0,52,52,4
passenger2695,24,1,895,952,981,57,29,86,8
passenger2696,7,1,895,895,947,0,52,52,4
passenger2697,12,1,895,921,956,26,35,61,11
passenger2698,22,1,896,946,981,50,35,85,8
passenger2699,14,1,897,926,975,29,49,78,5
passenger2700,7,1,897,898,934,1,36,37,14
passenger2701,3,1,897,897,963,0,66,66,6
passenger2702,10,1,897,898,943,1,45,46,12
passenger2703,18,1,897,899,934,2,35,37,10
passenger2704,19,1,897,897,931,0,34,34,3
passenger2705,7,1,898,898,934,0,36,36,14
passenger2706,5,1,898,901,963,3,62,65,6
passenger2707,18,1,898,899,934,1,35,36,10
passenger2708,5,1,899,900,956,1,56,57,9
