id,source,dest,submit_tick,pickup_tick,dropoff_tick,wait_time,travel_time,total_time,elevator
passenger1,16,1,0,21,40,21,19,40,0
passenger2,6,1,0,5,12,5,7,12,1
passenger3,8,1,0,7,16,7,9,16,2
passenger4,7,1,0,8,16,8,8,16,3
passenger5,10,1,1,10,21,9,11,20,4
passenger6,17,1,1,21,41,20,20,40,5
passenger7,11,1,1,13,29,12,16,28,6
passenger8,9,1,1,9,21,8,12,20,7
passenger9,14,1,2,15,30,13,15,28,8
passenger10,16,1,2,17,36,15,19,34,9
passenger11,2,1,2,3,6,1,3,4,10
passenger12,23,1,2,26,58,24,32,56,11
passenger13,23,1,2,26,60,24,34,58,12
passenger14,16,1,3,20,43,17,23,40,13
passenger15,15,1,4,18,40,14,22,36,14
passenger16,18,1,4,21,46,17,25,42,15
passenger17,12,1,4,13,40,9,27,36,0
passenger18,10,1,4,25,40,21,15,36,1
passenger19,10,1,4,27,38,23,11,34,2
passenger20,5,1,4,4,16,0,12,12,3
passenger21,22,1,4,52,81,48,29,77,4
passenger22,9,1,5,9,41,4,32,36,5
passenger23,8,1,6,8,29,2,21,23,6
passenger24,25,1,6,55,91,49,36,85,7
passenger25,14,1,6,15,30,9,15,24,8
passenger26,16,1,6,17,36,11,19,30,9
passenger27,7,1,7,16,26,9,10,19,10
passenger28,8,1,7,9,58,2,49,51,11
passenger29,19,1,8,20,60,12,40,52,12
passenger30,12,1,8,14,43,6,29,35,13
passenger31,5,1,9,34,40,25,6,31,14
passenger32,22,1,9,79,108,70,29,99,15
passenger33,11,1,9,10,40,1,30,31,0
passenger34,18,1,9,65,88,56,23,79,1
passenger35,10,1,9,27,38,18,11,29,2
passenger36,15,1,10,34,58,24,24,48,3
passenger37,20,1,10,48,81,38,33,71,4
passenger38,23,1,10,73,105,63,32,95,5
passenger39,6,1,10,22,29,12,7,19,6
passenger40,18,1,11,44,91,33,47,80,7
passenger41,23,1,12,66,94,54,28,82,8
passenger42,17,1,12,60,84,48,24,72,9
passenger43,5,1,12,12,26,0,14,14,10
passenger44,6,1,12,49,58,37,9,46,11
passenger45,6,1,12,53,60,41,7,48,12
passenger46,4,1,12,38,43,26,5,31,13
passenger47,20,1,13,65,88,52,23,75,14
passenger48,25,1,13,142,174,129,32,161,15
passenger49,14,1,14,17,40,3,23,26,0
passenger50,16,1,14,61,88,47,27,74,1
passenger51,20,1,14,71,96,57,25,82,2
passenger52,11,1,14,28,58,14,30,44,3
passenger53,13,1,14,37,81,23,44,67,4
passenger54,16,1,16,18,41,2,23,25,5
passenger55,9,1,16,17,29,1,12,13,6
passenger56,3,1,17,17,21,0,4,4,7
passenger57,15,1,17,52,94,35,42,77,8
passenger58,21,1,18,114,144,96,30,126,9
passenger59,3,1,18,22,26,4,4,8,10
passenger60,7,1,18,46,58,28,12,40,11
passenger61,8,1,19,49,60,30,11,41,12
passenger62,21,1,19,73,97,54,24,78,13
passenger63,14,1,19,21,40,2,19,21,14
passenger64,14,1,19,27,46,8,19,27,15
passenger65,17,1,21,64,90,43,26,69,0
passenger66,8,1,21,21,40,0,19,19,1
passenger67,19,1,22,68,96,46,28,74,2
passenger68,2,1,22,55,58,33,3,36,3
passenger69,4,1,23,26,81,3,55,58,4
passenger70,21,1,23,69,105,46,36,82,5
passenger71,17,1,23,51,75,28,24,52,6
passenger72,6,1,24,28,91,4,63,67,7
passenger73,12,1,24,47,94,23,47,70,8
passenger74,3,1,25,32,36,7,4,11,9
passenger75,18,1,25,47,68,22,21,43,10
passenger76,20,1,25,31,58,6,27,33,11
passenger77,8,1,25,49,60,24,11,35,12
passenger78,10,1,26,28,43,2,15,17,13
passenger79,7,1,26,30,40,4,10,14,14
passenger80,11,1,26,32,46,6,14,20,15
passenger81,8,1,26,31,40,5,9,14,0
passenger82,7,1,26,30,40,4,10,14,1
passenger83,12,1,27,57,96,30,39,69,2
passenger84,22,1,27,91,118,64,27,91,3
passenger85,20,1,27,48,81,21,33,54,4
passenger86,9,1,28,31,41,3,10,13,5
passenger87,24,1,28,114,143,86,29,115,6
passenger88,7,1,28,31,91,3,60,63,7
passenger89,23,1,28,66,94,38,28,66,8
passenger90,9,1,29,48,84,19,36,55,9
passenger91,14,1,29,41,68,12,27,39,10
passenger92,6,1,29,49,58,20,9,29,11
passenger93,20,1,29,31,60,2,29,31,12
passenger94,9,1,30,31,43,1,12,13,13
passenger95,22,1,31,117,146,86,29,115,14
passenger96,3,1,31,42,46,11,4,15,15
passenger97,14,1,32,57,90,25,33,58,0
passenger98,5,1,32,34,40,2,6,8,1
passenger99,23,1,33,192,216,159,24,183,2
passenger100,12,1,33,39,58,6,19,25,3
passenger101,18,1,33,44,81,11,37,48,4
passenger102,23,1,33,73,105,40,32,72,5
passenger103,14,1,34,46,75,12,29,41,6
passenger104,3,1,34,87,91,53,4,57,7
passenger105,7,1,34,38,94,4,56,60,8
passenger106,7,1,35,44,84,9,40,49,9
passenger107,23,1,35,98,128,63,30,93,10
passenger108,23,1,35,90,118,55,28,83,11
passenger109,13,1,35,40,60,5,20,25,12
passenger110,23,1,35,129,161,94,32,126,13
passenger111,7,1,36,48,88,12,40,52,14
passenger112,18,1,36,71,108,35,37,72,15
passenger113,11,1,36,52,90,16,38,54,0
passenger114,7,1,37,48,88,11,40,51,1
passenger115,8,1,37,49,96,12,47,59,2
passenger116,12,1,37,39,58,2,19,21,3
passenger117,10,1,37,70,81,33,11,44,4
passenger118,7,1,38,49,105,11,56,67,5
passenger119,10,1,38,40,75,2,35,37,6
passenger120,5,1,38,83,91,45,8,53,7
passenger121,25,1,38,136,162,98,26,124,8
passenger122,11,1,38,52,84,14,32,46,9
passenger123,4,1,39,63,68,24,5,29,10
passenger124,15,1,39,76,118,37,42,79,11
passenger125,23,1,40,98,124,58,26,84,12
passenger126,10,1,40,56,97,16,41,57,13
passenger127,22,1,40,117,146,77,29,106,14
passenger128,16,1,40,67,108,27,41,68,15
passenger129,19,1,41,116,146,75,30,105,0
passenger130,9,1,41,52,88,11,36,47,1
passenger131,2,1,41,41,96,0,55,55,2
passenger132,10,1,42,43,58,1,15,16,3
passenger133,24,1,42,114,147,72,33,105,4
passenger134,20,1,43,66,105,23,39,62,5
passenger135,20,1,43,102,143,59,41,100,6
passenger136,23,1,43,51,91,8,40,48,7
passenger137,10,1,43,43,94,0,51,51,8
passenger138,9,1,43,48,84,5,36,41,9
passenger139,24,1,43,163,192,120,29,149,10
passenger140,15,1,43,76,118,33,42,75,11
passenger141,9,1,44,46,60,2,14,16,12
passenger142,8,1,44,52,97,8,45,53,13
passenger143,23,1,44,244,270,200,26,226,14
passenger144,3,1,45,50,108,5,58,63,15
passenger145,3,1,45,86,90,41,4,45,0
passenger146,19,1,45,118,142,73,24,97,1
passenger147,2,1,46,99,156,53,57,110,2
passenger148,6,1,46,49,58,3,9,12,3
passenger149,25,1,47,469,495,422,26,448,4
passenger150,12,1,47,56,105,9,49,58,5
passenger151,19,1,47,99,143,52,44,96,6
passenger152,13,1,48,71,91,23,20,43,7
passenger153,4,1,48,99,162,51,63,114,8
passenger154,6,1,48,75,84,27,9,36,9
passenger155,20,1,48,93,128,45,35,80,10
passenger156,4,1,50,53,58,3,5,8,11
passenger157,16,1,51,81,124,30,43,73,12
passenger158,10,1,51,56,97,5,41,46,13
passenger159,10,1,52,53,88,1,35,36,14
passenger160,24,1,52,139,174,87,35,122,15
passenger161,16,1,52,61,90,9,29,38,0
passenger162,16,1,52,61,88,9,27,36,1
passenger163,10,1,53,53,96,0,43,43,2
passenger164,11,1,53,74,118,21,44,65,3
passenger165,18,1,54,58,81,4,23,27,4
passenger166,2,1,54,108,111,54,3,57,5
passenger167,7,1,54,63,75,9,12,21,6
passenger168,16,1,54,66,91,12,25,37,7
passenger169,16,1,55,55,94,0,39,39,8
passenger170,4,1,55,79,84,24,5,29,9
passenger171,20,1,55,93,128,38,35,73,10
passenger172,15,1,56,76,118,20,42,62,11
passenger173,7,1,56,68,124,12,56,68,12
passenger174,20,1,57,70,97,13,27,40,13
passenger175,25,1,57,980,1006,923,26,949,14
passenger176,12,1,57,61,108,4,47,51,15
passenger177,8,1,58,77,90,19,13,32,0
passenger178,9,1,58,76,88,18,12,30,1
passenger179,16,1,58,63,96,5,33,38,2
passenger180,3,1,58,62,118,4,56,60,3
passenger181,13,1,59,65,81,6,16,22,4
passenger182,2,1,59,108,111,49,3,52,5
passenger183,2,1,59,72,75,13,3,16,6
passenger184,12,1,60,74,91,14,17,31,7
passenger185,19,1,60,60,94,0,34,34,8
passenger186,23,1,60,180,210,120,30,150,9
passenger187,4,1,60,63,68,3,5,8,10
passenger188,7,1,60,66,118,6,52,58,11
passenger189,12,1,61,75,124,14,49,63,12
passenger190,15,1,61,63,97,2,34,36,13
passenger191,25,1,61,980,1006,919,26,945,14
passenger192,18,1,61,71,108,10,37,47,15
passenger193,14,1,62,69,90,7,21,28,0
passenger194,3,1,62,84,88,22,4,26,1
passenger195,3,1,62,102,156,40,54,94,2
passenger196,5,1,63,66,118,3,52,55,3
passenger197,17,1,64,101,147,37,46,83,4
passenger198,9,1,64,93,105,29,12,41,5
passenger199,7,1,65,65,75,0,10,10,6
passenger200,18,1,65,114,137,49,23,72,7
passenger201,21,1,66,70,94,4,24,28,8
passenger202,12,1,67,67,84,0,17,17,9
passenger203,23,1,68,98,128,30,30,60,10
passenger204,19,1,69,82,118,13,36,49,11
passenger205,19,1,70,86,124,16,38,54,12
passenger206,22,1,70,126,161,56,35,91,13
passenger207,6,1,70,81,88,11,7,18,14
passenger208,20,1,71,75,108,4,33,37,15
passenger209,24,1,71,181,212,110,31,141,0
passenger210,25,1,72,182,208,110,26,136,1
passenger211,15,1,73,78,96,5,18,23,2
passenger212,20,1,73,87,118,14,31,45,3
passenger213,23,1,73,111,147,38,36,74,4
passenger214,22,1,74,76,105,2,29,31,5
passenger215,23,1,74,111,143,37,32,69,6
passenger216,21,1,75,171,197,96,26,122,7
passenger217,11,1,76,82,94,6,12,18,8
passenger218,19,1,76,110,144,34,34,68,9
passenger219,11,1,76,80,128,4,48,52,10
passenger220,21,1,76,86,118,10,32,42,11
passenger221,21,1,76,90,124,14,34,48,12
passenger222,24,1,76,198,223,122,25,147,13
passenger223,16,1,77,105,146,28,41,69,14
passenger224,13,1,77,90,108,13,18,31,15
passenger225,5,1,77,82,90,5,8,13,0
passenger226,17,1,78,112,142,34,30,64,1
passenger227,15,1,78,78,96,0,18,18,2
passenger228,14,1,78,79,118,1,39,40,3
passenger229,18,1,78,104,147,26,43,69,4
passenger230,22,1,78,78,105,0,27,27,5
passenger231,5,1,79,81,143,2,62,64,6
passenger232,12,1,79,106,137,27,31,58,7
passenger233,19,1,80,122,162,42,40,82,8
passenger234,21,1,80,114,144,34,30,64,9
passenger235,20,1,81,93,128,12,35,47,10
passenger236,21,1,81,86,118,5,32,37,11
passenger237,22,1,81,93,124,12,31,43,12
passenger238,25,1,82,411,437,329,26,355,13
passenger239,16,1,82,105,146,23,41,64,14
passenger240,7,1,82,98,108,16,10,26,15
passenger241,15,1,82,110,146,28,36,64,0
passenger242,19,1,82,118,142,36,24,60,1
passenger243,4,1,82,91,96,9,5,14,2
passenger244,20,1,83,87,118,4,31,35,3
passenger245,15,1,83,97,147,14,50,64,4
passenger246,24,1,83,146,177,63,31,94,5
passenger247,7,1,83,85,143,2,58,60,6
passenger248,23,1,83,235,259,152,24,176,7
passenger249,12,1,84,109,162,25,53,78,8
passenger250,15,1,84,104,144,20,40,60,9
passenger251,17,1,84,88,128,4,40,44,10
passenger252,15,1,85,100,118,15,18,33,11
passenger253,23,1,85,98,124,13,26,39,12
passenger254,6,1,86,90,97,4,7,11,13
passenger255,19,1,86,110,146,24,36,60,14
passenger256,25,1,86,142,174,56,32,88,15
passenger257,7,1,86,100,146,14,46,60,0
passenger258,8,1,86,99,142,13,43,56,1
passenger259,13,1,87,120,156,33,36,69,2
passenger260,19,1,87,96,118,9,22,31,3
passenger261,25,1,87,936,962,849,26,875,4
passenger262,21,1,87,141,177,54,36,90,5
passenger263,21,1,88,105,143,17,38,55,6
passenger264,12,1,88,106,137,18,31,49,7
passenger265,17,1,88,118,162,30,44,74,8
passenger266,7,1,89,92,144,3,52,55,9
passenger267,13,1,89,112,128,23,16,39,10
passenger268,6,1,89,125,132,36,7,43,11
passenger269,2,1,89,121,124,32,3,35,12
passenger270,22,1,89,126,161,37,35,72,13
passenger271,21,1,90,114,146,24,32,56,14
passenger272,14,1,90,127,174,37,47,84,15
passenger273,2,1,91,93,146,2,53,55,0
passenger274,4,1,91,93,142,2,49,51,1
passenger275,4,1,92,105,156,13,51,64,2
passenger276,19,1,92,96,118,4,22,26,3
passenger277,6,1,92,140,147,48,7,55,4
passenger278,8,1,92,96,105,4,9,13,5
passenger279,22,1,92,108,143,16,35,51,6
passenger280,23,1,93,235,259,142,24,166,7
passenger281,20,1,93,125,162,32,37,69,8
passenger282,9,1,94,96,144,2,48,50,9
passenger283,15,1,94,108,128,14,20,34,10
passenger284,6,1,94,125,132,31,7,38,11
passenger285,22,1,95,95,124,0,29,29,12
passenger286,4,1,95,102,161,7,59,66,13
passenger287,19,1,95,110,146,15,36,51,14
passenger288,14,1,95,127,174,32,47,79,15
passenger289,20,1,95,175,212,80,37,117,0
passenger290,12,1,95,105,142,10,37,47,1
passenger291,5,1,95,108,156,13,48,61,2
passenger292,20,1,96,145,174,49,29,78,3
passenger293,17,1,96,101,147,5,46,51,4
passenger294,13,1,96,127,177,31,50,81,5
passenger295,10,1,96,132,143,36,11,47,6
passenger296,10,1,97,102,137,5,35,40,7
passenger297,13,1,97,112,162,15,50,65,8
passenger298,8,1,98,133,144,35,11,46,9
passenger299,8,1,98,137,192,39,55,94,10
passenger300,8,1,98,109,118,11,9,20,11
passenger301,2,1,98,127,130,29,3,32,12
passenger302,24,1,99,198,223,99,25,124,13
passenger303,7,1,99,138,146,39,8,47,14
passenger304,5,1,99,102,108,3,6,9,15
passenger305,5,1,100,138,146,38,8,46,0
passenger306,25,1,100,182,208,82,26,108,1
passenger307,13,1,100,120,156,20,36,56,2
passenger308,9,1,100,108,118,8,10,18,3
passenger309,11,1,101,133,147,32,14,46,4
passenger310,4,1,101,116,177,15,61,76,5
passenger311,9,1,101,157,169,56,12,68,6
passenger312,7,1,102,127,137,25,10,35,7
passenger313,21,1,103,128,162,25,34,59,8
passenger314,3,1,104,150,210,46,60,106,9
passenger315,12,1,104,115,128,11,13,24,10
passenger316,20,1,104,161,190,57,29,86,11
passenger317,22,1,104,167,194,63,27,90,12
passenger318,14,1,106,114,161,8,47,55,13
passenger319,7,1,107,156,206,49,50,99,14
passenger320,10,1,107,119,174,12,55,67,15
passenger321,7,1,107,134,146,27,12,39,0
passenger322,17,1,108,112,142,4,30,34,1
passenger323,9,1,108,114,156,6,42,48,2
passenger324,17,1,108,140,174,32,34,66,3
passenger325,17,1,108,125,147,17,22,39,4
passenger326,24,1,108,146,177,38,31,69,5
passenger327,10,1,109,182,193,73,11,84,6
passenger328,25,1,110,967,993,857,26,883,7
passenger329,11,1,110,178,196,68,18,86,8
passenger330,18,1,110,119,144,9,25,34,9
passenger331,17,1,110,152,192,42,40,82,10
passenger332,21,1,111,220,246,109,26,135,11
passenger333,13,1,111,148,194,37,46,83,12
passenger334,21,1,112,123,161,11,38,49,13
passenger335,10,1,112,133,146,21,13,34,14
passenger336,13,1,112,124,174,12,50,62,15
passenger337,13,1,113,124,146,11,22,33,0
passenger338,18,1,114,115,142,1,27,28,1
passenger339,16,1,114,125,156,11,31,42,2
passenger340,3,1,114,122,174,8,52,60,3
passenger341,21,1,115,119,147,4,28,32,4
passenger342,20,1,115,138,177,23,39,62,5
passenger343,4,1,115,148,169,33,21,54,6
passenger344,25,1,115,967,993,852,26,878,7
passenger345,17,1,116,118,162,2,44,46,8
passenger346,4,1,116,139,144,23,5,28,9
passenger347,13,1,116,144,192,28,48,76,10
passenger348,22,1,117,277,304,160,27,187,11
passenger349,8,1,117,139,194,22,55,77,12
passenger350,24,1,117,198,223,81,25,106,13
passenger351,12,1,117,129,146,12,17,29,14
passenger352,7,1,118,186,194,68,8,76,15
passenger353,10,1,118,129,146,11,17,28,0
passenger354,14,1,118,125,142,7,17,24,1
passenger355,18,1,119,129,156,10,27,37,2
passenger356,24,1,120,211,242,91,31,122,3
passenger357,6,1,120,160,211,40,51,91,4
passenger358,25,1,120,217,243,97,26,123,5
passenger359,14,1,120,126,143,6,17,23,6
passenger360,5,1,121,131,137,10,6,16,7
passenger361,24,1,121,133,162,12,29,41,8
passenger362,10,1,121,129,144,8,15,23,9
passenger363,16,1,123,149,192,26,43,69,10
passenger364,18,1,123,157,190,34,33,67,11
passenger365,2,1,124,127,130,3,3,6,12
passenger366,7,1,124,153,161,29,8,37,13
passenger367,18,1,124,177,206,53,29,82,14
passenger368,9,1,124,206,216,82,10,92,15
passenger369,2,1,124,143,146,19,3,22,0
passenger370,2,1,125,139,142,14,3,17,1
passenger371,21,1,125,134,156,9,22,31,2
passenger372,5,1,125,126,174,1,48,49,3
passenger373,4,1,125,154,211,29,57,86,4
passenger374,15,1,126,131,177,5,46,51,5
passenger375,4,1,126,148,169,22,21,43,6
passenger376,17,1,126,165,197,39,32,71,7
passenger377,15,1,126,222,246,96,24,120,8
passenger378,17,1,126,168,210,42,42,84,9
passenger379,13,1,126,144,192,18,48,66,10
passenger380,20,1,126,161,190,35,29,64,11
passenger381,17,1,127,156,194,29,38,67,12
passenger382,11,1,127,147,161,20,14,34,13
passenger383,2,1,128,149,206,21,57,78,14
passenger384,8,1,128,203,216,75,13,88,15
passenger385,5,1,129,138,146,9,8,17,0
passenger386,2,1,129,145,208,16,63,79,1
passenger387,8,1,130,167,216,37,49,86,2
passenger388,6,1,130,167,174,37,7,44,3
passenger389,3,1,131,151,211,20,60,80,4
passenger390,9,1,131,189,243,58,54,112,5
passenger391,14,1,131,212,231,81,19,100,6
passenger392,6,1,132,146,197,14,51,65,7
passenger393,8,1,132,173,196,41,23,64,8
passenger394,2,1,133,147,210,14,63,77,9
passenger395,3,1,133,196,200,63,4,67,10
passenger396,5,1,133,138,190,5,52,57,11
passenger397,12,1,133,145,194,12,49,61,12
passenger398,17,1,133,137,161,4,24,28,13
passenger399,20,1,133,181,206,48,25,73,14
passenger400,17,1,134,152,174,18,22,40,15
passenger401,16,1,135,169,212,34,43,77,0
passenger402,24,1,135,179,208,44,29,73,1
passenger403,8,1,136,167,216,31,49,80,2
passenger404,21,1,136,204,242,68,38,106,3
passenger405,24,1,136,186,211,50,25,75,4
passenger406,15,1,136,161,177,25,16,41,5
passenger407,22,1,136,266,289,130,23,153,6
passenger408,5,1,136,143,197,7,54,61,7
passenger409,23,1,137,282,310,145,28,173,8
passenger410,15,1,137,164,210,27,46,73,9
passenger411,7,1,138,210,218,72,8,80,10
passenger412,3,1,138,184,190,46,6,52,11
passenger413,19,1,138,160,194,22,34,56,12
passenger414,12,1,139,144,161,5,17,22,13
passenger415,9,1,139,160,206,21,46,67,14
passenger416,11,1,140,162,174,22,12,34,15
passenger417,25,1,140,958,984,818,26,844,0
passenger418,12,1,141,159,208,18,49,67,1
passenger419,3,1,141,160,216,19,56,75,2
passenger420,8,1,142,163,174,21,11,32,3
passenger421,5,1,142,157,211,15,54,69,4
passenger422,18,1,142,154,177,12,23,35,5
passenger423,21,1,142,263,289,121,26,147,6
passenger424,22,1,142,232,259,90,27,117,7
passenger425,17,1,143,266,310,123,44,167,8
passenger426,20,1,144,175,210,31,35,66,9
passenger427,12,1,144,233,248,89,15,104,10
passenger428,17,1,144,154,190,10,36,46,11
passenger429,4,1,144,199,204,55,5,60,12
passenger430,14,1,144,178,223,34,45,79,13
passenger431,15,1,145,170,206,25,36,61,14
passenger432,2,1,145,177,194,32,17,49,15
passenger433,15,1,145,166,212,21,46,67,0
passenger434,19,1,145,170,208,25,38,63,1
passenger435,10,1,145,171,216,26,45,71,2
passenger436,15,1,146,152,174,6,22,28,3
passenger437,8,1,146,164,211,18,47,65,4
passenger438,8,1,147,186,243,39,57,96,5
passenger439,5,1,147,151,169,4,18,22,6
passenger440,9,1,147,151,197,4,46,50,7
passenger441,21,1,148,276,310,128,34,162,8
passenger442,24,1,149,249,276,100,27,127,9
passenger443,17,1,149,152,192,3,40,43,10
passenger444,16,1,149,151,190,2,39,41,11
passenger445,16,1,149,153,194,4,41,45,12
passenger446,13,1,150,175,223,25,48,73,13
passenger447,12,1,150,165,206,15,41,56,14
passenger448,16,1,150,155,174,5,19,24,15
passenger449,20,1,150,175,212,25,37,62,0
passenger450,11,1,150,156,208,6,52,58,1
passenger451,15,1,151,178,216,27,38,65,2
passenger452,13,1,151,156,174,5,18,23,3
passenger453,8,1,151,164,211,13,47,60,4
passenger454,8,1,151,186,243,35,57,92,5
passenger455,3,1,151,165,169,14,4,18,6
passenger456,12,1,151,156,197,5,41,46,7
passenger457,19,1,152,272,310,120,38,158,8
passenger458,18,1,152,171,210,19,39,58,9
passenger459,25,1,152,1001,1027,849,26,875,10
passenger460,2,1,152,187,190,35,3,38,11
passenger461,20,1,152,163,194,11,31,42,12
passenger462,21,1,152,193,223,41,30,71,13
passenger463,12,1,153,165,206,12,41,53,14
passenger464,8,1,153,203,216,50,13,63,15
passenger465,10,1,153,157,212,4,55,59,0
passenger466,18,1,155,167,208,12,41,53,1
passenger467,22,1,155,189,216,34,27,61,2
passenger468,17,1,155,198,242,43,44,87,3
passenger469,14,1,155,172,211,17,39,56,4
passenger470,17,1,155,157,177,2,20,22,5
passenger471,3,1,155,165,169,10,4,14,6
passenger472,16,1,155,162,197,7,35,42,7
passenger473,3,1,156,166,196,10,30,40,8
passenger474,25,1,156,362,388,206,26,232,9
passenger475,23,1,156,160,192,4,32,36,10
passenger476,14,1,156,169,190,13,21,34,11
passenger477,10,1,157,183,194,26,11,37,12
passenger478,19,1,158,189,223,31,34,65,13
passenger479,17,1,158,174,206,16,32,48,14
passenger480,18,1,158,247,268,89,21,110,15
passenger481,14,1,159,163,212,4,49,53,0
passenger482,7,1,159,220,228,61,8,69,1
passenger483,3,1,159,160,216,1,56,57,2
passenger484,8,1,160,163,174,3,11,14,3
passenger485,14,1,160,172,211,12,39,51,4
passenger486,12,1,160,194,243,34,49,83,5
passenger487,14,1,161,212,231,51,19,70,6
passenger488,8,1,161,188,197,27,9,36,7
passenger489,24,1,162,395,420,233,25,258,8
passenger490,10,1,162,227,276,65,49,114,9
passenger491,22,1,162,167,192,5,25,30,10
passenger492,11,1,162,174,190,12,16,28,11
passenger493,12,1,163,179,194,16,15,31,12
passenger494,16,1,163,182,223,19,41,60,13
passenger495,8,1,163,221,270,58,49,107,14
passenger496,7,1,163,186,194,23,8,31,15
passenger497,11,1,164,196,212,32,16,48,0
passenger498,21,1,164,174,208,10,34,44,1
passenger499,5,1,165,226,232,61,6,67,2
passenger500,12,1,166,191,242,25,51,76,3
passenger501,18,1,166,178,211,12,33,45,4
passenger502,18,1,166,204,243,38,39,77,5
passenger503,12,1,166,206,231,40,25,65,6
passenger504,3,1,166,201,259,35,58,93,7
passenger505,2,1,167,193,196,26,3,29,8
passenger506,13,1,167,196,210,29,14,43,9
passenger507,21,1,167,170,192,3,22,25,10
passenger508,2,1,167,193,246,26,53,79,11
passenger509,23,1,167,242,266,75,24,99,12
passenger510,18,1,167,186,223,19,37,56,13
passenger511,2,1,168,209,270,41,61,102,14
passenger512,10,1,169,229,268,60,39,99,15
passenger513,7,1,171,204,212,33,8,41,0
passenger514,24,1,171,179,208,8,29,37,1
passenger515,15,1,171,178,216,7,38,45,2
passenger516,9,1,172,186,242,14,56,70,3
passenger517,8,1,172,224,261,52,37,89,4
passenger518,15,1,172,199,243,27,44,71,5
passenger519,2,1,172,172,193,0,21,21,6
passenger520,8,1,172,188,197,16,9,25,7
passenger521,5,1,173,188,196,15,8,23,8
passenger522,16,1,173,189,210,16,21,37,9
passenger523,18,1,173,276,299,103,23,126,10
passenger524,13,1,173,206,246,33,40,73,11
passenger525,5,1,173,210,266,37,56,93,12
passenger526,10,1,174,238,275,64,37,101,13
passenger527,22,1,174,241,270,67,29,96,14
passenger528,6,1,175,183,194,8,11,19,15
passenger529,5,1,175,220,268,45,48,93,0
passenger530,4,1,176,213,228,37,15,52,1
passenger531,21,1,176,186,216,10,30,40,2
passenger532,4,1,176,179,242,3,63,66,3
passenger533,15,1,176,239,261,63,22,85,4
passenger534,25,1,176,217,243,41,26,67,5
passenger535,17,1,176,253,289,77,36,113,6
passenger536,11,1,177,183,197,6,14,20,7
passenger537,6,1,177,185,196,8,11,19,8
passenger538,2,1,177,213,276,36,63,99,9
passenger539,5,1,177,206,218,29,12,41,10
passenger540,24,1,177,345,370,168,25,193,11
passenger541,5,1,178,210,266,32,56,88,12
passenger542,2,1,178,226,275,48,49,97,13
passenger543,21,1,178,184,206,6,22,28,14
passenger544,12,1,178,233,268,55,35,90,15
passenger545,10,1,179,199,212,20,13,33,0
passenger546,19,1,179,256,282,77,26,103,1
passenger547,14,1,180,253,272,73,19,92,2
passenger548,23,1,181,208,242,27,34,61,3
passenger549,13,1,181,233,261,52,28,80,4
passenger550,19,1,181,207,243,26,36,62,5
passenger551,23,1,182,487,511,305,24,329,6
passenger552,13,1,183,217,259,34,42,76,7
passenger553,8,1,184,205,246,21,41,62,8
passenger554,25,1,184,362,388,178,26,204,9
passenger555,7,1,185,210,218,25,8,33,10
passenger556,2,1,186,193,246,7,53,60,11
passenger557,15,1,186,224,266,38,42,80,12
passenger558,25,1,187,411,437,224,26,250,13
passenger559,4,1,187,213,270,26,57,83,14
passenger560,22,1,187,417,440,230,23,253,15
passenger561,21,1,188,246,268,58,22,80,0
passenger562,24,1,188,321,346,133,25,158,1
passenger563,12,1,188,249,272,61,23,84,2
passenger564,8,1,188,254,265,66,11,77,3
passenger565,14,1,189,236,261,47,25,72,4
passenger566,5,1,189,251,257,62,6,68,5
passenger567,22,1,189,266,289,77,23,100,6
passenger568,17,1,190,225,259,35,34,69,7
passenger569,13,1,191,216,246,25,30,55,8
passenger570,14,1,191,193,210,2,17,19,9
passenger571,19,1,193,279,299,86,20,106,10
passenger572,14,1,193,209,246,16,37,53,11
passenger573,22,1,194,239,266,45,27,72,12
passenger574,24,1,195,198,223,3,25,28,13
passenger575,24,1,195,505,530,310,25,335,14
passenger576,16,1,196,243,268,47,25,72,15
passenger577,19,1,196,242,268,46,26,72,0
passenger578,9,1,196,240,282,44,42,86,1
passenger579,2,1,197,219,232,22,13,35,2
passenger580,11,1,197,281,293,84,12,96,3
passenger581,22,1,197,400,427,203,27,230,4
passenger582,5,1,197,251,257,54,6,60,5
passenger583,15,1,197,249,289,52,40,92,6
passenger584,6,1,198,206,259,8,53,61,7
passenger585,12,1,198,213,246,15,33,48,8
passenger586,5,1,198,218,276,20,58,78,9
passenger587,19,1,198,279,299,81,20,101,10
passenger588,21,1,198,220,246,22,26,48,11
passenger589,20,1,198,233,266,35,33,68,12
passenger590,18,1,199,256,275,57,19,76,13
passenger591,7,1,199,218,270,19,52,71,14
passenger592,14,1,199,239,268,40,29,69,15
passenger593,4,1,200,217,268,17,51,68,0
passenger594,10,1,202,243,282,41,39,80,1
passenger595,14,1,203,253,272,50,19,69,2
passenger596,18,1,203,221,242,18,21,39,3
passenger597,4,1,203,216,261,13,45,58,4
passenger598,21,1,203,211,243,8,32,40,5
passenger599,13,1,204,209,231,5,22,27,6
passenger600,23,1,204,235,259,31,24,55,7
passenger601,14,1,204,219,246,15,27,42,8
passenger602,15,1,205,236,276,31,40,71,9
passenger603,18,1,205,276,299,71,23,94,10
passenger604,21,1,205,220,246,15,26,41,11
passenger605,5,1,205,210,266,5,56,61,12
passenger606,14,1,207,248,275,41,27,68,13
passenger607,2,1,207,209,270,2,61,63,14
passenger608,13,1,207,236,268,29,32,61,15
passenger609,21,1,207,246,268,39,22,61,0
passenger610,22,1,207,317,346,110,29,139,1
passenger611,8,1,208,243,272,35,29,64,2
passenger612,11,1,208,281,293,73,12,85,3
passenger613,15,1,209,239,261,30,22,52,4
passenger614,11,1,209,275,289,66,14,80,5
passenger615,6,1,209,224,231,15,7,22,6
passenger616,9,1,209,211,259,2,48,50,7
passenger617,11,1,210,210,246,0,36,36,8
passenger618,14,1,210,233,276,23,43,66,9
passenger619,24,1,210,848,873,638,25,663,10
passenger620,15,1,211,212,246,1,34,35,11
passenger621,11,1,211,218,266,7,48,55,12
passenger622,17,1,211,253,275,42,22,64,13
passenger623,20,1,211,237,270,26,33,59,14
passenger624,12,1,211,233,268,22,35,57,15
passenger625,13,1,212,232,268,20,36,56,0
passenger626,7,1,212,220,228,8,8,16,1
passenger627,22,1,212,307,330,95,23,118,2
passenger628,22,1,212,215,242,3,27,30,3
passenger629,6,1,213,220,261,7,41,48,4
passenger630,10,1,213,272,289,59,17,76,5
passenger631,8,1,213,220,231,7,11,18,6
passenger632,24,1,214,628,653,414,25,439,7
passenger633,3,1,214,242,246,28,4,32,8
passenger634,6,1,214,221,276,7,55,62,9
passenger635,9,1,215,228,248,13,20,33,10
passenger636,15,1,215,228,246,13,18,31,11
passenger637,7,1,216,278,286,62,8,70,12
passenger638,14,1,216,248,275,32,27,59,13
passenger639,19,1,216,234,270,18,36,54,14
passenger640,21,1,216,302,324,86,22,108,15
passenger641,4,1,216,217,268,1,51,52,0
passenger642,5,1,216,216,228,0,12,12,1
passenger643,4,1,217,223,232,6,9,15,2
passenger644,23,1,217,327,353,110,26,136,3
passenger645,17,1,217,243,261,26,18,44,4
passenger646,14,1,217,310,331,93,21,114,5
passenger647,20,1,217,260,289,43,29,72,6
passenger648,16,1,218,222,259,4,37,41,7
passenger649,7,1,218,234,246,16,12,28,8
passenger650,14,1,218,233,276,15,43,58,9
passenger651,18,1,218,276,299,58,23,81,10
passenger652,2,1,219,249,304,30,55,85,11
passenger653,16,1,220,227,266,7,39,46,12
passenger654,13,1,220,245,275,25,30,55,13
passenger655,3,1,220,274,310,54,36,90,14
passenger656,8,1,220,225,268,5,43,48,15
passenger657,12,1,220,229,268,9,39,48,0
passenger658,10,1,221,243,282,22,39,61,1
passenger659,8,1,221,243,272,22,29,51,2
passenger660,17,1,221,224,242,3,18,21,3
passenger661,11,1,221,229,261,8,32,40,4
passenger662,13,1,221,307,331,86,24,110,5
passenger663,21,1,222,263,289,41,26,67,6
passenger664,4,1,222,266,309,44,43,87,7
passenger665,10,1,223,229,246,6,17,23,8
passenger666,3,1,224,280,322,56,42,98,9
passenger667,24,1,224,950,975,726,25,751,10
passenger668,6,1,224,257,304,33,47,80,11
passenger669,21,1,224,236,266,12,30,42,12
passenger670,6,1,225,232,275,7,43,50,13
passenger671,9,1,225,290,310,65,20,85,14
passenger672,16,1,225,243,268,18,25,43,15
passenger673,21,1,226,246,268,20,22,42,0
passenger674,6,1,226,235,282,9,47,56,1
passenger675,7,1,227,240,272,13,32,45,2
passenger676,23,1,228,327,353,99,26,125,3
passenger677,9,1,228,279,319,51,40,91,4
passenger678,7,1,228,265,289,37,24,61,5
passenger679,19,1,228,257,289,29,32,61,6
passenger680,4,1,229,266,309,37,43,80,7
passenger681,22,1,229,279,310,50,31,81,8
passenger682,23,1,229,246,276,17,30,47,9
passenger683,22,1,229,334,361,105,27,132,10
passenger684,9,1,230,236,246,6,10,16,11
passenger685,4,1,230,273,286,43,13,56,12
passenger686,12,1,230,242,275,12,33,45,13
passenger687,10,1,230,293,310,63,17,80,14
passenger688,25,1,231,731,757,500,26,526,15
passenger689,17,1,231,238,268,7,30,37,0
passenger690,24,1,232,321,346,89,25,114,1
passenger691,20,1,232,301,330,69,29,98,2
passenger692,19,1,232,319,353,87,34,121,3
passenger693,4,1,233,268,319,35,51,86,4
passenger694,3,1,234,247,257,13,10,23,5
passenger695,3,1,234,235,289,1,54,55,6
passenger696,16,1,234,292,309,58,17,75,7
passenger697,6,1,234,237,246,3,9,12,8
passenger698,25,1,235,942,968,707,26,733,9
passenger699,5,1,235,242,248,7,6,13,10
passenger700,24,1,235,619,644,384,25,409,11
passenger701,18,1,236,315,336,79,21,100,12
passenger702,4,1,236,282,335,46,53,99,13
passenger703,3,1,236,274,310,38,36,74,14
passenger704,11,1,237,256,268,19,12,31,15
passenger705,10,1,237,283,330,46,47,93,0
passenger706,9,1,238,240,282,2,42,44,1
passenger707,14,1,238,253,272,15,19,34,2
passenger708,5,1,239,248,265,9,17,26,3
passenger709,5,1,239,271,319,32,48,80,4
passenger710,18,1,239,352,373,113,21,134,5
passenger711,25,1,239,951,977,712,26,738,6
passenger712,8,1,239,278,309,39,31,70,7
passenger713,24,1,240,395,420,155,25,180,8
passenger714,10,1,241,295,322,54,27,81,9
passenger715,10,1,241,259,299,18,40,58,10
passenger716,4,1,241,253,304,12,51,63,11
passenger717,12,1,241,301,336,60,35,95,12
passenger718,13,1,241,245,275,4,30,34,13
passenger719,17,1,241,252,270,11,18,29,14
passenger720,5,1,242,274,324,32,50,82,15
passenger721,6,1,242,277,330,35,53,88,0
passenger722,12,1,243,247,282,4,35,39,1
passenger723,3,1,243,268,272,25,4,29,2
passenger724,5,1,243,248,265,5,17,22,3
passenger725,17,1,243,243,261,0,18,18,4
passenger726,24,1,244,860,885,616,25,641,5
passenger727,15,1,244,249,289,5,40,45,6
passenger728,5,1,245,269,309,24,40,64,7
passenger729,25,1,245,777,803,532,26,558,8
passenger730,14,1,246,261,276,15,15,30,9
passenger731,19,1,246,327,361,81,34,115,10
passenger732,6,1,246,257,304,11,47,58,11
passenger733,15,1,246,308,336,62,28,90,12
passenger734,3,1,247,279,335,32,56,88,13
passenger735,17,1,247,342,370,95,28,123,14
passenger736,6,1,247,277,324,30,47,77,15
passenger737,23,1,247,306,330,59,24,83,0
passenger738,3,1,248,286,346,38,60,98,1
passenger739,17,1,248,296,330,48,34,82,2
passenger740,5,1,249,249,265,0,16,16,3
passenger741,18,1,249,292,319,43,27,70,4
passenger742,13,1,249,307,331,58,24,82,5
passenger743,25,1,249,951,977,702,26,728,6
passenger744,17,1,249,331,365,82,34,116,7
passenger745,10,1,250,257,310,7,53,60,8
passenger746,4,1,250,283,322,33,39,72,9
passenger747,16,1,250,272,299,22,27,49,10
passenger748,12,1,251,265,304,14,39,53,11
passenger749,3,1,251,270,286,19,16,35,12
passenger750,15,1,252,305,335,53,30,83,13
passenger751,7,1,252,284,310,32,26,58,14
passenger752,7,1,253,280,324,27,44,71,15
passenger753,2,1,253,271,330,18,59,77,0
passenger754,10,1,253,267,282,14,15,29,1
passenger755,7,1,253,262,272,9,10,19,2
passenger756,3,1,253,261,265,8,4,12,3
passenger757,12,1,254,284,319,30,35,65,4
passenger758,7,1,254,265,289,11,24,35,5
passenger759,5,1,254,297,345,43,48,91,6
passenger760,13,1,254,287,309,33,22,55,7
passenger761,3,1,254,314,356,60,42,102,8
passenger762,25,1,255,942,968,687,26,713,9
passenger763,13,1,255,264,299,9,35,44,10
passenger764,25,1,256,962,988,706,26,732,11
passenger765,23,1,256,480,504,224,24,248,12
passenger766,25,1,256,411,437,155,26,181,13
passenger767,15,1,256,336,370,80,34,114,14
passenger768,12,1,256,289,324,33,35,68,15
passenger769,19,1,256,298,330,42,32,74,0
passenger770,3,1,257,286,346,29,60,89,1
passenger771,22,1,257,307,330,50,23,73,2
passenger772,9,1,257,275,293,18,18,36,3
passenger773,2,1,257,264,319,7,55,62,4
passenger774,7,1,257,265,289,8,24,32,5
passenger775,7,1,258,303,345,45,42,87,6
passenger776,2,1,258,262,309,4,47,51,7
passenger777,18,1,258,269,310,11,41,52,8
passenger778,4,1,258,283,322,25,39,64,9
passenger779,22,1,259,334,361,75,27,102,10
passenger780,12,1,259,265,304,6,39,45,11
passenger781,19,1,260,366,396,106,30,136,12
passenger782,10,1,260,292,335,32,43,75,13
passenger783,5,1,261,278,310,17,32,49,14
passenger784,6,1,262,277,324,15,47,62,15
passenger785,17,1,262,294,330,32,36,68,0
passenger786,19,1,262,310,346,48,36,84,1
passenger787,8,1,263,283,330,20,47,67,2
passenger788,10,1,263,278,293,15,15,30,3
passenger789,24,1,264,466,495,202,29,231,4
passenger790,22,1,265,406,429,141,23,164,5
passenger791,11,1,265,311,345,46,34,80,6
passenger792,7,1,265,275,309,10,34,44,7
passenger793,9,1,266,324,356,58,32,90,8
passenger794,14,1,266,303,322,37,19,56,9
passenger795,15,1,266,268,299,2,31,33,10
passenger796,6,1,266,297,304,31,7,38,11
passenger797,3,1,266,270,286,4,16,20,12
passenger798,13,1,267,299,335,32,36,68,13
passenger799,21,1,267,348,370,81,22,103,14
passenger800,5,1,267,274,324,7,50,57,15
passenger801,11,1,267,286,330,19,44,63,0
passenger802,5,1,268,276,282,8,6,14,1
passenger803,7,1,268,280,330,12,50,62,2
passenger804,16,1,268,314,353,46,39,85,3
passenger805,8,1,268,276,319,8,43,51,4
passenger806,8,1,268,268,289,0,21,21,5
passenger807,25,1,268,951,977,683,26,709,6
passenger808,6,1,269,272,309,3,37,40,7
passenger809,6,1,269,319,356,50,37,87,8
passenger810,24,1,269,359,388,90,29,119,9
passenger811,15,1,269,269,299,0,30,30,10
passenger812,3,1,270,308,370,38,62,100,11
passenger813,12,1,270,301,336,31,35,66,12
passenger814,15,1,270,305,335,35,30,65,13
passenger815,8,1,270,287,310,17,23,40,14
passenger816,15,1,270,294,324,24,30,54,15
passenger817,17,1,270,294,330,24,36,60,0
passenger818,8,1,270,271,282,1,11,12,1
passenger819,21,1,270,304,330,34,26,60,2
passenger820,12,1,270,306,353,36,47,83,3
passenger821,25,1,271,988,1014,717,26,743,4
passenger822,4,1,271,284,289,13,5,18,5
passenger823,9,1,272,307,345,35,38,73,6
passenger824,19,1,272,337,365,65,28,93,7
passenger825,23,1,272,282,310,10,28,38,8
passenger826,7,1,273,288,322,15,34,49,9
passenger827,25,1,273,1001,1027,728,26,754,10
passenger828,6,1,274,297,304,23,7,30,11
passenger829,11,1,274,298,336,24,38,62,12
passenger830,9,1,274,289,335,15,46,61,13
passenger831,12,1,275,297,310,22,13,35,14
passenger832,23,1,275,627,651,352,24,376,15
passenger833,19,1,276,298,330,22,32,54,0
passenger834,21,1,276,314,346,38,32,70,1
passenger835,8,1,277,283,330,6,47,53,2
passenger836,24,1,277,903,928,626,25,651,3
passenger837,12,1,277,284,319,7,35,42,4
passenger838,17,1,277,349,373,72,24,96,5
passenger839,18,1,278,322,345,44,23,67,6
passenger840,17,1,278,331,365,53,34,87,7
passenger841,16,1,279,293,310,14,17,31,8
passenger842,13,1,279,300,322,21,22,43,9
passenger843,17,1,279,323,361,44,38,82,10
passenger844,23,1,279,342,370,63,28,91,11
passenger845,11,1,280,298,336,18,38,56,12
passenger846,14,1,280,302,335,22,33,55,13
passenger847,6,1,280,281,310,1,29,30,14
passenger848,10,1,280,285,324,5,39,44,15
passenger849,20,1,280,301,330,21,29,50,0
passenger850,17,1,280,306,346,26,40,66,1
passenger851,7,1,280,280,330,0,50,50,2
passenger852,15,1,281,311,353,30,42,72,3
passenger853,21,1,281,297,319,16,22,38,4
passenger854,4,1,281,284,289,3,5,8,5
passenger855,3,1,282,293,345,11,52,63,6
passenger856,11,1,282,283,309,1,26,27,7
passenger857,17,1,283,290,310,7,20,27,8
passenger858,9,1,283,292,322,9,30,39,9
passenger859,21,1,283,331,361,48,30,78,10
passenger860,22,1,283,339,370,56,31,87,11
passenger861,14,1,283,305,336,22,31,53,12
passenger862,11,1,283,295,335,12,40,52,13
passenger863,3,1,284,314,370,30,56,86,14
passenger864,21,1,284,302,324,18,22,40,15
passenger865,23,1,284,480,504,196,24,220,0
passenger866,12,1,284,299,346,15,47,62,1
passenger867,14,1,285,291,330,6,39,45,2
passenger868,20,1,285,322,353,37,31,68,3
passenger869,18,1,286,292,319,6,27,33,4
passenger870,5,1,287,295,331,8,36,44,5
passenger871,18,1,288,322,345,34,23,57,6
passenger872,24,1,288,628,653,340,25,365,7
passenger873,20,1,289,385,420,96,35,131,8
passenger874,13,1,289,300,322,11,22,33,9
passenger875,14,1,289,318,361,29,43,72,10
passenger876,8,1,290,293,304,3,11,14,11
passenger877,17,1,290,312,336,22,24,46,12
passenger878,7,1,290,345,373,55,28,83,13
passenger879,10,1,290,293,310,3,17,20,14
passenger880,8,1,291,333,380,42,47,89,15
passenger881,10,1,291,349,378,58,29,87,0
passenger882,10,1,291,295,346,4,51,55,1
passenger883,3,1,291,334,338,43,4,47,2
passenger884,19,1,292,319,353,27,34,61,3
passenger885,12,1,292,338,367,46,29,75,4
passenger886,24,1,292,860,885,568,25,593,5
passenger887,6,1,293,300,345,7,45,52,6
passenger888,18,1,293,334,365,41,31,72,7
passenger889,6,1,294,319,356,25,37,62,8
passenger890,15,1,295,306,322,11,16,27,9
passenger891,13,1,295,315,361,20,46,66,10
passenger892,12,1,295,321,370,26,49,75,11
passenger893,17,1,295,312,336,17,24,41,12
passenger894,21,1,296,313,335,17,22,39,13
passenger895,9,1,296,322,370,26,48,74,14
passenger896,22,1,296,417,440,121,23,144,15
passenger897,6,1,296,339,378,43,39,82,0
passenger898,9,1,296,360,370,64,10,74,1
passenger899,9,1,296,350,362,54,12,66,2
passenger900,24,1,297,957,982,660,25,685,3
passenger901,4,1,297,324,367,27,43,70,4
passenger902,11,1,298,303,331,5,28,33,5
passenger903,12,1,298,314,345,16,31,47,6
passenger904,21,1,298,343,365,45,22,67,7
passenger905,13,1,298,332,356,34,24,58,8
passenger906,25,1,298,994,1020,696,26,722,9
passenger907,19,1,300,327,361,27,34,61,10
passenger908,18,1,300,333,370,33,37,70,11
passenger909,20,1,300,371,396,71,25,96,12
passenger910,5,1,301,341,373,40,32,72,13
passenger911,12,1,301,329,370,28,41,69,14
passenger912,16,1,301,349,380,48,31,79,15
passenger913,7,1,301,342,378,41,36,77,0
passenger914,4,1,302,353,370,51,17,68,1
passenger915,5,1,302,344,362,42,18,60,2
passenger916,20,1,302,322,353,20,31,51,3
passenger917,17,1,302,349,367,47,18,65,4
passenger918,8,1,304,318,331,14,13,27,5
passenger919,19,1,304,325,345,21,20,41,6
passenger920,18,1,304,334,365,30,31,61,7
passenger921,21,1,305,388,420,83,32,115,8
passenger922,23,1,305,356,388,51,32,83,9
passenger923,23,1,305,337,361,32,24,56,10
passenger924,6,1,305,313,370,8,57,65,11
passenger925,20,1,306,371,396,65,25,90,12
passenger926,11,1,306,353,373,47,20,67,13
passenger927,11,1,307,326,370,19,44,63,14
passenger928,17,1,307,352,380,45,28,73,15
passenger929,16,1,308,361,378,53,17,70,0
passenger930,12,1,308,385,400,77,15,92,1
passenger931,25,1,309,494,520,185,26,211,2
passenger932,6,1,309,362,407,53,45,98,3
passenger933,4,1,310,324,367,14,43,57,4
passenger934,2,1,311,328,331,17,3,20,5
passenger935,21,1,311,385,407,74,22,96,6
passenger936,11,1,311,323,365,12,42,54,7
passenger937,12,1,312,329,356,17,27,44,8
passenger938,17,1,312,346,388,34,42,76,9
passenger939,12,1,312,312,361,0,49,49,10
passenger940,15,1,313,326,370,13,44,57,11
passenger941,3,1,313,340,396,27,56,83,12
passenger942,5,1,314,341,373,27,32,59,13
passenger943,24,1,314,565,590,251,25,276,14
passenger944,12,1,314,341,380,27,39,66,15
passenger945,6,1,314,339,378,25,39,64,0
passenger946,10,1,314,381,400,67,19,86,1
passenger947,10,1,315,373,410,58,37,95,2
passenger948,8,1,315,366,407,51,41,92,3
passenger949,9,1,315,331,367,16,36,52,4
passenger950,19,1,315,399,429,84,30,114,5
passenger951,4,1,315,352,407,37,55,92,6
passenger952,9,1,316,319,365,3,46,49,7
passenger953,13,1,316,332,356,16,24,40,8
passenger954,14,1,316,339,388,23,49,72,9
passenger955,23,1,316,503,527,187,24,211,10
passenger956,24,1,316,849,874,533,25,558,11
passenger957,9,1,317,326,336,9,10,19,12
passenger958,14,1,317,358,373,41,15,56,13
passenger959,2,1,318,373,416,55,43,98,14
passenger960,16,1,319,349,380,30,31,61,15
passenger961,5,1,319,336,378,17,42,59,0
passenger962,3,1,319,350,370,31,20,51,1
passenger963,18,1,319,439,458,120,19,139,2
passenger964,6,1,320,362,407,42,45,87,3
passenger965,13,1,320,341,367,21,26,47,4
passenger966,4,1,320,324,331,4,7,11,5
passenger967,19,1,320,379,407,59,28,87,6
passenger968,20,1,320,340,365,20,25,45,7
passenger969,15,1,321,336,356,15,20,35,8
passenger970,22,1,321,353,388,32,35,67,9
passenger971,12,1,321,384,409,63,25,88,10
passenger972,6,1,321,381,414,60,33,93,11
passenger973,5,1,322,344,396,22,52,74,12
passenger974,7,1,322,345,373,23,28,51,13
passenger975,6,1,323,383,416,60,33,93,14
passenger976,9,1,323,336,380,13,44,57,15
passenger977,7,1,324,342,378,18,36,54,0
passenger978,16,1,324,427,446,103,19,122,1
passenger979,5,1,324,344,362,20,18,38,2
passenger980,16,1,325,336,353,11,17,28,3
passenger981,10,1,325,334,367,9,33,42,4
passenger982,18,1,325,352,373,27,21,48,5
passenger983,14,1,325,370,407,45,37,82,6
passenger984,23,1,326,515,539,189,24,213,7
passenger985,12,1,326,329,356,3,27,30,8
passenger986,9,1,326,332,388,6,56,62,9
passenger987,16,1,326,392,409,66,17,83,10
passenger988,17,1,328,330,370,2,40,42,11
passenger989,12,1,328,355,396,27,41,68,12
passenger990,15,1,329,395,437,66,42,108,13
passenger991,13,1,329,332,370,3,38,41,14
passenger992,9,1,329,336,380,7,44,51,15
passenger993,9,1,329,346,378,17,32,49,0
passenger994,23,1,330,882,906,552,24,576,1
passenger995,18,1,330,439,458,109,19,128,2
passenger996,4,1,330,358,407,28,49,77,3
passenger997,25,1,330,988,1014,658,26,684,4
passenger998,19,1,331,399,429,68,30,98,5
passenger999,3,1,332,349,407,17,58,75,6
passenger1000,19,1,332,337,365,5,28,33,7
passenger1001,16,1,332,339,356,7,17,24,8
passenger1002,23,1,332,356,388,24,32,56,9
passenger1003,13,1,332,387,409,55,22,77,10
passenger1004,14,1,332,399,414,67,15,82,11
passenger1005,9,1,333,350,396,17,46,63,12
passenger1006,9,1,333,349,373,16,24,40,13
passenger1007,16,1,333,339,370,6,31,37,14
passenger1008,21,1,334,358,380,24,22,46,15
passenger1009,23,1,334,594,618,260,24,284,0
passenger1010,20,1,334,477,502,143,25,168,1
passenger1011,16,1,334,389,410,55,21,76,2
passenger1012,14,1,334,376,407,42,31,73,3
passenger1013,10,1,334,334,367,0,33,33,4
passenger1014,20,1,335,402,429,67,27,94,5
passenger1015,9,1,336,361,407,25,46,71,6
passenger1016,8,1,336,376,423,40,47,87,7
passenger1017,22,1,336,391,420,55,29,84,8
passenger1018,16,1,336,343,388,7,45,52,9
passenger1019,10,1,336,380,409,44,29,73,10
passenger1020,22,1,337,339,370,2,31,33,11
passenger1021,25,1,337,582,608,245,26,271,12
passenger1022,9,1,337,349,373,12,24,36,13
passenger1023,14,1,338,401,416,63,15,78,14
passenger1024,13,1,338,344,380,6,36,42,15
passenger1025,18,1,338,411,438,73,27,100,0
passenger1026,24,1,339,993,1018,654,25,679,1
passenger1027,15,1,339,386,410,47,24,71,2
passenger1028,21,1,339,385,407,46,22,68,3
passenger1029,16,1,340,346,367,6,21,27,4
passenger1030,23,1,340,513,537,173,24,197,5
passenger1031,11,1,341,365,407,24,42,66,6
passenger1032,11,1,341,381,423,40,42,82,7
passenger1033,12,1,341,373,420,32,47,79,8
passenger1034,25,1,341,994,1020,653,26,679,9
passenger1035,16,1,342,392,409,50,17,67,10
passenger1036,5,1,342,378,414,36,36,72,11
passenger1037,2,1,342,399,448,57,49,106,12
passenger1038,14,1,342,358,373,16,15,31,13
passenger1039,21,1,342,348,370,6,22,28,14
passenger1040,13,1,343,344,380,1,36,37,15
passenger1041,15,1,343,358,378,15,20,35,0
passenger1042,21,1,343,480,502,137,22,159,1
passenger1043,14,1,344,383,410,39,27,66,2
passenger1044,23,1,344,501,525,157,24,181,3
passenger1045,17,1,344,349,367,5,18,23,4
passenger1046,19,1,345,399,429,54,30,84,5
passenger1047,20,1,345,382,407,37,25,62,6
passenger1048,17,1,345,393,423,48,30,78,7
passenger1049,3,1,346,360,420,14,60,74,8
passenger1050,12,1,346,407,440,61,33,94,9
passenger1051,5,1,346,371,409,25,38,63,10
passenger1052,14,1,346,399,414,53,15,68,11
passenger1053,5,1,347,404,448,57,44,101,12
passenger1054,14,1,347,358,373,11,15,26,13
passenger1055,10,1,348,391,416,43,25,68,14
passenger1056,2,1,348,383,440,35,57,92,15
passenger1057,4,1,348,383,438,35,55,90,0
passenger1058,14,1,349,421,446,72,25,97,1
passenger1059,3,1,349,358,362,9,4,13,2
passenger1060,22,1,349,440,463,91,23,114,3
passenger1061,20,1,349,396,427,47,31,78,4
passenger1062,19,1,350,399,429,49,30,79,5
passenger1063,6,1,350,356,407,6,51,57,6
passenger1064,21,1,350,401,423,51,22,73,7
passenger1065,17,1,350,380,420,30,40,70,8
passenger1066,11,1,350,404,440,54,36,90,9
passenger1067,2,1,351,364,409,13,45,58,10
passenger1068,14,1,351,435,470,84,35,119,11
passenger1069,21,1,351,374,396,23,22,45,12
passenger1070,2,1,351,376,437,25,61,86,13
passenger1071,3,1,351,376,416,25,40,65,14
passenger1072,11,1,351,396,440,45,44,89,15
passenger1073,14,1,352,355,378,3,23,26,0
passenger1074,13,1,352,418,446,66,28,94,1
passenger1075,12,1,353,377,410,24,33,57,2
passenger1076,8,1,353,366,407,13,41,54,3
passenger1077,3,1,354,371,427,17,56,73,4
passenger1078,2,1,354,370,373,16,3,19,5
passenger1079,4,1,355,414,447,59,33,92,6
passenger1080,18,1,356,396,423,40,27,67,7
passenger1081,20,1,356,385,420,29,35,64,8
passenger1082,12,1,356,407,440,51,33,84,9
passenger1083,3,1,356,367,409,11,42,53,10
passenger1084,11,1,356,392,414,36,22,58,11
passenger1085,25,1,358,582,608,224,26,250,12
passenger1086,7,1,359,383,437,24,54,78,13
passenger1087,13,1,359,398,416,39,18,57,14
passenger1088,14,1,359,403,440,44,37,81,15
passenger1089,9,1,359,390,438,31,48,79,0
passenger1090,12,1,360,385,400,25,15,40,1
passenger1091,13,1,360,380,410,20,30,50,2
passenger1092,13,1,360,373,407,13,34,47,3
passenger1093,19,1,360,393,427,33,34,67,4
passenger1094,15,1,360,389,429,29,40,69,5
passenger1095,3,1,361,411,447,50,36,86,6
passenger1096,2,1,362,368,423,6,55,61,7
passenger1097,11,1,362,370,420,8,50,58,8
passenger1098,23,1,362,474,502,112,28,140,9
passenger1099,2,1,362,364,409,2,45,47,10
passenger1100,3,1,362,374,414,12,40,52,11
passenger1101,18,1,363,363,396,0,33,33,12
passenger1102,12,1,363,390,437,27,47,74,13
passenger1103,7,1,363,386,416,23,30,53,14
passenger1104,6,1,363,389,440,26,51,77,15
passenger1105,17,1,364,408,438,44,30,74,0
passenger1106,14,1,364,421,446,57,25,82,1
passenger1107,17,1,364,392,410,28,18,46,2
passenger1108,8,1,365,366,407,1,41,42,3
passenger1109,14,1,365,384,427,19,43,62,4
passenger1110,22,1,366,406,429,40,23,63,5
passenger1111,9,1,366,427,447,61,20,81,6
passenger1112,11,1,366,381,423,15,42,57,7
passenger1113,5,1,366,430,462,64,32,96,8
passenger1114,17,1,366,416,440,50,24,74,9
passenger1115,2,1,367,412,467,45,55,100,10
passenger1116,7,1,368,384,414,16,30,46,11
passenger1117,19,1,368,368,396,0,28,28,12
passenger1118,2,1,369,376,437,7,61,68,13
passenger1119,25,1,369,980,1006,611,26,637,14
passenger1120,11,1,369,396,440,27,44,71,15
passenger1121,11,1,369,396,438,27,42,69,0
passenger1122,14,1,370,421,446,51,25,76,1
passenger1123,17,1,370,392,410,22,18,40,2
passenger1124,13,1,370,373,407,3,34,37,3
passenger1125,23,1,370,403,427,33,24,57,4
passenger1126,25,1,370,965,991,595,26,621,5
passenger1127,6,1,370,418,447,48,29,77,6
passenger1128,18,1,370,396,423,26,27,53,7
passenger1129,9,1,371,438,462,67,24,91,8
passenger1130,25,1,371,994,1020,623,26,649,9
passenger1131,8,1,371,376,409,5,33,38,10
passenger1132,9,1,371,388,414,17,26,43,11
passenger1133,19,1,371,428,448,57,20,77,12
passenger1134,20,1,371,404,437,33,33,66,13
passenger1135,5,1,372,380,416,8,36,44,14
passenger1136,15,1,372,406,440,34,34,68,15
passenger1137,10,1,372,393,438,21,45,66,0
passenger1138,16,1,372,427,446,55,19,74,1
passenger1139,15,1,373,386,410,13,24,37,2
passenger1140,25,1,373,1008,1034,635,26,661,3
passenger1141,24,1,373,466,495,93,29,122,4
passenger1142,17,1,373,393,429,20,36,56,5
passenger1143,18,1,374,376,407,2,31,33,6
passenger1144,23,1,374,515,539,141,24,165,7
passenger1145,6,1,375,433,462,58,29,87,8
passenger1146,19,1,375,420,440,45,20,65,9
passenger1147,20,1,376,444,467,68,23,91,10
passenger1148,5,1,376,378,414,2,36,38,11
passenger1149,23,1,376,480,504,104,24,128,12
passenger1150,18,1,376,400,437,24,37,61,13
passenger1151,10,1,377,391,416,14,25,39,14
passenger1152,13,1,377,400,440,23,40,63,15
passenger1153,13,1,378,400,438,22,38,60,0
passenger1154,24,1,379,993,1018,614,25,639,1
passenger1155,25,1,379,494,520,115,26,141,2
passenger1156,21,1,380,437,463,57,26,83,3
passenger1157,17,1,380,389,427,9,38,47,4
passenger1158,4,1,380,436,477,56,41,97,5
passenger1159,23,1,380,487,511,107,24,131,6
passenger1160,5,1,380,429,479,49,50,99,7
passenger1161,6,1,380,433,462,53,29,82,8
passenger1162,3,1,381,392,440,11,48,59,9
passenger1163,24,1,381,950,975,569,25,594,10
passenger1164,13,1,382,396,414,14,18,32,11
passenger1165,7,1,382,408,448,26,40,66,12
passenger1166,3,1,382,441,445,59,4,63,13
passenger1167,11,1,383,394,416,11,22,33,14
passenger1168,19,1,384,412,440,28,28,56,15
passenger1169,25,1,384,958,984,574,26,600,0
passenger1170,15,1,385,424,446,39,22,61,1
passenger1171,16,1,385,389,410,4,21,25,2
passenger1172,22,1,385,440,463,55,23,78,3
passenger1173,23,1,385,403,427,18,24,42,4
passenger1174,8,1,385,444,477,59,33,92,5
passenger1175,25,1,386,1003,1029,617,26,643,6
passenger1176,14,1,386,386,423,0,37,37,7
passenger1177,24,1,386,561,586,175,25,200,8
passenger1178,4,1,386,395,440,9,45,54,9
passenger1179,4,1,386,416,467,30,51,81,10
passenger1180,23,1,386,510,534,124,24,148,11
passenger1181,18,1,388,425,448,37,23,60,12
passenger1182,6,1,388,452,459,64,7,71,13
passenger1183,23,1,388,502,530,114,28,142,14
passenger1184,4,1,388,449,478,61,29,90,15
passenger1185,18,1,389,411,438,22,27,49,0
passenger1186,6,1,389,393,400,4,7,11,1
passenger1187,3,1,390,414,458,24,44,68,2
passenger1188,21,1,390,437,463,47,26,73,3
passenger1189,22,1,390,400,427,10,27,37,4
passenger1190,4,1,390,436,477,46,41,87,5
passenger1191,4,1,390,414,447,24,33,57,6
passenger1192,16,1,390,390,423,0,33,33,7
passenger1193,2,1,390,423,462,33,39,72,8
passenger1194,19,1,391,420,440,29,20,49,9
passenger1195,23,1,391,503,527,112,24,136,10
passenger1196,20,1,391,443,470,52,27,79,11
passenger1197,7,1,391,408,448,17,40,57,12
passenger1198,6,1,392,452,459,60,7,67,13
passenger1199,18,1,393,447,466,54,19,73,14
passenger1200,3,1,393,446,478,53,32,85,15
passenger1201,14,1,394,403,438,9,35,44,0
passenger1202,12,1,394,415,446,21,31,52,1
passenger1203,19,1,394,480,520,86,40,126,2
passenger1204,6,1,395,416,463,21,47,68,3
passenger1205,20,1,395,396,427,1,31,32,4
passenger1206,18,1,395,396,429,1,33,34,5
passenger1207,7,1,396,421,447,25,26,51,6
passenger1208,10,1,396,440,479,44,39,83,7
passenger1209,3,1,396,426,462,30,36,66,8
passenger1210,12,1,397,407,440,10,33,43,9
passenger1211,8,1,397,422,467,25,45,70,10
passenger1212,4,1,397,421,470,24,49,73,11
passenger1213,15,1,398,420,448,22,28,50,12
passenger1214,15,1,398,481,501,83,20,103,13
passenger1215,4,1,398,421,466,23,45,68,14
passenger1216,6,1,398,455,478,57,23,80,15
passenger1217,3,1,399,442,504,43,62,105,0
passenger1218,18,1,400,471,502,71,31,102,1
passenger1219,10,1,400,423,458,23,35,58,2
passenger1220,3,1,401,411,463,10,52,62,3
passenger1221,6,1,401,436,495,35,59,94,4
passenger1222,25,1,401,965,991,564,26,590,5
passenger1223,8,1,402,424,447,22,23,45,6
passenger1224,18,1,402,452,479,50,27,77,7
passenger1225,13,1,402,444,462,42,18,60,8
passenger1226,6,1,403,447,502,44,55,99,9
passenger1227,9,1,403,425,467,22,42,64,10
passenger1228,2,1,404,417,470,13,53,66,11
passenger1229,19,1,404,428,448,24,20,44,12
passenger1230,10,1,404,472,501,68,29,97,13
passenger1231,13,1,404,434,466,30,32,62,14
passenger1232,5,1,404,452,478,48,26,74,15
passenger1233,21,1,404,416,438,12,22,34,0
passenger1234,7,1,404,408,446,4,38,42,1
passenger1235,15,1,405,432,458,27,26,53,2
passenger1236,22,1,405,498,525,93,27,120,3
passenger1237,19,1,405,459,495,54,36,90,4
passenger1238,16,1,406,500,537,94,37,131,5
passenger1239,23,1,407,549,573,142,24,166,6
passenger1240,6,1,407,432,479,25,47,72,7
passenger1241,25,1,407,777,803,370,26,396,8
passenger1242,15,1,407,412,440,5,28,33,9
passenger1243,11,1,407,429,467,22,38,60,10
passenger1244,8,1,408,427,470,19,43,62,11
passenger1245,19,1,408,428,448,20,20,40,12
passenger1246,25,1,409,1001,1027,592,26,618,13
passenger1247,18,1,409,447,466,38,19,57,14
passenger1248,2,1,409,443,478,34,35,69,15
passenger1249,13,1,409,458,504,49,46,95,0
passenger1250,19,1,411,474,502,63,28,91,1
passenger1251,11,1,411,426,458,15,32,47,2
passenger1252,20,1,411,434,463,23,29,52,3
passenger1253,18,1,412,456,495,44,39,83,4
passenger1254,3,1,412,433,477,21,44,65,5
passenger1255,15,1,412,471,511,59,40,99,6
passenger1256,6,1,412,432,479,20,47,67,7
passenger1257,13,1,413,444,462,31,18,49,8
passenger1258,11,1,413,454,502,41,48,89,9
passenger1259,21,1,413,499,527,86,28,114,10
passenger1260,22,1,413,447,470,34,23,57,11
passenger1261,13,1,414,416,448,2,32,34,12
passenger1262,14,1,414,478,501,64,23,87,13
passenger1263,17,1,414,444,466,30,22,52,14
passenger1264,17,1,414,508,534,94,26,120,15
passenger1265,17,1,414,468,504,54,36,90,0
passenger1266,20,1,414,477,502,63,25,88,1
passenger1267,25,1,414,494,520,80,26,106,2
passenger1268,21,1,414,437,463,23,26,49,3
passenger1269,5,1,414,433,495,19,62,81,4
passenger1270,13,1,415,455,477,40,22,62,5
passenger1271,13,1,416,433,447,17,14,31,6
passenger1272,14,1,416,446,479,30,33,63,7
passenger1273,14,1,416,447,462,31,15,46,8
passenger1274,19,1,416,466,502,50,36,86,9
passenger1275,12,1,417,432,467,15,35,50,10
passenger1276,8,1,417,427,470,10,43,53,11
passenger1277,12,1,417,465,504,48,39,87,12
passenger1278,22,1,417,532,559,115,27,142,13
passenger1279,9,1,417,428,466,11,38,49,14
passenger1280,2,1,418,443,478,25,35,60,15
passenger1281,25,1,418,1010,1036,592,26,618,0
passenger1282,6,1,418,439,446,21,7,28,1
passenger1283,16,1,418,435,458,17,23,40,2
passenger1284,21,1,418,437,463,19,26,45,3
passenger1285,8,1,418,440,495,22,55,77,4
passenger1286,10,1,418,448,477,30,29,59,5
passenger1287,8,1,418,424,447,6,23,29,6
passenger1288,5,1,418,429,479,11,50,61,7
passenger1289,5,1,419,430,462,11,32,43,8
passenger1290,6,1,419,447,502,28,55,83,9
passenger1291,12,1,419,432,467,13,35,48,10
passenger1292,14,1,419,435,470,16,35,51,11
passenger1293,2,1,420,451,504,31,53,84,12
passenger1294,22,1,420,532,559,112,27,139,13
passenger1295,18,1,420,447,466,27,19,46,14
passenger1296,3,1,420,446,478,26,32,58,15
passenger1297,22,1,420,477,504,57,27,84,0
passenger1298,2,1,421,449,502,28,53,81,1
passenger1299,15,1,421,432,458,11,26,37,2
passenger1300,13,1,422,425,463,3,38,41,3
passenger1301,14,1,422,450,495,28,45,73,4
passenger1302,24,1,422,962,991,540,29,569,5
passenger1303,24,1,423,948,977,525,29,554,6
passenger1304,8,1,424,436,479,12,43,55,7
passenger1305,15,1,425,488,522,63,34,97,8
passenger1306,25,1,425,994,1020,569,26,595,9
passenger1307,19,1,426,441,467,15,26,41,10
passenger1308,23,1,426,510,534,84,24,108,11
passenger1309,12,1,426,465,504,39,39,78,12
passenger1310,8,1,426,468,501,42,33,75,13
passenger1311,14,1,426,437,466,11,29,40,14
passenger1312,21,1,427,567,589,140,22,162,15
passenger1313,24,1,427,833,858,406,25,431,0
passenger1314,18,1,427,471,502,44,31,75,1
passenger1315,18,1,429,439,458,10,19,29,2
passenger1316,14,1,429,482,525,53,43,96,3
passenger1317,9,1,429,443,495,14,52,66,4
passenger1318,12,1,429,452,477,23,25,48,5
passenger1319,13,1,429,433,447,4,14,18,6
passenger1320,21,1,429,457,479,28,22,50,7
passenger1321,15,1,430,488,522,58,34,92,8
passenger1322,21,1,430,470,502,40,32,72,9
passenger1323,2,1,430,470,527,40,57,97,10
passenger1324,20,1,430,443,470,13,27,40,11
passenger1325,14,1,431,469,504,38,35,73,12
passenger1326,25,1,431,1001,1027,570,26,596,13
passenger1327,13,1,431,434,466,3,32,35,14
passenger1328,13,1,431,500,534,69,34,103,15
passenger1329,5,1,431,446,504,15,58,73,0
passenger1330,21,1,432,536,558,104,22,126,1
passenger1331,18,1,433,439,458,6,19,25,2
passenger1332,22,1,434,498,525,64,27,91,3
passenger1333,4,1,434,503,540,69,37,106,4
passenger1334,7,1,435,441,477,6,36,42,5
passenger1335,23,1,435,669,693,234,24,258,6
passenger1336,3,1,435,483,539,48,56,104,7
passenger1337,14,1,436,485,522,49,37,86,8
passenger1338,11,1,436,454,502,18,48,66,9
passenger1339,24,1,436,950,975,514,25,539,10
passenger1340,22,1,436,447,470,11,23,34,11
passenger1341,23,1,436,480,504,44,24,68,12
passenger1342,8,1,436,468,501,32,33,65,13
passenger1343,16,1,437,441,466,4,25,29,14
passenger1344,18,1,437,511,534,74,23,97,15
passenger1345,25,1,437,1010,1036,573,26,599,0
passenger1346,2,1,438,449,502,11,53,64,1
passenger1347,25,1,439,676,702,237,26,263,2
passenger1348,10,1,439,476,525,37,49,86,3
passenger1349,5,1,439,506,540,67,34,101,4
passenger1350,16,1,439,500,537,61,37,98,5
passenger1351,20,1,440,482,511,42,29,71,6
passenger1352,5,1,440,487,539,47,52,99,7
passenger1353,2,1,440,465,522,25,57,82,8
passenger1354,23,1,441,474,502,33,28,61,9
passenger1355,24,1,441,950,975,509,25,534,10
passenger1356,5,1,441,476,534,35,58,93,11
passenger1357,23,1,442,480,504,38,24,62,12
passenger1358,23,1,442,535,559,93,24,117,13
passenger1359,25,1,442,980,1006,538,26,564,14
passenger1360,7,1,442,458,478,16,20,36,15
passenger1361,15,1,443,462,504,19,42,61,0
passenger1362,25,1,443,1044,1070,601,26,627,1
passenger1363,23,1,443,488,520,45,32,77,2
passenger1364,16,1,444,488,525,44,37,81,3
passenger1365,6,1,444,509,540,65,31,96,4
passenger1366,4,1,445,484,537,39,53,92,5
passenger1367,8,1,445,458,511,13,53,66,6
passenger1368,3,1,445,483,539,38,56,94,7
passenger1369,6,1,446,471,522,25,51,76,8
passenger1370,3,1,446,506,554,60,48,108,9
passenger1371,20,1,446,446,467,0,21,21,10
passenger1372,16,1,446,493,534,47,41,88,11
passenger1373,14,1,446,469,504,23,35,58,12
passenger1374,21,1,446,529,559,83,30,113,13
passenger1375,11,1,447,482,530,35,48,83,14
passenger1376,11,1,447,466,478,19,12,31,15
passenger1377,6,1,447,449,504,2,55,57,0
passenger1378,12,1,447,463,502,16,39,55,1
passenger1379,6,1,448,465,520,17,55,72,2
passenger1380,16,1,448,488,525,40,37,77,3
passenger1381,25,1,448,988,1014,540,26,566,4
passenger1382,14,1,448,458,477,10,19,29,5
passenger1383,9,1,448,461,511,13,50,63,6
passenger1384,18,1,448,452,479,4,27,31,7
passenger1385,21,1,449,500,522,51,22,73,8
passenger1386,13,1,450,458,502,8,44,52,9
passenger1387,8,1,451,478,527,27,49,76,10
passenger1388,19,1,451,500,534,49,34,83,11
passenger1389,6,1,451,457,504,6,47,53,12
passenger1390,25,1,452,1001,1027,549,26,575,13
passenger1391,9,1,452,478,530,26,52,78,14
passenger1392,10,1,452,463,478,11,15,26,15
passenger1393,19,1,453,472,504,19,32,51,0
passenger1394,2,1,453,505,558,52,53,105,1
passenger1395,6,1,453,465,520,12,55,67,2
passenger1396,5,1,453,469,525,16,56,72,3
passenger1397,11,1,454,518,540,64,22,86,4
passenger1398,15,1,454,461,477,7,16,23,5
passenger1399,6,1,454,454,511,0,57,57,6
passenger1400,10,1,454,494,539,40,45,85,7
passenger1401,20,1,454,497,522,43,25,68,8
passenger1402,24,1,454,477,502,23,25,48,9
passenger1403,2,1,455,470,527,15,57,72,10
passenger1404,17,1,455,496,534,41,38,79,11
passenger1405,2,1,456,507,546,51,39,90,12
passenger1406,14,1,456,478,501,22,23,45,13
passenger1407,23,1,456,502,530,46,28,74,14
passenger1408,21,1,456,567,589,111,22,133,15
passenger1409,7,1,456,514,554,58,40,98,0
passenger1410,8,1,456,457,502,1,45,46,1
passenger1411,20,1,456,483,520,27,37,64,2
passenger1412,21,1,457,495,525,38,30,68,3
passenger1413,8,1,457,513,540,56,27,83,4
passenger1414,2,1,457,480,537,23,57,80,5
passenger1415,12,1,457,466,511,9,45,54,6
passenger1416,16,1,457,502,539,45,37,82,7
passenger1417,12,1,457,481,522,24,41,65,8
passenger1418,24,1,457,653,678,196,25,221,9
passenger1419,21,1,458,499,527,41,28,69,10
passenger1420,20,1,458,503,534,45,31,76,11
passenger1421,2,1,459,507,546,48,39,87,12
passenger1422,22,1,459,532,559,73,27,100,13
passenger1423,20,1,459,497,530,38,33,71,14
passenger1424,11,1,459,496,534,37,38,75,15
passenger1425,16,1,459,465,504,6,39,45,0
passenger1426,21,1,460,536,558,76,22,98,1
passenger1427,23,1,461,488,520,27,32,59,2
passenger1428,15,1,461,485,525,24,40,64,3
passenger1429,2,1,461,498,540,37,42,79,4
passenger1430,16,1,462,500,537,38,37,75,5
passenger1431,18,1,462,478,511,16,33,49,6
passenger1432,3,1,463,483,539,20,56,76,7
passenger1433,21,1,463,552,586,89,34,123,8
passenger1434,6,1,464,513,554,49,41,90,9
passenger1435,23,1,465,569,593,104,24,128,10
passenger1436,15,1,467,490,534,23,44,67,11
passenger1437,9,1,467,516,546,49,30,79,12
passenger1438,3,1,467,497,501,30,4,34,13
passenger1439,2,1,468,469,530,1,61,62,14
passenger1440,19,1,469,514,534,45,20,65,15
passenger1441,11,1,469,522,554,53,32,85,0
passenger1442,22,1,470,769,792,299,23,322,1
passenger1443,7,1,470,528,572,58,44,102,2
passenger1444,24,1,470,957,982,487,25,512,3
passenger1445,24,1,471,579,604,108,25,133,4
passenger1446,4,1,471,484,537,13,53,66,5
passenger1447,17,1,471,475,511,4,36,40,6
passenger1448,24,1,471,964,993,493,29,522,7
passenger1449,9,1,471,476,522,5,46,51,8
passenger1450,3,1,472,506,554,34,48,82,9
passenger1451,23,1,472,627,651,155,24,179,10
passenger1452,13,1,472,486,534,14,48,62,11
passenger1453,2,1,474,507,546,33,39,72,12
passenger1454,22,1,474,532,559,58,27,85,13
passenger1455,18,1,475,493,530,18,37,55,14
passenger1456,3,1,475,482,534,7,52,59,15
passenger1457,8,1,475,517,554,42,37,79,0
passenger1458,2,1,475,505,558,30,53,83,1
passenger1459,24,1,475,491,520,16,29,45,2
passenger1460,2,1,475,528,583,53,55,108,3
passenger1461,21,1,476,574,604,98,30,128,4
passenger1462,14,1,476,496,537,20,41,61,5
passenger1463,15,1,476,533,573,57,40,97,6
passenger1464,21,1,477,511,539,34,28,62,7
passenger1465,23,1,477,558,586,81,28,109,8
passenger1466,5,1,478,510,554,32,44,76,9
passenger1467,2,1,478,530,593,52,63,115,10
passenger1468,4,1,478,539,578,61,39,100,11
passenger1469,18,1,479,571,608,92,37,129,12
passenger1470,15,1,480,481,501,1,20,21,13
passenger1471,4,1,480,535,590,55,55,110,14
passenger1472,7,1,481,490,534,9,44,53,15
passenger1473,14,1,481,529,554,48,25,73,0
passenger1474,19,1,481,532,558,51,26,77,1
passenger1475,10,1,481,533,572,52,39,91,2
passenger1476,24,1,481,957,982,476,25,501,3
passenger1477,25,1,482,988,1014,506,26,532,4
passenger1478,20,1,482,508,537,26,29,55,5
passenger1479,12,1,482,526,573,44,47,91,6
passenger1480,23,1,482,625,653,143,28,171,7
passenger1481,19,1,482,494,522,12,28,40,8
passenger1482,14,1,483,527,554,44,27,71,9
passenger1483,12,1,483,484,527,1,43,44,10
passenger1484,21,1,484,506,534,22,28,50,11
passenger1485,15,1,484,530,546,46,16,62,12
passenger1486,6,1,484,492,501,8,9,17,13
passenger1487,25,1,484,980,1006,496,26,522,14
passenger1488,3,1,484,484,534,0,50,50,15
passenger1489,18,1,485,535,554,50,19,69,0
passenger1490,17,1,485,528,558,43,30,73,1
passenger1491,16,1,486,543,572,57,29,86,2
passenger1492,3,1,486,531,583,45,52,97,3
passenger1493,13,1,486,522,540,36,18,54,4
passenger1494,23,1,486,575,599,89,24,113,5
passenger1495,7,1,486,519,573,33,54,87,6
passenger1496,18,1,487,506,539,19,33,52,7
passenger1497,22,1,487,555,586,68,31,99,8
passenger1498,24,1,487,653,678,166,25,191,9
passenger1499,14,1,487,488,527,1,39,40,10
passenger1500,9,1,488,552,578,64,26,90,11
passenger1501,18,1,488,571,608,83,37,120,12
passenger1502,13,1,488,517,559,29,42,71,13
passenger1503,17,1,489,490,530,1,40,41,14
passenger1504,19,1,489,514,534,25,20,45,15
passenger1505,19,1,490,584,618,94,34,128,0
passenger1506,7,1,490,514,558,24,44,68,1
passenger1507,20,1,490,551,572,61,21,82,2
passenger1508,15,1,491,555,583,64,28,92,3
passenger1509,24,1,491,579,604,88,25,113,4
passenger1510,17,1,491,503,537,12,34,46,5
passenger1511,23,1,491,669,693,178,24,202,6
passenger1512,25,1,491,967,993,476,26,502,7
passenger1513,25,1,491,955,981,464,26,490,8
passenger1514,19,1,492,534,554,42,20,62,9
passenger1515,16,1,492,492,527,0,35,35,10
passenger1516,4,1,492,539,578,47,39,86,11
passenger1517,11,1,493,522,546,29,24,53,12
passenger1518,13,1,494,517,559,23,42,65,13
passenger1519,20,1,495,497,530,2,33,35,14
passenger1520,16,1,495,505,534,10,29,39,15
passenger1521,12,1,495,525,554,30,29,59,0
passenger1522,5,1,497,510,558,13,48,61,1
passenger1523,19,1,497,548,572,51,24,75,2
passenger1524,12,1,497,550,583,53,33,86,3
passenger1525,2,1,499,499,540,0,41,41,4
passenger1526,8,1,499,550,599,51,49,100,5
passenger1527,23,1,500,789,813,289,24,313,6
passenger1528,4,1,500,548,591,48,43,91,7
passenger1529,11,1,500,534,586,34,52,86,8
passenger1530,14,1,500,527,554,27,27,54,9
passenger1531,4,1,501,534,593,33,59,92,10
passenger1532,5,1,501,542,578,41,36,77,11
passenger1533,24,1,501,579,608,78,29,107,12
passenger1534,16,1,502,522,559,20,37,57,13
passenger1535,7,1,502,540,590,38,50,88,14
passenger1536,6,1,503,541,589,38,48,86,15
passenger1537,12,1,503,525,554,22,29,51,0
passenger1538,19,1,503,532,558,29,26,55,1
passenger1539,19,1,503,548,572,45,24,69,2
passenger1540,6,1,503,538,583,35,45,80,3
passenger1541,19,1,503,570,604,67,34,101,4
passenger1542,23,1,503,747,771,244,24,268,5
passenger1543,7,1,504,519,573,15,54,69,6
passenger1544,2,1,504,542,591,38,49,87,7
passenger1545,25,1,505,955,981,450,26,476,8
passenger1546,14,1,505,527,554,22,27,49,9
passenger1547,20,1,506,564,593,58,29,87,10
passenger1548,9,1,506,552,578,46,26,72,11
passenger1549,9,1,506,516,546,10,30,40,12
passenger1550,7,1,506,509,559,3,50,53,13
passenger1551,7,1,506,540,590,34,50,84,14
passenger1552,13,1,507,554,589,47,35,82,15
passenger1553,4,1,508,509,554,1,45,46,0
passenger1554,22,1,508,769,792,261,23,284,1
passenger1555,14,1,508,539,572,31,33,64,2
passenger1556,23,1,509,673,697,164,24,188,3
passenger1557,14,1,509,525,540,16,15,31,4
passenger1558,9,1,509,553,599,44,46,90,5
passenger1559,14,1,509,530,573,21,43,64,6
passenger1560,5,1,510,551,591,41,40,81,7
passenger1561,21,1,510,552,586,42,34,76,8
passenger1562,19,1,510,586,616,76,30,106,9
passenger1563,5,1,510,537,593,27,56,83,10
passenger1564,15,1,511,562,578,51,16,67,11
passenger1565,14,1,511,527,546,16,19,35,12
passenger1566,6,1,511,568,615,57,47,104,13
passenger1567,4,1,512,535,590,23,55,78,14
passenger1568,20,1,513,564,589,51,25,76,15
passenger1569,8,1,513,517,554,4,37,41,0
passenger1570,14,1,513,523,558,10,35,45,1
passenger1571,7,1,514,528,572,14,44,58,2
passenger1572,17,1,514,559,583,45,24,69,3
passenger1573,3,1,514,544,604,30,60,90,4
passenger1574,10,1,515,556,599,41,43,84,5
passenger1575,15,1,515,533,573,18,40,58,6
passenger1576,12,1,515,562,591,47,29,76,7
passenger1577,16,1,515,541,586,26,45,71,8
passenger1578,6,1,515,515,554,0,39,39,9
passenger1579,12,1,516,552,593,36,41,77,10
passenger1580,20,1,516,613,644,97,31,128,11
passenger1581,10,1,517,519,546,2,27,29,12
passenger1582,5,1,517,565,615,48,50,98,13
passenger1583,22,1,518,561,590,43,29,72,14
passenger1584,20,1,518,564,589,46,25,71,15
passenger1585,18,1,518,535,554,17,19,36,0
passenger1586,21,1,518,596,618,78,22,100,1
passenger1587,20,1,519,551,572,32,21,53,2
passenger1588,19,1,519,563,583,44,20,64,3
passenger1589,14,1,519,525,540,6,15,21,4
passenger1590,2,1,519,540,599,21,59,80,5
passenger1591,16,1,520,536,573,16,37,53,6
passenger1592,8,1,520,556,591,36,35,71,7
passenger1593,20,1,521,549,586,28,37,65,8
passenger1594,13,1,522,524,554,2,30,32,9
passenger1595,23,1,522,627,651,105,24,129,10
passenger1596,16,1,523,605,644,82,39,121,11
passenger1597,15,1,524,530,546,6,16,22,12
passenger1598,24,1,525,948,973,423,25,448,13
passenger1599,13,1,525,548,590,23,42,65,14
passenger1600,11,1,526,550,589,24,39,63,15
passenger1601,10,1,526,567,618,41,51,92,0
passenger1602,23,1,527,882,906,355,24,379,1
passenger1603,20,1,528,551,572,23,21,44,2
passenger1604,5,1,528,535,583,7,48,55,3
passenger1605,13,1,528,558,604,30,46,76,4
passenger1606,10,1,528,556,599,28,43,71,5
passenger1607,17,1,528,539,573,11,34,45,6
passenger1608,3,1,529,545,591,16,46,62,7
passenger1609,19,1,529,546,586,17,40,57,8
passenger1610,19,1,529,586,616,57,30,87,9
passenger1611,7,1,529,541,593,12,52,64,10
passenger1612,5,1,529,542,578,13,36,49,11
passenger1613,17,1,529,568,608,39,40,79,12
passenger1614,8,1,530,572,615,42,43,85,13
passenger1615,24,1,530,565,590,35,25,60,14
passenger1616,20,1,530,564,589,34,25,59,15
passenger1617,24,1,531,955,984,424,29,453,0
passenger1618,14,1,531,581,618,50,37,87,1
passenger1619,24,1,531,613,638,82,25,107,2
passenger1620,2,1,533,586,633,53,47,100,3
passenger1621,8,1,533,551,604,18,53,71,4
passenger1622,2,1,533,540,599,7,59,66,5
passenger1623,18,1,533,542,573,9,31,40,6
passenger1624,14,1,534,566,591,32,25,57,7
passenger1625,8,1,534,599,634,65,35,100,8
passenger1626,9,1,535,568,616,33,48,81,9
passenger1627,17,1,535,559,593,24,34,58,10
passenger1628,6,1,536,545,578,9,33,42,11
passenger1629,14,1,536,563,608,27,45,72,12
passenger1630,16,1,536,588,615,52,27,79,13
passenger1631,7,1,536,540,590,4,50,54,14
passenger1632,7,1,537,544,589,7,45,52,15
passenger1633,10,1,537,567,618,30,51,81,0
passenger1634,16,1,537,587,618,50,31,81,1
passenger1635,8,1,538,585,638,47,53,100,2
passenger1636,11,1,538,547,583,9,36,45,3
passenger1637,15,1,539,562,604,23,42,65,4
passenger1638,6,1,539,546,599,7,53,60,5
passenger1639,15,1,539,595,631,56,36,92,6
passenger1640,5,1,540,551,591,11,40,51,7
passenger1641,5,1,540,592,634,52,42,94,8
passenger1642,7,1,540,564,616,24,52,76,9
passenger1643,8,1,540,544,593,4,49,53,10
passenger1644,2,1,540,581,644,41,63,104,11
passenger1645,25,1,541,582,608,41,26,67,12
passenger1646,9,1,541,575,615,34,40,74,13
passenger1647,21,1,541,558,590,17,32,49,14
passenger1648,23,1,542,627,651,85,24,109,15
passenger1649,21,1,542,590,618,48,28,76,0
passenger1650,21,1,542,596,618,54,22,76,1
passenger1651,4,1,543,579,638,36,59,95,2
passenger1652,10,1,544,544,583,0,39,39,3
passenger1653,19,1,544,570,604,26,34,60,4
passenger1654,15,1,545,563,599,18,36,54,5
passenger1655,2,1,545,576,631,31,55,86,6
passenger1656,15,1,546,569,591,23,22,45,7
passenger1657,21,1,546,552,586,6,34,40,8
passenger1658,21,1,546,590,616,44,26,70,9
passenger1659,11,1,546,549,593,3,44,47,10
passenger1660,7,1,547,548,578,1,30,31,11
passenger1661,9,1,547,556,608,9,52,61,12
passenger1662,9,1,548,575,615,27,40,67,13
passenger1663,10,1,548,607,654,59,47,106,14
passenger1664,9,1,549,603,651,54,48,102,15
passenger1665,12,1,549,571,618,22,47,69,0
passenger1666,2,1,549,561,618,12,57,69,1
passenger1667,8,1,550,585,638,35,53,88,2
passenger1668,9,1,550,597,633,47,36,83,3
passenger1669,5,1,550,610,662,60,52,112,4
passenger1670,23,1,551,857,885,306,28,334,5
passenger1671,18,1,551,600,631,49,31,80,6
passenger1672,23,1,551,625,653,74,28,102,7
passenger1673,15,1,552,614,634,62,20,82,8
passenger1674,4,1,552,559,616,7,57,64,9
passenger1675,23,1,552,627,651,75,24,99,10
passenger1676,12,1,554,557,578,3,21,24,11
passenger1677,18,1,554,571,608,17,37,54,12
passenger1678,11,1,554,579,615,25,36,61,13
passenger1679,13,1,555,614,654,59,40,99,14
passenger1680,13,1,555,555,589,0,34,34,15
passenger1681,8,1,555,563,618,8,55,63,0
passenger1682,15,1,555,584,618,29,34,63,1
passenger1683,19,1,556,600,638,44,38,82,2
passenger1684,2,1,556,586,633,30,47,77,3
passenger1685,5,1,556,610,662,54,52,106,4
passenger1686,22,1,557,572,599,15,27,42,5
passenger1687,15,1,557,595,631,38,36,74,6
passenger1688,25,1,558,967,993,409,26,435,7
passenger1689,16,1,558,617,634,59,17,76,8
passenger1690,17,1,559,582,616,23,34,57,9
passenger1691,23,1,559,627,651,68,24,92,10
passenger1692,17,1,559,608,644,49,36,85,11
passenger1693,9,1,559,624,636,65,12,77,12
passenger1694,14,1,560,584,615,24,31,55,13
passenger1695,7,1,560,602,654,42,52,94,14
passenger1696,10,1,560,606,651,46,45,91,15
passenger1697,18,1,560,581,618,21,37,58,0
passenger1698,5,1,560,566,618,6,52,58,1
passenger1699,18,1,561,597,638,36,41,77,2
passenger1700,16,1,561,612,633,51,21,72,3
passenger1701,9,1,561,618,662,57,44,101,4
passenger1702,3,1,561,603,659,42,56,98,5
passenger1703,18,1,562,600,631,38,31,69,6
passenger1704,21,1,562,619,653,57,34,91,7
passenger1705,19,1,562,664,700,102,36,138,8
passenger1706,12,1,563,573,616,10,43,53,9
passenger1707,17,1,563,613,651,50,38,88,10
passenger1708,11,1,563,596,644,33,48,81,11
passenger1709,10,1,563,647,658,84,11,95,12
passenger1710,9,1,563,575,615,12,40,52,13
passenger1711,7,1,563,602,654,39,52,91,14
passenger1712,25,1,563,951,977,388,26,414,15
passenger1713,17,1,564,578,618,14,40,54,0
passenger1714,6,1,564,569,618,5,49,54,1
passenger1715,22,1,564,607,638,43,31,74,2
passenger1716,5,1,564,591,633,27,42,69,3
passenger1717,16,1,565,565,604,0,39,39,4
passenger1718,5,1,565,609,659,44,50,94,5
passenger1719,10,1,566,588,631,22,43,65,6
passenger1720,17,1,567,573,591,6,18,24,7
passenger1721,25,1,567,955,981,388,26,414,8
passenger1722,25,1,567,994,1020,427,26,453,9
passenger1723,23,1,568,845,873,277,28,305,10
passenger1724,7,1,568,588,644,20,56,76,11
passenger1725,4,1,568,617,636,49,19,68,12
passenger1726,23,1,568,825,849,257,24,281,13
passenger1727,24,1,570,629,654,59,25,84,14
passenger1728,8,1,572,600,651,28,51,79,15
passenger1729,2,1,572,621,676,49,55,104,0
passenger1730,17,1,572,590,618,18,28,46,1
passenger1731,3,1,572,576,638,4,62,66,2
passenger1732,2,1,572,586,633,14,47,61,3
passenger1733,24,1,572,933,962,361,29,390,4
passenger1734,13,1,573,621,659,48,38,86,5
passenger1735,4,1,573,580,631,7,51,58,6
passenger1736,17,1,573,611,653,38,42,80,7
passenger1737,10,1,573,603,634,30,31,61,8
passenger1738,14,1,573,577,616,4,39,43,9
passenger1739,23,1,574,845,873,271,28,299,10
passenger1740,7,1,574,588,644,14,56,70,11
passenger1741,17,1,575,684,706,109,22,131,12
passenger1742,21,1,575,647,673,72,26,98,13
passenger1743,12,1,576,611,654,35,43,78,14
passenger1744,25,1,576,951,977,375,26,401,15
passenger1745,12,1,577,637,676,60,39,99,0
passenger1746,13,1,578,578,618,0,40,40,1
passenger1747,23,1,579,610,638,31,28,59,2
passenger1748,17,1,579,615,633,36,18,54,3
passenger1749,22,1,580,639,662,59,23,82,4
passenger1750,20,1,580,632,659,52,27,79,5
passenger1751,19,1,580,603,631,23,28,51,6
passenger1752,7,1,580,599,653,19,54,73,7
passenger1753,11,1,580,606,634,26,28,54,8
passenger1754,22,1,581,593,616,12,23,35,9
passenger1755,16,1,581,610,651,29,41,70,10
passenger1756,8,1,581,591,644,10,53,63,11
passenger1757,9,1,581,624,636,43,12,55,12
passenger1758,20,1,581,594,615,13,21,34,13
passenger1759,6,1,582,599,654,17,55,72,14
passenger1760,4,1,583,594,651,11,57,68,15
passenger1761,20,1,583,587,618,4,31,35,0
passenger1762,8,1,583,633,676,50,43,93,1
passenger1763,20,1,584,603,638,19,35,54,2
passenger1764,14,1,584,608,633,24,25,49,3
passenger1765,25,1,584,988,1014,404,26,430,4
passenger1766,14,1,585,624,659,39,35,74,5
passenger1767,22,1,586,608,631,22,23,45,6
passenger1768,22,1,586,622,653,36,31,67,7
passenger1769,7,1,586,596,634,10,38,48,8
passenger1770,25,1,587,994,1020,407,26,433,9
passenger1771,19,1,587,619,651,32,32,64,10
passenger1772,4,1,587,651,688,64,37,101,11
passenger1773,2,1,588,611,636,23,25,48,12
passenger1774,8,1,589,624,673,35,49,84,13
passenger1775,2,1,589,593,654,4,61,65,14
passenger1776,10,1,589,606,651,17,45,62,15
passenger1777,25,1,589,1010,1036,421,26,447,0
passenger1778,13,1,589,642,676,53,34,87,1
passenger1779,2,1,590,641,702,51,61,112,2
passenger1780,13,1,590,605,633,15,28,43,3
passenger1781,7,1,590,614,662,24,48,72,4
passenger1782,22,1,591,636,659,45,23,68,5
passenger1783,4,1,591,636,693,45,57,102,6
passenger1784,20,1,592,616,653,24,37,61,7
passenger1785,12,1,592,609,634,17,25,42,8
passenger1786,2,1,592,619,678,27,59,86,9
passenger1787,18,1,593,616,651,23,35,58,10
passenger1788,12,1,593,599,644,6,45,51,11
passenger1789,20,1,593,733,756,140,23,163,12
passenger1790,16,1,596,636,673,40,37,77,13
passenger1791,20,1,596,623,654,27,31,58,14
passenger1792,13,1,597,611,651,14,40,54,15
passenger1793,2,1,597,621,676,24,55,79,0
passenger1794,5,1,598,626,676,28,50,78,1
passenger1795,13,1,598,656,702,58,46,104,2
passenger1796,11,1,599,601,633,2,32,34,3
passenger1797,21,1,599,636,662,37,26,63,4
passenger1798,11,1,599,617,659,18,42,60,5
passenger1799,22,1,600,608,631,8,23,31,6
passenger1800,6,1,600,662,703,62,41,103,7
passenger1801,11,1,601,606,634,5,28,33,8
passenger1802,20,1,601,647,678,46,31,77,9
passenger1803,4,1,601,658,701,57,43,100,10
passenger1804,9,1,601,660,688,59,28,87,11
passenger1805,20,1,601,733,756,132,23,155,12
passenger1806,16,1,601,636,673,35,37,72,13
passenger1807,20,1,602,623,654,21,31,52,14
passenger1808,14,1,602,614,651,12,37,49,15
passenger1809,22,1,602,653,676,51,23,74,0
passenger1810,23,1,602,882,906,280,24,304,1
passenger1811,25,1,602,964,990,362,26,388,2
passenger1812,4,1,603,638,697,35,59,94,3
passenger1813,16,1,603,627,662,24,35,59,4
passenger1814,4,1,604,606,659,2,53,55,5
passenger1815,7,1,605,645,693,40,48,88,6
passenger1816,9,1,605,669,703,64,34,98,7
passenger1817,17,1,606,658,700,52,42,94,8
passenger1818,12,1,606,633,678,27,45,72,9
passenger1819,22,1,606,624,651,18,27,45,10
passenger1820,9,1,607,660,688,53,28,81,11
passenger1821,16,1,608,681,706,73,25,98,12
passenger1822,20,1,608,644,673,36,29,65,13
passenger1823,25,1,608,980,1006,372,26,398,14
passenger1824,7,1,608,665,693,57,28,85,15
passenger1825,19,1,608,648,676,40,28,68,0
passenger1826,4,1,608,623,676,15,53,68,1
passenger1827,15,1,609,662,702,53,40,93,2
passenger1828,11,1,609,651,697,42,46,88,3
passenger1829,25,1,609,988,1014,379,26,405,4
passenger1830,20,1,609,632,659,23,27,50,5
passenger1831,24,1,609,948,977,339,29,368,6
passenger1832,22,1,609,622,653,13,31,44,7
passenger1833,11,1,610,650,700,40,50,90,8
passenger1834,19,1,610,644,678,34,34,68,9
passenger1835,2,1,610,654,701,44,47,91,10
passenger1836,15,1,612,672,688,60,16,76,11
passenger1837,3,1,612,614,636,2,22,24,12
passenger1838,19,1,612,641,673,29,32,61,13
passenger1839,25,1,612,980,1006,368,26,394,14
passenger1840,18,1,612,620,651,8,31,39,15
passenger1841,22,1,613,767,790,154,23,177,0
passenger1842,7,1,613,630,676,17,46,63,1
passenger1843,25,1,613,964,990,351,26,377,2
passenger1844,15,1,613,657,697,44,40,84,3
passenger1845,18,1,614,631,662,17,31,48,4
passenger1846,20,1,614,632,659,18,27,45,5
passenger1847,17,1,614,661,693,47,32,79,6
passenger1848,9,1,614,669,703,55,34,89,7
passenger1849,16,1,615,617,634,2,17,19,8
passenger1850,17,1,615,640,678,25,38,63,9
passenger1851,22,1,615,624,651,9,27,36,10
passenger1852,13,1,615,668,688,53,20,73,11
passenger1853,14,1,616,677,706,61,29,90,12
passenger1854,14,1,616,632,673,16,41,57,13
passenger1855,4,1,616,659,718,43,59,102,14
passenger1856,4,1,616,658,693,42,35,77,15
passenger1857,2,1,616,621,676,5,55,60,0
passenger1858,17,1,617,650,676,33,26,59,1
passenger1859,12,1,618,653,702,35,49,84,2
passenger1860,22,1,619,670,697,51,27,78,3
passenger1861,18,1,619,631,662,12,31,43,4
passenger1862,5,1,619,665,709,46,44,90,5
passenger1863,4,1,620,636,693,16,57,73,6
passenger1864,10,1,621,674,703,53,29,82,7
passenger1865,24,1,621,675,700,54,25,79,8
passenger1866,3,1,621,622,678,1,56,57,9
passenger1867,6,1,621,662,701,41,39,80,10
passenger1868,2,1,622,647,688,25,41,66,11
passenger1869,11,1,622,670,706,48,36,84,12
passenger1870,25,1,622,1001,1027,379,26,405,13
passenger1871,18,1,623,683,718,60,35,95,14
passenger1872,13,1,623,679,693,56,14,70,15
passenger1873,5,1,623,626,676,3,50,53,0
passenger1874,10,1,623,637,676,14,39,53,1
passenger1875,14,1,623,659,702,36,43,79,2
passenger1876,8,1,624,646,697,22,51,73,3
passenger1877,18,1,625,631,662,6,31,37,4
passenger1878,25,1,625,965,991,340,26,366,5
passenger1879,6,1,625,642,693,17,51,68,6
passenger1880,8,1,625,666,703,41,37,78,7
passenger1881,5,1,626,642,700,16,58,74,8
passenger1882,19,1,626,644,678,18,34,52,9
passenger1883,13,1,626,673,701,47,28,75,10
passenger1884,8,1,626,657,688,31,31,62,11
passenger1885,7,1,626,628,636,2,8,10,12
passenger1886,3,1,626,679,723,53,44,97,13
passenger1887,13,1,627,674,718,47,44,91,14
passenger1888,18,1,628,718,757,90,39,129,15
passenger1889,7,1,628,630,676,2,46,48,0
passenger1890,2,1,629,679,734,50,55,105,1
passenger1891,13,1,629,656,702,27,46,73,2
passenger1892,18,1,630,662,697,32,35,67,3
passenger1893,10,1,630,681,718,51,37,88,4
passenger1894,8,1,630,672,709,42,37,79,5
passenger1895,5,1,630,639,693,9,54,63,6
passenger1896,19,1,631,731,759,100,28,128,7
passenger1897,22,1,631,671,700,40,29,69,8
passenger1898,20,1,631,647,678,16,31,47,9
passenger1899,14,1,631,676,701,45,25,70,10
passenger1900,19,1,631,719,753,88,34,122,11
passenger1901,11,1,631,670,706,39,36,75,12
passenger1902,2,1,631,676,723,45,47,92,13
passenger1903,10,1,632,669,718,37,49,86,14
passenger1904,18,1,632,718,757,86,39,125,15
passenger1905,17,1,632,644,676,12,32,44,0
passenger1906,25,1,632,1044,1070,412,26,438,1
passenger1907,25,1,633,964,990,331,26,357,2
passenger1908,7,1,633,643,697,10,54,64,3
passenger1909,2,1,633,665,718,32,53,85,4
passenger1910,8,1,634,672,709,38,37,75,5
passenger1911,23,1,634,849,873,215,24,239,6
passenger1912,21,1,635,737,759,102,22,124,7
passenger1913,4,1,635,639,700,4,61,65,8
passenger1914,5,1,635,684,730,49,46,95,9
passenger1915,15,1,636,679,701,43,22,65,10
passenger1916,17,1,636,713,753,77,40,117,11
passenger1917,25,1,636,980,1006,344,26,370,12
passenger1918,20,1,636,644,673,8,29,37,13
passenger1919,7,1,637,664,718,27,54,81,14
passenger1920,2,1,638,654,693,16,39,55,15
passenger1921,17,1,638,644,676,6,32,38,0
passenger1922,15,1,639,646,676,7,30,37,1
passenger1923,24,1,639,673,702,34,29,63,2
passenger1924,15,1,639,657,697,18,40,58,3
passenger1925,14,1,639,689,718,50,29,79,4
passenger1926,9,1,639,675,709,36,34,70,5
passenger1927,4,1,641,698,747,57,49,106,6
passenger1928,23,1,641,847,871,206,24,230,7
passenger1929,21,1,641,668,700,27,32,59,8
passenger1930,5,1,642,684,730,42,46,88,9
passenger1931,18,1,642,730,753,88,23,111,10
passenger1932,10,1,642,663,688,21,25,46,11
passenger1933,12,1,642,673,706,31,33,64,12
passenger1934,22,1,642,650,673,8,23,31,13
passenger1935,22,1,642,691,718,49,27,76,14
passenger1936,6,1,642,662,693,20,31,51,15
passenger1937,9,1,643,686,734,43,48,91,0
passenger1938,21,1,644,712,734,68,22,90,1
passenger1939,24,1,644,673,702,29,29,58,2
passenger1940,3,1,646,703,744,57,41,98,3
passenger1941,22,1,646,869,892,223,23,246,4
passenger1942,13,1,647,683,709,36,26,62,5
passenger1943,16,1,647,658,693,11,35,46,6
passenger1944,3,1,647,657,703,10,46,56,7
passenger1945,18,1,647,661,700,14,39,53,8
passenger1946,18,1,647,711,730,64,19,83,9
passenger1947,17,1,648,683,701,35,18,53,10
passenger1948,20,1,648,722,753,74,31,105,11
passenger1949,24,1,649,977,1006,328,29,357,12
passenger1950,22,1,649,650,673,1,23,24,13
passenger1951,19,1,649,686,718,37,32,69,14
passenger1952,25,1,649,951,977,302,26,328,15
passenger1953,18,1,649,705,734,56,29,85,0
passenger1954,18,1,650,653,676,3,23,26,1
passenger1955,15,1,651,662,702,11,40,51,2
passenger1956,20,1,651,666,697,15,31,46,3
passenger1957,3,1,652,668,718,16,50,66,4
passenger1958,14,1,652,686,709,34,23,57,5
passenger1959,12,1,652,652,693,0,41,41,6
passenger1960,23,1,652,847,871,195,24,219,7
passenger1961,3,1,652,704,739,52,35,87,8
passenger1962,17,1,652,708,730,56,22,78,9
passenger1963,6,1,653,662,701,9,39,48,10
passenger1964,23,1,653,729,753,76,24,100,11
passenger1965,22,1,653,793,820,140,27,167,12
passenger1966,7,1,653,687,723,34,36,70,13
passenger1967,22,1,653,691,718,38,27,65,14
passenger1968,13,1,653,679,693,26,14,40,15
passenger1969,25,1,653,1010,1036,357,26,383,0
passenger1970,19,1,654,656,676,2,20,22,1
passenger1971,2,1,654,705,756,51,51,102,2
passenger1972,6,1,654,710,744,56,34,90,3
passenger1973,11,1,654,684,718,30,34,64,4
passenger1974,7,1,655,669,709,14,40,54,5
passenger1975,5,1,655,701,747,46,46,92,6
passenger1976,25,1,656,1019,1045,363,26,389,7
passenger1977,22,1,656,671,700,15,29,44,8
passenger1978,12,1,656,701,730,45,29,74,9
passenger1979,7,1,656,665,701,9,36,45,10
passenger1980,6,1,656,697,753,41,56,97,11
passenger1981,23,1,657,796,820,139,24,163,12
passenger1982,9,1,657,693,723,36,30,66,13
passenger1983,2,1,658,721,774,63,53,116,14
passenger1984,11,1,658,673,693,15,20,35,15
passenger1985,12,1,658,691,734,33,43,76,0
passenger1986,16,1,658,705,734,47,29,76,1
passenger1987,10,1,658,717,756,59,39,98,2
passenger1988,24,1,658,957,982,299,25,324,3
passenger1989,17,1,658,696,718,38,22,60,4
passenger1990,25,1,659,965,991,306,26,332,5
passenger1991,10,1,659,708,747,49,39,88,6
passenger1992,17,1,659,685,703,26,18,44,7
passenger1993,10,1,659,715,739,56,24,80,8
passenger1994,18,1,659,711,730,52,19,71,9
passenger1995,19,1,659,733,753,74,20,94,10
passenger1996,9,1,659,660,688,1,28,29,11
passenger1997,24,1,659,977,1006,318,29,347,12
passenger1998,22,1,660,762,785,102,23,125,13
passenger1999,23,1,660,694,718,34,24,58,14
passenger2000,7,1,661,665,693,4,28,32,15
passenger2001,19,1,661,708,734,47,26,73,0
passenger2002,4,1,661,683,734,22,51,73,1
passenger2003,4,1,662,709,756,47,47,94,2
passenger2004,25,1,662,1008,1034,346,26,372,3
passenger2005,5,1,662,672,718,10,46,56,4
passenger2006,22,1,663,744,771,81,27,108,5
passenger2007,12,1,663,712,747,49,35,84,6
passenger2008,9,1,663,669,703,6,34,40,7
passenger2009,3,1,663,704,739,41,35,76,8
passenger2010,18,1,664,759,790,95,31,126,9
passenger2011,19,1,664,733,753,69,20,89,10
passenger2012,13,1,664,668,688,4,20,24,11
passenger2013,21,1,664,790,820,126,30,156,12
passenger2014,9,1,664,693,723,29,30,59,13
passenger2015,15,1,665,678,718,13,40,53,14
passenger2016,8,1,665,668,693,3,25,28,15
passenger2017,15,1,665,698,734,33,36,69,0
passenger2018,5,1,666,686,734,20,48,68,1
passenger2019,13,1,666,722,756,56,34,90,2
passenger2020,15,1,666,728,744,62,16,78,3
passenger2021,15,1,667,692,718,25,26,51,4
passenger2022,12,1,667,680,709,13,29,42,5
passenger2023,17,1,667,721,747,54,26,80,6
passenger2024,14,1,667,680,703,13,23,36,7
passenger2025,8,1,668,711,739,43,28,71,8
passenger2026,7,1,668,690,730,22,40,62,9
passenger2027,17,1,668,683,701,15,18,33,10
passenger2028,24,1,668,849,874,181,25,206,11
passenger2029,20,1,668,733,756,65,23,88,12
passenger2030,17,1,669,705,723,36,18,54,13
passenger2031,24,1,669,977,1006,308,29,337,14
passenger2032,23,1,669,727,757,58,30,88,15
passenger2033,14,1,669,695,734,26,39,65,0
passenger2034,4,1,670,683,734,13,51,64,1
passenger2035,17,1,670,730,756,60,26,86,2
passenger2036,16,1,670,773,806,103,33,136,3
passenger2037,8,1,670,677,718,7,41,48,4
passenger2038,22,1,670,744,771,74,27,101,5
passenger2039,22,1,671,786,813,115,27,142,6
passenger2040,9,1,671,671,703,0,32,32,7
passenger2041,13,1,671,725,739,54,14,68,8
passenger2042,6,1,672,687,730,15,43,58,9
passenger2043,6,1,672,710,753,38,43,81,10
passenger2044,8,1,673,701,753,28,52,80,11
passenger2045,10,1,673,693,706,20,13,33,12
passenger2046,8,1,674,690,723,16,33,49,13
passenger2047,5,1,674,726,774,52,48,100,14
passenger2048,12,1,674,676,693,2,17,19,15
passenger2049,16,1,674,701,734,27,33,60,0
passenger2050,9,1,675,694,734,19,40,59,1
passenger2051,14,1,675,725,756,50,31,81,2
passenger2052,8,1,675,714,744,39,30,69,3
passenger2053,18,1,676,699,718,23,19,42,4
passenger2054,17,1,676,691,709,15,18,33,5
passenger2055,25,1,677,1003,1029,326,26,352,6
passenger2056,3,1,677,709,759,32,50,82,7
passenger2057,22,1,677,772,803,95,31,126,8
passenger2058,10,1,678,697,730,19,33,52,9
passenger2059,3,1,678,705,753,27,48,75,10
passenger2060,18,1,679,716,753,37,37,74,11
passenger2061,6,1,679,699,706,20,7,27,12
passenger2062,6,1,680,684,723,4,39,43,13
passenger2063,25,1,680,1032,1058,352,26,378,14
passenger2064,7,1,680,703,757,23,54,77,15
passenger2065,15,1,681,698,734,17,36,53,0
passenger2066,6,1,681,689,734,8,45,53,1
passenger2067,4,1,682,709,756,27,47,74,2
passenger2068,2,1,683,700,744,17,44,61,3
passenger2069,2,1,683,721,776,38,55,93,4
passenger2070,13,1,683,683,709,0,26,26,5
passenger2071,12,1,684,712,747,28,35,63,6
passenger2072,2,1,684,706,759,22,53,75,7
passenger2073,10,1,684,715,739,31,24,55,8
passenger2074,8,1,684,693,730,9,37,46,9
passenger2075,15,1,684,725,753,41,28,69,10
passenger2076,25,1,684,962,988,278,26,304,11
passenger2077,18,1,684,729,756,45,27,72,12
passenger2078,24,1,684,948,973,264,25,289,13
passenger2079,6,1,685,729,774,44,45,89,14
passenger2080,7,1,686,703,757,17,54,71,15
passenger2081,20,1,686,713,734,27,21,48,0
passenger2082,9,1,686,694,734,8,40,48,1
passenger2083,22,1,686,791,814,105,23,128,2
passenger2084,13,1,686,723,744,37,21,58,3
passenger2085,6,1,687,727,776,40,49,89,4
passenger2086,22,1,687,744,771,57,27,84,5
passenger2087,15,1,688,717,747,29,30,59,6
passenger2088,21,1,688,737,759,49,22,71,7
passenger2089,12,1,688,721,739,33,18,51,8
passenger2090,5,1,688,738,790,50,52,102,9
passenger2091,18,1,689,730,753,41,23,64,10
passenger2092,4,1,690,693,753,3,60,63,11
passenger2093,17,1,690,726,756,36,30,66,12
passenger2094,12,1,691,698,723,7,25,32,13
passenger2095,20,1,691,753,774,62,21,83,14
passenger2096,22,1,691,724,757,33,33,66,15
passenger2097,11,1,691,748,790,57,42,99,0
passenger2098,23,1,691,942,966,251,24,275,1
passenger2099,4,1,692,709,756,17,47,64,2
passenger2100,4,1,692,706,744,14,38,52,3
passenger2101,25,1,693,988,1014,295,26,321,4
passenger2102,15,1,693,729,771,36,42,78,5
passenger2103,12,1,693,712,747,19,35,54,6
passenger2104,5,1,693,713,759,20,46,66,7
passenger2105,8,1,693,711,739,18,28,46,8
passenger2106,18,1,693,759,790,66,31,97,9
passenger2107,21,1,693,789,811,96,22,118,10
passenger2108,23,1,693,788,812,95,24,119,11
passenger2109,11,1,694,718,756,24,38,62,12
passenger2110,12,1,695,698,723,3,25,28,13
passenger2111,5,1,696,726,774,30,48,78,14
passenger2112,3,1,696,697,757,1,60,61,15
passenger2113,12,1,697,751,790,54,39,93,0
passenger2114,15,1,698,702,734,4,32,36,1
passenger2115,4,1,698,709,756,11,47,58,2
passenger2116,11,1,700,719,744,19,25,44,3
passenger2117,17,1,700,746,776,46,30,76,4
passenger2118,21,1,700,741,771,41,30,71,5
passenger2119,24,1,701,948,977,247,29,276,6
passenger2120,10,1,701,720,759,19,39,58,7
passenger2121,11,1,701,718,739,17,21,38,8
passenger2122,22,1,702,767,790,65,23,88,9
passenger2123,18,1,702,730,753,28,23,51,10
passenger2124,8,1,702,702,753,0,51,51,11
passenger2125,18,1,702,729,756,27,27,54,12
passenger2126,5,1,702,731,785,29,54,83,13
passenger2127,12,1,702,741,774,39,33,72,14
passenger2128,9,1,703,707,757,4,50,54,15
passenger2129,25,1,703,1010,1036,307,26,333,0
passenger2130,2,1,704,737,792,33,55,88,1
passenger2131,22,1,704,851,874,147,23,170,2
passenger2132,8,1,704,714,744,10,30,40,3
passenger2133,2,1,704,721,776,17,55,72,4
passenger2134,17,1,704,733,771,29,38,67,5
passenger2135,18,1,706,724,747,18,23,41,6
passenger2136,5,1,706,713,759,7,46,53,7
passenger2137,2,1,706,742,803,36,61,97,8
passenger2138,4,1,707,735,790,28,55,83,9
passenger2139,11,1,707,719,753,12,34,46,10
passenger2140,5,1,708,759,812,51,53,104,11
passenger2141,18,1,709,729,756,20,27,47,12
passenger2142,3,1,709,727,785,18,58,76,13
passenger2143,20,1,709,753,774,44,21,65,14
passenger2144,22,1,709,724,757,15,33,48,15
passenger2145,19,1,710,710,734,0,24,24,0
passenger2146,24,1,710,993,1018,283,25,308,1
passenger2147,24,1,710,961,990,251,29,280,2
passenger2148,3,1,710,748,806,38,58,96,3
passenger2149,10,1,710,735,776,25,41,66,4
passenger2150,20,1,710,738,771,28,33,61,5
passenger2151,10,1,711,762,813,51,51,102,6
passenger2152,19,1,711,731,759,20,28,48,7
passenger2153,20,1,712,768,803,56,35,91,8
passenger2154,25,1,712,994,1020,282,26,308,9
passenger2155,9,1,713,715,753,2,38,40,10
passenger2156,10,1,713,768,812,55,44,99,11
passenger2157,2,1,714,759,820,45,61,106,12
passenger2158,8,1,714,736,785,22,49,71,13
passenger2159,8,1,715,733,774,18,41,59,14
passenger2160,12,1,716,778,811,62,33,95,15
passenger2161,12,1,716,751,790,35,39,74,0
passenger2162,22,1,717,769,792,52,23,75,1
passenger2163,20,1,718,735,756,17,21,38,2
passenger2164,19,1,719,778,806,59,28,87,3
passenger2165,2,1,719,721,776,2,55,57,4
passenger2166,13,1,719,723,771,4,48,52,5
passenger2167,19,1,721,727,747,6,20,26,6
passenger2168,7,1,721,769,809,48,40,88,7
passenger2169,12,1,722,722,739,0,17,17,8
passenger2170,19,1,722,762,790,40,28,68,9
passenger2171,21,1,722,789,811,67,22,89,10
passenger2172,22,1,722,726,753,4,27,31,11
passenger2173,12,1,722,775,820,53,45,98,12
passenger2174,11,1,723,743,785,20,42,62,13
passenger2175,11,1,723,738,774,15,36,51,14
passenger2176,18,1,723,792,811,69,19,88,15
passenger2177,12,1,723,751,790,28,39,67,0
passenger2178,11,1,724,750,792,26,42,68,1
passenger2179,6,1,724,763,814,39,51,90,2
passenger2180,13,1,724,724,744,0,20,20,3
passenger2181,7,1,724,730,776,6,46,52,4
passenger2182,14,1,725,726,771,1,45,46,5
passenger2183,23,1,725,849,873,124,24,148,6
passenger2184,20,1,725,734,759,9,25,34,7
passenger2185,13,1,726,757,803,31,46,77,8
passenger2186,25,1,726,994,1020,268,26,294,9
passenger2187,25,1,726,1001,1027,275,26,301,10
passenger2188,12,1,727,772,812,45,40,85,11
passenger2189,20,1,727,733,756,6,23,29,12
passenger2190,10,1,728,740,785,12,45,57,13
passenger2191,23,1,729,866,890,137,24,161,14
passenger2192,10,1,729,774,811,45,37,82,15
passenger2193,8,1,730,743,790,13,47,60,0
passenger2194,5,1,730,742,792,12,50,62,1
passenger2195,22,1,731,851,874,120,23,143,2
passenger2196,9,1,731,756,806,25,50,75,3
passenger2197,21,1,731,754,776,23,22,45,4
passenger2198,4,1,731,776,821,45,45,90,5
passenger2199,14,1,731,770,813,39,43,82,6
passenger2200,12,1,732,778,809,46,31,77,7
passenger2201,12,1,732,754,803,22,49,71,8
passenger2202,6,1,732,741,790,9,49,58,9
passenger2203,3,1,732,759,811,27,52,79,10
passenger2204,10,1,733,768,812,35,44,79,11
passenger2205,13,1,734,742,756,8,14,22,12
passenger2206,21,1,735,759,785,24,26,50,13
passenger2207,13,1,735,744,774,9,30,39,14
passenger2208,7,1,735,767,811,32,44,76,15
passenger2209,8,1,736,743,790,7,47,54,0
passenger2210,16,1,736,759,792,23,33,56,1
passenger2211,12,1,737,773,814,36,41,77,2
passenger2212,23,1,737,900,928,163,28,191,3
passenger2213,12,1,737,739,776,2,37,39,4
passenger2214,15,1,737,799,821,62,22,84,5
passenger2215,3,1,737,751,813,14,62,76,6
passenger2216,6,1,738,766,809,28,43,71,7
passenger2217,22,1,738,772,803,34,31,65,8
passenger2218,10,1,738,747,790,9,43,52,9
passenger2219,12,1,740,770,811,30,41,71,10
passenger2220,16,1,740,779,812,39,33,72,11
passenger2221,3,1,740,762,820,22,58,80,12
passenger2222,14,1,740,748,785,8,37,45,13
passenger2223,10,1,741,791,830,50,39,89,14
passenger2224,5,1,741,763,811,22,48,70,15
passenger2225,12,1,741,751,790,10,39,49,0
passenger2226,12,1,742,753,792,11,39,50,1
passenger2227,6,1,742,763,814,21,51,72,2
passenger2228,15,1,743,770,806,27,36,63,3
passenger2229,19,1,743,750,776,7,26,33,4
passenger2230,8,1,744,784,821,40,37,77,5
passenger2231,25,1,744,1003,1029,259,26,285,6
passenger2232,16,1,744,788,809,44,21,65,7
passenger2233,20,1,744,768,803,24,35,59,8
passenger2234,3,1,744,796,848,52,52,104,9
passenger2235,20,1,744,786,811,42,25,67,10
passenger2236,10,1,744,768,812,24,44,68,11
passenger2237,19,1,744,786,820,42,34,76,12
passenger2238,21,1,745,759,785,14,26,40,13
passenger2239,8,1,745,787,830,42,43,85,14
passenger2240,8,1,746,770,811,24,41,65,15
passenger2241,3,1,747,796,858,49,62,111,0
passenger2242,16,1,747,759,792,12,33,45,1
passenger2243,20,1,747,787,814,40,27,67,2
passenger2244,11,1,748,760,806,12,46,58,3
passenger2245,5,1,748,784,834,36,50,86,4
passenger2246,9,1,748,787,821,39,34,73,5
passenger2247,11,1,748,765,813,17,48,65,6
passenger2248,23,1,749,961,993,212,32,244,7
passenger2249,4,1,749,808,863,59,55,114,8
passenger2250,10,1,749,749,790,0,41,41,9
passenger2251,17,1,750,777,811,27,34,61,10
passenger2252,7,1,750,763,812,13,49,62,11
passenger2253,23,1,750,974,1006,224,32,256,12
passenger2254,23,1,750,887,911,137,24,161,13
passenger2255,11,1,751,794,830,43,36,79,14
passenger2256,19,1,751,843,867,92,24,116,15
passenger2257,20,1,751,763,790,12,27,39,0
passenger2258,18,1,752,763,792,11,29,40,1
passenger2259,6,1,752,763,814,11,51,62,2
passenger2260,3,1,752,812,862,60,50,110,3
passenger2261,10,1,752,791,834,39,43,82,4
passenger2262,5,1,752,779,821,27,42,69,5
passenger2263,9,1,753,759,813,6,54,60,6
passenger2264,17,1,753,791,809,38,18,56,7
passenger2265,16,1,753,762,803,9,41,50,8
passenger2266,7,1,754,806,848,52,42,94,9
passenger2267,2,1,754,756,811,2,55,57,10
passenger2268,7,1,754,763,812,9,49,58,11
passenger2269,12,1,755,775,820,20,45,65,12
passenger2270,20,1,755,756,785,1,29,30,13
passenger2271,10,1,756,791,830,35,39,74,14
passenger2272,8,1,756,770,811,14,41,55,15
passenger2273,15,1,756,756,790,0,34,34,0
passenger2274,3,1,756,796,844,40,48,88,1
passenger2275,7,1,757,766,814,9,48,57,2
passenger2276,2,1,758,809,862,51,53,104,3
passenger2277,14,1,758,801,834,43,33,76,4
passenger2278,12,1,758,794,821,36,27,63,5
passenger2279,15,1,758,773,813,15,40,55,6
passenger2280,16,1,759,788,809,29,21,50,7
passenger2281,11,1,759,821,863,62,42,104,8
passenger2282,22,1,760,767,790,7,23,30,9
passenger2283,24,1,760,950,975,190,25,215,10
passenger2284,4,1,760,817,874,57,57,114,11
passenger2285,24,1,760,977,1006,217,29,246,12
passenger2286,6,1,760,796,849,36,53,89,13
passenger2287,7,1,760,784,830,24,46,70,14
passenger2288,14,1,760,782,811,22,29,51,15
passenger2289,2,1,760,793,858,33,65,98,0
passenger2290,10,1,761,809,844,48,35,83,1
passenger2291,6,1,761,763,814,2,51,53,2
passenger2292,13,1,761,764,806,3,42,45,3
passenger2293,21,1,762,812,834,50,22,72,4
passenger2294,24,1,762,962,991,200,29,229,5
passenger2295,7,1,762,823,873,61,50,111,6
passenger2296,15,1,763,785,809,22,24,46,7
passenger2297,13,1,763,825,863,62,38,100,8
passenger2298,11,1,764,814,848,50,34,84,9
passenger2299,17,1,764,777,811,13,34,47,10
passenger2300,25,1,764,962,988,198,26,224,11
passenger2301,11,1,765,772,820,7,48,55,12
passenger2302,3,1,765,791,849,26,58,84,13
passenger2303,23,1,766,866,890,100,24,124,14
passenger2304,24,1,766,948,977,182,29,211,15
passenger2305,9,1,767,804,858,37,54,91,0
passenger2306,14,1,767,819,844,52,25,77,1
passenger2307,22,1,767,907,934,140,27,167,2
passenger2308,14,1,767,767,806,0,39,39,3
passenger2309,13,1,767,798,834,31,36,67,4
passenger2310,24,1,767,962,991,195,29,224,5
passenger2311,21,1,767,783,813,16,30,46,6
passenger2312,14,1,767,782,809,15,27,42,7
passenger2313,5,1,768,811,863,43,52,95,8
passenger2314,12,1,769,817,848,48,31,79,9
passenger2315,18,1,769,782,811,13,29,42,10
passenger2316,8,1,769,823,874,54,51,105,11
passenger2317,14,1,769,779,820,10,41,51,12
passenger2318,17,1,770,815,849,45,34,79,13
passenger2319,4,1,770,779,830,9,51,60,14
passenger2320,15,1,770,785,811,15,26,41,15
passenger2321,19,1,770,824,858,54,34,88,0
passenger2322,7,1,770,802,844,32,42,74,1
passenger2323,15,1,770,780,814,10,34,44,2
passenger2324,19,1,770,778,806,8,28,36,3
passenger2325,3,1,770,780,834,10,54,64,4
passenger2326,17,1,771,803,821,32,18,50,5
passenger2327,8,1,772,826,873,54,47,101,6
passenger2328,11,1,773,775,809,2,34,36,7
passenger2329,17,1,773,833,863,60,30,90,8
passenger2330,2,1,773,793,848,20,55,75,9
passenger2331,2,1,773,814,873,41,59,100,10
passenger2332,12,1,773,773,812,0,39,39,11
passenger2333,24,1,773,977,1006,204,29,233,12
passenger2334,2,1,774,788,849,14,61,75,13
passenger2335,20,1,774,809,830,35,21,56,14
passenger2336,3,1,774,817,867,43,50,93,15
passenger2337,13,1,775,814,858,39,44,83,0
passenger2338,12,1,775,815,844,40,29,69,1
passenger2339,13,1,775,776,814,1,38,39,2
passenger2340,3,1,775,812,862,37,50,87,3
passenger2341,20,1,776,809,834,33,25,58,4
passenger2342,8,1,776,784,821,8,37,45,5
passenger2343,20,1,777,780,813,3,33,36,6
passenger2344,17,1,778,791,809,13,18,31,7
passenger2345,15,1,778,829,863,51,34,85,8
passenger2346,9,1,778,810,848,32,38,70,9
passenger2347,17,1,779,779,811,0,32,32,10
passenger2348,25,1,779,962,988,183,26,209,11
passenger2349,24,1,780,977,1006,197,29,226,12
passenger2350,23,1,780,887,911,107,24,131,13
passenger2351,7,1,780,784,830,4,46,50,14
passenger2352,16,1,780,788,811,8,23,31,15
passenger2353,11,1,782,808,858,26,50,76,0
passenger2354,25,1,782,1044,1070,262,26,288,1
passenger2355,24,1,782,961,990,179,29,208,2
passenger2356,22,1,783,783,806,0,23,23,3
passenger2357,5,1,783,784,834,1,50,51,4
passenger2358,9,1,783,787,821,4,34,38,5
passenger2359,19,1,784,843,873,59,30,89,6
passenger2360,19,1,784,839,871,55,32,87,7
passenger2361,10,1,784,818,863,34,45,79,8
passenger2362,5,1,785,800,848,15,48,63,9
passenger2363,5,1,785,819,873,34,54,88,10
passenger2364,18,1,785,837,874,52,37,89,11
passenger2365,12,1,785,837,884,52,47,99,12
passenger2366,13,1,786,809,849,23,40,63,13
passenger2367,21,1,786,862,890,76,28,104,14
passenger2368,2,1,787,814,867,27,53,80,15
passenger2369,20,1,787,827,858,40,31,71,0
passenger2370,8,1,788,805,844,17,39,56,1
passenger2371,24,1,788,961,990,173,29,202,2
passenger2372,24,1,789,957,982,168,25,193,3
passenger2373,14,1,789,801,834,12,33,45,4
passenger2374,9,1,789,789,821,0,32,32,5
passenger2375,7,1,789,823,873,34,50,84,6
passenger2376,6,1,789,816,871,27,55,82,7
passenger2377,25,1,790,1007,1033,217,26,243,8
passenger2378,6,1,791,803,848,12,45,57,9
passenger2379,12,1,792,830,873,38,43,81,10
passenger2380,13,1,792,830,874,38,44,82,11
passenger2381,18,1,792,851,884,59,33,92,12
passenger2382,22,1,792,822,849,30,27,57,13
passenger2383,15,1,792,800,830,8,30,38,14
passenger2384,20,1,793,846,867,53,21,74,15
passenger2385,15,1,793,818,858,25,40,65,0
passenger2386,12,1,794,815,844,21,29,50,1
passenger2387,5,1,794,820,874,26,54,80,2
passenger2388,7,1,794,818,862,24,44,68,3
passenger2389,12,1,794,795,834,1,39,40,4
passenger2390,3,1,795,825,885,30,60,90,5
passenger2391,9,1,796,829,873,33,44,77,6
passenger2392,13,1,796,827,871,31,44,75,7
passenger2393,13,1,796,825,863,29,38,67,8
passenger2394,21,1,797,934,968,137,34,171,9
passenger2395,25,1,798,1001,1027,203,26,229,10
passenger2396,19,1,798,840,874,42,34,76,11
passenger2397,3,1,798,824,884,26,60,86,12
passenger2398,11,1,798,803,849,5,46,51,13
passenger2399,19,1,798,806,830,8,24,32,14
passenger2400,16,1,799,834,867,35,33,68,15
passenger2401,12,1,799,811,858,12,47,59,0
passenger2402,12,1,799,815,844,16,29,45,1
passenger2403,11,1,799,830,874,31,44,75,2
passenger2404,15,1,799,834,862,35,28,63,3
passenger2405,6,1,799,843,892,44,49,93,4
passenger2406,14,1,799,846,885,47,39,86,5
passenger2407,6,1,801,820,873,19,53,72,6
passenger2408,18,1,802,836,871,34,35,69,7
passenger2409,22,1,803,840,863,37,23,60,8
passenger2410,14,1,803,821,848,18,27,45,9
passenger2411,11,1,803,827,873,24,46,70,10
passenger2412,24,1,804,959,988,155,29,184,11
passenger2413,17,1,804,848,884,44,36,80,12
passenger2414,12,1,805,806,849,1,43,44,13
passenger2415,2,1,805,833,890,28,57,85,14
passenger2416,2,1,806,814,867,8,53,61,15
passenger2417,7,1,806,870,918,64,48,112,0
passenger2418,7,1,806,854,906,48,52,100,1
passenger2419,19,1,806,846,874,40,28,68,2
passenger2420,14,1,807,831,862,24,31,55,3
passenger2421,25,1,807,988,1014,181,26,207,4
passenger2422,14,1,807,846,885,39,39,78,5
passenger2423,23,1,808,945,977,137,32,169,6
passenger2424,15,1,809,831,871,22,40,62,7
passenger2425,10,1,809,818,863,9,45,54,8
passenger2426,19,1,810,828,848,18,20,38,9
passenger2427,12,1,810,830,873,20,43,63,10
passenger2428,8,1,811,823,874,12,51,63,11
passenger2429,13,1,811,840,884,29,44,73,12
passenger2430,17,1,811,815,849,4,34,38,13
passenger2431,11,1,811,848,890,37,42,79,14
passenger2432,18,1,811,840,867,29,27,56,15
passenger2433,25,1,812,1010,1036,198,26,224,0
passenger2434,11,1,812,812,844,0,32,32,1
passenger2435,9,1,813,826,874,13,48,61,2
passenger2436,11,1,813,824,862,11,38,49,3
passenger2437,22,1,813,869,892,56,23,79,4
passenger2438,6,1,813,830,885,17,55,72,5
passenger2439,25,1,813,1003,1029,190,26,216,6
passenger2440,11,1,814,823,871,9,48,57,7
passenger2441,22,1,815,948,981,133,33,166,8
passenger2442,20,1,815,885,906,70,21,91,9
passenger2443,20,1,816,840,873,24,33,57,10
passenger2444,23,1,817,846,874,29,28,57,11
passenger2445,6,1,817,829,884,12,55,67,12
passenger2446,16,1,818,876,911,58,35,93,13
passenger2447,4,1,818,837,890,19,53,72,14
passenger2448,9,1,819,825,867,6,42,48,15
passenger2449,2,1,819,861,918,42,57,99,0
passenger2450,18,1,819,825,844,6,19,25,1
passenger2451,16,1,820,839,874,19,35,54,2
passenger2452,19,1,820,842,862,22,20,42,3
passenger2453,6,1,820,843,892,23,49,72,4
passenger2454,9,1,820,839,885,19,46,65,5
passenger2455,18,1,820,840,873,20,33,53,6
passenger2456,21,1,820,843,871,23,28,51,7
passenger2457,23,1,820,951,981,131,30,161,8
passenger2458,3,1,821,852,906,31,54,85,9
passenger2459,11,1,822,827,873,5,46,51,10
passenger2460,2,1,823,877,926,54,49,103,11
passenger2461,21,1,824,856,884,32,28,60,12
passenger2462,4,1,824,854,911,30,57,87,13
passenger2463,21,1,824,862,890,38,28,66,14
passenger2464,5,1,825,873,919,48,46,94,15
passenger2465,2,1,826,861,918,35,57,92,0
passenger2466,23,1,826,990,1018,164,28,192,1
passenger2467,12,1,826,833,874,7,41,48,2
passenger2468,12,1,826,827,862,1,35,36,3
passenger2469,17,1,827,858,892,31,34,65,4
passenger2470,8,1,827,836,885,9,49,58,5
passenger2471,18,1,827,840,873,13,33,46,6
passenger2472,12,1,827,892,931,65,39,104,7
passenger2473,8,1,828,878,919,50,41,91,8
passenger2474,11,1,828,864,906,36,42,78,9
passenger2475,2,1,828,876,919,48,43,91,10
passenger2476,9,1,828,892,926,64,34,98,11
passenger2477,16,1,828,845,884,17,39,56,12
passenger2478,5,1,829,857,911,28,54,82,13
passenger2479,4,1,830,837,890,7,53,60,14
passenger2480,17,1,831,837,867,6,30,36,15
passenger2481,12,1,831,877,918,46,41,87,0
passenger2482,5,1,831,850,906,19,56,75,1
passenger2483,19,1,831,846,874,15,28,43,2
passenger2484,20,1,831,893,928,62,35,97,3
passenger2485,2,1,832,837,892,5,55,60,4
passenger2486,6,1,832,832,885,0,53,53,5
passenger2487,10,1,833,888,917,55,29,84,6
passenger2488,19,1,834,839,871,5,32,37,7
passenger2489,3,1,834,867,919,33,52,85,8
passenger2490,21,1,834,934,968,100,34,134,9
passenger2491,9,1,834,893,919,59,26,85,10
passenger2492,5,1,834,882,926,48,44,92,11
passenger2493,22,1,834,861,884,27,23,50,12
passenger2494,4,1,835,854,911,19,57,76,13
passenger2495,5,1,835,840,890,5,50,55,14
passenger2496,24,1,835,948,977,113,29,142,15
passenger2497,14,1,837,881,918,44,37,81,0
passenger2498,13,1,837,864,906,27,42,69,1
passenger2499,18,1,838,843,874,5,31,36,2
passenger2500,17,1,838,838,862,0,24,24,3
passenger2501,16,1,838,855,892,17,37,54,4
passenger2502,2,1,838,888,933,50,45,95,5
passenger2503,15,1,839,901,917,62,16,78,6
passenger2504,8,1,839,884,931,45,47,92,7
passenger2505,21,1,840,945,981,105,36,141,8
passenger2506,14,1,840,873,906,33,33,66,9
passenger2507,4,1,840,880,919,40,39,79,10
passenger2508,23,1,840,846,874,6,28,34,11
passenger2509,8,1,840,895,948,55,53,108,12
passenger2510,8,1,842,862,911,20,49,69,13
passenger2511,24,1,843,977,1006,134,29,163,14
passenger2512,20,1,843,846,867,3,21,24,15
passenger2513,22,1,843,895,918,52,23,75,0
passenger2514,17,1,844,870,906,26,36,62,1
passenger2515,23,1,844,910,934,66,24,90,2
passenger2516,4,1,844,867,928,23,61,84,3
passenger2517,16,1,844,855,892,11,37,48,4
passenger2518,9,1,845,901,933,56,32,88,5
passenger2519,11,1,845,891,917,46,26,72,6
passenger2520,7,1,845,881,931,36,50,86,7
passenger2521,6,1,846,872,919,26,47,73,8
passenger2522,12,1,846,867,906,21,39,60,9
passenger2523,24,1,846,950,975,104,25,129,10
passenger2524,17,1,847,904,926,57,22,79,11
passenger2525,10,1,848,901,948,53,47,100,12
passenger2526,12,1,848,870,911,22,41,63,13
passenger2527,14,1,848,853,890,5,37,42,14
passenger2528,7,1,850,877,919,27,42,69,15
passenger2529,14,1,850,881,918,31,37,68,0
passenger2530,18,1,850,873,906,23,33,56,1
passenger2531,7,1,850,882,934,32,52,84,2
passenger2532,16,1,850,885,928,35,43,78,3
passenger2533,19,1,850,862,892,12,30,42,4
passenger2534,14,1,850,908,933,58,25,83,5
passenger2535,9,1,851,885,917,34,32,66,6
passenger2536,15,1,851,897,931,46,34,80,7
passenger2537,21,1,851,945,981,94,36,130,8
passenger2538,7,1,851,858,906,7,48,55,9
passenger2539,15,1,852,937,975,85,38,123,10
passenger2540,18,1,852,907,926,55,19,74,11
passenger2541,9,1,852,898,948,46,50,96,12
passenger2542,11,1,853,867,911,14,44,58,13
passenger2543,23,1,853,926,950,73,24,97,14
passenger2544,10,1,853,882,919,29,37,66,15
passenger2545,16,1,854,885,918,31,33,64,0
passenger2546,5,1,854,912,966,58,54,112,1
passenger2547,24,1,855,961,990,106,29,135,2
passenger2548,16,1,855,885,928,30,43,73,3
passenger2549,20,1,855,865,892,10,27,37,4
passenger2550,16,1,855,912,933,57,21,78,5
passenger2551,10,1,855,888,917,33,29,62,6
passenger2552,10,1,855,888,931,33,43,76,7
passenger2553,18,1,856,896,919,40,23,63,8
passenger2554,22,1,856,937,968,81,31,112,9
passenger2555,5,1,857,883,919,26,36,62,10
passenger2556,22,1,857,955,988,98,33,131,11
passenger2557,21,1,858,858,884,0,26,26,12
passenger2558,4,1,858,916,973,58,57,115,13
passenger2559,4,1,859,895,950,36,55,91,14
passenger2560,18,1,860,896,919,36,23,59,15
passenger2561,22,1,860,951,984,91,33,124,0
passenger2562,11,1,860,860,906,0,46,46,1
passenger2563,17,1,860,898,934,38,36,74,2
passenger2564,25,1,860,1008,1034,148,26,174,3
passenger2565,9,1,861,904,962,43,58,101,4
passenger2566,7,1,862,895,933,33,38,71,5
passenger2567,25,1,862,1003,1029,141,26,167,6
passenger2568,8,1,862,884,931,22,47,69,7
passenger2569,13,1,862,887,919,25,32,57,8
passenger2570,12,1,862,867,906,5,39,44,9
passenger2571,14,1,862,904,919,42,15,57,10
passenger2572,8,1,862,889,926,27,37,64,11
passenger2573,18,1,863,917,948,54,31,85,12
passenger2574,18,1,863,880,911,17,31,48,13
passenger2575,6,1,863,899,950,36,51,87,14
passenger2576,13,1,864,889,919,25,30,55,15
passenger2577,3,1,864,864,918,0,54,54,0
passenger2578,7,1,866,916,966,50,50,100,1
passenger2579,25,1,866,964,990,98,26,124,2
passenger2580,14,1,866,879,928,13,49,62,3
passenger2581,16,1,866,917,962,51,45,96,4
passenger2582,23,1,866,959,991,93,32,125,5
passenger2583,19,1,867,937,977,70,40,110,6
passenger2584,21,1,867,909,931,42,22,64,7
passenger2585,19,1,867,899,919,32,20,52,8
passenger2586,13,1,869,870,906,1,36,37,9
passenger2587,17,1,869,941,975,72,34,106,10
passenger2588,8,1,869,889,926,20,37,57,11
passenger2589,23,1,869,974,1006,105,32,137,12
passenger2590,6,1,870,920,973,50,53,103,13
passenger2591,23,1,870,974,1006,104,32,136,14
passenger2592,23,1,870,945,977,75,32,107,15
passenger2593,5,1,871,926,984,55,58,113,0
passenger2594,19,1,871,876,906,5,30,35,1
passenger2595,25,1,871,964,990,93,26,119,2
passenger2596,15,1,871,882,928,11,46,57,3
passenger2597,10,1,872,907,962,35,55,90,4
passenger2598,23,1,872,959,991,87,32,119,5
passenger2599,14,1,872,898,917,26,19,45,6
passenger2600,4,1,872,876,931,4,55,59,7
passenger2601,7,1,873,875,919,2,44,46,8
passenger2602,18,1,873,879,906,6,27,33,9
passenger2603,12,1,873,900,919,27,19,46,10
passenger2604,7,1,873,886,926,13,40,53,11
passenger2605,21,1,873,922,948,49,26,75,12
passenger2606,4,1,873,916,973,43,57,100,13
passenger2607,7,1,874,902,950,28,48,76,14
passenger2608,13,1,874,889,919,15,30,45,15
passenger2609,2,1,874,921,984,47,63,110,0
passenger2610,11,1,874,924,966,50,42,92,1
passenger2611,23,1,874,910,934,36,24,60,2
passenger2612,24,1,874,957,982,83,25,108,3
passenger2613,22,1,874,929,962,55,33,88,4
passenger2614,9,1,875,901,933,26,32,58,5
passenger2615,3,1,875,877,917,2,40,42,6
passenger2616,21,1,875,957,993,82,36,118,7
passenger2617,10,1,876,882,919,6,37,43,8
passenger2618,19,1,876,882,906,6,24,30,9
passenger2619,4,1,876,880,919,4,39,43,10
passenger2620,18,1,876,949,988,73,39,112,11
passenger2621,16,1,877,913,948,36,35,71,12
passenger2622,24,1,877,998,1027,121,29,150,13
passenger2623,4,1,877,895,950,18,55,73,14
passenger2624,11,1,877,885,919,8,34,42,15
passenger2625,25,1,877,1010,1036,133,26,159,0
passenger2626,11,1,878,924,966,46,42,88,1
passenger2627,17,1,878,898,934,20,36,56,2
passenger2628,5,1,878,934,982,56,48,104,3
passenger2629,19,1,878,924,962,46,38,84,4
passenger2630,8,1,878,898,933,20,35,55,5
passenger2631,15,1,878,901,917,23,16,39,6
passenger2632,23,1,879,961,993,82,32,114,7
passenger2633,17,1,879,893,919,14,26,40,8
passenger2634,13,1,879,920,968,41,48,89,9
passenger2635,6,1,879,886,919,7,33,40,10
passenger2636,10,1,879,895,926,16,31,47,11
passenger2637,22,1,879,925,948,46,23,69,12
passenger2638,7,1,879,923,973,44,50,94,13
passenger2639,17,1,880,916,950,36,34,70,14
passenger2640,13,1,880,889,919,9,30,39,15
passenger2641,9,1,880,934,984,54,50,104,0
passenger2642,19,1,880,936,966,56,30,86,1
passenger2643,10,1,881,887,934,6,47,53,2
passenger2644,8,1,881,939,982,58,43,101,3
passenger2645,14,1,881,913,962,32,49,81,4
passenger2646,20,1,882,954,991,72,37,109,5
passenger2647,22,1,882,942,977,60,35,95,6
passenger2648,17,1,882,901,931,19,30,49,7
passenger2649,17,1,884,893,919,9,26,35,8
passenger2650,20,1,884,931,968,47,37,84,9
passenger2651,8,1,884,890,919,6,29,35,10
passenger2652,8,1,885,889,926,4,37,41,11
passenger2653,13,1,885,906,948,21,42,63,12
passenger2654,17,1,886,939,973,53,34,87,13
passenger2655,17,1,886,916,950,30,34,64,14
passenger2656,5,1,886,925,977,39,52,91,15
passenger2657,20,1,886,891,918,5,27,32,0
passenger2658,10,1,887,921,966,34,45,79,1
passenger2659,23,1,887,910,934,23,24,47,2
passenger2660,19,1,887,890,928,3,38,41,3
passenger2661,25,1,887,988,1014,101,26,127,4
passenger2662,17,1,888,915,933,27,18,45,5
passenger2663,14,1,888,898,917,10,19,29,6
passenger2664,6,1,888,938,993,50,55,105,7
passenger2665,11,1,888,931,981,43,50,93,8
passenger2666,22,1,888,937,968,49,31,80,9
passenger2667,11,1,889,897,919,8,22,30,10
passenger2668,3,1,889,930,988,41,58,99,11
passenger2669,7,1,889,892,948,3,56,59,12
passenger2670,16,1,889,936,973,47,37,84,13
passenger2671,17,1,889,916,950,27,34,61,14
passenger2672,25,1,889,951,977,62,26,88,15
passenger2673,24,1,890,955,984,65,29,94,0
passenger2674,14,1,890,929,966,39,37,76,1
passenger2675,15,1,890,894,934,4,40,44,2
passenger2676,21,1,890,896,928,6,32,38,3
passenger2677,3,1,890,896,962,6,66,72,4
passenger2678,16,1,890,912,933,22,21,43,5
passenger2679,13,1,891,895,917,4,22,26,6
passenger2680,20,1,891,906,931,15,25,40,7
passenger2681,21,1,892,945,981,53,36,89,8
passenger2682,17,1,892,926,968,34,42,76,9
passenger2683,17,1,893,941,975,48,34,82,10
passenger2684,18,1,893,949,988,56,39,95,11
passenger2685,15,1,893,910,948,17,38,55,12
passenger2686,7,1,893,923,973,30,50,80,13
passenger2687,8,1,894,905,950,11,45,56,14
passenger2688,19,1,894,899,919,5,20,25,15
passenger2689,16,1,894,943,984,49,41,90,0
passenger2690,7,1,894,916,966,22,50,72,1
passenger2691,23,1,894,958,990,64,32,96,2
passenger2692,25,1,894,1008,1034,114,26,140,3
passenger2693,17,1,894,920,962,26,42,68,4
passenger2694,7,1,895,895,933,0,38,38,5
passenger2695,24,1,895,948,977,53,29,82,6
passenger2696,7,1,895,941,993,46,52,98,7
passenger2697,12,1,895,934,981,39,47,86,8
passenger2698,22,1,896,937,968,41,31,72,9
passenger2699,14,1,897,934,975,37,41,78,10
passenger2700,7,1,897,936,988,39,52,91,11
passenger2701,3,1,897,952,1006,55,54,109,12
passenger2702,10,1,897,928,973,31,45,76,13
passenger2703,18,1,897,919,950,22,31,53,14
passenger2704,19,1,897,899,919,2,20,22,15
passenger2705,7,1,898,930,984,32,54,86,0
passenger2706,5,1,898,912,966,14,54,68,1
passenger2707,18,1,898,901,934,3,33,36,2
passenger2708,5,1,899,934,982,35,48,83,3
