id,source,dest,submit_tick,pickup_tick,dropoff_tick,wait_time,travel_time,total_time,elevator
passenger1,1,16,0,0,17,0,17,17,0
passenger2,1,6,0,0,7,0,7,7,1
passenger3,1,8,0,0,9,0,9,9,2
passenger4,1,7,0,0,8,0,8,8,3
passenger5,1,10,1,1,12,0,11,11,4
passenger6,1,17,1,1,19,0,18,18,5
passenger7,1,11,1,1,13,0,12,12,6
passenger8,1,9,1,1,11,0,10,10,7
passenger9,1,14,2,2,35,0,33,33,8
passenger10,1,16,2,2,25,0,23,23,9
passenger11,1,2,2,2,7,0,5,5,10
passenger12,1,23,2,2,30,0,28,28,11
passenger13,1,23,2,2,30,0,28,28,12
passenger14,1,16,3,3,43,0,40,40,13
passenger15,1,15,4,4,36,0,32,32,14
passenger16,1,18,4,4,41,0,37,37,15
passenger17,1,12,4,4,31,0,27,27,8
passenger18,1,10,4,4,17,0,13,13,9
passenger19,1,10,4,4,17,0,13,13,10
passenger20,1,5,4,4,10,0,6,6,11
passenger21,1,22,4,4,27,0,23,23,12
passenger22,1,9,5,5,32,0,27,27,13
passenger23,1,8,6,6,25,0,19,19,14
passenger24,1,25,6,6,56,0,50,50,15
passenger25,1,14,6,6,35,0,29,29,8
passenger26,1,16,6,6,25,0,19,19,9
passenger27,1,7,7,7,28,0,21,21,13
passenger28,1,8,7,7,25,0,18,18,14
passenger29,1,19,8,8,44,0,36,36,15
passenger30,1,12,8,8,31,0,23,23,8
passenger31,1,5,9,9,22,0,13,13,13
passenger32,1,22,9,9,47,0,38,38,14
passenger33,1,11,9,9,28,0,19,19,15
passenger34,1,18,9,9,45,0,36,36,8
passenger35,1,10,9,9,35,0,26,26,13
passenger36,1,15,10,10,36,0,26,26,14
passenger37,1,20,10,10,47,0,37,37,15
passenger38,1,23,10,10,52,0,42,42,8
passenger39,1,6,10,10,25,0,15,15,13
passenger40,1,18,11,11,41,0,30,30,14
passenger41,1,23,12,12,52,0,40,40,15
passenger42,1,17,12,12,42,0,30,30,8
passenger43,1,5,12,12,22,0,10,10,13
passenger44,1,6,12,12,21,0,9,9,14
passenger45,1,6,12,12,21,0,9,9,15
passenger46,1,4,12,12,21,0,9,9,8
passenger47,1,20,13,13,49,0,36,36,13
passenger48,1,25,13,13,52,0,39,39,14
passenger49,1,14,14,14,35,0,21,21,15
passenger50,1,16,14,14,39,0,25,25,8
passenger51,1,20,14,14,49,0,35,35,13
passenger52,1,11,14,14,30,0,16,16,14
passenger53,1,13,14,14,32,0,18,18,15
passenger54,1,16,16,16,39,0,23,23,8
passenger55,1,9,16,16,32,0,16,16,13
passenger56,1,3,17,76,81,59,5,64,8
passenger57,1,15,17,70,93,53,23,76,13
passenger58,1,21,18,76,109,58,33,91,8
passenger59,1,3,18,70,77,52,7,59,13
passenger60,1,7,18,76,87,58,11,69,8
passenger61,1,8,19,24,37,5,13,18,1
passenger62,1,21,19,24,58,5,34,39,1
passenger63,1,14,19,24,45,5,21,26,1
passenger64,1,14,19,24,45,5,21,26,1
passenger65,1,17,21,24,50,3,26,29,1
passenger66,1,8,21,24,37,3,13,16,1
passenger67,1,19,22,24,54,2,30,32,1
passenger68,1,2,22,24,27,2,3,5,1
passenger69,1,4,23,24,31,1,7,8,1
passenger70,1,21,23,24,58,1,34,35,1
passenger71,1,17,23,80,112,57,32,89,1
passenger72,1,6,24,80,89,56,9,65,1
passenger73,1,12,24,80,105,56,25,81,1
passenger74,1,3,25,80,84,55,4,59,1
passenger75,1,18,25,80,115,55,35,90,1
passenger76,1,20,25,80,119,55,39,94,1
passenger77,1,8,25,80,95,55,15,70,1
passenger78,1,10,26,80,99,54,19,73,1
passenger79,1,7,26,80,92,54,12,66,1
passenger80,1,11,26,80,102,54,22,76,1
passenger81,1,8,26,140,151,114,11,125,1
passenger82,1,7,26,140,148,114,8,122,1
passenger83,1,12,27,33,52,6,19,25,3
passenger84,1,22,27,33,68,6,35,41,3
passenger85,1,20,27,33,64,6,31,37,3
passenger86,1,9,28,33,47,5,14,19,3
passenger87,1,24,28,33,74,5,41,46,3
passenger88,1,7,28,33,43,5,10,15,3
passenger89,1,23,28,33,71,5,38,43,3
passenger90,1,9,29,33,47,4,14,18,3
passenger91,1,14,29,33,56,4,23,27,3
passenger92,1,6,29,33,40,4,7,11,3
passenger93,1,20,29,99,132,70,33,103,3
passenger94,1,9,30,99,113,69,14,83,3
passenger95,1,22,31,99,136,68,37,105,3
passenger96,1,3,31,99,103,68,4,72,3
passenger97,1,14,32,99,122,67,23,90,3
passenger98,1,5,32,99,107,67,8,75,3
passenger99,1,23,33,99,139,66,40,106,3
passenger100,1,12,33,99,118,66,19,85,3
passenger101,1,18,33,99,128,66,29,95,3
passenger102,1,23,33,99,139,66,40,106,3
passenger103,1,14,34,163,184,129,21,150,3
passenger104,1,3,34,163,167,129,4,133,3
passenger105,1,7,34,163,173,129,10,139,3
passenger106,1,7,35,163,173,128,10,138,3
passenger107,1,23,35,163,199,128,36,164,3
passenger108,1,23,35,163,199,128,36,164,3
passenger109,1,13,35,163,181,128,18,146,3
passenger110,1,23,35,163,199,128,36,164,3
passenger111,1,7,36,43,53,7,10,17,2
passenger112,1,18,36,43,74,7,31,38,2
passenger113,1,11,36,43,63,7,20,27,2
passenger114,1,7,37,43,53,6,10,16,2
passenger115,1,8,37,43,56,6,13,19,2
passenger116,1,12,37,43,66,6,23,29,2
passenger117,1,10,37,43,60,6,17,23,2
passenger118,1,7,38,43,53,5,10,15,2
passenger119,1,10,38,43,60,5,17,22,2
passenger120,1,5,38,43,49,5,6,11,2
passenger121,1,25,38,93,137,55,44,99,2
passenger122,1,11,38,93,111,55,18,73,2
passenger123,1,4,39,93,98,54,5,59,2
passenger124,1,15,39,93,117,54,24,78,2
passenger125,1,23,40,93,133,53,40,93,2
passenger126,1,10,40,93,108,53,15,68,2
passenger127,1,22,40,93,130,53,37,90,2
passenger128,1,16,40,93,120,53,27,80,2
passenger129,1,19,41,93,125,52,32,84,2
passenger130,1,9,41,93,105,52,12,64,2
passenger131,1,2,41,163,166,122,3,125,2
passenger132,1,10,42,163,178,121,15,136,2
passenger133,1,24,42,163,200,121,37,158,2
passenger134,1,20,43,163,192,120,29,149,2
passenger135,1,20,43,163,192,120,29,149,2
passenger136,1,23,43,163,197,120,34,154,2
passenger137,1,10,43,163,178,120,15,135,2
passenger138,1,9,43,163,175,120,12,132,2
passenger139,1,24,43,163,200,120,37,157,2
passenger140,1,15,43,163,185,120,22,142,2
passenger141,1,9,44,225,241,181,16,197,2
passenger142,1,8,44,225,238,181,13,194,2
passenger143,1,23,44,225,263,181,38,219,2
passenger144,1,3,45,225,229,180,4,184,2
passenger145,1,3,45,225,229,180,4,184,2
passenger146,1,19,45,225,255,180,30,210,2
passenger147,1,2,46,54,57,8,3,11,7
passenger148,1,6,46,54,65,8,11,19,7
passenger149,1,25,47,54,94,7,40,47,7
passenger150,1,12,47,54,73,7,19,26,7
passenger151,1,19,47,54,84,7,30,37,7
passenger152,1,13,48,54,76,6,22,28,7
passenger153,1,4,48,54,61,6,7,13,7
passenger154,1,6,48,54,65,6,11,17,7
passenger155,1,20,48,54,87,6,33,39,7
passenger156,1,4,50,54,61,4,7,11,7
passenger157,1,16,51,120,143,69,23,92,7
passenger158,1,10,51,120,133,69,13,82,7
passenger159,1,10,52,120,133,68,13,81,7
passenger160,1,24,52,120,155,68,35,103,7
passenger161,1,16,52,120,143,68,23,91,7
passenger162,1,16,52,120,143,68,23,91,7
passenger163,1,10,53,120,133,67,13,80,7
passenger164,1,11,53,120,136,67,16,83,7
passenger165,1,18,54,120,147,66,27,93,7
passenger166,1,2,54,120,123,66,3,69,7
passenger167,1,7,54,180,191,126,11,137,7
passenger168,1,16,54,180,208,126,28,154,7
passenger169,1,16,55,180,208,125,28,153,7
passenger170,1,4,55,180,186,125,6,131,7
passenger171,1,20,55,180,214,125,34,159,7
passenger172,1,15,56,180,205,124,25,149,7
passenger173,1,7,56,180,191,124,11,135,7
passenger174,1,20,57,66,101,9,35,44,4
passenger175,1,25,57,66,108,9,42,51,10
passenger176,1,12,57,66,87,9,21,30,4
passenger177,1,8,58,66,79,8,13,21,10
passenger178,1,9,58,66,82,8,16,24,4
passenger179,1,16,58,66,95,8,29,37,10
passenger180,1,3,58,66,72,8,6,14,4
passenger181,1,13,59,66,88,7,22,29,10
passenger182,1,2,59,66,69,7,3,10,4
passenger183,1,2,59,66,69,7,3,10,10
passenger184,1,12,60,66,87,6,21,27,4
passenger185,1,19,60,66,100,6,34,40,10
passenger186,1,23,60,66,106,6,40,46,4
passenger187,1,4,60,66,73,6,7,13,10
passenger188,1,7,60,66,78,6,12,18,4
passenger189,1,12,61,66,85,5,19,24,10
passenger190,1,15,61,66,92,5,26,31,4
passenger191,1,25,61,66,108,5,42,47,10
passenger192,1,18,61,66,97,5,31,36,4
passenger193,1,14,62,66,91,4,25,29,10
passenger194,1,3,62,130,136,68,6,74,4
passenger195,1,3,62,134,140,72,6,78,10
passenger196,1,5,63,130,140,67,10,77,4
passenger197,1,17,64,134,162,70,28,98,10
passenger198,1,9,64,130,148,66,18,84,4
passenger199,1,7,65,134,148,69,14,83,10
passenger200,1,18,65,130,161,65,31,96,4
passenger201,1,21,66,134,168,68,34,102,10
passenger202,1,12,67,130,153,63,23,86,4
passenger203,1,23,68,134,172,66,38,104,10
passenger204,1,19,69,70,99,1,29,30,13
passenger205,1,19,70,70,99,0,29,29,13
passenger206,1,22,70,70,106,0,36,36,13
passenger207,1,6,70,70,82,0,12,12,13
passenger208,1,20,71,71,102,0,31,31,13
passenger209,1,24,71,71,110,0,39,39,13
passenger210,1,25,72,72,113,0,41,41,13
passenger211,1,15,73,73,93,0,20,20,13
passenger212,1,20,73,139,168,66,29,95,13
passenger213,1,23,73,139,177,66,38,104,13
passenger214,1,22,74,139,174,65,35,100,13
passenger215,1,23,74,139,177,65,38,103,13
passenger216,1,21,75,139,171,64,32,96,13
passenger217,1,11,76,76,93,0,17,17,8
passenger218,1,19,76,76,105,0,29,29,8
passenger219,1,11,76,76,93,0,17,17,8
passenger220,1,21,76,76,109,0,33,33,8
passenger221,1,21,76,76,109,0,33,33,8
passenger222,1,24,76,76,114,0,38,38,8
passenger223,1,16,77,77,100,0,23,23,8
passenger224,1,13,77,139,157,62,18,80,8
passenger225,1,5,77,139,145,62,6,68,8
passenger226,1,17,78,139,167,61,28,89,8
passenger227,1,15,78,139,163,61,24,85,8
passenger228,1,14,78,139,160,61,21,82,8
passenger229,1,18,78,139,170,61,31,92,8
passenger230,1,22,78,139,178,61,39,100,8
passenger231,1,5,79,139,145,60,6,66,8
passenger232,1,12,79,139,154,60,15,75,8
passenger233,1,19,80,140,166,60,26,86,1
passenger234,1,21,80,140,172,60,32,92,1
passenger235,1,20,81,140,169,59,29,88,1
passenger236,1,21,81,140,172,59,32,91,1
passenger237,1,22,81,140,175,59,35,94,1
passenger238,1,25,82,140,180,58,40,98,1
passenger239,1,16,82,140,161,58,21,79,1
passenger240,1,7,82,140,148,58,8,66,1
passenger241,1,15,82,206,233,124,27,151,1
passenger242,1,19,82,206,241,124,35,159,1
passenger243,1,4,82,206,214,124,8,132,1
passenger244,1,20,83,93,122,10,29,39,6
passenger245,1,15,83,93,113,10,20,30,6
passenger246,1,24,83,93,130,10,37,47,6
passenger247,1,7,83,93,101,10,8,18,6
passenger248,1,23,83,93,127,10,34,44,6
passenger249,1,12,84,93,108,9,15,24,6
passenger250,1,15,84,93,113,9,20,29,6
passenger251,1,17,84,93,117,9,24,33,6
passenger252,1,15,85,93,113,8,20,28,6
passenger253,1,23,85,93,127,8,34,42,6
passenger254,1,6,86,155,162,69,7,76,6
passenger255,1,19,86,155,183,69,28,97,6
passenger256,1,25,86,155,193,69,38,107,6
passenger257,1,7,86,155,165,69,10,79,6
passenger258,1,8,86,155,168,69,13,82,6
passenger259,1,13,87,155,175,68,20,88,6
passenger260,1,19,87,155,183,68,28,96,6
passenger261,1,25,87,155,193,68,38,106,6
passenger262,1,21,87,155,187,68,32,100,6
passenger263,1,21,88,155,187,67,32,99,6
passenger264,1,12,88,219,240,131,21,152,6
passenger265,1,17,88,219,249,131,30,161,6
passenger266,1,7,89,219,233,130,14,144,6
passenger267,1,13,89,219,243,130,24,154,6
passenger268,1,6,89,219,230,130,11,141,6
passenger269,1,2,89,219,222,130,3,133,6
passenger270,1,22,89,225,260,136,35,171,2
passenger271,1,21,90,219,255,129,36,165,6
passenger272,1,14,90,225,248,135,23,158,2
passenger273,1,2,91,219,222,128,3,131,6
passenger274,1,4,91,225,232,134,7,141,2
passenger275,1,4,92,219,226,127,7,134,6
passenger276,1,19,92,225,255,133,30,163,2
passenger277,1,6,92,219,230,127,11,138,6
passenger278,1,8,92,287,300,195,13,208,2
passenger279,1,22,92,277,312,185,35,220,6
passenger280,1,23,93,287,327,194,40,234,2
passenger281,1,20,93,277,308,184,31,215,6
passenger282,1,9,94,287,303,193,16,209,2
passenger283,1,15,94,277,297,183,20,203,6
passenger284,1,6,94,287,296,193,9,202,2
passenger285,1,22,95,277,312,182,35,217,6
passenger286,1,4,95,287,292,192,5,197,2
passenger287,1,19,95,277,305,182,28,210,6
passenger288,1,14,95,287,312,192,25,217,2
passenger289,1,20,95,277,308,182,31,213,6
passenger290,1,12,95,287,308,192,21,213,2
passenger291,1,5,95,277,283,182,6,188,6
passenger292,1,20,96,163,194,67,31,98,3
passenger293,1,17,96,163,189,67,26,93,3
passenger294,1,13,96,223,245,127,22,149,3
passenger295,1,10,96,223,240,127,17,144,3
passenger296,1,10,97,223,240,126,17,143,3
passenger297,1,13,97,223,245,126,22,148,3
passenger298,1,8,98,223,236,125,13,138,3
passenger299,1,8,98,223,236,125,13,138,3
passenger300,1,8,98,223,236,125,13,138,3
passenger301,1,2,98,223,226,125,3,128,3
passenger302,1,24,99,223,258,124,35,159,3
passenger303,1,7,99,223,233,124,10,134,3
passenger304,1,5,99,283,291,184,8,192,3
passenger305,1,5,100,283,291,183,8,191,3
passenger306,1,25,100,283,323,183,40,223,3
passenger307,1,13,100,283,307,183,24,207,3
passenger308,1,9,100,283,299,183,16,199,3
passenger309,1,11,101,283,303,182,20,202,3
passenger310,1,4,101,283,288,182,5,187,3
passenger311,1,9,101,283,299,182,16,198,3
passenger312,1,7,102,117,127,15,10,25,0
passenger313,1,21,103,118,155,15,37,52,9
passenger314,1,3,104,117,121,13,4,17,0
passenger315,1,12,104,117,136,13,19,32,0
passenger316,1,20,104,117,150,13,33,46,0
passenger317,1,22,104,117,154,13,37,50,0
passenger318,1,14,106,117,140,11,23,34,0
passenger319,1,7,107,117,127,10,10,20,0
passenger320,1,10,107,117,132,10,15,25,0
passenger321,1,7,107,117,127,10,10,20,0
passenger322,1,17,108,117,145,9,28,37,0
passenger323,1,9,108,177,187,69,10,79,0
passenger324,1,17,108,177,201,69,24,93,0
passenger325,1,17,108,177,201,69,24,93,0
passenger326,1,24,108,177,214,69,37,106,0
passenger327,1,10,109,177,190,68,13,81,0
passenger328,1,25,110,177,217,67,40,107,0
passenger329,1,11,110,177,193,67,16,83,0
passenger330,1,18,110,177,204,67,27,94,0
passenger331,1,17,110,177,201,67,24,91,0
passenger332,1,21,111,177,209,66,32,98,0
passenger333,1,13,111,243,261,132,18,150,0
passenger334,1,21,112,243,277,131,34,165,0
passenger335,1,10,112,243,256,131,13,144,0
passenger336,1,13,112,243,261,131,18,149,0
passenger337,1,13,113,243,261,130,18,148,0
passenger338,1,18,114,243,270,129,27,156,0
passenger339,1,16,114,243,266,129,23,152,0
passenger340,1,3,114,243,247,129,4,133,0
passenger341,1,21,115,243,277,128,34,162,0
passenger342,1,20,115,243,274,128,31,159,0
passenger343,1,4,115,299,304,184,5,189,0
passenger344,1,25,115,299,339,184,40,224,0
passenger345,1,17,116,299,325,183,26,209,0
passenger346,1,4,116,299,304,183,5,188,0
passenger347,1,13,116,299,319,183,20,203,0
passenger348,1,22,117,299,332,182,33,215,0
passenger349,1,8,117,299,310,182,11,193,0
passenger350,1,24,117,299,336,182,37,219,0
passenger351,1,12,117,299,316,182,17,199,0
passenger352,1,7,118,118,133,0,15,15,9
passenger353,1,10,118,118,138,0,20,20,9
passenger354,1,14,118,118,144,0,26,26,9
passenger355,1,18,119,119,150,0,31,31,9
passenger356,1,24,120,120,160,0,40,40,9
passenger357,1,6,120,120,130,0,10,10,9
passenger358,1,25,120,120,163,0,43,43,9
passenger359,1,14,120,120,144,0,24,24,9
passenger360,1,5,121,121,127,0,6,6,9
passenger361,1,24,121,189,228,68,39,107,9
passenger362,1,10,121,189,206,68,17,85,9
passenger363,1,16,123,189,216,66,27,93,9
passenger364,1,18,123,189,220,66,31,97,9
passenger365,1,2,124,130,133,6,3,9,4
passenger366,1,7,124,130,144,6,14,20,4
passenger367,1,18,124,130,161,6,31,37,4
passenger368,1,9,124,130,148,6,18,24,4
passenger369,1,2,124,130,133,6,3,9,4
passenger370,1,2,125,180,183,55,3,58,4
passenger371,1,21,125,180,214,55,34,89,4
passenger372,1,5,125,180,190,55,10,65,4
passenger373,1,4,125,180,187,55,7,62,4
passenger374,1,15,126,180,204,54,24,78,4
passenger375,1,4,126,180,187,54,7,61,4
passenger376,1,17,126,180,208,54,28,82,4
passenger377,1,15,126,180,204,54,24,78,4
passenger378,1,17,126,180,208,54,28,82,4
passenger379,1,13,126,180,200,54,20,74,4
passenger380,1,20,126,236,271,110,35,145,4
passenger381,1,17,127,236,266,109,30,139,4
passenger382,1,11,127,236,258,109,22,131,4
passenger383,1,2,128,236,239,108,3,111,4
passenger384,1,8,128,236,253,108,17,125,4
passenger385,1,5,129,236,246,107,10,117,4
passenger386,1,2,129,236,239,107,3,110,4
passenger387,1,8,130,236,253,106,17,123,4
passenger388,1,6,130,236,249,106,13,119,4
passenger389,1,3,131,236,242,105,6,111,4
passenger390,1,9,131,292,310,161,18,179,4
passenger391,1,14,131,292,317,161,25,186,4
passenger392,1,6,132,292,301,160,9,169,4
passenger393,1,8,132,292,307,160,15,175,4
passenger394,1,2,133,134,137,1,3,4,10
passenger395,1,3,133,134,140,1,6,7,10
passenger396,1,5,133,134,144,1,10,11,10
passenger397,1,12,133,134,155,1,21,22,10
passenger398,1,17,133,134,162,1,28,29,10
passenger399,1,20,133,196,227,63,31,94,10
passenger400,1,17,134,196,222,62,26,88,10
passenger401,1,16,135,196,219,61,23,84,10
passenger402,1,24,135,196,237,61,41,102,10
passenger403,1,8,136,196,207,60,11,71,10
passenger404,1,21,136,196,230,60,34,94,10
passenger405,1,24,136,196,237,60,41,101,10
passenger406,1,15,136,196,216,60,20,80,10
passenger407,1,22,136,196,233,60,37,97,10
passenger408,1,5,136,196,202,60,6,66,10
passenger409,1,23,137,139,177,2,38,40,13
passenger410,1,15,137,139,161,2,22,24,13
passenger411,1,7,138,139,149,1,10,11,13
passenger412,1,3,138,139,143,1,4,5,13
passenger413,1,19,138,139,173,1,34,35,8
passenger414,1,12,139,139,156,0,17,17,13
passenger415,1,9,139,201,221,62,20,82,8
passenger416,1,11,140,201,219,61,18,79,13
passenger417,1,25,140,201,245,61,44,105,8
passenger418,1,12,141,201,222,60,21,81,13
passenger419,1,3,141,201,209,60,8,68,8
passenger420,1,8,142,206,222,64,16,80,1
passenger421,1,5,142,206,217,64,11,75,1
passenger422,1,18,142,206,238,64,32,96,1
passenger423,1,21,142,206,245,64,39,103,1
passenger424,1,22,142,206,248,64,42,106,1
passenger425,1,17,143,277,301,134,24,158,6
passenger426,1,20,144,277,308,133,31,164,6
passenger427,1,12,144,277,292,133,15,148,6
passenger428,1,17,144,335,365,191,30,221,6
passenger429,1,4,144,335,342,191,7,198,6
passenger430,1,14,144,335,358,191,23,214,6
passenger431,1,15,145,335,361,190,26,216,6
passenger432,1,2,145,335,338,190,3,193,6
passenger433,1,15,145,335,361,190,26,216,6
passenger434,1,19,145,335,369,190,34,224,6
passenger435,1,10,145,335,352,190,17,207,6
passenger436,1,15,146,335,361,189,26,215,6
passenger437,1,8,146,335,348,189,13,202,6
passenger438,1,8,147,389,400,242,11,253,6
passenger439,1,5,147,389,395,242,6,248,6
passenger440,1,9,147,389,403,242,14,256,6
passenger441,1,21,148,389,425,241,36,277,6
passenger442,1,24,149,389,430,240,41,281,6
passenger443,1,17,149,389,419,240,30,270,6
passenger444,1,16,149,389,416,240,27,267,6
passenger445,1,16,149,389,416,240,27,267,6
passenger446,1,13,150,389,411,239,22,261,6
passenger447,1,12,150,389,408,239,19,258,6
passenger448,1,16,150,455,484,305,29,334,6
passenger449,1,20,150,455,492,305,37,342,6
passenger450,1,11,150,455,471,305,16,321,6
passenger451,1,15,151,455,481,304,26,330,6
passenger452,1,13,151,455,477,304,22,326,6
passenger453,1,8,151,455,466,304,11,315,6
passenger454,1,8,151,455,466,304,11,315,6
passenger455,1,3,151,455,459,304,4,308,6
passenger456,1,12,151,455,474,304,19,323,6
passenger457,1,19,152,455,489,303,34,337,6
passenger458,1,18,152,513,540,361,27,388,6
passenger459,1,25,152,513,555,361,42,403,6
passenger460,1,2,152,513,516,361,3,364,6
passenger461,1,20,152,513,544,361,31,392,6
passenger462,1,21,152,513,547,361,34,395,6
passenger463,1,12,153,513,532,360,19,379,6
passenger464,1,8,153,513,524,360,11,371,6
passenger465,1,10,153,513,528,360,15,375,6
passenger466,1,18,155,513,540,358,27,385,6
passenger467,1,22,155,513,550,358,37,395,6
passenger468,1,17,155,581,607,426,26,452,6
passenger469,1,14,155,581,600,426,19,445,6
passenger470,1,17,155,581,607,426,26,452,6
passenger471,1,3,155,581,585,426,4,430,6
passenger472,1,16,155,581,604,426,23,449,6
passenger473,1,3,156,581,585,425,4,429,6
passenger474,1,25,156,581,619,425,38,463,6
passenger475,1,23,156,581,615,425,34,459,6
passenger476,1,14,156,581,600,425,19,444,6
passenger477,1,10,157,581,594,424,13,437,6
passenger478,1,19,158,287,321,129,34,163,2
passenger479,1,17,158,287,317,129,30,159,2
passenger480,1,18,158,283,314,125,31,156,3
passenger481,1,14,159,287,312,128,25,153,2
passenger482,1,7,159,283,295,124,12,136,3
passenger483,1,3,159,351,355,192,4,196,2
passenger484,1,8,160,349,362,189,13,202,3
passenger485,1,14,160,351,378,191,27,218,2
passenger486,1,12,160,349,372,189,23,212,3
passenger487,1,14,161,351,378,190,27,217,2
passenger488,1,8,161,349,362,188,13,201,3
passenger489,1,24,162,351,392,189,41,230,2
passenger490,1,10,162,349,366,187,17,204,3
passenger491,1,22,162,351,388,189,37,226,2
passenger492,1,11,162,349,369,187,20,207,3
passenger493,1,12,163,351,374,188,23,211,2
passenger494,1,16,163,349,378,186,29,215,3
passenger495,1,8,163,351,366,188,15,203,2
passenger496,1,7,163,349,359,186,10,196,3
passenger497,1,11,164,351,371,187,20,207,2
passenger498,1,21,164,349,385,185,36,221,3
passenger499,1,5,165,351,359,186,8,194,2
passenger500,1,12,166,299,316,133,17,150,0
passenger501,1,18,166,365,392,199,27,226,0
passenger502,1,18,166,365,392,199,27,226,0
passenger503,1,12,166,365,382,199,17,216,0
passenger504,1,3,166,365,371,199,6,205,0
passenger505,1,2,167,365,368,198,3,201,0
passenger506,1,13,167,365,385,198,20,218,0
passenger507,1,21,167,365,397,198,32,230,0
passenger508,1,2,167,365,368,198,3,201,0
passenger509,1,23,167,365,401,198,36,234,0
passenger510,1,18,167,365,392,198,27,225,0
passenger511,1,2,168,425,428,257,3,260,0
passenger512,1,10,169,425,444,256,19,275,0
passenger513,1,7,171,425,435,254,10,264,0
passenger514,1,24,171,425,462,254,37,291,0
passenger515,1,15,171,425,451,254,26,280,0
passenger516,1,9,172,425,441,253,16,269,0
passenger517,1,8,172,425,438,253,13,266,0
passenger518,1,15,172,425,451,253,26,279,0
passenger519,1,2,172,425,428,253,3,256,0
passenger520,1,8,172,425,438,253,13,266,0
passenger521,1,5,173,487,495,314,8,322,0
passenger522,1,16,173,487,514,314,27,341,0
passenger523,1,18,173,487,518,314,31,345,0
passenger524,1,13,173,487,509,314,22,336,0
passenger525,1,5,173,487,495,314,8,322,0
passenger526,1,10,174,487,504,313,17,330,0
passenger527,1,22,174,487,524,313,37,350,0
passenger528,1,6,175,487,498,312,11,323,0
passenger529,1,5,175,487,495,312,8,320,0
passenger530,1,4,176,487,492,311,5,316,0
passenger531,1,21,176,547,583,371,36,407,0
passenger532,1,4,176,547,554,371,7,378,0
passenger533,1,15,176,547,573,371,26,397,0
passenger534,1,25,176,547,591,371,44,415,0
passenger535,1,17,176,547,577,371,30,401,0
passenger536,1,11,177,547,567,370,20,390,0
passenger537,1,6,177,547,560,370,13,383,0
passenger538,1,2,177,547,550,370,3,373,0
passenger539,1,5,177,547,557,370,10,380,0
passenger540,1,24,177,547,588,370,41,411,0
passenger541,1,5,178,617,625,439,8,447,0
passenger542,1,2,178,617,620,439,3,442,0
passenger543,1,21,178,617,655,439,38,477,0
passenger544,1,12,178,617,636,439,19,458,0
passenger545,1,10,179,617,632,438,15,453,0
passenger546,1,19,179,617,651,438,34,472,0
passenger547,1,14,180,180,202,0,22,22,7
passenger548,1,23,181,181,219,0,38,38,7
passenger549,1,13,181,181,199,0,18,18,7
passenger550,1,19,181,243,273,62,30,92,7
passenger551,1,23,182,243,279,61,36,97,7
passenger552,1,13,183,243,263,60,20,80,7
passenger553,1,8,184,189,202,5,13,18,9
passenger554,1,25,184,189,231,5,42,47,9
passenger555,1,7,185,189,199,4,10,14,9
passenger556,1,2,186,189,192,3,3,6,9
passenger557,1,15,186,189,213,3,24,27,9
passenger558,1,25,187,189,231,2,42,44,9
passenger559,1,4,187,257,262,70,5,75,9
passenger560,1,22,187,257,294,70,37,107,9
passenger561,1,21,188,257,291,69,34,103,9
passenger562,1,24,188,257,298,69,41,110,9
passenger563,1,12,188,257,276,69,19,88,9
passenger564,1,8,188,257,270,69,13,82,9
passenger565,1,14,189,257,280,68,23,91,9
passenger566,1,5,189,257,265,68,8,76,9
passenger567,1,22,189,257,294,68,37,105,9
passenger568,1,17,190,257,285,67,28,95,9
passenger569,1,13,191,323,341,132,18,150,9
passenger570,1,14,191,323,344,132,21,153,9
passenger571,1,19,193,262,292,69,30,99,10
passenger572,1,14,193,262,283,69,21,90,10
passenger573,1,22,194,262,297,68,35,103,10
passenger574,1,24,195,262,301,67,39,106,10
passenger575,1,24,195,262,301,67,39,106,10
passenger576,1,16,196,262,287,66,25,91,10
passenger577,1,19,196,262,292,66,30,96,10
passenger578,1,9,196,262,274,66,12,78,10
passenger579,1,2,197,262,265,65,3,68,10
passenger580,1,11,197,262,278,65,16,81,10
passenger581,1,22,197,326,363,129,37,166,10
passenger582,1,5,197,326,332,129,6,135,10
passenger583,1,15,197,326,348,129,22,151,10
passenger584,1,6,198,326,335,128,9,137,10
passenger585,1,12,198,326,343,128,17,145,10
passenger586,1,5,198,326,332,128,6,134,10
passenger587,1,19,198,326,354,128,28,156,10
passenger588,1,21,198,326,360,128,34,162,10
passenger589,1,20,198,326,357,128,31,159,10
passenger590,1,18,199,201,234,2,33,35,13
passenger591,1,7,199,201,217,2,16,18,8
passenger592,1,14,199,201,226,2,25,27,13
passenger593,1,4,200,201,212,1,11,12,8
passenger594,1,10,202,202,216,0,14,14,13
passenger595,1,14,203,203,230,0,27,27,8
passenger596,1,18,203,203,234,0,31,31,13
passenger597,1,4,203,203,212,0,9,9,8
passenger598,1,21,203,203,239,0,36,36,13
passenger599,1,13,204,204,227,0,23,23,8
passenger600,1,23,204,204,243,0,39,39,13
passenger601,1,14,204,204,230,0,26,26,8
passenger602,1,15,205,205,229,0,24,24,13
passenger603,1,18,205,205,236,0,31,31,8
passenger604,1,21,205,205,239,0,34,34,13
passenger605,1,5,205,271,281,66,10,76,8
passenger606,1,14,207,207,230,0,23,23,1
passenger607,1,2,207,207,210,0,3,3,1
passenger608,1,13,207,271,293,64,22,86,1
passenger609,1,21,207,267,305,60,38,98,13
passenger610,1,22,207,271,308,64,37,101,1
passenger611,1,8,208,271,282,63,11,74,1
passenger612,1,11,208,271,289,63,18,81,1
passenger613,1,15,209,271,297,62,26,88,1
passenger614,1,11,209,271,289,62,18,80,1
passenger615,1,6,209,271,278,62,7,69,1
passenger616,1,9,209,271,285,62,14,76,1
passenger617,1,11,210,645,659,435,14,449,6
passenger618,1,14,210,645,668,435,23,458,6
passenger619,1,24,210,645,686,435,41,476,6
passenger620,1,15,211,645,671,434,26,460,6
passenger621,1,11,211,645,659,434,14,448,6
passenger622,1,17,211,645,675,434,30,464,6
passenger623,1,20,211,645,680,434,35,469,6
passenger624,1,12,211,645,662,434,17,451,6
passenger625,1,13,212,645,665,433,20,453,6
passenger626,1,7,212,645,653,433,8,441,6
passenger627,1,22,212,711,746,499,35,534,6
passenger628,1,22,212,711,746,499,35,534,6
passenger629,1,6,213,711,720,498,9,507,6
passenger630,1,10,213,711,730,498,19,517,6
passenger631,1,8,213,711,724,498,13,511,6
passenger632,1,24,214,711,750,497,39,536,6
passenger633,1,3,214,711,715,497,4,501,6
passenger634,1,6,214,711,720,497,9,506,6
passenger635,1,9,215,711,727,496,16,512,6
passenger636,1,15,215,711,737,496,26,522,6
passenger637,1,7,216,775,787,559,12,571,6
passenger638,1,14,216,775,796,559,21,580,6
passenger639,1,19,216,775,805,559,30,589,6
passenger640,1,21,216,775,809,559,34,593,6
passenger641,1,4,216,775,780,559,5,564,6
passenger642,1,5,216,775,783,559,8,567,6
passenger643,1,4,217,775,780,558,5,563,6
passenger644,1,23,217,775,813,558,38,596,6
passenger645,1,17,217,775,801,558,26,584,6
passenger646,1,14,217,775,796,558,21,579,6
passenger647,1,20,217,837,874,620,37,657,6
passenger648,1,16,218,837,866,619,29,648,6
passenger649,1,7,218,837,849,619,12,631,6
passenger650,1,14,218,837,862,619,25,644,6
passenger651,1,18,218,837,870,619,33,652,6
passenger652,1,2,219,837,840,618,3,621,6
passenger653,1,16,220,837,866,617,29,646,6
passenger654,1,13,220,837,859,617,22,639,6
passenger655,1,3,220,837,843,617,6,623,6
passenger656,1,8,220,837,852,617,15,632,6
passenger657,1,12,220,895,918,675,23,698,6
passenger658,1,10,221,895,912,674,17,691,6
passenger659,1,8,221,895,906,674,11,685,6
passenger660,1,17,221,895,927,674,32,706,6
passenger661,1,11,221,895,915,674,20,694,6
passenger662,1,13,221,895,921,674,26,700,6
passenger663,1,21,222,349,385,127,36,163,3
passenger664,1,4,222,349,354,127,5,132,3
passenger665,1,10,223,407,422,184,15,199,3
passenger666,1,3,224,407,411,183,4,187,3
passenger667,1,24,224,407,446,183,39,222,3
passenger668,1,6,224,407,416,183,9,192,3
passenger669,1,21,224,407,441,183,34,217,3
passenger670,1,6,225,351,362,126,11,137,2
passenger671,1,9,225,417,433,192,16,208,2
passenger672,1,16,225,417,442,192,25,217,2
passenger673,1,21,226,417,453,191,36,227,2
passenger674,1,6,226,417,426,191,9,200,2
passenger675,1,7,227,417,429,190,12,202,2
passenger676,1,23,228,292,332,64,40,104,4
passenger677,1,9,228,292,310,64,18,82,4
passenger678,1,7,228,292,304,64,12,76,4
passenger679,1,19,228,292,324,64,32,96,4
passenger680,1,4,229,292,297,63,5,68,4
passenger681,1,22,229,292,329,63,37,100,4
passenger682,1,23,229,356,394,127,38,165,4
passenger683,1,22,229,356,391,127,35,162,4
passenger684,1,9,230,356,368,126,12,138,4
passenger685,1,4,230,356,361,126,5,131,4
passenger686,1,12,230,356,375,126,19,145,4
passenger687,1,10,230,356,371,126,15,141,4
passenger688,1,25,231,356,400,125,44,169,4
passenger689,1,17,231,356,382,125,26,151,4
passenger690,1,24,232,356,397,124,41,165,4
passenger691,1,20,232,356,387,124,31,155,4
passenger692,1,19,232,426,458,194,32,226,4
passenger693,1,4,233,426,433,193,7,200,4
passenger694,1,3,234,426,430,192,4,196,4
passenger695,1,3,234,426,430,192,4,196,4
passenger696,1,16,234,426,451,192,25,217,4
passenger697,1,6,234,426,439,192,13,205,4
passenger698,1,25,235,426,468,191,42,233,4
passenger699,1,5,235,426,436,191,10,201,4
passenger700,1,24,235,426,465,191,39,230,4
passenger701,1,18,236,426,455,190,29,219,4
passenger702,1,4,236,494,501,258,7,265,4
passenger703,1,3,236,494,498,258,4,262,4
passenger704,1,11,237,494,518,257,24,281,4
passenger705,1,10,237,494,515,257,21,278,4
passenger706,1,9,238,494,512,256,18,274,4
passenger707,1,14,238,494,523,256,29,285,4
passenger708,1,5,239,243,249,4,6,10,7
passenger709,1,5,239,243,249,4,6,10,7
passenger710,1,18,239,243,270,4,27,31,7
passenger711,1,25,239,243,285,4,42,46,7
passenger712,1,8,239,243,254,4,11,15,7
passenger713,1,24,240,243,282,3,39,42,7
passenger714,1,10,241,243,258,2,15,17,7
passenger715,1,10,241,311,330,70,19,89,7
passenger716,1,4,241,311,318,70,7,77,7
passenger717,1,12,241,311,334,70,23,93,7
passenger718,1,13,241,311,337,70,26,96,7
passenger719,1,17,241,311,343,70,32,102,7
passenger720,1,5,242,311,321,69,10,79,7
passenger721,1,6,242,311,324,69,13,82,7
passenger722,1,12,243,311,334,68,23,91,7
passenger723,1,3,243,311,315,68,4,72,7
passenger724,1,5,243,311,321,68,10,78,7
passenger725,1,17,243,361,387,118,26,144,7
passenger726,1,24,244,361,398,117,37,154,7
passenger727,1,15,244,361,383,117,22,139,7
passenger728,1,5,245,361,369,116,8,124,7
passenger729,1,25,245,361,401,116,40,156,7
passenger730,1,14,246,323,344,77,21,98,9
passenger731,1,19,246,323,355,77,32,109,9
passenger732,1,6,246,323,332,77,9,86,9
passenger733,1,15,246,323,347,77,24,101,9
passenger734,1,3,247,323,327,76,4,80,9
passenger735,1,17,247,323,351,76,28,104,9
passenger736,1,6,247,323,332,76,9,85,9
passenger737,1,23,247,323,361,76,38,114,9
passenger738,1,3,248,385,389,137,4,141,9
passenger739,1,17,248,385,415,137,30,167,9
passenger740,1,5,249,385,395,136,10,146,9
passenger741,1,18,249,385,418,136,33,169,9
passenger742,1,13,249,385,407,136,22,158,9
passenger743,1,25,249,385,427,136,42,178,9
passenger744,1,17,249,385,415,136,30,166,9
passenger745,1,10,250,385,402,135,17,152,9
passenger746,1,4,250,385,392,135,7,142,9
passenger747,1,16,250,385,412,135,27,162,9
passenger748,1,12,251,453,474,202,21,223,9
passenger749,1,3,251,453,459,202,6,208,9
passenger750,1,15,252,453,479,201,26,227,9
passenger751,1,7,252,453,465,201,12,213,9
passenger752,1,7,253,453,465,200,12,212,9
passenger753,1,2,253,453,456,200,3,203,9
passenger754,1,10,253,453,470,200,17,217,9
passenger755,1,7,253,453,465,200,12,212,9
passenger756,1,3,253,453,459,200,6,206,9
passenger757,1,12,254,453,474,199,21,220,9
passenger758,1,7,254,495,507,241,12,253,9
passenger759,1,5,254,495,503,241,8,249,9
passenger760,1,13,254,495,515,241,20,261,9
passenger761,1,3,254,495,499,241,4,245,9
passenger762,1,25,255,495,533,240,38,278,9
passenger763,1,13,255,495,515,240,20,260,9
passenger764,1,25,256,495,533,239,38,277,9
passenger765,1,23,256,495,529,239,34,273,9
passenger766,1,25,256,495,533,239,38,277,9
passenger767,1,15,256,495,519,239,24,263,9
passenger768,1,12,256,559,580,303,21,324,9
passenger769,1,19,256,559,591,303,32,335,9
passenger770,1,3,257,559,565,302,6,308,9
passenger771,1,22,257,559,596,302,37,339,9
passenger772,1,9,257,559,575,302,16,318,9
passenger773,1,2,257,559,562,302,3,305,9
passenger774,1,7,257,559,571,302,12,314,9
passenger775,1,7,258,559,571,301,12,313,9
passenger776,1,2,258,559,562,301,3,304,9
passenger777,1,18,258,559,588,301,29,330,9
passenger778,1,4,258,619,624,361,5,366,9
passenger779,1,22,259,619,656,360,37,397,9
passenger780,1,12,259,619,642,360,23,383,9
passenger781,1,19,260,326,354,66,28,94,10
passenger782,1,10,260,386,403,126,17,143,10
passenger783,1,5,261,386,392,125,6,131,10
passenger784,1,6,262,386,395,124,9,133,10
passenger785,1,17,262,386,414,124,28,152,10
passenger786,1,19,262,386,418,124,32,156,10
passenger787,1,8,263,386,399,123,13,136,10
passenger788,1,10,263,386,403,123,17,140,10
passenger789,1,24,264,386,427,122,41,163,10
passenger790,1,22,265,267,308,2,41,43,13
passenger791,1,11,265,267,287,2,20,22,13
passenger792,1,7,265,267,279,2,12,14,13
passenger793,1,9,266,267,283,1,16,17,13
passenger794,1,14,266,267,294,1,27,28,13
passenger795,1,15,266,267,297,1,30,31,13
passenger796,1,6,266,267,276,1,9,10,13
passenger797,1,3,266,267,271,1,4,5,13
passenger798,1,13,267,267,291,0,24,24,13
passenger799,1,21,267,331,365,64,34,98,13
passenger800,1,5,267,331,337,64,6,70,13
passenger801,1,11,267,331,351,64,20,84,13
passenger802,1,5,268,331,337,63,6,69,13
passenger803,1,7,268,331,343,63,12,75,13
passenger804,1,16,268,331,358,63,27,90,13
passenger805,1,8,268,331,346,63,15,78,13
passenger806,1,8,268,331,346,63,15,78,13
passenger807,1,25,268,331,371,63,40,103,13
passenger808,1,6,269,331,340,62,9,71,13
passenger809,1,6,269,397,406,128,9,137,13
passenger810,1,24,269,397,436,128,39,167,13
passenger811,1,15,269,397,421,128,24,152,13
passenger812,1,3,270,271,275,1,4,5,8
passenger813,1,12,270,271,292,1,21,22,8
passenger814,1,15,270,271,297,1,26,27,8
passenger815,1,8,270,271,286,1,15,16,8
passenger816,1,15,270,271,297,1,26,27,8
passenger817,1,17,270,271,301,1,30,31,8
passenger818,1,8,270,271,286,1,15,16,8
passenger819,1,21,270,271,305,1,34,35,1
passenger820,1,12,270,271,292,1,21,22,8
passenger821,1,25,271,271,313,0,42,42,1
passenger822,1,4,271,271,278,0,7,7,8
passenger823,1,9,272,339,350,67,11,78,1
passenger824,1,19,272,319,353,47,34,81,8
passenger825,1,23,272,339,378,67,39,106,1
passenger826,1,7,273,319,331,46,12,58,8
passenger827,1,25,273,339,384,66,45,111,1
passenger828,1,6,274,895,902,621,7,628,6
passenger829,1,11,274,895,915,621,20,641,6
passenger830,1,9,274,895,909,621,14,635,6
passenger831,1,12,275,895,918,620,23,643,6
passenger832,1,23,275,945,983,670,38,708,6
passenger833,1,19,276,945,975,669,30,699,6
passenger834,1,21,276,945,979,669,34,703,6
passenger835,1,8,277,945,954,668,9,677,6
passenger836,1,24,277,945,986,668,41,709,6
passenger837,1,12,277,945,960,668,15,683,6
passenger838,1,17,277,945,969,668,24,692,6
passenger839,1,18,278,945,972,667,27,694,6
passenger840,1,17,278,945,969,667,24,691,6
passenger841,1,16,279,945,966,666,21,687,6
passenger842,1,13,279,1011,1027,732,16,748,6
passenger843,1,17,279,1011,1037,732,26,758,6
passenger844,1,23,279,1011,1049,732,38,770,6
passenger845,1,11,280,407,425,127,18,145,3
passenger846,1,14,280,407,430,127,23,150,3
passenger847,1,6,280,407,416,127,9,136,3
passenger848,1,10,280,407,422,127,15,142,3
passenger849,1,20,280,407,438,127,31,158,3
passenger850,1,17,280,471,501,191,30,221,3
passenger851,1,7,280,471,483,191,12,203,3
passenger852,1,15,281,471,497,190,26,216,3
passenger853,1,21,281,471,507,190,36,226,3
passenger854,1,4,281,471,478,190,7,197,3
passenger855,1,3,282,471,475,189,4,193,3
passenger856,1,11,282,471,491,189,20,209,3
passenger857,1,17,283,471,501,188,30,218,3
passenger858,1,9,283,471,487,188,16,204,3
passenger859,1,21,283,471,507,188,36,224,3
passenger860,1,22,283,529,566,246,37,283,3
passenger861,1,14,283,529,552,246,23,269,3
passenger862,1,11,283,529,543,246,14,260,3
passenger863,1,3,284,529,533,245,4,249,3
passenger864,1,21,284,529,563,245,34,279,3
passenger865,1,23,284,529,569,245,40,285,3
passenger866,1,12,284,529,546,245,17,262,3
passenger867,1,14,285,529,552,244,23,267,3
passenger868,1,20,285,529,560,244,31,275,3
passenger869,1,18,286,417,446,131,29,160,2
passenger870,1,5,287,417,423,130,6,136,2
passenger871,1,18,288,417,446,129,29,158,2
passenger872,1,24,288,417,458,129,41,170,2
passenger873,1,20,289,417,450,128,33,161,2
passenger874,1,13,289,483,503,194,20,214,2
passenger875,1,14,289,483,506,194,23,217,2
passenger876,1,8,290,494,509,204,15,219,4
passenger877,1,17,290,494,528,204,34,238,4
passenger878,1,7,290,494,506,204,12,216,4
passenger879,1,10,290,494,515,204,21,225,4
passenger880,1,8,291,546,559,255,13,268,4
passenger881,1,10,291,546,563,255,17,272,4
passenger882,1,10,291,546,563,255,17,272,4
passenger883,1,3,291,546,550,255,4,259,4
passenger884,1,19,292,546,578,254,32,286,4
passenger885,1,12,292,546,567,254,21,275,4
passenger886,1,24,292,546,585,254,39,293,4
passenger887,1,6,293,546,555,253,9,262,4
passenger888,1,18,293,546,575,253,29,282,4
passenger889,1,6,294,546,555,252,9,261,4
passenger890,1,15,295,617,643,322,26,348,0
passenger891,1,13,295,617,639,322,22,344,0
passenger892,1,12,295,617,636,322,19,341,0
passenger893,1,17,295,617,647,322,30,352,0
passenger894,1,21,296,677,709,381,32,413,0
passenger895,1,9,296,677,691,381,14,395,0
passenger896,1,22,296,677,712,381,35,416,0
passenger897,1,6,296,677,686,381,9,390,0
passenger898,1,9,296,677,691,381,14,395,0
passenger899,1,9,296,677,691,381,14,395,0
passenger900,1,24,297,677,716,380,39,419,0
passenger901,1,4,297,677,682,380,5,385,0
passenger902,1,11,298,677,695,379,18,397,0
passenger903,1,12,298,677,698,379,21,400,0
passenger904,1,21,298,741,779,443,38,481,0
passenger905,1,13,298,741,761,443,20,463,0
passenger906,1,25,298,741,785,443,44,487,0
passenger907,1,19,300,741,773,441,32,473,0
passenger908,1,18,300,741,770,441,29,470,0
passenger909,1,20,300,741,776,441,35,476,0
passenger910,1,5,301,741,747,440,6,446,0
passenger911,1,12,301,741,758,440,17,457,0
passenger912,1,16,301,741,766,440,25,465,0
passenger913,1,7,301,741,751,440,10,450,0
passenger914,1,4,302,361,366,59,5,64,7
passenger915,1,5,302,361,369,59,8,67,7
passenger916,1,20,302,361,392,59,31,90,7
passenger917,1,17,302,361,387,59,26,85,7
passenger918,1,8,304,361,374,57,13,70,7
passenger919,1,19,304,427,455,123,28,151,7
passenger920,1,18,304,427,452,123,25,148,7
passenger921,1,21,305,427,461,122,34,156,7
passenger922,1,23,305,427,465,122,38,160,7
passenger923,1,23,305,427,465,122,38,160,7
passenger924,1,6,305,427,434,122,7,129,7
passenger925,1,20,306,427,458,121,31,152,7
passenger926,1,11,306,427,441,121,14,135,7
passenger927,1,11,307,427,441,120,14,134,7
passenger928,1,17,307,427,449,120,22,142,7
passenger929,1,16,308,489,516,181,27,208,7
passenger930,1,12,308,489,510,181,21,202,7
passenger931,1,25,309,489,531,180,42,222,7
passenger932,1,6,309,489,500,180,11,191,7
passenger933,1,4,310,489,496,179,7,186,7
passenger934,1,2,311,489,492,178,3,181,7
passenger935,1,21,311,489,525,178,36,214,7
passenger936,1,11,311,489,507,178,18,196,7
passenger937,1,12,312,489,510,177,21,198,7
passenger938,1,17,312,489,519,177,30,207,7
passenger939,1,12,312,557,576,245,19,264,7
passenger940,1,15,313,557,585,244,28,272,7
passenger941,1,3,313,557,561,244,4,248,7
passenger942,1,5,314,319,325,5,6,11,8
passenger943,1,24,314,319,360,5,41,46,8
passenger944,1,12,314,319,344,5,25,30,8
passenger945,1,6,314,319,328,5,9,14,8
passenger946,1,10,314,319,340,5,21,26,8
passenger947,1,10,315,319,340,4,21,25,8
passenger948,1,8,315,319,334,4,15,19,8
passenger949,1,9,315,319,337,4,18,22,8
passenger950,1,19,315,385,415,70,30,100,8
passenger951,1,4,315,385,392,70,7,77,8
passenger952,1,9,316,385,399,69,14,83,8
passenger953,1,13,316,385,405,69,20,89,8
passenger954,1,14,316,385,408,69,23,92,8
passenger955,1,23,316,385,421,69,36,105,8
passenger956,1,24,316,385,424,69,39,108,8
passenger957,1,9,317,385,399,68,14,82,8
passenger958,1,14,317,385,408,68,23,91,8
passenger959,1,2,318,385,388,67,3,70,8
passenger960,1,16,319,449,478,130,29,159,8
passenger961,1,5,319,449,459,130,10,140,8
passenger962,1,3,319,449,453,130,4,134,8
passenger963,1,18,319,449,482,130,33,163,8
passenger964,1,6,320,449,462,129,13,142,8
passenger965,1,13,320,449,471,129,22,151,8
passenger966,1,4,320,449,456,129,7,136,8
passenger967,1,19,320,449,485,129,36,165,8
passenger968,1,20,320,449,488,129,39,168,8
passenger969,1,15,321,449,475,128,26,154,8
passenger970,1,22,321,509,544,188,35,223,8
passenger971,1,12,321,509,526,188,17,205,8
passenger972,1,6,321,509,516,188,7,195,8
passenger973,1,5,322,619,627,297,8,305,9
passenger974,1,7,322,619,633,297,14,311,9
passenger975,1,6,323,619,630,296,11,307,9
passenger976,1,9,323,619,637,296,18,314,9
passenger977,1,7,324,619,633,295,14,309,9
passenger978,1,16,324,619,648,295,29,324,9
passenger979,1,5,324,619,627,295,8,303,9
passenger980,1,16,325,679,706,354,27,381,9
passenger981,1,10,325,679,694,354,15,369,9
passenger982,1,18,325,679,712,354,33,387,9
passenger983,1,14,325,679,702,354,23,377,9
passenger984,1,23,326,386,424,60,38,98,10
passenger985,1,12,326,386,407,60,21,81,10
passenger986,1,9,326,452,464,126,12,138,10
passenger987,1,16,326,452,477,126,25,151,10
passenger988,1,17,328,452,480,124,28,152,10
passenger989,1,12,328,452,469,124,17,141,10
passenger990,1,15,329,397,421,68,24,92,13
passenger991,1,13,329,397,417,68,20,88,13
passenger992,1,9,329,397,411,68,14,82,13
passenger993,1,9,329,397,411,68,14,82,13
passenger994,1,23,330,397,433,67,36,103,13
passenger995,1,18,330,397,426,67,29,96,13
passenger996,1,4,330,397,402,67,5,72,13
passenger997,1,25,330,461,501,131,40,171,13
passenger998,1,19,331,461,491,130,30,160,13
passenger999,1,3,332,461,465,129,4,133,13
passenger1000,1,19,332,461,491,129,30,159,13
passenger1001,1,16,332,461,486,129,25,154,13
passenger1002,1,23,332,461,497,129,36,165,13
passenger1003,1,13,332,461,479,129,18,147,13
passenger1004,1,14,332,461,482,129,21,150,13
passenger1005,1,9,333,461,473,128,12,140,13
passenger1006,1,9,333,461,473,128,12,140,13
passenger1007,1,16,333,527,552,194,25,219,13
passenger1008,1,21,334,1011,1045,677,34,711,6
passenger1009,1,23,334,1011,1049,677,38,715,6
passenger1010,1,20,334,1011,1042,677,31,708,6
passenger1011,1,16,334,1011,1034,677,23,700,6
passenger1012,1,14,334,1011,1030,677,19,696,6
passenger1013,1,10,334,1011,1022,677,11,688,6
passenger1014,1,20,335,1011,1042,676,31,707,6
passenger1015,1,9,336,1073,1087,737,14,751,6
passenger1016,1,8,336,1073,1084,737,11,748,6
passenger1017,1,22,336,1073,1108,737,35,772,6
passenger1018,1,16,336,1073,1098,737,25,762,6
passenger1019,1,10,336,1073,1090,737,17,754,6
passenger1020,1,22,337,1073,1108,736,35,771,6
passenger1021,1,25,337,1073,1113,736,40,776,6
passenger1022,1,9,337,1073,1087,736,14,750,6
passenger1023,1,14,338,339,359,1,20,21,1
passenger1024,1,13,338,339,356,1,17,18,1
passenger1025,1,18,338,339,369,1,30,31,1
passenger1026,1,24,339,339,381,0,42,42,1
passenger1027,1,15,339,339,362,0,23,23,1
passenger1028,1,21,339,339,374,0,35,35,1
passenger1029,1,16,340,340,365,0,25,25,1
passenger1030,1,23,340,410,448,70,38,108,1
passenger1031,1,11,341,410,426,69,16,85,1
passenger1032,1,11,341,410,426,69,16,85,1
passenger1033,1,12,341,410,429,69,19,88,1
passenger1034,1,25,341,410,452,69,42,111,1
passenger1035,1,16,342,410,437,68,27,95,1
passenger1036,1,5,342,410,418,68,8,76,1
passenger1037,1,2,342,410,413,68,3,71,1
passenger1038,1,14,342,410,433,68,23,91,1
passenger1039,1,21,342,410,444,68,34,102,1
passenger1040,1,13,343,529,549,186,20,206,3
passenger1041,1,15,343,593,615,250,22,272,3
passenger1042,1,21,343,593,629,250,36,286,3
passenger1043,1,14,344,593,612,249,19,268,3
passenger1044,1,23,344,593,633,249,40,289,3
passenger1045,1,17,344,593,619,249,26,275,3
passenger1046,1,19,345,593,623,248,30,278,3
passenger1047,1,20,345,593,626,248,33,281,3
passenger1048,1,17,345,593,619,248,26,274,3
passenger1049,1,3,346,593,597,247,4,251,3
passenger1050,1,12,346,593,608,247,15,262,3
passenger1051,1,5,346,657,669,311,12,323,3
passenger1052,1,14,346,657,682,311,25,336,3
passenger1053,1,5,347,657,669,310,12,322,3
passenger1054,1,14,347,657,682,310,25,335,3
passenger1055,1,10,348,657,676,309,19,328,3
passenger1056,1,2,348,657,660,309,3,312,3
passenger1057,1,4,348,657,666,309,9,318,3
passenger1058,1,14,349,657,682,308,25,333,3
passenger1059,1,3,349,657,663,308,6,314,3
passenger1060,1,22,349,657,692,308,35,343,3
passenger1061,1,20,349,715,750,366,35,401,3
passenger1062,1,19,350,715,747,365,32,397,3
passenger1063,1,6,350,715,724,365,9,374,3
passenger1064,1,21,350,715,753,365,38,403,3
passenger1065,1,17,350,715,741,365,26,391,3
passenger1066,1,11,350,715,733,365,18,383,3
passenger1067,1,2,351,483,486,132,3,135,2
passenger1068,1,14,351,483,506,132,23,155,2
passenger1069,1,21,351,483,515,132,32,164,2
passenger1070,1,2,351,483,486,132,3,135,2
passenger1071,1,3,351,483,489,132,6,138,2
passenger1072,1,11,351,483,499,132,16,148,2
passenger1073,1,14,352,483,506,131,23,154,2
passenger1074,1,13,352,483,503,131,20,151,2
passenger1075,1,12,353,537,554,184,17,201,2
passenger1076,1,8,353,537,546,184,9,193,2
passenger1077,1,3,354,610,616,256,6,262,4
passenger1078,1,2,354,610,613,256,3,259,4
passenger1079,1,4,355,610,619,255,9,264,4
passenger1080,1,18,356,610,639,254,29,283,4
passenger1081,1,20,356,610,645,254,35,289,4
passenger1082,1,12,356,610,631,254,21,275,4
passenger1083,1,3,356,610,616,254,6,260,4
passenger1084,1,11,356,610,628,254,18,272,4
passenger1085,1,25,358,610,652,252,42,294,4
passenger1086,1,7,359,557,567,198,10,208,7
passenger1087,1,13,359,557,579,198,22,220,7
passenger1088,1,14,359,557,582,198,25,223,7
passenger1089,1,9,359,557,571,198,14,212,7
passenger1090,1,12,360,557,576,197,19,216,7
passenger1091,1,13,360,557,579,197,22,219,7
passenger1092,1,13,360,557,579,197,22,219,7
passenger1093,1,19,360,601,633,241,32,273,7
passenger1094,1,15,360,601,625,241,24,265,7
passenger1095,1,3,361,601,607,240,6,246,7
passenger1096,1,2,362,601,604,239,3,242,7
passenger1097,1,11,362,601,617,239,16,255,7
passenger1098,1,23,362,601,639,239,38,277,7
passenger1099,1,2,362,601,604,239,3,242,7
passenger1100,1,3,362,601,607,239,6,245,7
passenger1101,1,18,363,601,630,238,29,267,7
passenger1102,1,12,363,601,620,238,19,257,7
passenger1103,1,7,363,663,673,300,10,310,7
passenger1104,1,6,363,663,670,300,7,307,7
passenger1105,1,17,364,811,839,447,28,475,0
passenger1106,1,14,364,811,834,447,23,470,0
passenger1107,1,17,364,811,839,447,28,475,0
passenger1108,1,8,365,811,822,446,11,457,0
passenger1109,1,14,365,811,834,446,23,469,0
passenger1110,1,22,366,811,846,445,35,480,0
passenger1111,1,9,366,811,825,445,14,459,0
passenger1112,1,11,366,811,829,445,18,463,0
passenger1113,1,5,366,811,817,445,6,451,0
passenger1114,1,17,366,811,839,445,28,473,0
passenger1115,1,2,367,869,872,502,3,505,0
passenger1116,1,7,368,384,394,16,10,26,5
passenger1117,1,19,368,384,416,16,32,48,5
passenger1118,1,2,369,384,387,15,3,18,5
passenger1119,1,25,369,384,426,15,42,57,5
passenger1120,1,11,369,384,400,15,16,31,5
passenger1121,1,11,369,384,400,15,16,31,5
passenger1122,1,14,370,384,407,14,23,37,5
passenger1123,1,17,370,384,412,14,28,42,5
passenger1124,1,13,370,384,404,14,20,34,5
passenger1125,1,23,370,384,422,14,38,52,5
passenger1126,1,25,370,452,492,82,40,122,5
passenger1127,1,6,370,452,461,82,9,91,5
passenger1128,1,18,370,452,479,82,27,109,5
passenger1129,1,9,371,452,468,81,16,97,5
passenger1130,1,25,371,452,492,81,40,121,5
passenger1131,1,8,371,452,465,81,13,94,5
passenger1132,1,9,371,452,468,81,16,97,5
passenger1133,1,19,371,452,482,81,30,111,5
passenger1134,1,20,371,452,485,81,33,114,5
passenger1135,1,5,372,452,458,80,6,86,5
passenger1136,1,15,372,518,538,146,20,166,5
passenger1137,1,10,372,518,531,146,13,159,5
passenger1138,1,16,372,518,541,146,23,169,5
passenger1139,1,15,373,518,538,145,20,165,5
passenger1140,1,25,373,518,560,145,42,187,5
passenger1141,1,24,373,518,557,145,39,184,5
passenger1142,1,17,373,518,544,145,26,171,5
passenger1143,1,18,374,518,547,144,29,173,5
passenger1144,1,23,374,518,554,144,36,180,5
passenger1145,1,6,375,518,525,143,7,150,5
passenger1146,1,19,375,586,614,211,28,239,5
passenger1147,1,20,376,586,617,210,31,241,5
passenger1148,1,5,376,586,592,210,6,216,5
passenger1149,1,23,376,586,622,210,36,246,5
passenger1150,1,18,376,586,611,210,25,235,5
passenger1151,1,10,377,586,599,209,13,222,5
passenger1152,1,13,377,586,604,209,18,227,5
passenger1153,1,13,378,586,604,208,18,226,5
passenger1154,1,24,379,586,625,207,39,246,5
passenger1155,1,25,379,586,628,207,42,249,5
passenger1156,1,21,380,654,690,274,36,310,5
passenger1157,1,17,380,654,684,274,30,304,5
passenger1158,1,4,380,654,661,274,7,281,5
passenger1159,1,23,380,654,694,274,40,314,5
passenger1160,1,5,380,654,664,274,10,284,5
passenger1161,1,6,380,654,667,274,13,287,5
passenger1162,1,3,381,654,658,273,4,277,5
passenger1163,1,24,381,654,697,273,43,316,5
passenger1164,1,13,382,654,678,272,24,296,5
passenger1165,1,7,382,654,670,272,16,288,5
passenger1166,1,3,382,722,726,340,4,344,5
passenger1167,1,11,383,722,740,339,18,357,5
passenger1168,1,19,384,722,752,338,30,368,5
passenger1169,1,25,384,722,764,338,42,380,5
passenger1170,1,15,385,509,531,124,22,146,8
passenger1171,1,16,385,509,534,124,25,149,8
passenger1172,1,22,385,509,544,124,35,159,8
passenger1173,1,23,385,509,547,124,38,162,8
passenger1174,1,8,385,509,520,124,11,135,8
passenger1175,1,25,386,452,494,66,42,108,10
passenger1176,1,14,386,452,473,66,21,87,10
passenger1177,1,24,386,452,491,66,39,105,10
passenger1178,1,4,386,452,457,66,5,71,10
passenger1179,1,4,386,452,457,66,5,71,10
passenger1180,1,23,386,452,488,66,36,102,10
passenger1181,1,18,388,520,549,132,29,161,10
passenger1182,1,6,388,520,531,132,11,143,10
passenger1183,1,23,388,520,558,132,38,170,10
passenger1184,1,4,388,520,527,132,7,139,10
passenger1185,1,18,389,1073,1102,684,29,713,6
passenger1186,1,6,389,1073,1080,684,7,691,6
passenger1187,1,3,390,1139,1145,749,6,755,6
passenger1188,1,21,390,1139,1173,749,34,783,6
passenger1189,1,22,390,1139,1176,749,37,786,6
passenger1190,1,4,390,1139,1148,749,9,758,6
passenger1191,1,4,390,1139,1148,749,9,758,6
passenger1192,1,16,390,1139,1162,749,23,772,6
passenger1193,1,2,390,1139,1142,749,3,752,6
passenger1194,1,19,391,1139,1167,748,28,776,6
passenger1195,1,23,391,1139,1179,748,40,788,6
passenger1196,1,20,391,1139,1170,748,31,779,6
passenger1197,1,7,391,1203,1213,812,10,822,6
passenger1198,1,6,392,527,536,135,9,144,13
passenger1199,1,18,393,527,556,134,29,163,13
passenger1200,1,3,393,527,531,134,4,138,13
passenger1201,1,14,394,527,548,133,21,154,13
passenger1202,1,12,394,527,544,133,17,150,13
passenger1203,1,19,394,527,559,133,32,165,13
passenger1204,1,6,395,527,536,132,9,141,13
passenger1205,1,20,395,527,562,132,35,167,13
passenger1206,1,18,395,527,556,132,29,161,13
passenger1207,1,7,396,583,597,187,14,201,13
passenger1208,1,10,396,583,604,187,21,208,13
passenger1209,1,3,396,583,587,187,4,191,13
passenger1210,1,12,397,583,608,186,25,211,13
passenger1211,1,8,397,583,600,186,17,203,13
passenger1212,1,4,397,583,590,186,7,193,13
passenger1213,1,15,398,583,613,185,30,215,13
passenger1214,1,15,398,583,613,185,30,215,13
passenger1215,1,4,398,583,590,185,7,192,13
passenger1216,1,6,398,583,594,185,11,196,13
passenger1217,1,3,399,629,635,230,6,236,13
passenger1218,1,18,400,715,744,315,29,344,3
passenger1219,1,10,400,715,730,315,15,330,3
passenger1220,1,3,401,715,719,314,4,318,3
passenger1221,1,6,401,715,724,314,9,323,3
passenger1222,1,25,401,775,817,374,42,416,3
passenger1223,1,8,402,775,788,373,13,386,3
passenger1224,1,18,402,775,806,373,31,404,3
passenger1225,1,13,402,775,799,373,24,397,3
passenger1226,1,6,403,775,784,372,9,381,3
passenger1227,1,9,403,775,791,372,16,388,3
passenger1228,1,2,404,775,778,371,3,374,3
passenger1229,1,19,404,775,809,371,34,405,3
passenger1230,1,10,404,775,794,371,19,390,3
passenger1231,1,13,404,775,799,371,24,395,3
passenger1232,1,5,404,843,849,439,6,445,3
passenger1233,1,21,404,843,877,439,34,473,3
passenger1234,1,7,404,843,855,439,12,451,3
passenger1235,1,15,405,843,865,438,22,460,3
passenger1236,1,22,405,843,880,438,37,475,3
passenger1237,1,19,405,843,873,438,30,468,3
passenger1238,1,16,406,843,868,437,25,462,3
passenger1239,1,23,407,843,883,436,40,476,3
passenger1240,1,6,407,843,852,436,9,445,3
passenger1241,1,25,407,843,887,436,44,480,3
passenger1242,1,15,407,913,939,506,26,532,3
passenger1243,1,11,407,913,931,506,18,524,3
passenger1244,1,8,408,913,926,505,13,518,3
passenger1245,1,19,408,913,947,505,34,539,3
passenger1246,1,25,409,913,957,504,44,548,3
passenger1247,1,18,409,913,944,504,31,535,3
passenger1248,1,2,409,913,916,504,3,507,3
passenger1249,1,13,409,913,935,504,22,526,3
passenger1250,1,19,411,478,510,67,32,99,1
passenger1251,1,11,411,478,496,67,18,85,1
passenger1252,1,20,411,478,513,67,35,102,1
passenger1253,1,18,412,478,507,66,29,95,1
passenger1254,1,3,412,478,484,66,6,72,1
passenger1255,1,15,412,478,502,66,24,90,1
passenger1256,1,6,412,478,489,66,11,77,1
passenger1257,1,13,413,537,557,124,20,144,2
passenger1258,1,11,413,537,551,124,14,138,2
passenger1259,1,21,413,537,571,124,34,158,2
passenger1260,1,22,413,537,574,124,37,161,2
passenger1261,1,13,414,537,557,123,20,143,2
passenger1262,1,14,414,537,560,123,23,146,2
passenger1263,1,17,414,537,565,123,28,151,2
passenger1264,1,17,414,537,565,123,28,151,2
passenger1265,1,17,414,597,621,183,24,207,2
passenger1266,1,20,414,597,628,183,31,214,2
passenger1267,1,25,414,597,637,183,40,223,2
passenger1268,1,21,414,597,631,183,34,217,2
passenger1269,1,5,414,597,603,183,6,189,2
passenger1270,1,13,415,597,613,182,16,198,2
passenger1271,1,13,416,597,613,181,16,197,2
passenger1272,1,14,416,597,616,181,19,200,2
passenger1273,1,14,416,597,616,181,19,200,2
passenger1274,1,19,416,597,625,181,28,209,2
passenger1275,1,12,417,663,684,246,21,267,2
passenger1276,1,8,417,663,676,246,13,259,2
passenger1277,1,12,417,663,684,246,21,267,2
passenger1278,1,22,417,663,700,246,37,283,2
passenger1279,1,9,417,663,679,246,16,262,2
passenger1280,1,2,418,663,666,245,3,248,2
passenger1281,1,25,418,663,705,245,42,287,2
passenger1282,1,6,418,663,672,245,9,254,2
passenger1283,1,16,418,663,690,245,27,272,2
passenger1284,1,21,418,663,697,245,34,279,2
passenger1285,1,8,418,731,746,313,15,328,2
passenger1286,1,10,418,731,750,313,19,332,2
passenger1287,1,8,418,731,746,313,15,328,2
passenger1288,1,5,418,731,737,313,6,319,2
passenger1289,1,5,419,731,737,312,6,318,2
passenger1290,1,6,419,731,740,312,9,321,2
passenger1291,1,12,419,731,754,312,23,335,2
passenger1292,1,14,419,731,758,312,27,339,2
passenger1293,1,2,420,869,872,449,3,452,0
passenger1294,1,22,420,869,904,449,35,484,0
passenger1295,1,18,420,869,898,449,29,478,0
passenger1296,1,3,420,869,875,449,6,455,0
passenger1297,1,22,420,869,904,449,35,484,0
passenger1298,1,2,421,869,872,448,3,451,0
passenger1299,1,15,421,869,893,448,24,472,0
passenger1300,1,13,422,869,887,447,18,465,0
passenger1301,1,14,422,869,890,447,21,468,0
passenger1302,1,24,422,927,966,505,39,544,0
passenger1303,1,24,423,927,966,504,39,543,0
passenger1304,1,8,424,927,940,503,13,516,0
passenger1305,1,15,425,927,951,502,24,526,0
passenger1306,1,25,425,927,969,502,42,544,0
passenger1307,1,19,426,610,642,184,32,216,4
passenger1308,1,23,426,678,720,252,42,294,4
passenger1309,1,12,426,678,697,252,19,271,4
passenger1310,1,8,426,678,689,252,11,263,4
passenger1311,1,14,426,678,703,252,25,277,4
passenger1312,1,21,427,663,699,236,36,272,7
passenger1313,1,24,427,663,704,236,41,277,7
passenger1314,1,18,427,678,711,251,33,284,4
passenger1315,1,18,429,663,694,234,31,265,7
passenger1316,1,14,429,663,688,234,25,259,7
passenger1317,1,9,429,663,677,234,14,248,7
passenger1318,1,12,429,663,682,234,19,253,7
passenger1319,1,13,429,663,685,234,22,256,7
passenger1320,1,21,429,663,699,234,36,270,7
passenger1321,1,15,430,509,531,79,22,101,8
passenger1322,1,21,430,509,541,79,32,111,8
passenger1323,1,2,430,571,574,141,3,144,8
passenger1324,1,20,430,571,602,141,31,172,8
passenger1325,1,14,431,571,592,140,21,161,8
passenger1326,1,25,431,571,613,140,42,182,8
passenger1327,1,13,431,571,589,140,18,158,8
passenger1328,1,13,431,571,589,140,18,158,8
passenger1329,1,5,431,571,579,140,8,148,8
passenger1330,1,21,432,571,605,139,34,173,8
passenger1331,1,18,433,571,598,138,27,165,8
passenger1332,1,22,434,571,608,137,37,174,8
passenger1333,1,4,434,639,646,205,7,212,8
passenger1334,1,7,435,639,651,204,12,216,8
passenger1335,1,23,435,639,677,204,38,242,8
passenger1336,1,3,435,639,643,204,4,208,8
passenger1337,1,14,436,639,664,203,25,228,8
passenger1338,1,11,436,639,659,203,20,223,8
passenger1339,1,24,436,639,680,203,41,244,8
passenger1340,1,22,436,639,674,203,35,238,8
passenger1341,1,23,436,639,677,203,38,241,8
passenger1342,1,8,436,639,654,203,15,218,8
passenger1343,1,16,437,705,728,268,23,291,8
passenger1344,1,18,437,705,732,268,27,295,8
passenger1345,1,25,437,705,743,268,38,306,8
passenger1346,1,2,438,705,708,267,3,270,8
passenger1347,1,25,439,705,743,266,38,304,8
passenger1348,1,10,439,705,720,266,15,281,8
passenger1349,1,5,439,705,713,266,8,274,8
passenger1350,1,16,439,705,728,266,23,289,8
passenger1351,1,20,440,705,736,265,31,296,8
passenger1352,1,5,440,705,713,265,8,273,8
passenger1353,1,2,440,769,772,329,3,332,8
passenger1354,1,23,441,769,801,328,32,360,8
passenger1355,1,24,441,769,804,328,35,363,8
passenger1356,1,5,441,769,777,328,8,336,8
passenger1357,1,23,442,769,801,327,32,359,8
passenger1358,1,23,442,769,801,327,32,359,8
passenger1359,1,25,442,769,807,327,38,365,8
passenger1360,1,7,442,769,781,327,12,339,8
passenger1361,1,15,443,769,791,326,22,348,8
passenger1362,1,25,443,769,807,326,38,364,8
passenger1363,1,23,443,833,869,390,36,426,8
passenger1364,1,16,444,833,858,389,25,414,8
passenger1365,1,6,444,833,844,389,11,400,8
passenger1366,1,4,445,833,840,388,7,395,8
passenger1367,1,8,445,833,848,388,15,403,8
passenger1368,1,3,445,833,837,388,4,392,8
passenger1369,1,6,446,833,844,387,11,398,8
passenger1370,1,3,446,833,837,387,4,391,8
passenger1371,1,20,446,833,864,387,31,418,8
passenger1372,1,16,446,833,858,387,25,412,8
passenger1373,1,14,446,893,914,447,21,468,8
passenger1374,1,21,446,893,925,447,32,479,8
passenger1375,1,11,447,893,907,446,14,460,8
passenger1376,1,11,447,893,907,446,14,460,8
passenger1377,1,6,447,893,900,446,7,453,8
passenger1378,1,12,447,893,910,446,17,463,8
passenger1379,1,6,448,893,900,445,7,452,8
passenger1380,1,16,448,893,918,445,25,470,8
passenger1381,1,25,448,893,931,445,38,483,8
passenger1382,1,14,448,893,914,445,21,466,8
passenger1383,1,9,448,957,973,509,16,525,8
passenger1384,1,18,448,957,986,509,29,538,8
passenger1385,1,21,449,957,993,508,36,544,8
passenger1386,1,13,450,957,979,507,22,529,8
passenger1387,1,8,451,957,970,506,13,519,8
passenger1388,1,19,451,957,989,506,32,538,8
passenger1389,1,6,451,957,966,506,9,515,8
passenger1390,1,25,452,520,562,68,42,110,10
passenger1391,1,9,452,520,536,68,16,84,10
passenger1392,1,10,452,520,539,68,19,87,10
passenger1393,1,19,453,520,552,67,32,99,10
passenger1394,1,2,453,520,523,67,3,70,10
passenger1395,1,6,453,520,531,67,11,78,10
passenger1396,1,5,453,588,594,135,6,141,10
passenger1397,1,11,454,588,608,134,20,154,10
passenger1398,1,15,454,588,614,134,26,160,10
passenger1399,1,6,454,588,597,134,9,143,10
passenger1400,1,10,454,588,605,134,17,151,10
passenger1401,1,20,454,588,623,134,35,169,10
passenger1402,1,24,454,588,629,134,41,175,10
passenger1403,1,2,455,679,682,224,3,227,9
passenger1404,1,17,455,679,709,224,30,254,9
passenger1405,1,2,456,1203,1206,747,3,750,6
passenger1406,1,14,456,1203,1224,747,21,768,6
passenger1407,1,23,456,1203,1239,747,36,783,6
passenger1408,1,21,456,1203,1235,747,32,779,6
passenger1409,1,7,456,1203,1213,747,10,757,6
passenger1410,1,8,456,1203,1216,747,13,760,6
passenger1411,1,20,456,1203,1232,747,29,776,6
passenger1412,1,21,457,1203,1235,746,32,778,6
passenger1413,1,8,457,1203,1216,746,13,759,6
passenger1414,1,2,457,1263,1266,806,3,809,6
passenger1415,1,12,457,1263,1284,806,21,827,6
passenger1416,1,16,457,1263,1292,806,29,835,6
passenger1417,1,12,457,1263,1284,806,21,827,6
passenger1418,1,24,457,1263,1304,806,41,847,6
passenger1419,1,21,458,629,661,171,32,203,13
passenger1420,1,20,458,629,658,171,29,200,13
passenger1421,1,2,459,629,632,170,3,173,13
passenger1422,1,22,459,629,664,170,35,205,13
passenger1423,1,20,459,629,658,170,29,199,13
passenger1424,1,11,459,629,645,170,16,186,13
passenger1425,1,16,459,629,652,170,23,193,13
passenger1426,1,21,460,629,661,169,32,201,13
passenger1427,1,23,461,629,667,168,38,206,13
passenger1428,1,15,461,691,713,230,22,252,13
passenger1429,1,2,461,691,694,230,3,233,13
passenger1430,1,16,462,691,716,229,25,254,13
passenger1431,1,18,462,691,720,229,29,258,13
passenger1432,1,3,463,691,697,228,6,234,13
passenger1433,1,21,463,691,725,228,34,262,13
passenger1434,1,6,464,913,922,449,9,458,3
passenger1435,1,23,465,913,953,448,40,488,3
passenger1436,1,15,467,983,1009,516,26,542,3
passenger1437,1,9,467,983,999,516,16,532,3
passenger1438,1,3,467,983,989,516,6,522,3
passenger1439,1,2,468,983,986,515,3,518,3
passenger1440,1,19,469,983,1015,514,32,546,3
passenger1441,1,11,469,983,1003,514,20,534,3
passenger1442,1,22,470,983,1020,513,37,550,3
passenger1443,1,7,470,983,995,513,12,525,3
passenger1444,1,24,470,983,1024,513,41,554,3
passenger1445,1,24,471,983,1024,512,41,553,3
passenger1446,1,4,471,1049,1056,578,7,585,3
passenger1447,1,17,471,1049,1077,578,28,606,3
passenger1448,1,24,471,1049,1090,578,41,619,3
passenger1449,1,9,471,1049,1065,578,16,594,3
passenger1450,1,3,472,1049,1053,577,4,581,3
passenger1451,1,23,472,1049,1087,577,38,615,3
passenger1452,1,13,472,1049,1071,577,22,599,3
passenger1453,1,2,474,478,481,4,3,7,1
passenger1454,1,22,474,478,517,4,39,43,1
passenger1455,1,18,475,478,507,3,29,32,1
passenger1456,1,3,475,540,546,65,6,71,1
passenger1457,1,8,475,540,553,65,13,78,1
passenger1458,1,2,475,540,543,65,3,68,1
passenger1459,1,24,475,540,579,65,39,104,1
passenger1460,1,2,475,540,543,65,3,68,1
passenger1461,1,21,476,540,572,64,32,96,1
passenger1462,1,14,476,540,561,64,21,85,1
passenger1463,1,15,476,540,564,64,24,88,1
passenger1464,1,21,477,540,572,63,32,95,1
passenger1465,1,23,477,540,576,63,36,99,1
passenger1466,1,5,478,604,614,126,10,136,1
passenger1467,1,2,478,604,607,126,3,129,1
passenger1468,1,4,478,604,611,126,7,133,1
passenger1469,1,18,479,604,635,125,31,156,1
passenger1470,1,15,480,604,630,124,26,150,1
passenger1471,1,4,480,604,611,124,7,131,1
passenger1472,1,7,481,731,743,250,12,262,2
passenger1473,1,14,481,731,758,250,27,277,2
passenger1474,1,19,481,773,799,292,26,318,2
passenger1475,1,10,481,773,784,292,11,303,2
passenger1476,1,24,481,773,810,292,37,329,2
passenger1477,1,25,482,773,813,291,40,331,2
passenger1478,1,20,482,773,802,291,29,320,2
passenger1479,1,12,482,773,788,291,15,306,2
passenger1480,1,23,482,773,807,291,34,325,2
passenger1481,1,19,482,773,799,291,26,317,2
passenger1482,1,14,483,773,792,290,19,309,2
passenger1483,1,12,483,773,788,290,15,305,2
passenger1484,1,21,484,839,875,355,36,391,2
passenger1485,1,15,484,839,863,355,24,379,2
passenger1486,1,6,484,839,850,355,11,366,2
passenger1487,1,25,484,839,881,355,42,397,2
passenger1488,1,3,484,839,845,355,6,361,2
passenger1489,1,18,485,839,870,354,31,385,2
passenger1490,1,17,485,839,867,354,28,382,2
passenger1491,1,16,486,927,954,441,27,468,0
passenger1492,1,3,486,927,931,441,4,445,0
passenger1493,1,13,486,927,947,441,20,461,0
passenger1494,1,23,486,927,963,441,36,477,0
passenger1495,1,7,486,927,937,441,10,451,0
passenger1496,1,18,487,995,1024,508,29,537,0
passenger1497,1,22,487,995,1030,508,35,543,0
passenger1498,1,24,487,995,1034,508,39,547,0
passenger1499,1,14,487,995,1018,508,23,531,0
passenger1500,1,9,488,995,1007,507,12,519,0
passenger1501,1,18,488,995,1024,507,29,536,0
passenger1502,1,13,488,995,1015,507,20,527,0
passenger1503,1,17,489,729,751,240,22,262,7
passenger1504,1,19,489,729,755,240,26,266,7
passenger1505,1,19,490,729,755,239,26,265,7
passenger1506,1,7,490,729,737,239,8,247,7
passenger1507,1,20,490,729,758,239,29,268,7
passenger1508,1,15,491,729,747,238,18,256,7
passenger1509,1,24,491,729,766,238,37,275,7
passenger1510,1,17,491,729,751,238,22,260,7
passenger1511,1,23,491,729,763,238,34,272,7
passenger1512,1,25,491,729,769,238,40,278,7
passenger1513,1,25,491,795,835,304,40,344,7
passenger1514,1,19,492,678,714,186,36,222,4
passenger1515,1,16,492,678,707,186,29,215,4
passenger1516,1,4,492,678,683,186,5,191,4
passenger1517,1,11,493,678,694,185,16,201,4
passenger1518,1,13,494,678,700,184,22,206,4
passenger1519,1,20,495,679,716,184,37,221,9
passenger1520,1,16,495,679,706,184,27,211,9
passenger1521,1,12,495,679,698,184,19,203,9
passenger1522,1,5,497,679,687,182,8,190,9
passenger1523,1,19,497,737,771,240,34,274,9
passenger1524,1,12,497,737,756,240,19,259,9
passenger1525,1,2,499,957,960,458,3,461,8
passenger1526,1,8,499,957,970,458,13,471,8
passenger1527,1,23,500,957,997,457,40,497,8
passenger1528,1,4,500,1021,1026,521,5,526,8
passenger1529,1,11,500,1021,1041,521,20,541,8
passenger1530,1,14,500,1021,1048,521,27,548,8
passenger1531,1,4,501,1021,1026,520,5,525,8
passenger1532,1,5,501,1021,1029,520,8,528,8
passenger1533,1,24,501,1021,1062,520,41,561,8
passenger1534,1,16,502,1021,1052,519,31,550,8
passenger1535,1,7,502,1021,1035,519,14,533,8
passenger1536,1,6,503,1021,1032,518,11,529,8
passenger1537,1,12,503,1021,1044,518,23,541,8
passenger1538,1,19,503,1087,1115,584,28,612,8
passenger1539,1,19,503,1087,1115,584,28,612,8
passenger1540,1,6,503,1087,1096,584,9,593,8
passenger1541,1,19,503,1087,1115,584,28,612,8
passenger1542,1,23,503,1087,1123,584,36,620,8
passenger1543,1,7,504,1087,1099,583,12,595,8
passenger1544,1,2,504,1087,1090,583,3,586,8
passenger1545,1,25,505,1087,1127,582,40,622,8
passenger1546,1,14,505,1087,1108,582,21,603,8
passenger1547,1,20,506,1087,1118,581,31,612,8
passenger1548,1,9,506,1153,1167,647,14,661,8
passenger1549,1,9,506,1153,1167,647,14,661,8
passenger1550,1,7,506,1153,1163,647,10,657,8
passenger1551,1,7,506,1153,1163,647,10,657,8
passenger1552,1,13,507,1153,1173,646,20,666,8
passenger1553,1,4,508,1153,1158,645,5,650,8
passenger1554,1,22,508,1153,1186,645,33,678,8
passenger1555,1,14,508,1153,1176,645,23,668,8
passenger1556,1,23,509,1153,1189,644,36,680,8
passenger1557,1,14,509,1153,1176,644,23,667,8
passenger1558,1,9,509,1213,1227,704,14,718,8
passenger1559,1,14,509,1213,1234,704,21,725,8
passenger1560,1,5,510,1213,1219,703,6,709,8
passenger1561,1,21,510,1213,1249,703,36,739,8
passenger1562,1,19,510,1213,1245,703,32,735,8
passenger1563,1,5,510,1213,1219,703,6,709,8
passenger1564,1,15,511,1213,1237,702,24,726,8
passenger1565,1,14,511,1213,1234,702,21,723,8
passenger1566,1,6,511,1213,1222,702,9,711,8
passenger1567,1,4,512,1263,1270,751,7,758,6
passenger1568,1,20,513,1263,1298,750,35,785,6
passenger1569,1,8,513,1263,1278,750,15,765,6
passenger1570,1,14,513,1263,1288,750,25,775,6
passenger1571,1,7,514,1263,1275,749,12,761,6
passenger1572,1,17,514,1329,1361,815,32,847,6
passenger1573,1,3,514,1329,1333,815,4,819,6
passenger1574,1,10,515,1329,1346,814,17,831,6
passenger1575,1,15,515,1329,1355,814,26,840,6
passenger1576,1,12,515,1329,1350,814,21,835,6
passenger1577,1,16,515,1329,1358,814,29,843,6
passenger1578,1,6,515,1329,1338,814,9,823,6
passenger1579,1,12,516,722,743,206,21,227,5
passenger1580,1,20,516,722,755,206,33,239,5
passenger1581,1,10,517,722,737,205,15,220,5
passenger1582,1,5,517,722,730,205,8,213,5
passenger1583,1,22,518,722,759,204,37,241,5
passenger1584,1,20,518,722,755,204,33,237,5
passenger1585,1,18,518,790,815,272,25,297,5
passenger1586,1,21,518,790,824,272,34,306,5
passenger1587,1,20,519,790,821,271,31,302,5
passenger1588,1,19,519,790,818,271,28,299,5
passenger1589,1,14,519,790,809,271,19,290,5
passenger1590,1,2,519,790,793,271,3,274,5
passenger1591,1,16,520,588,617,68,29,97,10
passenger1592,1,8,520,588,601,68,13,81,10
passenger1593,1,20,521,588,623,67,35,102,10
passenger1594,1,13,522,654,674,132,20,152,10
passenger1595,1,23,522,654,686,132,32,164,10
passenger1596,1,16,523,691,716,168,25,193,13
passenger1597,1,15,524,691,713,167,22,189,13
passenger1598,1,24,525,691,730,166,39,205,13
passenger1599,1,13,525,691,709,166,18,184,13
passenger1600,1,11,526,755,773,229,18,247,13
passenger1601,1,10,526,755,770,229,15,244,13
passenger1602,1,23,527,755,795,228,40,268,13
passenger1603,1,20,528,755,790,227,35,262,13
passenger1604,1,5,528,755,763,227,8,235,13
passenger1605,1,13,528,755,777,227,22,249,13
passenger1606,1,10,528,755,770,227,15,242,13
passenger1607,1,17,528,755,783,227,28,255,13
passenger1608,1,3,529,755,759,226,4,230,13
passenger1609,1,19,529,755,787,226,32,258,13
passenger1610,1,19,529,819,851,290,32,322,13
passenger1611,1,7,529,819,831,290,12,302,13
passenger1612,1,5,529,819,827,290,8,298,13
passenger1613,1,17,529,819,847,290,28,318,13
passenger1614,1,8,530,1049,1062,519,13,532,3
passenger1615,1,24,530,1049,1090,519,41,560,3
passenger1616,1,20,530,1049,1082,519,33,552,3
passenger1617,1,24,531,1115,1154,584,39,623,3
passenger1618,1,14,531,1115,1136,584,21,605,3
passenger1619,1,24,531,1115,1154,584,39,623,3
passenger1620,1,2,533,839,842,306,3,309,2
passenger1621,1,8,533,839,854,306,15,321,2
passenger1622,1,2,533,839,842,306,3,309,2
passenger1623,1,18,533,907,940,374,33,407,2
passenger1624,1,14,534,907,930,373,23,396,2
passenger1625,1,8,534,907,920,373,13,386,2
passenger1626,1,9,535,907,923,372,16,388,2
passenger1627,1,17,535,907,937,372,30,402,2
passenger1628,1,6,536,907,914,371,7,378,2
passenger1629,1,14,536,907,930,371,23,394,2
passenger1630,1,16,536,907,934,371,27,398,2
passenger1631,1,7,536,907,917,371,10,381,2
passenger1632,1,7,537,907,917,370,10,380,2
passenger1633,1,10,537,959,974,422,15,437,2
passenger1634,1,16,537,959,988,422,29,451,2
passenger1635,1,8,538,959,970,421,11,432,2
passenger1636,1,11,538,959,977,421,18,439,2
passenger1637,1,15,539,959,985,420,26,446,2
passenger1638,1,6,539,959,966,420,7,427,2
passenger1639,1,15,539,959,985,420,26,446,2
passenger1640,1,5,540,604,614,64,10,74,1
passenger1641,1,5,540,604,614,64,10,74,1
passenger1642,1,7,540,604,618,64,14,78,1
passenger1643,1,8,540,604,621,64,17,81,1
passenger1644,1,2,540,654,657,114,3,117,1
passenger1645,1,25,541,654,692,113,38,151,1
passenger1646,1,9,541,654,670,113,16,129,1
passenger1647,1,21,541,654,684,113,30,143,1
passenger1648,1,23,542,654,688,112,34,146,1
passenger1649,1,21,542,654,684,112,30,142,1
passenger1650,1,21,542,654,684,112,30,142,1
passenger1651,1,4,543,744,751,201,7,208,4
passenger1652,1,10,544,744,761,200,17,217,4
passenger1653,1,19,544,744,776,200,32,232,4
passenger1654,1,15,545,744,770,199,26,225,4
passenger1655,1,2,545,744,747,199,3,202,4
passenger1656,1,15,546,744,770,198,26,224,4
passenger1657,1,21,546,744,780,198,36,234,4
passenger1658,1,21,546,744,780,198,36,234,4
passenger1659,1,11,546,744,764,198,20,218,4
passenger1660,1,7,547,744,756,197,12,209,4
passenger1661,1,9,547,802,816,255,14,269,4
passenger1662,1,9,548,802,816,254,14,268,4
passenger1663,1,10,548,802,819,254,17,271,4
passenger1664,1,9,549,995,1007,446,12,458,0
passenger1665,1,12,549,995,1012,446,17,463,0
passenger1666,1,2,549,995,998,446,3,449,0
passenger1667,1,8,550,795,808,245,13,258,7
passenger1668,1,9,550,795,811,245,16,261,7
passenger1669,1,5,550,795,803,245,8,253,7
passenger1670,1,23,551,795,831,244,36,280,7
passenger1671,1,18,551,795,824,244,29,273,7
passenger1672,1,23,551,795,831,244,36,280,7
passenger1673,1,15,552,795,819,243,24,267,7
passenger1674,1,4,552,795,800,243,5,248,7
passenger1675,1,23,552,795,831,243,36,279,7
passenger1676,1,12,554,861,882,307,21,328,7
passenger1677,1,18,554,861,894,307,33,340,7
passenger1678,1,11,554,861,879,307,18,325,7
passenger1679,1,13,555,861,885,306,24,330,7
passenger1680,1,13,555,861,885,306,24,330,7
passenger1681,1,8,555,861,874,306,13,319,7
passenger1682,1,15,555,861,889,306,28,334,7
passenger1683,1,19,556,861,897,305,36,341,7
passenger1684,1,2,556,861,864,305,3,308,7
passenger1685,1,5,556,861,869,305,8,313,7
passenger1686,1,22,557,917,954,360,37,397,7
passenger1687,1,15,557,917,941,360,24,384,7
passenger1688,1,25,558,917,959,359,42,401,7
passenger1689,1,16,558,917,944,359,27,386,7
passenger1690,1,17,559,737,765,178,28,206,9
passenger1691,1,23,559,737,777,178,40,218,9
passenger1692,1,17,559,737,765,178,28,206,9
passenger1693,1,9,559,737,749,178,12,190,9
passenger1694,1,14,560,737,760,177,23,200,9
passenger1695,1,7,560,737,745,177,8,185,9
passenger1696,1,10,560,737,752,177,15,192,9
passenger1697,1,18,560,737,768,177,31,208,9
passenger1698,1,5,560,801,811,241,10,251,9
passenger1699,1,18,561,801,832,240,31,271,9
passenger1700,1,16,561,801,828,240,27,267,9
passenger1701,1,9,561,801,817,240,16,256,9
passenger1702,1,3,561,801,805,240,4,244,9
passenger1703,1,18,562,1213,1242,651,29,680,8
passenger1704,1,21,562,1271,1307,709,36,745,8
passenger1705,1,19,562,1271,1303,709,32,741,8
passenger1706,1,12,563,1271,1292,708,21,729,8
passenger1707,1,17,563,1271,1299,708,28,736,8
passenger1708,1,11,563,1271,1289,708,18,726,8
passenger1709,1,10,563,1271,1286,708,15,723,8
passenger1710,1,9,563,1271,1283,708,12,720,8
passenger1711,1,7,563,1271,1279,708,8,716,8
passenger1712,1,25,563,1271,1313,708,42,750,8
passenger1713,1,17,564,1271,1299,707,28,735,8
passenger1714,1,6,564,1339,1348,775,9,784,8
passenger1715,1,22,564,1339,1372,775,33,808,8
passenger1716,1,5,564,1339,1345,775,6,781,8
passenger1717,1,16,565,1339,1362,774,23,797,8
passenger1718,1,5,565,1339,1345,774,6,780,8
passenger1719,1,10,566,1339,1354,773,15,788,8
passenger1720,1,17,567,1339,1365,772,26,798,8
passenger1721,1,25,567,1339,1379,772,40,812,8
passenger1722,1,25,567,1339,1379,772,40,812,8
passenger1723,1,23,568,1339,1375,771,36,807,8
passenger1724,1,7,568,1405,1419,837,14,851,8
passenger1725,1,4,568,1405,1414,837,9,846,8
passenger1726,1,23,568,1405,1441,837,36,873,8
passenger1727,1,24,570,1405,1444,835,39,874,8
passenger1728,1,8,572,1405,1422,833,17,850,8
passenger1729,1,2,572,1405,1408,833,3,836,8
passenger1730,1,17,572,1405,1433,833,28,861,8
passenger1731,1,3,572,1405,1411,833,6,839,8
passenger1732,1,2,572,1405,1408,833,3,836,8
passenger1733,1,24,572,1405,1444,833,39,872,8
passenger1734,1,13,573,1469,1487,896,18,914,8
passenger1735,1,4,573,1469,1474,896,5,901,8
passenger1736,1,17,573,1469,1495,896,26,922,8
passenger1737,1,10,573,1469,1482,896,13,909,8
passenger1738,1,14,573,1469,1490,896,21,917,8
passenger1739,1,23,574,1329,1369,755,40,795,6
passenger1740,1,7,574,1329,1341,755,12,767,6
passenger1741,1,17,575,1329,1361,754,32,786,6
passenger1742,1,21,575,1393,1425,818,32,850,6
passenger1743,1,12,576,1393,1406,817,13,830,6
passenger1744,1,25,576,1393,1435,817,42,859,6
passenger1745,1,12,577,1393,1406,816,13,829,6
passenger1746,1,13,578,1393,1409,815,16,831,6
passenger1747,1,23,579,1393,1431,814,38,852,6
passenger1748,1,17,579,1393,1415,814,22,836,6
passenger1749,1,22,580,1393,1428,813,35,848,6
passenger1750,1,20,580,1393,1422,813,29,842,6
passenger1751,1,19,580,1393,1419,813,26,839,6
passenger1752,1,7,580,1461,1473,881,12,893,6
passenger1753,1,11,580,1461,1483,881,22,903,6
passenger1754,1,22,581,1461,1502,880,41,921,6
passenger1755,1,16,581,1461,1490,880,29,909,6
passenger1756,1,8,581,1461,1476,880,15,895,6
passenger1757,1,9,581,1461,1479,880,18,898,6
passenger1758,1,20,581,1461,1498,880,37,917,6
passenger1759,1,6,582,1461,1470,879,9,888,6
passenger1760,1,4,583,819,824,236,5,241,13
passenger1761,1,20,583,819,854,236,35,271,13
passenger1762,1,8,583,819,834,236,15,251,13
passenger1763,1,20,584,819,854,235,35,270,13
passenger1764,1,14,584,819,842,235,23,258,13
passenger1765,1,25,584,819,861,235,42,277,13
passenger1766,1,14,585,887,914,302,27,329,13
passenger1767,1,22,586,790,827,204,37,241,5
passenger1768,1,22,586,790,827,204,37,241,5
passenger1769,1,7,586,790,800,204,10,214,5
passenger1770,1,25,587,790,832,203,42,245,5
passenger1771,1,19,587,858,886,271,28,299,5
passenger1772,1,4,587,858,863,271,5,276,5
passenger1773,1,2,588,654,657,66,3,69,10
passenger1774,1,8,589,654,665,65,11,76,10
passenger1775,1,2,589,654,657,65,3,68,10
passenger1776,1,10,589,654,669,65,15,80,10
passenger1777,1,25,589,654,690,65,36,101,10
passenger1778,1,13,589,654,674,65,20,85,10
passenger1779,1,2,590,654,657,64,3,67,10
passenger1780,1,13,590,654,674,64,20,84,10
passenger1781,1,7,590,716,724,126,8,134,10
passenger1782,1,22,591,1115,1150,524,35,559,3
passenger1783,1,4,591,1115,1122,524,7,531,3
passenger1784,1,20,592,1115,1146,523,31,554,3
passenger1785,1,12,592,1115,1132,523,17,540,3
passenger1786,1,2,592,1115,1118,523,3,526,3
passenger1787,1,18,593,1115,1142,522,27,549,3
passenger1788,1,12,593,1115,1132,522,17,539,3
passenger1789,1,20,593,1179,1214,586,35,621,3
passenger1790,1,16,596,959,988,363,29,392,2
passenger1791,1,20,596,959,994,363,35,398,2
passenger1792,1,13,597,959,981,362,22,384,2
passenger1793,1,2,597,1015,1018,418,3,421,2
passenger1794,1,5,598,1015,1025,417,10,427,2
passenger1795,1,13,598,1015,1039,417,24,441,2
passenger1796,1,11,599,1015,1033,416,18,434,2
passenger1797,1,21,599,1015,1051,416,36,452,2
passenger1798,1,11,599,1015,1033,416,18,434,2
passenger1799,1,22,600,917,954,317,37,354,7
passenger1800,1,6,600,917,926,317,9,326,7
passenger1801,1,11,601,917,935,316,18,334,7
passenger1802,1,20,601,917,950,316,33,349,7
passenger1803,1,4,601,917,922,316,5,321,7
passenger1804,1,9,601,917,931,316,14,330,7
passenger1805,1,20,601,985,1012,384,27,411,7
passenger1806,1,16,601,985,1006,384,21,405,7
passenger1807,1,20,602,985,1012,383,27,410,7
passenger1808,1,14,602,985,1002,383,17,400,7
passenger1809,1,22,602,985,1016,383,31,414,7
passenger1810,1,23,602,985,1019,383,34,417,7
passenger1811,1,25,602,985,1023,383,38,421,7
passenger1812,1,4,603,985,990,382,5,387,7
passenger1813,1,16,603,985,1006,382,21,403,7
passenger1814,1,4,604,654,661,50,7,57,1
passenger1815,1,7,605,654,666,49,12,61,1
passenger1816,1,9,605,654,670,49,16,65,1
passenger1817,1,17,606,718,742,112,24,136,1
passenger1818,1,12,606,718,733,112,15,127,1
passenger1819,1,22,606,718,753,112,35,147,1
passenger1820,1,9,607,802,816,195,14,209,4
passenger1821,1,16,608,802,827,194,25,219,4
passenger1822,1,20,608,802,835,194,33,227,4
passenger1823,1,25,608,802,842,194,40,234,4
passenger1824,1,7,608,802,812,194,10,204,4
passenger1825,1,19,608,802,832,194,30,224,4
passenger1826,1,4,608,802,807,194,5,199,4
passenger1827,1,15,609,868,888,259,20,279,4
passenger1828,1,11,609,868,882,259,14,273,4
passenger1829,1,25,609,868,908,259,40,299,4
passenger1830,1,20,609,868,897,259,29,288,4
passenger1831,1,24,609,868,905,259,37,296,4
passenger1832,1,22,609,868,901,259,33,292,4
passenger1833,1,11,610,868,882,258,14,272,4
passenger1834,1,19,610,868,894,258,26,284,4
passenger1835,1,2,610,868,871,258,3,261,4
passenger1836,1,15,612,868,888,256,20,276,4
passenger1837,1,3,612,934,938,322,4,326,4
passenger1838,1,19,612,934,964,322,30,352,4
passenger1839,1,25,612,934,974,322,40,362,4
passenger1840,1,18,612,934,961,322,27,349,4
passenger1841,1,22,613,1059,1096,446,37,483,0
passenger1842,1,7,613,1059,1067,446,8,454,0
passenger1843,1,25,613,1059,1101,446,42,488,0
passenger1844,1,15,613,1059,1079,446,20,466,0
passenger1845,1,18,614,1059,1088,445,29,474,0
passenger1846,1,20,614,1059,1092,445,33,478,0
passenger1847,1,17,614,1059,1085,445,26,471,0
passenger1848,1,9,614,1059,1071,445,12,457,0
passenger1849,1,16,615,1059,1082,444,23,467,0
passenger1850,1,17,615,1059,1085,444,26,470,0
passenger1851,1,22,615,1127,1164,512,37,549,0
passenger1852,1,13,615,1127,1149,512,22,534,0
passenger1853,1,14,616,1127,1152,511,25,536,0
passenger1854,1,14,616,1127,1152,511,25,536,0
passenger1855,1,4,616,1127,1134,511,7,518,0
passenger1856,1,4,616,1127,1134,511,7,518,0
passenger1857,1,2,616,1127,1130,511,3,514,0
passenger1858,1,17,617,1127,1157,510,30,540,0
passenger1859,1,12,618,1127,1146,509,19,528,0
passenger1860,1,22,619,801,838,182,37,219,9
passenger1861,1,18,619,801,832,182,31,213,9
passenger1862,1,5,619,801,811,182,10,192,9
passenger1863,1,4,620,801,808,181,7,188,9
passenger1864,1,10,621,801,820,180,19,199,9
passenger1865,1,24,621,861,896,240,35,275,9
passenger1866,1,3,621,861,865,240,4,244,9
passenger1867,1,6,621,861,870,240,9,249,9
passenger1868,1,2,622,887,890,265,3,268,13
passenger1869,1,11,622,887,907,265,20,285,13
passenger1870,1,25,622,887,929,265,42,307,13
passenger1871,1,18,623,887,920,264,33,297,13
passenger1872,1,13,623,887,911,264,24,288,13
passenger1873,1,5,623,887,895,264,8,272,13
passenger1874,1,10,623,887,904,264,17,281,13
passenger1875,1,14,623,887,914,264,27,291,13
passenger1876,1,8,624,887,900,263,13,276,13
passenger1877,1,18,625,955,986,330,31,361,13
passenger1878,1,25,625,955,997,330,42,372,13
passenger1879,1,6,625,955,966,330,11,341,13
passenger1880,1,8,625,955,972,330,17,347,13
passenger1881,1,5,626,955,963,329,8,337,13
passenger1882,1,19,626,955,989,329,34,363,13
passenger1883,1,13,626,955,979,329,24,353,13
passenger1884,1,8,626,955,972,329,17,346,13
passenger1885,1,7,626,955,969,329,14,343,13
passenger1886,1,3,626,955,959,329,4,333,13
passenger1887,1,13,627,1023,1047,396,24,420,13
passenger1888,1,18,628,1023,1054,395,31,426,13
passenger1889,1,7,628,1023,1035,395,12,407,13
passenger1890,1,2,629,1023,1026,394,3,397,13
passenger1891,1,13,629,1023,1047,394,24,418,13
passenger1892,1,18,630,1023,1054,393,31,424,13
passenger1893,1,10,630,1023,1042,393,19,412,13
passenger1894,1,8,630,1023,1038,393,15,408,13
passenger1895,1,5,630,1023,1031,393,8,401,13
passenger1896,1,19,631,1023,1057,392,34,426,13
passenger1897,1,22,631,1077,1114,446,37,483,13
passenger1898,1,20,631,1077,1110,446,33,479,13
passenger1899,1,14,631,1077,1100,446,23,469,13
passenger1900,1,19,631,1077,1107,446,30,476,13
passenger1901,1,11,631,1077,1093,446,16,462,13
passenger1902,1,2,631,1077,1080,446,3,449,13
passenger1903,1,10,632,1469,1482,837,13,850,8
passenger1904,1,18,632,1469,1498,837,29,866,8
passenger1905,1,17,632,1469,1495,837,26,863,8
passenger1906,1,25,632,1469,1507,837,38,875,8
passenger1907,1,25,633,1469,1507,836,38,874,8
passenger1908,1,7,633,1533,1547,900,14,914,8
passenger1909,1,2,633,1533,1536,900,3,903,8
passenger1910,1,8,634,1533,1550,899,17,916,8
passenger1911,1,23,634,1533,1573,899,40,939,8
passenger1912,1,21,635,1533,1569,898,36,934,8
passenger1913,1,4,635,1533,1540,898,7,905,8
passenger1914,1,5,635,1533,1543,898,10,908,8
passenger1915,1,15,636,1533,1559,897,26,923,8
passenger1916,1,17,636,1533,1563,897,30,927,8
passenger1917,1,25,636,1533,1577,897,44,941,8
passenger1918,1,20,636,1603,1638,967,35,1002,8
passenger1919,1,7,637,1603,1615,966,12,978,8
passenger1920,1,2,638,1603,1606,965,3,968,8
passenger1921,1,17,638,1603,1633,965,30,995,8
passenger1922,1,15,639,1603,1629,964,26,990,8
passenger1923,1,24,639,1603,1644,964,41,1005,8
passenger1924,1,15,639,1603,1629,964,26,990,8
passenger1925,1,14,639,1603,1626,964,23,987,8
passenger1926,1,9,639,1603,1619,964,16,980,8
passenger1927,1,4,641,1603,1610,962,7,969,8
passenger1928,1,23,641,1669,1707,1028,38,1066,8
passenger1929,1,21,641,1669,1703,1028,34,1062,8
passenger1930,1,5,642,1461,1467,819,6,825,6
passenger1931,1,18,642,1461,1494,819,33,852,6
passenger1932,1,10,642,1525,1542,883,17,900,6
passenger1933,1,12,642,1525,1546,883,21,904,6
passenger1934,1,22,642,1525,1560,883,35,918,6
passenger1935,1,22,642,1525,1560,883,35,918,6
passenger1936,1,6,642,1525,1534,883,9,892,6
passenger1937,1,9,643,1525,1539,882,14,896,6
passenger1938,1,21,644,1525,1557,881,32,913,6
passenger1939,1,24,644,1525,1564,881,39,920,6
passenger1940,1,3,646,1525,1529,879,4,883,6
passenger1941,1,22,646,1525,1560,879,35,914,6
passenger1942,1,13,647,1589,1607,942,18,960,6
passenger1943,1,16,647,1589,1612,942,23,965,6
passenger1944,1,3,647,1589,1593,942,4,946,6
passenger1945,1,18,647,1589,1616,942,27,969,6
passenger1946,1,18,647,1589,1616,942,27,969,6
passenger1947,1,17,648,716,738,68,22,90,10
passenger1948,1,20,648,716,745,68,29,97,10
passenger1949,1,24,649,718,757,69,39,108,1
passenger1950,1,22,649,716,749,67,33,100,10
passenger1951,1,19,649,718,748,69,30,99,1
passenger1952,1,25,649,716,756,67,40,107,10
passenger1953,1,18,649,718,745,69,27,96,1
passenger1954,1,18,650,716,741,66,25,91,10
passenger1955,1,15,651,718,738,67,20,87,1
passenger1956,1,20,651,716,745,65,29,94,10
passenger1957,1,3,652,718,722,66,4,70,1
passenger1958,1,14,652,716,733,64,17,81,10
passenger1959,1,12,652,718,733,66,15,81,1
passenger1960,1,23,652,716,752,64,36,100,10
passenger1961,1,3,652,718,722,66,4,70,1
passenger1962,1,17,652,716,738,64,22,86,10
passenger1963,1,6,653,782,793,129,11,140,1
passenger1964,1,23,653,782,816,129,34,163,10
passenger1965,1,22,653,782,817,129,35,164,1
passenger1966,1,7,653,782,792,129,10,139,10
passenger1967,1,22,653,782,817,129,35,164,1
passenger1968,1,13,653,782,802,129,20,149,10
passenger1969,1,25,653,782,822,129,40,169,1
passenger1970,1,19,654,782,810,128,28,156,10
passenger1971,1,2,654,782,785,128,3,131,1
passenger1972,1,6,654,782,789,128,7,135,10
passenger1973,1,11,654,782,802,128,20,148,1
passenger1974,1,7,655,782,792,127,10,137,10
passenger1975,1,5,655,782,790,127,8,135,1
passenger1976,1,25,656,782,820,126,38,164,10
passenger1977,1,22,656,782,817,126,35,161,1
passenger1978,1,12,656,782,799,126,17,143,10
passenger1979,1,7,656,782,796,126,14,140,1
passenger1980,1,6,656,782,789,126,7,133,10
passenger1981,1,23,657,1179,1219,522,40,562,3
passenger1982,1,9,657,1179,1191,522,12,534,3
passenger1983,1,2,658,1179,1182,521,3,524,3
passenger1984,1,11,658,1179,1197,521,18,539,3
passenger1985,1,12,658,1179,1200,521,21,542,3
passenger1986,1,16,658,1179,1206,521,27,548,3
passenger1987,1,10,658,1179,1194,521,15,536,3
passenger1988,1,24,658,1179,1222,521,43,564,3
passenger1989,1,17,658,1179,1209,521,30,551,3
passenger1990,1,25,659,1247,1289,588,42,630,3
passenger1991,1,10,659,1247,1264,588,17,605,3
passenger1992,1,17,659,1247,1273,588,26,614,3
passenger1993,1,10,659,1247,1264,588,17,605,3
passenger1994,1,18,659,1247,1276,588,29,617,3
passenger1995,1,19,659,1247,1279,588,32,620,3
passenger1996,1,9,659,1247,1261,588,14,602,3
passenger1997,1,24,659,1247,1286,588,39,627,3
passenger1998,1,22,660,985,1016,325,31,356,7
passenger1999,1,23,660,1049,1087,389,38,427,7
passenger2000,1,7,661,1049,1059,388,10,398,7
passenger2001,1,19,661,1049,1079,388,30,418,7
passenger2002,1,4,661,1049,1054,388,5,393,7
passenger2003,1,4,662,1049,1054,387,5,392,7
passenger2004,1,25,662,1049,1091,387,42,429,7
passenger2005,1,5,662,1015,1025,353,10,363,2
passenger2006,1,22,663,1049,1084,386,35,421,7
passenger2007,1,12,663,1015,1036,352,21,373,2
passenger2008,1,9,663,1049,1063,386,14,400,7
passenger2009,1,3,663,1015,1021,352,6,358,2
passenger2010,1,18,664,1049,1076,385,27,412,7
passenger2011,1,19,664,1015,1047,351,32,383,2
passenger2012,1,13,664,1049,1069,385,20,405,7
passenger2013,1,21,664,1073,1105,409,32,441,2
passenger2014,1,9,664,1117,1129,453,12,465,7
passenger2015,1,15,665,1073,1097,408,24,432,2
passenger2016,1,8,665,1117,1126,452,9,461,7
passenger2017,1,15,665,1073,1097,408,24,432,2
passenger2018,1,5,666,1127,1137,461,10,471,0
passenger2019,1,13,666,1187,1207,521,20,541,0
passenger2020,1,15,666,1187,1213,521,26,547,0
passenger2021,1,15,667,1187,1213,520,26,546,0
passenger2022,1,12,667,1187,1204,520,17,537,0
passenger2023,1,17,667,1187,1217,520,30,550,0
passenger2024,1,14,667,1187,1210,520,23,543,0
passenger2025,1,8,668,1187,1198,519,11,530,0
passenger2026,1,7,668,1187,1195,519,8,527,0
passenger2027,1,17,668,1187,1217,519,30,549,0
passenger2028,1,24,668,1187,1226,519,39,558,0
passenger2029,1,20,668,1251,1282,583,31,614,0
passenger2030,1,17,669,1251,1277,582,26,608,0
passenger2031,1,24,669,1251,1292,582,41,623,0
passenger2032,1,23,669,1251,1289,582,38,620,0
passenger2033,1,14,669,1251,1270,582,19,601,0
passenger2034,1,4,670,1251,1256,581,5,586,0
passenger2035,1,17,670,1251,1277,581,26,607,0
passenger2036,1,16,670,1251,1274,581,23,604,0
passenger2037,1,8,670,1251,1262,581,11,592,0
passenger2038,1,22,670,1251,1286,581,35,616,0
passenger2039,1,22,671,1317,1354,646,37,683,0
passenger2040,1,9,671,1317,1333,646,16,662,0
passenger2041,1,13,671,1317,1343,646,26,672,0
passenger2042,1,6,672,1317,1326,645,9,654,0
passenger2043,1,6,672,1317,1326,645,9,654,0
passenger2044,1,8,673,1317,1330,644,13,657,0
passenger2045,1,10,673,1317,1336,644,19,663,0
passenger2046,1,8,674,1317,1330,643,13,656,0
passenger2047,1,5,674,1317,1323,643,6,649,0
passenger2048,1,12,674,1317,1340,643,23,666,0
passenger2049,1,16,674,1377,1404,703,27,730,0
passenger2050,1,9,675,1377,1391,702,14,716,0
passenger2051,1,14,675,1377,1400,702,23,725,0
passenger2052,1,8,675,1377,1388,702,11,713,0
passenger2053,1,18,676,1377,1410,701,33,734,0
passenger2054,1,17,676,1377,1407,701,30,731,0
passenger2055,1,25,677,1377,1421,700,44,744,0
passenger2056,1,3,677,1377,1381,700,4,704,0
passenger2057,1,22,677,1377,1416,700,39,739,0
passenger2058,1,10,678,934,949,256,15,271,4
passenger2059,1,3,678,934,938,256,4,260,4
passenger2060,1,18,679,861,888,182,27,209,9
passenger2061,1,6,679,861,870,182,9,191,9
passenger2062,1,6,680,861,870,181,9,190,9
passenger2063,1,25,680,861,899,181,38,219,9
passenger2064,1,7,680,861,873,181,12,193,9
passenger2065,1,15,681,861,883,180,22,202,9
passenger2066,1,6,681,861,870,180,9,189,9
passenger2067,1,4,682,1077,1084,395,7,402,13
passenger2068,1,2,683,1077,1080,394,3,397,13
passenger2069,1,2,683,1077,1080,394,3,397,13
passenger2070,1,13,683,1077,1097,394,20,414,13
passenger2071,1,12,684,1137,1160,453,23,476,13
passenger2072,1,2,684,1137,1140,453,3,456,13
passenger2073,1,10,684,1137,1156,453,19,472,13
passenger2074,1,8,684,1137,1152,453,15,468,13
passenger2075,1,15,684,1137,1165,453,28,481,13
passenger2076,1,25,684,1137,1181,453,44,497,13
passenger2077,1,18,684,1137,1170,453,33,486,13
passenger2078,1,24,684,1137,1178,453,41,494,13
passenger2079,1,6,685,1137,1146,452,9,461,13
passenger2080,1,7,686,1137,1149,451,12,463,13
passenger2081,1,20,686,1207,1240,521,33,554,13
passenger2082,1,9,686,1207,1221,521,14,535,13
passenger2083,1,22,686,1207,1246,521,39,560,13
passenger2084,1,13,686,1207,1229,521,22,543,13
passenger2085,1,6,687,1207,1216,520,9,529,13
passenger2086,1,22,687,1207,1246,520,39,559,13
passenger2087,1,15,688,1207,1233,519,26,545,13
passenger2088,1,21,688,1207,1243,519,36,555,13
passenger2089,1,12,688,1207,1226,519,19,538,13
passenger2090,1,5,688,1207,1213,519,6,525,13
passenger2091,1,18,689,1269,1296,580,27,607,13
passenger2092,1,4,690,1269,1274,579,5,584,13
passenger2093,1,17,690,1269,1293,579,24,603,13
passenger2094,1,12,691,1269,1286,578,17,595,13
passenger2095,1,20,691,1269,1300,578,31,609,13
passenger2096,1,22,691,1269,1304,578,35,613,13
passenger2097,1,11,691,1269,1283,578,14,592,13
passenger2098,1,23,691,1269,1307,578,38,616,13
passenger2099,1,4,692,1269,1274,577,5,582,13
passenger2100,1,4,692,1269,1274,577,5,582,13
passenger2101,1,25,693,1331,1375,638,44,682,13
passenger2102,1,15,693,1331,1355,638,24,662,13
passenger2103,1,12,693,1331,1350,638,19,657,13
passenger2104,1,5,693,1331,1339,638,8,646,13
passenger2105,1,8,693,1331,1344,638,13,651,13
passenger2106,1,18,693,1331,1362,638,31,669,13
passenger2107,1,21,693,1331,1367,638,36,674,13
passenger2108,1,23,693,1331,1371,638,40,678,13
passenger2109,1,11,694,1669,1687,975,18,993,8
passenger2110,1,12,695,1669,1690,974,21,995,8
passenger2111,1,5,696,1669,1679,973,10,983,8
passenger2112,1,3,696,1669,1673,973,4,977,8
passenger2113,1,12,697,1669,1690,972,21,993,8
passenger2114,1,15,698,1669,1695,971,26,997,8
passenger2115,1,4,698,1669,1676,971,7,978,8
passenger2116,1,11,700,1669,1687,969,18,987,8
passenger2117,1,17,700,1731,1757,1031,26,1057,8
passenger2118,1,21,700,1731,1765,1031,34,1065,8
passenger2119,1,24,701,1731,1772,1030,41,1071,8
passenger2120,1,10,701,1731,1746,1030,15,1045,8
passenger2121,1,11,701,1731,1749,1030,18,1048,8
passenger2122,1,22,702,1731,1768,1029,37,1066,8
passenger2123,1,18,702,1731,1760,1029,29,1058,8
passenger2124,1,8,702,1731,1742,1029,11,1040,8
passenger2125,1,18,702,1731,1760,1029,29,1058,8
passenger2126,1,5,702,1731,1737,1029,6,1035,8
passenger2127,1,12,702,1797,1818,1095,21,1116,8
passenger2128,1,9,703,1797,1813,1094,16,1110,8
passenger2129,1,25,703,1797,1839,1094,42,1136,8
passenger2130,1,2,704,1797,1800,1093,3,1096,8
passenger2131,1,22,704,1797,1834,1093,37,1130,8
passenger2132,1,8,704,1797,1810,1093,13,1106,8
passenger2133,1,2,704,1797,1800,1093,3,1096,8
passenger2134,1,17,704,1797,1825,1093,28,1121,8
passenger2135,1,18,706,1797,1828,1091,31,1122,8
passenger2136,1,5,706,1797,1805,1091,8,1099,8
passenger2137,1,2,706,1865,1868,1159,3,1162,8
passenger2138,1,4,707,1865,1872,1158,7,1165,8
passenger2139,1,11,707,1865,1881,1158,16,1174,8
passenger2140,1,5,708,1589,1597,881,8,889,6
passenger2141,1,18,709,1589,1616,880,27,907,6
passenger2142,1,3,709,1589,1593,880,4,884,6
passenger2143,1,20,709,1589,1620,880,31,911,6
passenger2144,1,22,709,1589,1624,880,35,915,6
passenger2145,1,19,710,1647,1671,937,24,961,6
passenger2146,1,24,710,1647,1680,937,33,970,6
passenger2147,1,24,710,1647,1680,937,33,970,6
passenger2148,1,3,710,1647,1651,937,4,941,6
passenger2149,1,10,710,1647,1660,937,13,950,6
passenger2150,1,20,710,1647,1674,937,27,964,6
passenger2151,1,10,711,1647,1660,936,13,949,6
passenger2152,1,19,711,1647,1671,936,24,960,6
passenger2153,1,20,712,1647,1674,935,27,962,6
passenger2154,1,25,712,1647,1683,935,36,971,6
passenger2155,1,9,713,1709,1723,996,14,1010,6
passenger2156,1,10,713,1709,1726,996,17,1013,6
passenger2157,1,2,714,1247,1250,533,3,536,3
passenger2158,1,8,714,1247,1258,533,11,544,3
passenger2159,1,8,715,1315,1324,600,9,609,3
passenger2160,1,12,716,782,799,66,17,83,10
passenger2161,1,12,716,846,861,130,15,145,10
passenger2162,1,22,717,846,877,129,31,160,10
passenger2163,1,20,718,782,813,64,31,95,1
passenger2164,1,19,719,848,882,129,34,163,1
passenger2165,1,2,719,848,851,129,3,132,1
passenger2166,1,13,719,848,870,129,22,151,1
passenger2167,1,19,721,858,886,137,28,165,5
passenger2168,1,7,721,858,868,137,10,147,5
passenger2169,1,12,722,858,877,136,19,155,5
passenger2170,1,19,722,858,886,136,28,164,5
passenger2171,1,21,722,858,890,136,32,168,5
passenger2172,1,22,722,858,893,136,35,171,5
passenger2173,1,12,722,858,877,136,19,155,5
passenger2174,1,11,723,858,874,135,16,151,5
passenger2175,1,11,723,916,934,193,18,211,5
passenger2176,1,18,723,916,947,193,31,224,5
passenger2177,1,12,723,916,937,193,21,214,5
passenger2178,1,11,724,916,934,192,18,210,5
passenger2179,1,6,724,916,925,192,9,201,5
passenger2180,1,13,724,916,940,192,24,216,5
passenger2181,1,7,724,916,928,192,12,204,5
passenger2182,1,14,725,1117,1140,392,23,415,7
passenger2183,1,23,725,1117,1153,392,36,428,7
passenger2184,1,20,725,1117,1148,392,31,423,7
passenger2185,1,13,726,1117,1137,391,20,411,7
passenger2186,1,25,726,1117,1157,391,40,431,7
passenger2187,1,25,726,1117,1157,391,40,431,7
passenger2188,1,12,727,1117,1134,390,17,407,7
passenger2189,1,20,727,1117,1148,390,31,421,7
passenger2190,1,10,728,1183,1200,455,17,472,7
passenger2191,1,23,729,1183,1221,454,38,492,7
passenger2192,1,10,729,1183,1200,454,17,471,7
passenger2193,1,8,730,1183,1196,453,13,466,7
passenger2194,1,5,730,1183,1189,453,6,459,7
passenger2195,1,22,731,1073,1108,342,35,377,2
passenger2196,1,9,731,1073,1085,342,12,354,2
passenger2197,1,21,731,1073,1105,342,32,374,2
passenger2198,1,4,731,1073,1078,342,5,347,2
passenger2199,1,14,731,1073,1094,342,21,363,2
passenger2200,1,12,732,1073,1090,341,17,358,2
passenger2201,1,12,732,1073,1090,341,17,358,2
passenger2202,1,6,732,1131,1142,399,11,410,2
passenger2203,1,3,732,1131,1137,399,6,405,2
passenger2204,1,10,733,1131,1150,398,19,417,2
passenger2205,1,13,734,925,945,191,20,211,9
passenger2206,1,21,735,925,959,190,34,224,9
passenger2207,1,13,735,925,945,190,20,210,9
passenger2208,1,7,735,925,933,190,8,198,9
passenger2209,1,8,736,925,936,189,11,200,9
passenger2210,1,16,736,925,952,189,27,216,9
passenger2211,1,12,737,925,942,188,17,205,9
passenger2212,1,23,737,925,963,188,38,226,9
passenger2213,1,12,737,925,942,188,17,205,9
passenger2214,1,15,737,925,949,188,24,212,9
passenger2215,1,3,737,987,991,250,4,254,9
passenger2216,1,6,738,987,996,249,9,258,9
passenger2217,1,22,738,987,1022,249,35,284,9
passenger2218,1,10,738,987,1002,249,15,264,9
passenger2219,1,12,740,1377,1396,637,19,656,0
passenger2220,1,16,740,1447,1478,707,31,738,0
passenger2221,1,3,740,1447,1451,707,4,711,0
passenger2222,1,14,740,1447,1472,707,25,732,0
passenger2223,1,10,741,1447,1464,706,17,723,0
passenger2224,1,5,741,1447,1455,706,8,714,0
passenger2225,1,12,741,1447,1468,706,21,727,0
passenger2226,1,12,742,1447,1468,705,21,726,0
passenger2227,1,6,742,1447,1458,705,11,716,0
passenger2228,1,15,743,1447,1475,704,28,732,0
passenger2229,1,19,743,1447,1483,704,36,740,0
passenger2230,1,8,744,934,945,190,11,201,4
passenger2231,1,25,744,934,974,190,40,230,4
passenger2232,1,16,744,934,957,190,23,213,4
passenger2233,1,20,744,934,967,190,33,223,4
passenger2234,1,3,744,1000,1004,256,4,260,4
passenger2235,1,20,744,1000,1033,256,33,289,4
passenger2236,1,10,744,1000,1015,256,15,271,4
passenger2237,1,19,744,1000,1030,256,30,286,4
passenger2238,1,21,745,1000,1036,255,36,291,4
passenger2239,1,8,745,1000,1011,255,11,266,4
passenger2240,1,8,746,1000,1011,254,11,265,4
passenger2241,1,3,747,1331,1335,584,4,588,13
passenger2242,1,16,747,1331,1358,584,27,611,13
passenger2243,1,20,747,1401,1436,654,35,689,13
passenger2244,1,11,748,1401,1423,653,22,675,13
passenger2245,1,5,748,1401,1409,653,8,661,13
passenger2246,1,9,748,1401,1417,653,16,669,13
passenger2247,1,11,748,1401,1423,653,22,675,13
passenger2248,1,23,749,1401,1441,652,40,692,13
passenger2249,1,4,749,1401,1406,652,5,657,13
passenger2250,1,10,749,1401,1420,652,19,671,13
passenger2251,1,17,750,1401,1431,651,30,681,13
passenger2252,1,7,750,1401,1413,651,12,663,13
passenger2253,1,23,750,1465,1505,715,40,755,13
passenger2254,1,23,750,1465,1505,715,40,755,13
passenger2255,1,11,751,1465,1485,714,20,734,13
passenger2256,1,19,751,1465,1497,714,32,746,13
passenger2257,1,20,751,1465,1500,714,35,749,13
passenger2258,1,18,752,1465,1494,713,29,742,13
passenger2259,1,6,752,1465,1476,713,11,724,13
passenger2260,1,3,752,1465,1469,713,4,717,13
passenger2261,1,10,752,1465,1482,713,17,730,13
passenger2262,1,5,752,1465,1473,713,8,721,13
passenger2263,1,9,753,1529,1545,776,16,792,13
passenger2264,1,17,753,1529,1561,776,32,808,13
passenger2265,1,16,753,1529,1558,776,29,805,13
passenger2266,1,7,754,1529,1539,775,10,785,13
passenger2267,1,2,754,1529,1532,775,3,778,13
passenger2268,1,7,754,1529,1539,775,10,785,13
passenger2269,1,12,755,1529,1552,774,23,797,13
passenger2270,1,20,755,1529,1566,774,37,811,13
passenger2271,1,10,756,1529,1548,773,19,792,13
passenger2272,1,8,756,1529,1542,773,13,786,13
passenger2273,1,15,756,1587,1611,831,24,855,13
passenger2274,1,3,756,1587,1591,831,4,835,13
passenger2275,1,7,757,1587,1599,830,12,842,13
passenger2276,1,2,758,1865,1868,1107,3,1110,8
passenger2277,1,14,758,1865,1888,1107,23,1130,8
passenger2278,1,12,758,1865,1884,1107,19,1126,8
passenger2279,1,15,758,1865,1891,1107,26,1133,8
passenger2280,1,16,759,1865,1894,1106,29,1135,8
passenger2281,1,11,759,1865,1881,1106,16,1122,8
passenger2282,1,22,760,1865,1902,1105,37,1142,8
passenger2283,1,24,760,1925,1964,1165,39,1204,8
passenger2284,1,4,760,1925,1932,1165,7,1172,8
passenger2285,1,24,760,1925,1964,1165,39,1204,8
passenger2286,1,6,760,1925,1936,1165,11,1176,8
passenger2287,1,7,760,1925,1939,1165,14,1179,8
passenger2288,1,14,760,1925,1952,1165,27,1192,8
passenger2289,1,2,760,1925,1928,1165,3,1168,8
passenger2290,1,10,761,1925,1944,1164,19,1183,8
passenger2291,1,6,761,1925,1936,1164,11,1175,8
passenger2292,1,13,761,1925,1949,1164,24,1188,8
passenger2293,1,21,762,1989,2023,1227,34,1261,8
passenger2294,1,24,762,1989,2028,1227,39,1266,8
passenger2295,1,7,762,1989,1999,1227,10,1237,8
passenger2296,1,15,763,1989,2013,1226,24,1250,8
passenger2297,1,13,763,1989,2009,1226,20,1246,8
passenger2298,1,11,764,1989,2005,1225,16,1241,8
passenger2299,1,17,764,1989,2017,1225,28,1253,8
passenger2300,1,25,764,1989,2031,1225,42,1267,8
passenger2301,1,11,765,1989,2005,1224,16,1240,8
passenger2302,1,3,765,1989,1993,1224,4,1228,8
passenger2303,1,23,766,2057,2091,1291,34,1325,8
passenger2304,1,24,766,2057,2094,1291,37,1328,8
passenger2305,1,9,767,2057,2067,1290,10,1300,8
passenger2306,1,14,767,2057,2076,1290,19,1309,8
passenger2307,1,22,767,2057,2088,1290,31,1321,8
passenger2308,1,14,767,2057,2076,1290,19,1309,8
passenger2309,1,13,767,2057,2073,1290,16,1306,8
passenger2310,1,24,767,2057,2094,1290,37,1327,8
passenger2311,1,21,767,2057,2085,1290,28,1318,8
passenger2312,1,14,767,2057,2076,1290,19,1309,8
passenger2313,1,5,768,2119,2127,1351,8,1359,8
passenger2314,1,12,769,2119,2140,1350,21,1371,8
passenger2315,1,18,769,2119,2154,1350,35,1385,8
passenger2316,1,8,769,2119,2134,1350,15,1365,8
passenger2317,1,14,769,2119,2144,1350,25,1375,8
passenger2318,1,17,770,2119,2151,1349,32,1381,8
passenger2319,1,4,770,2119,2124,1349,5,1354,8
passenger2320,1,15,770,2119,2147,1349,28,1377,8
passenger2321,1,19,770,2119,2157,1349,38,1387,8
passenger2322,1,7,770,2119,2131,1349,12,1361,8
passenger2323,1,15,770,2177,2203,1407,26,1433,8
passenger2324,1,19,770,2177,2211,1407,34,1441,8
passenger2325,1,3,770,2177,2183,1407,6,1413,8
passenger2326,1,17,771,2177,2207,1406,30,1436,8
passenger2327,1,8,772,1131,1146,359,15,374,2
passenger2328,1,11,773,1131,1153,358,22,380,2
passenger2329,1,17,773,1131,1163,358,32,390,2
passenger2330,1,2,773,1131,1134,358,3,361,2
passenger2331,1,2,773,1131,1134,358,3,361,2
passenger2332,1,12,773,1131,1156,358,25,383,2
passenger2333,1,24,773,1131,1172,358,41,399,2
passenger2334,1,2,774,1197,1200,423,3,426,2
passenger2335,1,20,774,1197,1230,423,33,456,2
passenger2336,1,3,774,1197,1203,423,6,429,2
passenger2337,1,13,775,1197,1219,422,22,444,2
passenger2338,1,12,775,1197,1216,422,19,441,2
passenger2339,1,13,775,1197,1219,422,22,444,2
passenger2340,1,3,775,1197,1203,422,6,428,2
passenger2341,1,20,776,1315,1340,539,25,564,3
passenger2342,1,8,776,1315,1324,539,9,548,3
passenger2343,1,20,777,1315,1340,538,25,563,3
passenger2344,1,17,778,846,870,68,24,92,10
passenger2345,1,15,778,848,874,70,26,96,1
passenger2346,1,9,778,846,856,68,10,78,10
passenger2347,1,17,779,848,878,69,30,99,1
passenger2348,1,25,779,846,884,67,38,105,10
passenger2349,1,24,780,848,889,68,41,109,1
passenger2350,1,23,780,846,880,66,34,100,10
passenger2351,1,7,780,848,860,68,12,80,1
passenger2352,1,16,780,846,867,66,21,87,10
passenger2353,1,11,782,848,866,66,18,84,1
passenger2354,1,25,782,846,884,64,38,102,10
passenger2355,1,24,782,848,889,66,41,107,1
passenger2356,1,22,783,846,877,63,31,94,10
passenger2357,1,5,783,848,856,65,8,73,1
passenger2358,1,9,783,846,856,63,10,73,10
passenger2359,1,19,784,914,946,130,32,162,1
passenger2360,1,19,784,910,936,126,26,152,10
passenger2361,1,10,784,914,927,130,13,143,1
passenger2362,1,5,785,916,922,131,6,137,5
passenger2363,1,5,785,916,922,131,6,137,5
passenger2364,1,18,785,916,947,131,31,162,5
passenger2365,1,12,785,966,985,181,19,200,5
passenger2366,1,13,786,966,988,180,22,202,5
passenger2367,1,21,786,966,1002,180,36,216,5
passenger2368,1,2,787,966,969,179,3,182,5
passenger2369,1,20,787,966,999,179,33,212,5
passenger2370,1,8,788,966,977,178,11,189,5
passenger2371,1,24,788,966,1007,178,41,219,5
passenger2372,1,24,789,966,1007,177,41,218,5
passenger2373,1,14,789,966,991,177,25,202,5
passenger2374,1,9,789,966,980,177,14,191,5
passenger2375,1,7,789,1032,1042,243,10,253,5
passenger2376,1,6,789,1032,1039,243,7,250,5
passenger2377,1,25,790,1032,1074,242,42,284,5
passenger2378,1,6,791,1032,1039,241,7,248,5
passenger2379,1,12,792,1032,1051,240,19,259,5
passenger2380,1,13,792,1032,1054,240,22,262,5
passenger2381,1,18,792,1032,1063,240,31,271,5
passenger2382,1,22,792,1032,1069,240,37,277,5
passenger2383,1,15,792,1032,1058,240,26,266,5
passenger2384,1,20,793,1183,1216,390,33,423,7
passenger2385,1,15,793,1183,1209,390,26,416,7
passenger2386,1,12,794,1183,1204,389,21,410,7
passenger2387,1,5,794,1183,1189,389,6,395,7
passenger2388,1,7,794,1183,1193,389,10,399,7
passenger2389,1,12,794,1245,1262,451,17,468,7
passenger2390,1,3,795,1245,1249,450,4,454,7
passenger2391,1,9,796,1245,1257,449,12,461,7
passenger2392,1,13,796,1245,1265,449,20,469,7
passenger2393,1,13,796,1245,1265,449,20,469,7
passenger2394,1,21,797,1245,1275,448,30,478,7
passenger2395,1,25,798,987,1027,189,40,229,9
passenger2396,1,19,798,987,1017,189,30,219,9
passenger2397,1,3,798,987,991,189,4,193,9
passenger2398,1,11,798,987,1005,189,18,207,9
passenger2399,1,19,798,987,1017,189,30,219,9
passenger2400,1,16,799,987,1012,188,25,213,9
passenger2401,1,12,799,1053,1074,254,21,275,9
passenger2402,1,12,799,1053,1074,254,21,275,9
passenger2403,1,11,799,1053,1071,254,18,272,9
passenger2404,1,15,799,1053,1081,254,28,282,9
passenger2405,1,6,799,1053,1060,254,7,261,9
passenger2406,1,14,799,1053,1078,254,25,279,9
passenger2407,1,6,801,1053,1060,252,7,259,9
passenger2408,1,18,802,1000,1027,198,27,225,4
passenger2409,1,22,803,1000,1039,197,39,236,4
passenger2410,1,14,803,1000,1021,197,21,218,4
passenger2411,1,11,803,1062,1078,259,16,275,4
passenger2412,1,24,804,1062,1103,258,41,299,4
passenger2413,1,17,804,1062,1092,258,30,288,4
passenger2414,1,12,805,1503,1520,698,17,715,0
passenger2415,1,2,805,1503,1506,698,3,701,0
passenger2416,1,2,806,1503,1506,697,3,700,0
passenger2417,1,7,806,1503,1513,697,10,707,0
passenger2418,1,7,806,1503,1513,697,10,707,0
passenger2419,1,19,806,1503,1531,697,28,725,0
passenger2420,1,14,807,1503,1524,696,21,717,0
passenger2421,1,25,807,1503,1541,696,38,734,0
passenger2422,1,14,807,1503,1524,696,21,717,0
passenger2423,1,23,808,1503,1537,695,34,729,0
passenger2424,1,15,809,1567,1593,758,26,784,0
passenger2425,1,10,809,1567,1580,758,13,771,0
passenger2426,1,19,810,1567,1603,757,36,793,0
passenger2427,1,12,810,1567,1586,757,19,776,0
passenger2428,1,8,811,1567,1576,756,9,765,0
passenger2429,1,13,811,1567,1589,756,22,778,0
passenger2430,1,17,811,1567,1597,756,30,786,0
passenger2431,1,11,811,1567,1583,756,16,772,0
passenger2432,1,18,811,1567,1600,756,33,789,0
passenger2433,1,25,812,1567,1611,755,44,799,0
passenger2434,1,11,812,1637,1655,825,18,843,0
passenger2435,1,9,813,1637,1651,824,14,838,0
passenger2436,1,11,813,1637,1655,824,18,842,0
passenger2437,1,22,813,1637,1672,824,35,859,0
passenger2438,1,6,813,1637,1646,824,9,833,0
passenger2439,1,25,813,1637,1677,824,40,864,0
passenger2440,1,11,814,1587,1605,773,18,791,13
passenger2441,1,22,815,1587,1624,772,37,809,13
passenger2442,1,20,815,1587,1620,772,33,805,13
passenger2443,1,20,816,1587,1620,771,33,804,13
passenger2444,1,23,817,1587,1627,770,40,810,13
passenger2445,1,6,817,1587,1596,770,9,779,13
passenger2446,1,16,818,1587,1614,769,27,796,13
passenger2447,1,4,818,1651,1658,833,7,840,13
passenger2448,1,9,819,1651,1667,832,16,848,13
passenger2449,1,2,819,1651,1654,832,3,835,13
passenger2450,1,18,819,1651,1680,832,29,861,13
passenger2451,1,16,820,1651,1676,831,25,856,13
passenger2452,1,19,820,1651,1683,831,32,863,13
passenger2453,1,6,820,1651,1662,831,11,842,13
passenger2454,1,9,820,1651,1667,831,16,847,13
passenger2455,1,18,820,1651,1680,831,29,860,13
passenger2456,1,21,820,1651,1687,831,36,867,13
passenger2457,1,23,820,1709,1747,889,38,927,13
passenger2458,1,3,821,1709,1713,888,4,892,13
passenger2459,1,11,822,2177,2197,1355,20,1375,8
passenger2460,1,2,823,2177,2180,1354,3,1357,8
passenger2461,1,21,824,2177,2215,1353,38,1391,8
passenger2462,1,4,824,2177,2186,1353,9,1362,8
passenger2463,1,21,824,2177,2215,1353,38,1391,8
passenger2464,1,5,825,2177,2189,1352,12,1364,8
passenger2465,1,2,826,2237,2240,1411,3,1414,8
passenger2466,1,23,826,2237,2273,1411,36,1447,8
passenger2467,1,12,826,2237,2256,1411,19,1430,8
passenger2468,1,12,826,2237,2256,1411,19,1430,8
passenger2469,1,17,827,2237,2263,1410,26,1436,8
passenger2470,1,8,827,2237,2248,1410,11,1421,8
passenger2471,1,18,827,2237,2266,1410,29,1439,8
passenger2472,1,12,827,2237,2256,1410,19,1429,8
passenger2473,1,8,828,2237,2248,1409,11,1420,8
passenger2474,1,11,828,2237,2253,1409,16,1425,8
passenger2475,1,2,828,2297,2300,1469,3,1472,8
passenger2476,1,9,828,2297,2313,1469,16,1485,8
passenger2477,1,16,828,2297,2324,1469,27,1496,8
passenger2478,1,5,829,2297,2307,1468,10,1478,8
passenger2479,1,4,830,2297,2304,1467,7,1474,8
passenger2480,1,17,831,2297,2327,1466,30,1496,8
passenger2481,1,12,831,2297,2318,1466,21,1487,8
passenger2482,1,5,831,2297,2307,1466,10,1476,8
passenger2483,1,19,831,2297,2331,1466,34,1500,8
passenger2484,1,20,831,2297,2334,1466,37,1503,8
passenger2485,1,2,832,2355,2358,1523,3,1526,8
passenger2486,1,6,832,2355,2370,1523,15,1538,8
passenger2487,1,10,833,2355,2378,1522,23,1545,8
passenger2488,1,19,834,2355,2389,1521,34,1555,8
passenger2489,1,3,834,2355,2361,1521,6,1527,8
passenger2490,1,21,834,2355,2393,1521,38,1559,8
passenger2491,1,9,834,2355,2375,1521,20,1541,8
passenger2492,1,5,834,2355,2367,1521,12,1533,8
passenger2493,1,22,834,2355,2396,1521,41,1562,8
passenger2494,1,4,835,2355,2364,1520,9,1529,8
passenger2495,1,5,835,2419,2427,1584,8,1592,8
passenger2496,1,24,835,2419,2460,1584,41,1625,8
passenger2497,1,14,837,1709,1734,872,25,897,6
passenger2498,1,13,837,1709,1731,872,22,894,6
passenger2499,1,18,838,1709,1744,871,35,906,6
passenger2500,1,17,838,1709,1741,871,32,903,6
passenger2501,1,16,838,1709,1738,871,29,900,6
passenger2502,1,2,838,1709,1712,871,3,874,6
passenger2503,1,15,839,1197,1223,358,26,384,2
passenger2504,1,8,839,1197,1210,358,13,371,2
passenger2505,1,21,840,1197,1233,357,36,393,2
passenger2506,1,14,840,1255,1278,415,23,438,2
passenger2507,1,4,840,1255,1260,415,5,420,2
passenger2508,1,23,840,1255,1291,415,36,451,2
passenger2509,1,8,840,1255,1270,415,15,430,2
passenger2510,1,8,842,1315,1324,473,9,482,3
passenger2511,1,24,843,1315,1350,472,35,507,3
passenger2512,1,20,843,1315,1340,472,25,497,3
passenger2513,1,22,843,1315,1344,472,29,501,3
passenger2514,1,17,844,1315,1335,471,20,491,3
passenger2515,1,23,844,1315,1347,471,32,503,3
passenger2516,1,4,844,1375,1380,531,5,536,3
passenger2517,1,16,844,1375,1400,531,25,556,3
passenger2518,1,9,845,1375,1389,530,14,544,3
passenger2519,1,11,845,1375,1393,530,18,548,3
passenger2520,1,7,845,1375,1385,530,10,540,3
passenger2521,1,6,846,910,917,64,7,71,10
passenger2522,1,12,846,910,925,64,15,79,10
passenger2523,1,24,846,910,943,64,33,97,10
passenger2524,1,17,847,910,932,63,22,85,10
passenger2525,1,10,848,914,927,66,13,79,1
passenger2526,1,12,848,914,931,66,17,83,1
passenger2527,1,14,848,914,935,66,21,87,1
passenger2528,1,7,850,914,922,64,8,72,1
passenger2529,1,14,850,914,935,64,21,85,1
passenger2530,1,18,850,914,943,64,29,93,1
passenger2531,1,7,850,914,922,64,8,72,1
passenger2532,1,16,850,914,939,64,25,89,1
passenger2533,1,19,850,966,988,116,22,138,1
passenger2534,1,14,850,966,981,116,15,131,1
passenger2535,1,9,851,1032,1046,181,14,195,5
passenger2536,1,15,851,1100,1124,249,24,273,5
passenger2537,1,21,851,1100,1136,249,36,285,5
passenger2538,1,7,851,1100,1108,249,8,257,5
passenger2539,1,15,852,1100,1124,248,24,272,5
passenger2540,1,18,852,1100,1131,248,31,279,5
passenger2541,1,9,852,1100,1112,248,12,260,5
passenger2542,1,11,853,1100,1118,247,18,265,5
passenger2543,1,23,853,1100,1140,247,40,287,5
passenger2544,1,10,853,1100,1115,247,15,262,5
passenger2545,1,16,854,1100,1127,246,27,273,5
passenger2546,1,5,854,1164,1170,310,6,316,5
passenger2547,1,24,855,1164,1201,309,37,346,5
passenger2548,1,16,855,1164,1185,309,21,330,5
passenger2549,1,20,855,1164,1193,309,29,338,5
passenger2550,1,16,855,1164,1185,309,21,330,5
passenger2551,1,10,855,1164,1177,309,13,322,5
passenger2552,1,10,855,1164,1177,309,13,322,5
passenger2553,1,18,856,1164,1189,308,25,333,5
passenger2554,1,22,856,1164,1197,308,33,341,5
passenger2555,1,5,857,1164,1170,307,6,313,5
passenger2556,1,22,857,1226,1259,369,33,402,5
passenger2557,1,21,858,1226,1256,368,30,398,5
passenger2558,1,4,858,1226,1231,368,5,373,5
passenger2559,1,4,859,1226,1231,367,5,372,5
passenger2560,1,18,860,1226,1251,366,25,391,5
passenger2561,1,22,860,1226,1259,366,33,399,5
passenger2562,1,11,860,1226,1240,366,14,380,5
passenger2563,1,17,860,1226,1248,366,22,388,5
passenger2564,1,25,860,1226,1264,366,38,404,5
passenger2565,1,9,861,1053,1067,192,14,206,9
passenger2566,1,7,862,1053,1063,191,10,201,9
passenger2567,1,25,862,1053,1093,191,40,231,9
passenger2568,1,8,862,1119,1130,257,11,268,9
passenger2569,1,13,862,1119,1139,257,20,277,9
passenger2570,1,12,862,1119,1136,257,17,274,9
passenger2571,1,14,862,1119,1142,257,23,280,9
passenger2572,1,8,862,1119,1130,257,11,268,9
passenger2573,1,18,863,1119,1148,256,29,285,9
passenger2574,1,18,863,1119,1148,256,29,285,9
passenger2575,1,6,863,1119,1126,256,7,263,9
passenger2576,1,13,864,1062,1082,198,20,218,4
passenger2577,1,3,864,1062,1066,198,4,202,4
passenger2578,1,7,866,1062,1072,196,10,206,4
passenger2579,1,25,866,1062,1106,196,44,240,4
passenger2580,1,14,866,1062,1085,196,23,219,4
passenger2581,1,16,866,1062,1089,196,27,223,4
passenger2582,1,23,866,1062,1100,196,38,234,4
passenger2583,1,19,867,1132,1160,265,28,293,4
passenger2584,1,21,867,1132,1164,265,32,297,4
passenger2585,1,19,867,1132,1160,265,28,293,4
passenger2586,1,13,869,1132,1150,263,18,281,4
passenger2587,1,17,869,1132,1156,263,24,287,4
passenger2588,1,8,869,1132,1143,263,11,274,4
passenger2589,1,23,869,1132,1168,263,36,299,4
passenger2590,1,6,870,1132,1139,262,7,269,4
passenger2591,1,23,870,1132,1168,262,36,298,4
passenger2592,1,23,870,1132,1168,262,36,298,4
passenger2593,1,5,871,1637,1643,766,6,772,0
passenger2594,1,19,871,1637,1667,766,30,796,0
passenger2595,1,25,871,1637,1677,766,40,806,0
passenger2596,1,15,871,1637,1661,766,24,790,0
passenger2597,1,10,872,1709,1726,837,17,854,13
passenger2598,1,23,872,1709,1747,837,38,875,13
passenger2599,1,14,872,1709,1734,837,25,862,13
passenger2600,1,4,872,1709,1716,837,7,844,13
passenger2601,1,7,873,1709,1721,836,12,848,13
passenger2602,1,18,873,1709,1740,836,31,867,13
passenger2603,1,12,873,1709,1730,836,21,857,13
passenger2604,1,7,873,1709,1721,836,12,848,13
passenger2605,1,21,873,1771,1805,898,34,932,13
passenger2606,1,4,873,1771,1778,898,7,905,13
passenger2607,1,7,874,1771,1783,897,12,909,13
passenger2608,1,13,874,1771,1795,897,24,921,13
passenger2609,1,2,874,1771,1774,897,3,900,13
passenger2610,1,11,874,1771,1791,897,20,917,13
passenger2611,1,23,874,1771,1811,897,40,937,13
passenger2612,1,24,874,1771,1814,897,43,940,13
passenger2613,1,22,874,1771,1808,897,37,934,13
passenger2614,1,9,875,1771,1787,896,16,912,13
passenger2615,1,3,875,1839,1843,964,4,968,13
passenger2616,1,21,875,1839,1875,964,36,1000,13
passenger2617,1,10,876,1839,1854,963,15,978,13
passenger2618,1,19,876,1839,1871,963,32,995,13
passenger2619,1,4,876,1839,1846,963,7,970,13
passenger2620,1,18,876,1839,1868,963,29,992,13
passenger2621,1,16,877,1839,1864,962,25,987,13
passenger2622,1,24,877,1839,1880,962,41,1003,13
passenger2623,1,4,877,1839,1846,962,7,969,13
passenger2624,1,11,877,1839,1857,962,18,980,13
passenger2625,1,25,877,1905,1947,1028,42,1070,13
passenger2626,1,11,878,1905,1921,1027,16,1043,13
passenger2627,1,17,878,1905,1933,1027,28,1055,13
passenger2628,1,5,878,1905,1911,1027,6,1033,13
passenger2629,1,19,878,1905,1937,1027,32,1059,13
passenger2630,1,8,878,1905,1916,1027,11,1038,13
passenger2631,1,15,878,1905,1929,1027,24,1051,13
passenger2632,1,23,879,1905,1943,1026,38,1064,13
passenger2633,1,17,879,1905,1933,1026,28,1054,13
passenger2634,1,13,879,1905,1925,1026,20,1046,13
passenger2635,1,6,879,1973,1980,1094,7,1101,13
passenger2636,1,10,879,1973,1992,1094,19,1113,13
passenger2637,1,22,879,1973,2012,1094,39,1133,13
passenger2638,1,7,879,1973,1983,1094,10,1104,13
passenger2639,1,17,880,1973,2003,1093,30,1123,13
passenger2640,1,13,880,1973,1997,1093,24,1117,13
passenger2641,1,9,880,1973,1989,1093,16,1109,13
passenger2642,1,19,880,1973,2007,1093,34,1127,13
passenger2643,1,10,881,1973,1992,1092,19,1111,13
passenger2644,1,8,881,1973,1986,1092,13,1105,13
passenger2645,1,14,881,2035,2054,1154,19,1173,13
passenger2646,1,20,882,2035,2064,1153,29,1182,13
passenger2647,1,22,882,2035,2068,1153,33,1186,13
passenger2648,1,17,882,2035,2059,1153,24,1177,13
passenger2649,1,17,884,2035,2059,1151,24,1175,13
passenger2650,1,20,884,2035,2064,1151,29,1180,13
passenger2651,1,8,884,2035,2044,1151,9,1160,13
passenger2652,1,8,885,2035,2044,1150,9,1159,13
passenger2653,1,13,885,2035,2051,1150,16,1166,13
passenger2654,1,17,886,2035,2059,1149,24,1173,13
passenger2655,1,17,886,2091,2117,1205,26,1231,13
passenger2656,1,5,886,2091,2097,1205,6,1211,13
passenger2657,1,20,886,2091,2124,1205,33,1238,13
passenger2658,1,10,887,2091,2106,1204,15,1219,13
passenger2659,1,23,887,2091,2129,1204,38,1242,13
passenger2660,1,19,887,2091,2121,1204,30,1234,13
passenger2661,1,25,887,2091,2133,1204,42,1246,13
passenger2662,1,17,888,2091,2117,1203,26,1229,13
passenger2663,1,14,888,2091,2112,1203,21,1224,13
passenger2664,1,6,888,2091,2100,1203,9,1212,13
passenger2665,1,11,888,2159,2175,1271,16,1287,13
passenger2666,1,22,888,2159,2192,1271,33,1304,13
passenger2667,1,11,889,2159,2175,1270,16,1286,13
passenger2668,1,3,889,2159,2163,1270,4,1274,13
passenger2669,1,7,889,2159,2169,1270,10,1280,13
passenger2670,1,16,889,2159,2182,1270,23,1293,13
passenger2671,1,17,889,2159,2185,1270,26,1296,13
passenger2672,1,25,889,2159,2197,1270,38,1308,13
passenger2673,1,24,890,2419,2460,1529,41,1570,8
passenger2674,1,14,890,2419,2440,1529,21,1550,8
passenger2675,1,15,890,2419,2443,1529,24,1553,8
passenger2676,1,21,890,2419,2455,1529,36,1565,8
passenger2677,1,3,890,2419,2423,1529,4,1533,8
passenger2678,1,16,890,2419,2446,1529,27,1556,8
passenger2679,1,13,891,2419,2437,1528,18,1546,8
passenger2680,1,20,891,2419,2452,1528,33,1561,8
passenger2681,1,21,892,2485,2521,1593,36,1629,8
passenger2682,1,17,892,2485,2511,1593,26,1619,8
passenger2683,1,17,893,2485,2511,1592,26,1618,8
passenger2684,1,18,893,2485,2514,1592,29,1621,8
passenger2685,1,15,893,2485,2505,1592,20,1612,8
passenger2686,1,7,893,2485,2493,1592,8,1600,8
passenger2687,1,8,894,2485,2496,1591,11,1602,8
passenger2688,1,19,894,2485,2517,1591,32,1623,8
passenger2689,1,16,894,2485,2508,1591,23,1614,8
passenger2690,1,7,894,2485,2493,1591,8,1599,8
passenger2691,1,23,894,2543,2569,1649,26,1675,8
passenger2692,1,25,894,2543,2573,1649,30,1679,8
passenger2693,1,17,894,2543,2561,1649,18,1667,8
passenger2694,1,7,895,1709,1719,814,10,824,6
passenger2695,1,24,895,1709,1752,814,43,857,6
passenger2696,1,7,895,1777,1787,882,10,892,6
passenger2697,1,12,895,1777,1796,882,19,901,6
passenger2698,1,22,896,1777,1814,881,37,918,6
passenger2699,1,14,897,1777,1800,880,23,903,6
passenger2700,1,7,897,1777,1787,880,10,890,6
passenger2701,1,3,897,1777,1781,880,4,884,6
passenger2702,1,10,897,1777,1792,880,15,895,6
passenger2703,1,18,897,1777,1806,880,29,909,6
passenger2704,1,19,897,1777,1809,880,32,912,6
passenger2705,1,7,898,1255,1267,357,12,369,2
passenger2706,1,5,898,1255,1263,357,8,365,2
passenger2707,1,18,898,1255,1284,357,29,386,2
passenger2708,1,5,899,1255,1263,356,8,364,2
