tick,e0,e1,e2,e3,e4,e5,e6,e7,e8,e9,e10,e11,e12,e13,e14,e15
0,1,1,1,1,1,1,1,1,1,1,1,1,1,1,1,1
1,1,1,1,1,1,1,1,1,1,1,1,1,1,1,1,1
2,1,1,1,1,1,1,1,1,1,1,1,1,1,1,1,1
3,2,2,2,2,1,1,1,1,1,1,1,1,1,1,1,1
4,3,3,3,3,2,2,2,2,1,1,1,1,1,1,1,1
5,4,4,4,4,3,3,3,3,1,1,1,1,1,1,1,1
6,5,5,5,5,4,4,4,4,1,1,1,1,1,1,1,1
7,6,6,6,6,5,5,5,5,1,1,2,2,2,1,1,1
8,7,6,7,7,6,6,6,6,1,1,2,3,3,1,1,1
9,8,6,8,7,7,7,7,7,1,2,2,4,4,1,1,1
10,9,6,8,7,8,8,8,8,1,3,3,5,5,1,1,1
11,10,6,8,7,9,9,9,9,1,4,4,5,6,1,1,1
12,11,6,8,7,10,10,10,9,1,5,5,5,7,1,1,1
13,12,6,8,7,10,11,11,9,1,6,6,6,8,1,1,1
14,13,6,8,7,10,12,11,9,1,7,7,7,9,1,1,1
15,14,6,8,7,10,13,11,9,1,8,8,8,10,1,1,1
16,15,6,8,7,10,14,11,9,1,9,9,9,11,1,1,1
17,16,6,8,7,10,15,11,9,1,10,10,10,12,1,2,2
18,16,6,8,7,10,16,11,9,1,10,10,11,13,1,3,3
19,16,6,8,7,10,17,11,9,2,10,10,12,14,2,4,4
20,16,5,8,7,10,17,11,9,3,11,10,13,15,3,5,5
21,16,4,8,7,10,17,11,9,4,12,10,14,16,4,6,6
22,16,3,8,7,10,17,11,9,4,13,10,15,17,5,6,6
23,16,2,8,7,10,17,11,9,4,14,10,16,18,5,6,6
24,16,1,8,7,10,17,11,9,5,15,10,17,19,5,7,7
25,16,1,8,7,10,17,11,9,6,16,10,18,20,6,8,8
26,16,1,8,7,10,17,11,9,7,16,10,19,21,6,8,9
27,16,2,8,7,10,17,11,9,8,16,10,20,22,6,8,10
28,16,2,8,6,10,17,11,9,9,16,10,21,22,7,9,11
29,16,2,8,5,10,17,11,9,10,16,10,22,22,7,10,11
30,16,3,8,4,10,17,11,9,11,16,10,23,23,7,11,11
31,16,4,8,3,10,17,11,9,12,16,10,23,23,8,11,12
32,16,4,8,2,10,17,11,9,12,16,10,23,23,9,11,13
33,16,4,8,1,10,17,11,9,12,16,10,23,23,9,12,13
34,16,5,8,1,10,17,11,9,13,16,10,23,23,9,13,13
35,16,6,8,1,10,17,11,9,14,16,10,23,23,10,14,14
36,16,7,8,2,10,17,11,9,14,16,10,23,23,10,15,14
37,16,8,7,3,10,17,11,9,14,16,10,23,23,10,15,14
38,16,8,6,4,10,17,11,9,15,16,10,23,23,11,15,15
39,16,8,5,5,10,17,11,9,16,16,10,23,23,12,16,16
40,16,9,4,6,10,17,11,9,16,16,10,23,23,13,17,17
41,16,10,3,6,10,17,11,9,16,16,10,23,23,14,18,18
42,16,11,2,6,10,17,11,9,17,16,10,23,23,15,18,18
43,16,12,1,7,10,17,11,9,17,16,10,23,23,16,18,18
44,16,13,1,7,10,17,11,9,17,16,10,23,23,16,19,19
45,16,14,1,7,10,17,11,9,18,16,10,23,23,16,20,19
46,16,14,2,8,10,17,11,9,18,16,10,23,23,17,21,19
47,16,14,3,9,10,17,11,8,18,16,10,23,23,18,22,20
48,16,15,4,9,10,17,11,7,19,16,10,23,23,19,22,20
49,16,16,5,9,10,17,11,6,20,16,10,23,23,20,22,20
50,16,17,5,10,10,17,11,5,21,16,10,23,23,20,23,21
51,16,17,5,11,10,17,11,4,22,16,10,23,23,20,24,22
52,16,17,6,12,10,17,11,3,23,16,10,23,23,19,25,23
53,16,18,7,12,10,17,11,2,23,16,10,23,23,18,25,23
54,16,19,7,12,10,17,11,1,23,16,10,23,23,17,25,23
55,16,19,7,13,10,17,11,1,22,16,10,23,23,16,25,24
56,16,19,8,14,10,17,11,1,21,16,10,23,23,15,25,25
57,16,20,8,14,10,17,11,2,20,16,10,23,23,14,25,25
58,16,21,8,14,9,17,11,2,19,16,9,23,23,13,25,25
59,16,21,9,15,8,17,11,2,18,16,8,23,23,12,25,25
60,16,21,10,16,7,17,11,3,17,16,7,23,23,11,25,25
61,16,20,10,17,6,17,11,4,16,16,6,23,23,10,25,25
62,16,19,10,18,5,17,11,4,15,16,5,23,23,9,25,25
63,16,18,11,19,4,17,11,4,14,16,4,23,23,8,25,25
64,16,17,11,20,3,17,11,5,13,16,3,23,23,7,25,25
65,16,16,11,20,2,17,11,6,12,16,2,23,23,6,25,25
66,16,15,12,20,1,17,11,6,11,16,1,23,23,5,25,25
67,16,14,12,21,1,17,11,6,10,16,1,23,23,4,25,25
68,16,13,12,22,1,17,11,7,9,16,1,23,23,3,25,25
69,16,12,13,22,2,17,11,8,8,16,2,23,23,2,25,25
70,16,11,14,22,2,17,11,9,7,16,2,23,23,1,25,25
71,16,10,15,23,2,17,11,10,6,16,2,23,23,1,25,25
72,16,9,16,23,3,17,11,11,5,16,3,23,23,1,25,25
73,16,8,17,23,3,17,11,12,4,16,4,23,23,1,25,25
74,16,7,18,24,3,17,11,12,3,16,4,23,23,1,25,25
75,16,6,18,24,4,17,11,12,2,16,4,23,23,1,25,25
76,16,5,18,24,5,17,11,13,1,16,5,23,23,2,25,25
77,16,4,17,23,6,17,11,13,1,16,6,23,23,3,25,25
78,16,3,16,22,7,17,11,13,1,16,7,23,23,3,25,25
79,16,2,15,21,7,17,11,14,1,16,8,23,23,3,25,25
80,16,1,14,20,7,17,11,15,2,16,8,23,23,4,25,25
81,16,1,13,19,8,17,11,16,3,16,8,23,23,5,25,25
82,16,1,12,18,9,17,11,17,3,16,9,23,23,6,25,25
83,16,2,11,17,9,17,11,18,3,16,10,23,23,6,25,25
84,16,3,10,16,9,17,10,19,4,16,11,23,23,6,25,25
85,16,3,9,15,10,17,9,19,5,16,12,23,23,7,25,25
86,16,3,8,14,11,17,8,19,6,16,12,23,23,8,25,25
87,16,4,7,13,12,17,7,20,7,16,12,23,23,9,25,25
88,16,5,6,12,12,17,6,20,7,16,13,23,23,10,25,25
89,16,6,5,11,12,17,5,20,7,16,13,23,23,11,25,25
90,16,6,4,10,13,17,4,21,8,16,13,23,23,12,25,25
91,16,6,3,9,14,17,3,22,9,16,14,23,23,13,25,25
92,16,7,2,8,15,17,2,23,10,16,14,23,23,14,25,25
93,16,7,1,7,15,17,1,24,11,16,14,23,23,15,25,25
94,16,7,1,6,15,17,1,25,11,16,15,23,23,15,25,25
95,16,8,1,5,16,17,1,25,11,16,16,23,23,15,25,25
96,16,8,2,4,17,17,2,25,12,16,16,23,23,16,25,25
97,16,8,3,3,18,17,3,24,13,16,16,23,23,17,25,25
98,16,9,4,2,18,17,4,23,14,16,17,23,23,18,25,25
99,16,10,4,1,18,17,5,22,15,16,18,23,23,19,25,25
100,16,10,4,1,19,17,6,21,16,16,19,23,23,19,25,25
101,16,10,5,1,20,17,7,20,16,16,19,23,23,19,25,25
102,16,11,6,2,20,17,7,19,16,16,19,23,23,20,25,25
103,15,11,7,3,20,17,7,18,17,16,20,23,23,20,25,25
104,14,11,8,3,21,17,8,17,18,15,21,23,23,20,25,25
105,13,12,9,3,22,17,9,16,19,14,22,23,23,21,25,25
106,12,12,9,4,23,17,10,15,19,13,23,23,23,22,25,25
107,11,12,9,5,23,17,11,14,19,12,24,23,23,22,25,25
108,10,13,10,5,23,17,12,13,20,11,25,23,23,22,25,25
109,9,14,10,5,22,17,12,12,21,10,25,23,23,23,25,25
110,8,15,10,6,21,17,12,11,21,9,25,23,23,24,25,25
111,7,16,11,7,20,17,13,10,21,8,24,23,23,24,25,25
112,6,17,11,8,19,17,14,9,22,7,23,23,23,24,25,25
113,5,17,11,9,18,17,15,8,23,6,22,23,23,25,25,25
114,4,17,12,9,17,17,15,7,24,5,21,23,23,25,25,25
115,3,18,13,9,16,17,15,6,24,4,20,23,23,25,25,25
116,2,18,14,10,15,17,16,5,24,3,19,23,23,24,25,25
117,1,18,15,11,14,17,17,4,23,2,18,23,23,23,25,25
118,1,19,15,12,13,17,17,3,22,1,17,23,23,22,25,25
119,1,20,15,12,12,17,17,2,21,1,16,23,23,21,25,25
120,2,20,16,12,11,17,18,1,20,1,15,23,23,20,25,25
121,3,20,16,13,10,17,19,1,19,1,14,23,23,19,25,25
122,3,19,16,14,9,17,20,1,18,1,13,23,23,18,25,25
123,3,18,17,14,8,17,20,2,17,1,12,23,23,17,25,25
124,4,17,18,14,7,17,20,2,16,2,11,23,23,16,25,25
125,5,16,19,15,6,17,21,2,15,3,10,23,23,15,25,25
126,6,15,19,16,5,17,22,3,14,4,9,23,23,14,25,25
127,7,14,19,17,4,17,23,4,13,5,8,23,23,13,25,25
128,7,13,20,18,3,17,23,5,12,5,7,23,23,12,25,25
129,7,12,21,18,2,17,23,6,11,5,6,23,23,11,25,25
130,8,11,22,18,1,17,24,7,10,6,5,23,23,10,25,25
131,9,10,22,19,1,17,24,8,9,6,4,23,23,9,25,25
132,10,9,22,20,1,17,24,9,8,6,3,23,23,8,25,25
133,10,8,23,20,2,17,23,10,7,7,2,23,23,7,25,25
134,10,7,23,20,2,17,22,10,6,7,1,23,23,6,25,25
135,11,6,23,21,2,17,21,10,5,7,1,23,23,5,25,25
136,12,5,24,22,3,17,20,11,4,8,1,23,23,4,25,25
137,12,4,25,22,3,17,19,11,3,9,2,23,23,3,25,25
138,12,3,25,22,3,17,18,11,2,10,2,23,23,2,25,25
139,13,2,25,23,4,17,17,12,1,10,2,23,23,1,25,25
140,14,1,24,23,5,17,16,13,1,10,3,23,23,1,25,25
141,14,1,23,23,5,17,15,14,1,11,3,23,23,1,25,25
142,14,1,22,22,5,17,14,15,2,12,3,23,23,2,25,25
143,15,2,21,21,6,17,13,16,3,13,4,23,23,3,25,25
144,16,3,20,20,7,17,12,16,4,14,5,23,23,3,25,25
145,17,4,19,19,7,17,11,16,5,14,5,23,23,3,25,25
146,17,5,18,18,7,17,10,17,5,14,5,23,23,4,25,25
147,17,6,17,17,8,17,9,18,5,15,6,23,23,5,25,25
148,18,7,16,16,9,17,8,18,6,16,7,23,23,6,25,25
149,19,7,15,15,9,17,7,18,7,17,7,23,23,7,25,25
150,20,7,14,14,9,17,6,19,8,18,7,23,23,7,25,25
151,20,8,13,13,10,17,5,20,9,18,8,23,23,7,25,25
152,20,8,12,12,11,17,4,21,10,18,9,23,23,8,25,25
153,21,8,11,11,12,17,3,22,11,19,10,23,23,9,25,25
154,22,9,10,10,12,17,2,23,12,20,11,23,23,10,25,25
155,22,10,9,9,12,17,1,24,12,21,12,23,23,11,25,25
156,22,11,8,8,13,17,1,24,12,21,12,23,23,12,25,25
157,21,12,7,7,14,17,1,24,13,21,12,23,23,12,25,25
158,20,13,6,6,15,17,2,23,13,22,13,23,23,12,25,25
159,19,14,5,5,16,17,3,22,13,23,14,23,23,13,25,25
160,18,15,4,4,17,17,4,21,14,24,15,23,23,14,25,25
161,17,16,3,3,18,17,5,20,14,24,16,23,23,15,25,25
162,16,16,2,2,18,17,6,19,14,24,17,23,23,15,25,25
163,15,16,1,1,18,17,6,18,15,25,17,23,23,15,25,25
164,14,17,1,1,17,17,6,17,15,25,17,23,23,16,25,25
165,13,18,1,1,16,17,7,16,15,25,18,23,23,17,25,25
166,12,19,2,2,15,17,7,15,16,24,19,23,23,18,25,25
167,11,19,2,3,14,17,7,14,17,23,20,23,23,19,25,25
168,10,19,2,3,13,17,8,13,17,22,21,23,23,20,25,25
169,9,20,3,3,12,17,8,12,17,21,21,23,23,20,25,25
170,8,20,4,4,11,17,8,11,18,20,21,23,23,20,25,25
171,7,20,5,5,10,17,9,10,18,19,22,23,23,21,25,25
172,6,21,6,6,9,17,10,9,18,18,23,23,23,21,25,25
173,5,21,7,7,8,17,11,8,19,17,23,23,23,21,25,25
174,4,21,8,7,7,17,12,7,19,16,23,23,23,22,25,25
175,3,22,9,7,6,17,13,6,19,15,22,23,23,22,25,25
176,2,22,9,8,5,17,13,5,20,14,21,23,23,22,25,25
177,1,22,9,9,4,17,13,4,21,13,20,23,23,23,25,25
178,1,23,10,10,3,17,14,3,22,12,19,23,23,23,25,25
179,1,24,10,11,2,17,15,2,22,11,18,23,23,23,25,25
180,2,25,10,12,1,17,16,1,22,10,17,23,23,22,25,25
181,3,25,11,13,1,17,17,1,21,9,16,23,23,21,25,25
182,4,25,12,13,1,17,18,1,20,8,15,23,23,20,25,25
183,5,24,13,13,2,17,19,1,19,7,14,23,23,19,25,25
184,6,23,14,14,2,17,19,2,18,6,13,23,23,18,25,25
185,7,22,15,14,2,17,19,3,17,5,12,23,23,17,25,25
186,8,21,15,14,3,17,20,4,16,4,11,23,23,16,25,25
187,9,20,15,15,4,17,21,4,15,3,10,23,23,15,25,25
188,9,19,16,16,4,17,21,4,14,2,9,23,23,14,25,25
189,9,18,17,17,4,17,21,5,13,1,8,23,23,13,25,25
190,10,17,18,17,5,17,22,6,12,1,7,23,23,12,25,25
191,10,16,19,17,5,17,23,7,11,1,6,23,23,11,25,25
192,10,15,20,18,5,17,24,7,10,2,5,23,23,10,25,25
193,11,14,20,19,6,17,25,7,9,2,4,23,23,9,25,25
194,11,13,20,20,7,17,25,8,8,2,3,23,23,8,25,25
195,11,12,21,20,8,17,25,9,7,3,2,23,23,7,25,25
196,12,11,22,20,9,17,24,10,6,4,1,23,23,6,25,25
197,13,10,23,21,10,17,23,11,5,5,1,23,23,5,25,25
198,14,9,23,22,11,17,22,12,4,6,1,23,23,4,25,25
199,15,8,23,23,12,17,21,13,3,7,2,23,23,3,25,25
200,16,7,24,23,13,17,20,13,2,7,3,23,23,2,25,25
201,17,6,24,23,13,17,19,13,1,7,4,23,23,1,25,25
202,17,5,24,22,13,17,18,14,1,8,5,23,23,1,25,25
203,17,4,23,21,14,17,17,14,1,8,5,23,23,1,25,25
204,18,3,22,20,15,17,16,14,1,8,5,23,23,1,25,25
205,18,2,21,19,15,17,15,15,1,9,6,23,23,1,25,25
206,18,1,20,18,15,17,14,15,1,10,7,23,23,1,25,25
207,19,1,19,17,16,17,13,15,1,10,8,23,23,1,25,25
208,20,1,18,16,17,17,12,16,2,10,8,23,23,2,25,25
209,21,1,17,15,17,17,11,16,3,11,8,23,23,3,25,25
210,21,2,16,14,17,17,10,16,3,12,9,23,23,4,25,25
211,21,2,15,13,18,17,9,17,3,13,10,23,23,5,25,25
212,22,2,14,12,19,17,8,18,4,14,11,23,23,6,25,25
213,23,3,13,11,20,17,7,19,4,15,12,23,23,7,25,25
214,24,4,12,10,21,17,6,20,4,15,13,23,23,8,25,25
215,24,4,11,9,21,17,5,20,5,15,14,23,23,9,25,25
216,24,4,10,8,21,17,4,20,6,16,15,23,23,10,25,25
217,25,5,9,7,20,17,3,21,7,16,15,23,23,10,25,25
218,25,5,8,6,19,17,2,22,7,16,15,23,23,10,25,25
219,25,5,7,5,18,17,1,23,7,17,16,23,23,11,25,25
220,24,6,6,4,17,17,1,23,8,18,16,23,23,11,25,25
221,23,7,5,3,16,17,1,23,9,18,16,23,23,11,25,25
222,22,8,4,2,15,17,2,22,9,18,17,23,23,12,25,25
223,21,8,3,1,14,17,2,21,9,19,17,23,23,12,25,25
224,20,8,2,1,13,17,2,20,10,20,17,23,23,12,25,25
225,19,9,1,1,12,17,3,19,11,21,18,23,23,13,25,25
226,18,10,1,2,11,17,4,18,12,22,19,23,23,14,25,25
227,17,11,1,2,10,17,4,17,13,23,20,23,23,14,25,25
228,16,12,2,2,9,17,4,16,13,24,20,23,23,14,25,25
229,15,13,3,3,8,17,5,15,13,24,20,23,23,15,25,25
230,14,14,3,4,7,17,6,14,14,24,21,23,23,15,25,25
231,13,14,3,5,6,17,6,13,14,25,21,23,23,15,25,25
232,12,14,4,6,5,17,6,12,14,25,21,23,23,16,25,25
233,11,15,4,7,4,17,7,11,15,25,22,23,23,17,25,25
234,10,15,4,7,3,17,7,10,16,24,22,23,23,18,25,25
235,9,15,5,7,2,17,7,9,17,23,22,23,23,18,25,25
236,8,16,6,8,1,17,8,8,18,22,23,23,23,18,25,25
237,7,17,7,8,1,17,9,7,18,21,24,23,23,19,25,25
238,6,18,8,8,1,17,10,6,18,20,24,23,23,20,25,25
239,5,18,8,9,2,17,11,5,19,19,24,23,23,21,25,25
240,4,18,8,10,2,17,12,4,20,18,23,23,23,21,25,25
241,3,19,9,10,2,17,12,3,21,17,22,23,23,21,25,25
242,2,19,9,10,3,17,12,2,22,16,21,23,23,22,25,25
243,1,19,9,11,3,17,13,1,23,15,20,23,23,23,25,25
244,1,20,10,12,3,17,13,1,24,14,19,23,23,23,25,25
245,1,21,11,13,4,17,13,1,25,13,18,23,23,23,25,25
246,2,21,12,13,5,17,14,2,25,12,17,23,23,22,25,25
247,3,21,13,13,5,17,15,3,25,11,16,23,23,21,25,25
248,3,22,14,14,5,17,16,4,24,10,15,23,23,20,25,25
249,3,22,14,15,6,17,17,5,23,9,14,23,23,19,25,25
250,4,22,14,16,6,17,17,5,22,8,13,23,23,18,25,25
251,5,21,15,17,6,17,17,5,21,7,12,23,23,17,25,25
252,6,20,16,18,7,17,18,6,20,6,11,23,23,16,25,25
253,7,19,17,19,8,17,19,7,19,5,10,23,23,15,25,25
254,8,18,18,20,8,17,20,8,18,4,9,23,23,14,25,25
255,9,17,19,21,8,17,21,8,17,3,8,23,23,13,25,25
256,10,16,19,22,9,17,21,8,16,2,7,23,23,12,25,25
257,10,15,19,23,10,17,21,9,15,1,6,23,23,11,25,25
258,10,14,20,24,11,17,20,10,14,1,5,23,23,10,25,25
259,11,13,21,24,11,17,19,10,13,1,4,23,23,9,25,25
260,12,12,22,24,11,17,18,10,12,2,3,23,23,8,25,25
261,13,11,22,23,12,17,17,11,11,3,2,23,23,7,25,25
262,13,10,22,22,13,17,16,12,10,4,1,23,23,6,25,25
263,13,9,23,21,14,17,15,13,9,4,1,23,23,5,25,25
264,14,8,23,20,15,17,14,13,8,4,1,23,23,4,25,25
265,15,7,23,19,16,17,13,13,7,5,2,23,23,3,25,25
266,16,6,22,18,17,17,12,14,6,5,2,23,23,2,25,25
267,16,5,21,17,17,17,11,15,5,5,2,23,23,1,25,25
268,16,4,20,16,17,17,10,16,4,6,3,23,23,1,25,25
269,17,3,19,15,18,17,9,17,3,7,4,23,23,1,25,25
270,18,2,18,14,19,17,8,18,2,8,5,23,23,2,25,25
271,18,1,17,13,20,17,7,18,1,8,6,23,23,3,25,25
272,18,1,16,12,20,17,6,18,1,8,7,23,23,3,25,25
273,19,1,15,11,20,17,5,19,1,9,8,23,23,3,25,25
274,20,2,14,10,19,17,4,19,2,10,9,23,23,4,25,25
275,20,3,13,9,18,17,3,19,3,11,9,23,23,5,25,25
276,20,4,12,8,17,17,2,20,3,12,9,23,23,6,25,25
277,21,5,11,7,16,17,1,21,3,12,10,23,23,6,25,25
278,21,6,10,6,15,17,1,22,4,12,11,23,23,6,25,25
279,21,6,9,5,14,17,1,23,4,13,11,23,23,7,25,25
280,20,6,8,4,13,17,2,23,4,14,11,23,23,7,25,25
281,19,7,7,3,12,17,3,23,5,14,12,23,23,7,25,25
282,18,8,6,2,11,17,4,24,5,14,13,23,23,8,25,25
283,17,8,5,1,10,17,5,24,5,15,14,23,23,9,25,25
284,16,8,4,1,9,17,5,24,6,16,14,23,23,9,25,25
285,15,9,3,1,8,17,5,25,7,17,14,23,23,9,25,25
286,14,9,2,2,7,17,6,25,8,17,15,23,23,10,25,25
287,13,9,1,3,6,17,7,25,8,17,16,23,23,11,25,25
288,12,10,1,4,5,17,8,24,8,18,16,23,23,11,25,25
289,11,11,1,4,4,17,9,23,9,19,16,23,23,11,25,25
290,10,11,2,4,3,17,10,22,10,20,17,23,23,12,25,25
291,9,11,3,5,2,17,11,21,11,21,18,23,23,13,25,25
292,8,12,4,5,1,17,12,20,12,21,19,23,23,13,25,25
293,7,13,4,5,1,17,12,19,12,21,19,23,23,13,25,25
294,6,13,4,6,1,17,12,18,12,22,19,23,23,14,25,25
295,5,13,5,7,2,17,13,17,13,22,20,23,23,14,25,25
296,4,14,6,7,3,17,14,16,14,22,21,23,23,14,25,25
297,3,15,6,7,4,17,15,15,15,23,22,23,23,15,25,25
298,2,15,6,8,4,17,15,14,15,24,22,23,23,15,25,25
299,1,15,7,9,4,17,15,13,15,24,22,23,23,15,25,25
300,1,16,8,9,5,17,16,12,16,24,23,23,23,16,25,25
301,1,17,8,9,6,17,17,11,17,23,24,23,23,17,25,25
302,2,18,8,10,6,17,17,10,17,22,24,23,23,18,25,25
303,3,19,9,11,6,17,17,9,17,21,24,23,23,19,25,25
304,4,20,9,11,7,17,18,8,16,20,23,23,23,20,25,25
305,4,21,9,11,7,17,19,7,15,19,22,23,23,21,25,25
306,4,21,10,12,7,17,19,6,14,18,21,23,23,21,25,25
307,5,21,11,13,8,17,19,5,13,17,20,23,23,21,25,25
308,6,22,12,13,8,17,20,4,12,16,19,23,23,22,25,25
309,7,22,12,13,8,17,20,3,11,15,18,23,23,22,25,25
310,8,22,12,14,9,17,20,2,10,14,17,23,23,22,25,25
311,8,23,13,15,9,17,21,1,9,13,16,23,23,21,25,25
312,8,24,14,16,9,17,22,1,8,12,15,23,23,20,25,25
313,9,25,14,17,10,17,22,1,7,11,14,23,23,19,25,25
314,10,25,14,18,11,17,22,2,6,10,13,23,23,18,25,25
315,11,25,15,18,12,17,21,3,5,9,12,23,23,17,25,25
316,12,24,16,18,13,17,20,3,4,8,11,23,23,16,25,25
317,12,23,17,19,14,17,19,3,3,7,10,23,23,15,25,25
318,12,22,17,20,14,17,18,4,2,6,9,23,23,14,25,25
319,13,21,17,21,14,17,17,4,1,5,8,23,23,13,25,25
320,13,20,18,22,15,17,16,4,1,4,7,23,23,12,25,25
321,13,19,19,23,16,17,15,5,1,3,6,23,23,11,25,25
322,14,18,19,24,17,17,14,5,2,2,5,23,23,10,25,25
323,15,17,19,25,18,17,13,5,3,1,4,23,23,9,25,25
324,16,16,20,25,19,17,12,6,4,1,3,23,23,8,25,25
325,17,15,21,25,19,17,11,6,5,1,2,23,23,7,25,25
326,17,14,22,24,19,17,10,6,5,2,1,23,23,6,25,25
327,17,13,23,23,20,17,9,7,5,3,1,23,23,5,25,25
328,18,12,23,22,21,17,8,8,6,3,1,23,23,4,25,25
329,19,11,23,21,22,17,7,9,6,3,2,23,23,3,25,25
330,20,10,22,20,22,17,6,10,6,4,3,23,23,2,25,25
331,21,9,21,19,22,17,5,10,7,5,4,23,23,1,25,25
332,22,8,20,18,23,17,4,10,7,6,5,23,23,1,25,25
333,22,7,19,17,23,17,3,11,7,6,5,23,23,1,25,25
334,22,6,18,16,23,17,2,12,8,6,5,23,23,2,25,25
335,23,5,17,15,22,17,1,12,8,7,6,23,23,3,25,25
336,24,4,16,14,21,17,1,12,8,8,6,23,23,4,25,25
337,24,3,15,13,20,17,1,13,9,9,6,23,23,5,25,25
338,24,2,14,12,19,17,2,13,9,10,7,23,23,5,25,25
339,25,1,13,11,18,17,2,13,9,11,8,23,23,5,25,25
340,25,1,12,10,17,17,2,14,10,12,9,23,23,6,25,25
341,25,1,11,9,16,17,3,15,10,13,10,23,23,6,25,25
342,24,1,10,8,15,17,4,16,10,13,11,23,23,6,25,25
343,23,2,9,7,14,17,4,17,11,13,12,23,23,7,25,25
344,22,3,8,6,13,17,4,17,12,14,12,23,23,7,25,25
345,21,4,7,5,12,17,5,17,12,14,12,23,23,7,25,25
346,20,5,6,4,11,17,6,16,12,14,13,23,23,8,25,25
347,19,6,5,3,10,17,7,15,13,15,14,23,23,8,25,25
348,18,7,4,2,9,17,8,14,14,15,15,23,23,8,25,25
349,17,8,3,1,8,17,8,13,15,15,15,23,23,9,25,25
350,16,9,2,1,7,17,8,12,16,16,15,23,23,10,25,25
351,15,9,1,1,6,17,9,11,17,17,16,23,23,11,25,25
352,14,9,1,2,5,17,10,10,18,17,17,23,23,11,25,25
353,13,10,1,3,4,17,10,9,19,17,18,23,23,11,25,25
354,12,11,2,4,3,17,10,8,19,18,19,23,23,12,25,25
355,11,12,3,4,2,17,11,7,19,19,19,23,23,13,25,25
356,10,13,3,4,1,17,12,6,20,19,19,23,23,14,25,25
357,9,13,3,5,1,17,13,5,21,19,20,23,23,15,25,25
358,8,13,4,6,1,17,14,4,22,20,20,23,23,16,25,25
359,7,14,5,7,2,17,14,3,23,21,20,23,23,16,25,25
360,6,14,5,7,3,17,14,2,24,22,21,23,23,16,25,25
361,5,14,5,7,4,17,15,1,24,23,21,23,23,17,25,25
362,4,15,6,8,4,17,15,1,24,23,21,23,23,18,25,25
363,3,15,6,8,4,17,15,1,23,23,22,23,23,19,25,25
364,2,15,6,8,5,17,16,2,22,22,22,23,23,20,25,25
365,1,16,7,9,6,17,17,3,21,21,22,23,23,21,25,25
366,1,16,8,10,7,17,17,4,20,20,21,23,23,21,25,25
367,1,16,8,10,8,17,17,4,19,19,20,23,23,21,25,25
368,2,17,8,10,9,17,18,4,18,18,19,23,23,22,25,25
369,2,18,9,11,9,16,19,5,17,17,18,23,23,23,25,25
370,2,18,10,11,9,15,19,5,16,16,17,23,23,24,25,25
371,3,18,11,11,10,14,19,5,15,15,16,23,23,25,25,25
372,3,19,11,12,10,13,18,6,14,14,15,23,23,25,25,25
373,3,20,11,12,10,12,17,7,13,13,14,23,23,25,25,25
374,4,21,12,12,11,11,16,8,12,12,13,23,23,24,25,25
375,5,21,12,13,12,10,15,8,11,11,12,23,23,23,25,25
376,6,21,12,14,12,9,14,8,10,10,11,23,23,22,25,25
377,7,22,13,15,12,8,13,9,9,9,10,23,23,21,25,25
378,8,23,14,16,13,7,12,10,8,8,9,23,23,20,25,25
379,9,23,14,16,14,6,11,11,7,7,8,23,23,19,25,25
380,10,23,14,16,15,5,10,12,6,6,7,23,23,18,25,25
381,11,24,15,17,16,4,9,13,5,5,6,23,23,17,25,25
382,12,24,16,18,17,3,8,14,4,4,5,23,23,16,25,25
383,12,24,17,19,17,2,7,15,3,3,4,23,23,15,25,25
384,12,25,18,20,17,1,6,15,2,2,3,23,23,14,25,25
385,13,25,19,21,18,1,5,15,1,1,2,23,23,13,25,25
386,13,25,20,21,19,1,4,16,1,1,1,23,23,12,25,25
387,13,24,21,21,20,2,3,17,1,1,1,23,23,11,25,25
388,14,23,22,20,20,2,2,17,2,2,1,23,23,10,25,25
389,15,22,22,19,20,2,1,17,2,3,2,23,23,9,25,25
390,16,21,22,18,21,3,1,18,2,3,3,23,23,8,25,25
391,17,20,23,17,22,4,1,19,3,3,4,23,23,7,25,25
392,18,19,24,16,22,5,2,20,4,4,5,23,23,6,25,25
393,18,18,24,15,22,6,3,20,4,4,5,23,23,5,25,25
394,18,17,24,14,23,7,4,20,4,4,5,23,23,4,25,25
395,19,16,23,13,23,7,5,21,5,5,6,23,23,3,25,25
396,20,15,22,12,23,7,5,22,6,5,6,23,23,2,25,25
397,21,14,21,11,24,8,5,23,7,5,6,23,23,1,25,25
398,21,13,20,10,24,9,6,24,8,6,7,23,23,1,25,25
399,21,12,19,9,24,10,7,24,9,7,8,23,23,1,25,25
400,22,11,18,8,25,11,8,24,9,8,8,23,23,2,25,25
401,23,10,17,7,25,11,8,25,9,9,8,23,23,3,25,25
402,23,9,16,6,25,11,8,25,10,10,9,23,23,4,25,25
403,23,8,15,5,24,12,9,25,11,10,10,23,23,4,25,25
404,22,7,14,4,23,13,9,24,12,10,10,23,23,4,25,25
405,21,6,13,3,22,13,9,23,13,11,10,23,23,5,25,25
406,20,5,12,2,21,13,10,22,13,12,11,23,23,6,25,25
407,19,4,11,1,20,14,11,21,13,13,12,23,23,6,25,25
408,18,3,10,1,19,14,12,20,14,13,12,23,23,6,25,25
409,17,2,9,1,18,14,12,19,14,13,12,23,23,7,25,25
410,16,1,8,2,17,15,12,18,14,14,13,23,23,8,25,25
411,15,1,7,3,16,16,13,17,15,15,14,23,23,9,25,25
412,14,1,6,3,15,17,13,16,16,16,15,23,23,9,25,25
413,13,2,5,3,14,17,13,15,17,16,16,23,23,9,25,25
414,12,2,4,4,13,17,14,14,18,16,17,23,23,10,25,25
415,11,2,3,5,12,18,15,13,19,17,17,23,23,11,25,25
416,10,3,2,6,11,19,16,12,19,17,17,23,23,12,25,25
417,9,4,1,6,10,19,16,11,19,17,18,23,23,13,25,25
418,8,5,1,6,9,19,16,10,20,18,19,23,23,13,25,25
419,7,5,1,7,8,20,17,9,21,18,19,23,23,13,25,25
420,6,5,2,8,7,21,17,8,22,18,19,23,23,14,25,25
421,5,6,3,9,6,22,17,7,23,19,20,23,23,15,25,25
422,4,7,4,10,5,23,18,6,23,20,21,23,23,15,25,25
423,3,8,5,10,4,23,19,5,23,21,22,23,23,15,25,25
424,2,9,5,10,3,23,20,4,24,22,23,23,23,16,25,25
425,1,10,5,11,2,24,21,3,24,23,23,23,23,17,25,25
426,1,11,6,11,1,25,21,2,24,24,23,23,23,18,25,25
427,1,11,6,11,1,25,21,1,23,25,24,23,23,18,25,25
428,2,11,6,12,1,25,22,1,22,25,24,23,23,18,25,25
429,2,12,7,13,2,24,23,1,21,25,24,23,23,19,25,25
430,2,12,7,14,3,23,24,2,20,24,23,23,23,20,25,25
431,3,12,7,14,3,22,24,3,19,23,22,23,23,21,25,25
432,4,13,8,14,3,21,24,4,18,22,21,23,23,22,25,25
433,5,14,9,15,4,20,23,5,17,21,20,23,23,23,25,25
434,6,14,9,16,4,19,22,6,16,20,19,23,23,23,25,25
435,7,14,9,17,4,18,21,6,15,19,18,23,23,23,25,25
436,7,15,10,18,5,17,20,6,14,18,17,23,23,24,25,25
437,7,16,11,19,5,16,19,7,13,17,16,23,23,24,25,25
438,8,16,12,20,5,15,18,8,12,16,15,23,23,24,25,25
439,8,16,13,20,6,14,17,9,11,15,14,23,23,23,25,25
440,8,17,14,20,6,13,16,10,10,14,13,23,23,22,25,25
441,9,18,15,21,6,12,15,11,9,13,12,23,23,21,25,25
442,9,19,16,21,7,11,14,11,8,12,11,23,23,20,25,25
443,9,20,16,21,8,10,13,11,7,11,10,23,23,19,25,25
444,10,21,16,22,9,9,12,12,6,10,9,23,23,18,25,25
445,10,21,17,23,10,8,11,13,5,9,8,23,23,17,25,25
446,10,21,18,24,11,7,10,14,4,8,7,23,23,16,25,25
447,11,22,18,24,12,6,9,15,3,7,6,23,23,15,25,25
448,12,23,18,24,13,5,8,16,2,6,5,23,23,14,25,25
449,13,23,19,23,14,4,7,17,1,5,4,23,23,13,25,25
450,14,23,20,22,15,3,6,17,1,4,3,23,23,12,25,25
451,15,24,20,21,16,2,5,17,1,3,2,23,23,11,25,25
452,15,25,20,20,16,1,4,18,2,2,1,23,23,10,25,25
453,15,25,21,19,16,1,3,18,3,1,1,23,23,9,25,25
454,16,25,21,18,17,1,2,18,3,1,1,23,23,8,25,25
455,17,24,21,17,18,2,1,19,3,1,2,23,23,7,25,25
456,18,23,22,16,18,3,1,19,4,2,3,23,23,6,25,25
457,19,22,23,15,18,4,1,19,4,2,4,23,23,5,25,25
458,20,21,24,14,19,5,2,20,4,2,4,23,23,4,25,25
459,21,20,24,13,19,5,3,20,5,3,4,23,23,3,25,25
460,22,19,24,12,19,5,3,20,5,3,5,23,23,2,25,25
461,23,18,23,11,20,6,3,21,5,3,6,23,23,1,25,25
462,24,17,22,10,21,6,4,21,6,4,7,23,23,1,25,25
463,24,16,21,9,22,6,5,21,6,5,8,23,23,1,25,25
464,24,15,20,8,23,7,6,22,6,6,9,23,23,2,25,25
465,23,14,19,7,24,8,7,23,7,7,9,23,23,3,25,25
466,22,13,18,6,24,8,8,23,8,7,9,23,23,3,25,25
467,21,12,17,5,24,8,8,23,9,7,10,23,23,3,25,25
468,20,11,16,4,25,9,8,22,10,8,11,23,23,4,25,25
469,19,10,15,3,25,9,9,21,11,9,12,23,23,5,25,25
470,18,9,14,2,25,9,10,20,12,10,12,23,23,6,25,25
471,17,8,13,1,24,10,11,19,13,10,12,23,23,7,25,25
472,16,7,12,1,23,11,11,18,13,10,13,23,23,8,25,25
473,15,6,11,1,22,12,11,17,13,11,14,23,23,9,25,25
474,14,5,10,2,21,13,12,16,14,12,14,23,23,9,25,25
475,13,4,9,3,20,14,12,15,15,12,14,23,23,9,25,25
476,12,3,8,3,19,15,12,14,15,12,15,23,23,10,25,25
477,11,2,7,3,18,16,13,13,15,13,16,23,23,11,25,25
478,10,1,6,4,17,17,13,12,16,14,16,23,23,12,25,25
479,9,1,5,4,16,18,13,11,16,15,16,23,23,13,25,25
480,8,1,4,4,15,18,14,10,16,15,17,23,23,13,25,25
481,7,2,3,5,14,18,15,9,17,15,17,23,23,13,25,25
482,6,2,2,6,13,19,15,8,18,14,17,23,23,14,25,25
483,5,2,1,7,12,19,15,7,18,13,18,23,23,14,25,25
484,4,3,1,7,11,19,16,6,18,12,19,23,23,14,25,25
485,3,3,1,7,10,20,16,5,19,11,20,23,23,15,25,25
486,2,3,2,8,9,20,16,4,19,10,21,23,23,16,25,25
487,1,4,2,9,8,20,17,3,19,9,22,23,23,16,25,25
488,1,5,2,9,7,21,18,2,20,8,23,23,23,16,25,25
489,1,6,3,9,6,22,19,1,20,7,23,23,23,17,25,25
490,2,6,3,10,5,23,19,1,20,6,23,23,23,18,25,25
491,3,6,3,11,4,24,19,1,19,5,24,23,23,19,25,25
492,4,7,4,11,3,25,20,2,18,4,24,23,23,19,25,25
493,4,8,5,11,2,25,20,2,17,3,24,23,23,19,25,25
494,4,9,6,12,1,25,20,2,16,2,25,23,23,20,25,25
495,5,10,7,13,1,24,19,3,15,1,25,23,23,21,25,25
496,5,11,8,14,1,23,18,4,14,1,25,23,23,22,25,25
497,5,11,9,15,2,22,17,4,13,1,24,23,23,23,25,25
498,6,11,10,15,3,21,16,4,12,2,23,23,23,23,25,25
499,6,12,11,15,3,20,15,5,11,3,22,23,23,23,25,25
500,6,13,11,16,3,19,14,6,10,3,21,23,23,24,25,25
501,7,14,11,17,4,18,13,6,9,3,20,23,23,25,25,25
502,8,15,12,17,4,17,12,6,8,4,19,23,23,25,25,25
503,9,15,13,17,4,16,11,7,7,5,18,23,23,25,25,25
504,10,15,13,18,5,15,10,8,6,5,17,23,23,24,25,25
505,10,16,13,19,6,14,9,9,5,5,16,23,23,23,25,25
506,10,17,14,20,7,13,8,10,4,6,15,23,23,22,25,25
507,11,18,14,21,7,12,7,11,3,7,14,23,23,21,25,25
508,12,18,14,21,7,11,6,11,2,7,13,23,23,20,25,25
509,13,18,15,21,8,10,5,11,1,7,12,23,23,19,25,25
510,13,19,16,20,8,9,4,12,1,8,11,23,23,18,25,25
511,13,19,17,19,8,8,3,12,1,9,10,23,23,17,25,25
512,14,19,18,18,9,7,2,12,2,10,9,23,23,16,25,25
513,15,20,19,17,9,6,1,13,3,11,8,23,23,15,25,25
514,16,20,20,16,9,5,1,14,4,12,7,23,23,14,25,25
515,16,20,21,15,10,4,1,15,5,13,6,23,23,13,25,25
516,16,21,21,14,10,3,2,16,6,13,5,23,23,12,25,25
517,17,22,21,13,10,2,2,16,6,13,4,23,23,11,25,25
518,18,22,20,12,11,1,2,16,6,14,3,23,23,10,25,25
519,18,22,19,11,11,1,3,17,7,15,2,23,23,9,25,25
520,18,21,18,10,11,1,4,17,8,15,1,23,23,8,25,25
521,19,20,17,9,12,2,5,17,8,15,1,23,23,7,25,25
522,20,19,16,8,13,3,6,18,8,16,1,23,23,6,25,25
523,21,18,15,7,14,4,7,19,9,17,2,23,23,5,25,25
524,22,17,14,6,14,5,8,20,10,18,2,23,23,4,25,25
525,22,16,13,5,14,6,8,21,11,19,2,23,23,3,25,25
526,22,15,12,4,15,6,8,21,12,20,3,23,23,2,25,25
527,21,14,11,3,16,6,9,21,12,21,4,23,23,1,25,25
528,20,13,10,2,17,7,10,22,12,22,4,23,23,1,25,25
529,19,12,9,1,17,8,10,23,13,23,4,23,23,1,25,25
530,18,11,8,1,17,9,10,24,14,23,5,23,23,2,25,25
531,17,10,7,1,16,10,11,25,15,23,6,23,23,3,25,25
532,16,9,6,2,15,10,12,25,15,24,6,23,23,3,25,25
533,15,8,5,3,14,10,12,25,15,25,6,23,23,3,25,25
534,14,7,4,3,13,11,12,24,16,25,7,23,23,4,25,25
535,13,6,3,3,12,12,13,23,16,25,8,23,23,5,25,25
536,12,5,2,4,11,13,14,22,16,24,9,23,23,6,25,25
537,11,4,1,5,10,14,15,21,17,23,9,23,23,6,25,25
538,10,3,1,6,9,15,16,20,18,22,9,23,23,6,25,25
539,9,2,1,7,8,15,17,19,19,21,10,23,23,7,25,25
540,8,1,2,8,7,15,18,18,20,20,10,23,23,8,25,25
541,7,1,3,9,6,16,18,17,21,19,10,23,23,9,25,25
542,6,1,4,10,5,16,18,16,21,18,11,23,23,10,25,25
543,5,2,5,11,4,16,19,15,21,17,12,23,23,11,25,25
544,4,2,6,11,3,17,20,14,22,16,13,23,23,12,25,25
545,3,2,7,11,2,17,20,13,22,15,14,23,23,12,25,25
546,2,3,8,12,1,17,20,12,22,14,15,23,23,12,25,25
547,1,3,8,12,1,18,21,11,23,13,16,23,23,13,25,25
548,1,3,8,12,1,18,21,10,23,12,17,23,23,14,25,25
549,1,4,9,13,2,18,21,9,23,11,18,23,23,14,25,25
550,2,5,10,13,3,19,22,8,22,10,18,23,23,14,25,25
551,2,6,11,13,3,20,22,7,21,9,18,23,23,15,25,25
552,2,7,11,14,3,21,22,6,20,8,19,23,23,16,25,25
553,3,8,11,14,4,22,23,5,19,7,19,23,23,16,25,25
554,4,8,12,14,5,23,24,4,18,6,19,23,23,16,25,25
555,4,8,12,15,6,23,25,3,17,5,20,23,23,17,25,25
556,4,9,12,16,6,23,25,2,16,4,21,23,23,18,25,25
557,5,10,13,17,6,24,25,1,15,3,22,23,23,18,25,25
558,5,11,13,18,7,24,24,1,14,2,23,23,23,18,25,25
559,5,12,13,19,8,24,23,1,13,1,23,23,23,19,25,25
560,6,13,14,20,8,25,22,2,12,1,23,23,23,19,25,25
561,6,14,14,20,8,25,21,3,11,1,24,23,23,19,25,25
562,6,14,14,20,9,25,20,3,10,2,25,23,23,20,25,25
563,7,14,15,21,10,24,19,3,9,2,25,23,23,20,25,25
564,8,15,16,21,10,23,18,4,8,2,25,23,23,20,25,25
565,9,15,17,21,10,22,17,5,7,3,24,23,23,19,25,25
566,10,15,17,22,11,21,16,6,6,3,23,23,23,18,25,25
567,11,16,17,22,12,20,15,7,5,3,22,23,23,17,25,25
568,11,17,18,22,12,19,14,7,4,4,21,23,23,16,25,25
569,11,18,19,23,12,18,13,7,3,5,20,23,23,15,25,25
570,12,19,20,23,13,17,12,8,2,6,19,23,23,14,25,25
571,13,20,21,23,14,16,11,9,1,7,18,23,23,13,25,25
572,14,21,21,22,15,15,10,9,1,7,17,23,23,12,25,25
573,15,21,21,21,16,14,9,9,1,7,16,23,23,11,25,25
574,15,21,22,20,17,13,8,10,2,8,15,23,23,10,25,25
575,15,22,22,19,18,12,7,11,2,9,14,23,23,9,25,25
576,16,23,22,18,18,11,6,12,2,9,13,23,23,8,25,25
577,17,23,21,17,18,10,5,12,3,9,12,23,23,7,25,25
578,17,23,20,16,19,9,4,12,4,10,11,23,23,6,25,25
579,17,24,19,15,19,8,3,13,5,11,10,23,23,5,25,25
580,18,24,18,14,19,7,2,13,5,12,9,23,23,4,25,25
581,19,24,17,13,20,6,1,13,5,12,8,23,23,3,25,25
582,20,23,16,12,21,5,1,14,6,12,7,23,23,2,25,25
583,21,22,15,11,22,4,1,14,7,13,6,23,23,1,25,25
584,21,21,14,10,23,3,2,14,8,14,5,23,23,1,25,25
585,21,20,13,9,24,2,3,15,9,15,4,23,23,1,25,25
586,22,19,12,8,24,1,3,15,10,16,3,23,23,2,25,25
587,23,18,11,7,24,1,3,15,11,17,2,23,23,3,25,25
588,24,17,10,6,23,1,4,14,12,18,1,23,23,3,25,25
589,24,16,9,5,22,2,5,13,13,18,1,23,23,3,25,25
590,24,15,8,4,21,3,6,12,13,18,1,23,23,4,25,25
591,25,14,7,3,20,4,7,11,13,19,2,23,23,4,25,25
592,25,13,6,2,19,5,8,10,14,19,3,23,23,4,25,25
593,25,12,5,1,18,5,9,9,14,19,4,23,23,5,25,25
594,24,11,4,1,17,5,10,8,14,20,5,23,23,6,25,25
595,23,10,3,1,16,6,10,7,15,21,5,23,23,6,25,25
596,22,9,2,2,15,7,10,6,16,22,5,23,23,6,25,25
597,21,8,1,3,14,8,11,5,17,22,6,23,23,7,25,25
598,20,7,1,3,13,9,12,4,18,22,6,23,23,7,25,25
599,19,6,1,3,12,10,13,3,18,21,6,23,23,7,25,25
600,18,5,2,4,11,10,14,2,18,20,7,23,23,8,25,25
601,17,4,3,5,10,10,14,1,19,19,8,23,23,8,25,25
602,16,3,4,6,9,11,14,1,20,18,8,23,23,8,25,25
603,15,2,5,7,8,12,15,1,20,17,8,23,23,9,25,25
604,14,1,5,8,7,13,16,2,20,16,9,23,23,10,25,25
605,13,1,5,9,6,13,16,2,21,15,10,23,23,10,25,25
606,12,1,6,10,5,13,16,2,21,14,10,23,23,10,25,25
607,11,2,7,11,4,14,17,3,21,13,10,23,23,11,25,25
608,10,2,8,12,3,15,17,3,22,12,11,23,23,12,25,25
609,9,2,9,12,2,16,17,3,22,11,11,23,23,12,25,25
610,8,3,10,12,1,17,18,4,22,10,11,23,23,12,25,25
611,7,4,11,13,1,18,19,5,23,9,12,23,23,13,25,25
612,6,4,12,14,1,18,20,6,24,8,13,23,23,14,25,25
613,5,4,13,14,2,18,21,7,25,7,14,23,23,15,25,25
614,4,5,13,14,2,19,22,8,25,6,15,23,23,15,25,25
615,3,5,13,15,2,19,23,9,25,5,15,23,23,15,25,25
616,2,5,14,15,3,19,23,10,24,4,15,23,23,14,25,25
617,1,6,14,15,3,20,23,11,23,3,16,23,23,13,25,25
618,1,7,14,16,3,20,24,11,22,2,16,23,23,12,25,25
619,1,7,15,17,4,20,25,11,21,1,16,23,23,11,25,25
620,2,7,16,17,4,21,25,12,20,1,17,23,23,10,25,25
621,2,8,17,17,4,22,25,12,19,1,18,23,23,9,25,25
622,2,8,17,18,5,23,24,12,18,2,19,23,23,8,25,25
623,3,8,17,19,6,23,23,13,17,3,20,23,23,7,25,25
624,4,9,18,19,7,23,22,14,16,4,20,23,23,6,25,25
625,5,10,19,19,8,24,21,15,15,4,20,23,23,5,25,25
626,5,11,19,20,9,24,20,15,14,4,21,23,23,4,25,25
627,5,12,19,20,10,24,19,15,13,5,22,23,23,3,25,25
628,6,13,20,20,11,25,18,16,12,5,23,23,23,2,25,25
629,7,14,20,21,11,25,17,17,11,5,24,23,23,1,25,25
630,8,15,20,21,11,25,16,18,10,6,24,23,23,1,25,25
631,9,15,21,21,12,24,15,18,9,6,24,23,23,1,25,25
632,10,15,21,22,12,23,14,18,8,6,23,23,23,2,25,25
633,10,16,21,23,12,22,13,19,7,7,22,23,23,2,25,25
634,10,17,22,23,13,21,12,19,6,7,21,23,23,2,25,25
635,11,18,23,23,14,20,11,19,5,7,20,23,23,3,25,25
636,12,18,24,22,15,19,10,20,4,8,19,23,23,3,25,25
637,12,18,25,21,16,18,9,21,3,9,18,23,23,3,25,25
638,12,17,25,20,17,17,8,22,2,9,17,23,23,4,25,25
639,13,16,25,19,18,16,7,23,1,9,16,23,23,5,25,25
640,13,15,24,18,18,15,6,23,1,10,15,23,23,6,25,25
641,13,14,23,17,18,14,5,23,1,11,14,23,23,7,25,25
642,14,13,22,16,19,13,4,22,2,12,13,23,23,8,25,25
643,15,12,21,15,19,12,3,21,3,12,12,23,23,9,25,25
644,15,11,20,14,19,11,2,20,3,12,11,23,23,10,25,25
645,15,10,19,13,20,10,1,19,3,13,10,23,23,11,25,25
646,16,9,18,12,20,9,1,18,4,14,9,23,23,11,25,25
647,17,8,17,11,20,8,1,17,4,15,8,23,23,11,25,25
648,17,7,16,10,21,7,2,16,4,16,7,23,23,12,25,25
649,17,6,15,9,22,6,3,15,5,16,6,23,23,13,25,25
650,18,5,14,8,23,5,4,14,6,16,5,23,23,14,25,25
651,19,4,13,7,24,4,5,13,7,17,4,23,23,15,25,25
652,19,3,12,6,25,3,6,12,7,18,3,23,23,16,25,25
653,19,2,11,5,25,2,7,11,7,19,2,23,23,16,25,25
654,20,1,10,4,25,1,7,10,8,20,1,23,23,16,25,25
655,21,1,9,3,24,1,7,9,8,21,1,23,23,17,25,25
656,21,1,8,2,23,1,8,8,8,22,1,23,23,18,25,25
657,21,2,7,1,22,2,9,7,9,22,2,23,23,19,25,25
658,20,2,6,1,21,3,10,6,10,22,2,23,23,20,25,25
659,19,2,5,1,20,3,11,5,11,21,2,23,23,20,25,25
660,18,3,4,2,19,3,11,4,11,20,3,23,23,20,25,25
661,17,4,3,2,18,4,11,3,11,19,4,23,23,21,25,25
662,16,4,2,2,17,4,12,2,12,18,5,23,23,21,25,25
663,15,4,1,3,16,4,12,1,13,17,6,23,23,21,25,25
664,14,5,1,3,15,5,12,1,14,16,7,23,23,22,25,25
665,13,6,1,3,14,5,13,1,14,15,8,23,23,22,25,25
666,12,7,2,4,13,5,13,2,14,14,8,23,23,22,25,25
667,11,7,2,4,12,6,13,3,15,13,8,23,23,23,25,25
668,10,7,2,4,11,6,14,4,16,12,9,23,23,23,25,25
669,9,8,3,5,10,6,14,5,17,11,10,23,23,23,25,25
670,8,9,4,5,9,7,14,6,18,10,10,23,23,22,25,25
671,7,9,5,5,8,7,15,6,19,9,10,23,23,21,25,25
672,6,9,6,6,7,7,15,6,20,8,11,23,23,20,25,25
673,5,10,6,7,6,8,15,7,21,7,12,23,23,19,25,25
674,4,11,6,8,5,9,16,7,22,6,13,23,23,18,25,25
675,3,12,7,9,4,10,17,7,22,5,13,23,23,17,25,25
676,2,13,8,10,3,11,17,8,22,4,13,23,23,16,25,25
677,1,14,8,10,2,12,17,9,23,3,14,23,23,15,25,25
678,1,15,8,10,1,13,18,9,23,2,15,23,23,14,25,25
679,1,16,9,11,1,13,19,9,23,1,16,23,23,13,25,25
680,2,17,9,12,1,13,20,10,24,1,17,23,23,12,25,25
681,3,18,9,13,2,14,20,11,24,1,18,23,23,11,25,25
682,4,19,10,14,3,15,20,12,24,2,19,23,23,10,25,25
683,4,20,11,14,4,16,21,12,23,2,20,23,23,9,25,25
684,4,21,12,14,4,17,22,12,22,2,21,23,23,8,25,25
685,5,21,12,15,4,17,23,13,21,3,22,23,23,7,25,25
686,6,21,12,16,5,17,24,13,20,4,23,23,23,6,25,25
687,6,22,13,17,6,18,24,13,19,5,23,23,23,5,25,25
688,6,23,14,18,7,19,24,14,18,5,23,23,23,4,25,25
689,7,23,15,19,8,20,23,14,17,5,24,23,23,3,25,25
690,8,23,16,20,8,21,22,14,16,6,25,23,23,2,25,25
691,9,24,16,21,8,21,21,15,15,7,25,23,23,1,25,25
692,9,25,16,22,9,21,20,16,14,8,25,23,23,1,25,25
693,9,25,17,22,10,22,19,17,13,9,24,23,23,1,25,25
694,10,25,18,22,11,23,18,18,12,10,23,23,23,2,25,25
695,11,24,19,21,11,23,17,18,11,10,22,23,23,2,25,25
696,11,23,20,20,11,23,16,18,10,10,21,23,23,2,25,25
697,11,22,21,19,12,24,15,19,9,11,20,23,23,3,25,25
698,12,21,21,18,12,24,14,20,8,12,19,23,23,3,25,25
699,12,20,21,17,12,24,13,21,7,12,18,23,23,3,25,25
700,12,19,22,16,13,23,12,21,6,12,17,23,23,4,25,25
701,13,18,22,15,13,22,11,21,5,13,16,23,23,5,25,25
702,14,17,22,14,13,21,10,22,4,14,15,23,23,6,25,25
703,15,16,23,13,14,20,9,23,3,14,14,23,23,7,25,25
704,16,15,24,12,14,19,8,24,2,14,13,23,23,8,25,25
705,17,14,25,11,14,18,7,24,1,15,12,23,23,9,25,25
706,18,13,25,10,15,17,6,24,1,16,11,23,23,10,25,25
707,19,12,25,9,16,16,5,23,1,16,10,23,23,11,25,25
708,20,11,24,8,16,15,4,22,2,16,9,23,23,12,25,25
709,21,10,23,7,16,14,3,21,2,17,8,23,23,13,25,25
710,21,9,22,6,17,13,2,20,2,17,7,23,23,13,25,25
711,21,8,21,5,18,12,1,19,3,17,6,23,23,13,25,25
712,22,7,20,4,18,11,1,18,4,18,5,23,23,14,25,25
713,22,6,19,3,18,10,1,17,5,18,4,23,23,15,25,25
714,22,5,18,2,19,9,2,16,5,18,3,23,23,15,25,25
715,23,4,17,1,19,8,3,15,5,19,2,23,23,15,25,25
716,24,3,16,1,19,7,3,14,6,20,1,23,23,16,25,25
717,24,2,15,1,20,6,3,13,7,20,1,23,23,16,25,25
718,24,1,14,2,21,5,4,12,8,20,1,23,23,16,25,25
719,23,1,13,3,22,4,5,11,9,19,2,23,23,17,25,25
720,22,1,12,3,23,3,6,10,10,18,3,23,23,18,25,25
721,21,2,11,3,23,2,6,9,10,17,4,23,23,18,25,25
722,20,3,10,4,23,1,6,8,10,16,5,23,23,18,25,25
723,19,3,9,5,22,1,7,7,11,15,6,23,23,19,25,25
724,18,3,8,6,21,1,8,6,12,14,7,23,23,20,25,25
725,17,4,7,6,20,2,8,5,13,13,7,23,23,21,25,25
726,16,5,6,6,19,3,8,4,14,12,7,23,23,21,25,25
727,15,6,5,7,18,3,9,3,15,11,8,23,23,21,25,25
728,14,7,4,8,17,3,9,2,16,10,9,23,23,22,25,25
729,13,8,3,9,16,4,9,1,16,9,10,23,23,23,25,25
730,12,9,2,10,15,5,10,1,16,8,11,23,23,24,25,25
731,11,10,1,10,14,5,10,1,17,7,12,23,23,24,25,25
732,10,11,1,10,13,5,10,2,18,6,13,23,23,24,25,25
733,9,12,1,11,12,6,11,3,18,5,14,23,23,23,25,25
734,8,12,2,11,11,7,12,4,18,4,14,23,23,22,25,25
735,7,12,3,11,10,8,13,5,19,3,14,23,23,21,25,25
736,6,13,4,12,9,9,14,6,20,2,15,23,23,20,25,25
737,5,14,5,13,8,10,15,7,20,1,16,23,23,19,25,25
738,4,15,5,14,7,10,15,7,20,1,17,23,23,18,25,25
739,3,15,5,15,6,10,15,7,21,1,17,23,23,17,25,25
740,2,15,6,16,5,11,16,8,22,2,17,23,23,16,25,25
741,1,16,6,17,4,11,17,9,23,3,18,23,23,15,25,25
742,1,17,6,17,3,11,18,10,24,4,18,23,23,14,25,25
743,1,17,7,17,2,12,19,11,25,5,18,23,23,13,25,25
744,2,17,7,18,1,12,20,12,25,6,19,23,23,12,25,25
745,3,18,7,18,1,12,21,13,25,7,20,23,23,11,25,25
746,4,18,8,18,1,13,22,14,24,7,20,23,23,10,25,25
747,5,18,8,19,2,14,22,15,23,7,20,23,23,9,25,25
748,5,19,8,19,2,15,22,15,22,8,21,23,23,8,25,25
749,5,19,9,19,2,16,23,15,21,9,22,23,23,7,25,25
750,6,19,10,20,3,17,24,16,20,9,22,23,23,6,25,25
751,7,20,10,20,4,18,24,17,19,9,22,23,23,5,25,25
752,7,21,10,20,4,19,24,17,18,10,23,23,23,4,25,25
753,7,22,11,21,4,19,23,17,17,10,23,23,23,3,25,25
754,8,22,12,21,5,19,22,18,16,10,23,23,23,2,25,25
755,9,22,12,21,6,20,21,19,15,11,24,23,23,1,25,25
756,10,23,12,20,7,20,20,19,14,12,25,23,23,1,25,25
757,11,24,13,19,7,20,19,19,13,12,25,23,23,1,25,25
758,12,24,14,18,7,21,18,20,12,12,25,23,23,2,25,25
759,12,24,14,17,8,22,17,20,11,13,24,23,23,3,25,25
760,12,23,14,16,9,22,16,20,10,14,23,23,23,3,25,25
761,13,22,13,15,10,22,15,21,9,14,22,23,23,3,25,25
762,13,21,12,14,10,23,14,22,8,14,21,23,23,4,25,25
763,13,20,11,13,10,24,13,23,7,15,20,23,23,5,25,25
764,14,19,10,12,11,25,12,23,6,16,19,23,23,5,25,25
765,15,18,9,11,11,25,11,23,5,17,18,23,23,5,25,25
766,16,17,8,10,11,25,10,24,4,17,17,23,23,6,25,25
767,16,16,7,9,12,24,9,24,3,17,16,23,23,7,25,25
768,16,15,6,8,13,23,8,24,2,18,15,23,23,8,25,25
769,17,14,5,7,14,22,7,25,1,18,14,23,23,9,25,25
770,18,13,4,6,15,21,6,25,1,18,13,23,23,10,25,25
771,18,12,3,5,15,20,5,25,1,19,12,23,23,10,25,25
772,18,11,2,4,15,19,4,24,2,19,11,23,23,10,25,25
773,19,10,1,3,16,18,3,23,2,19,10,23,23,11,25,25
774,19,9,1,2,17,17,2,22,2,20,9,23,23,11,25,25
775,19,8,1,1,18,16,1,21,3,21,8,23,23,11,25,25
776,20,7,2,1,19,15,1,20,4,22,7,23,23,12,25,25
777,20,6,3,1,19,14,1,19,5,23,6,23,23,13,25,25
778,20,5,4,2,19,13,2,18,5,23,5,23,23,13,25,25
779,21,4,5,2,20,12,3,17,5,23,4,23,23,13,25,25
780,21,3,6,2,21,11,4,16,6,22,3,23,23,14,25,25
781,21,2,7,3,21,10,4,15,7,21,2,23,23,15,25,25
782,22,1,8,4,21,9,4,14,7,20,1,23,23,16,25,25
783,23,1,9,5,20,8,5,13,7,19,1,23,23,17,25,25
784,24,1,10,6,19,7,5,12,8,18,1,23,23,17,25,25
785,25,2,10,6,18,6,5,11,9,17,2,23,23,17,25,25
786,25,2,10,6,17,5,6,10,10,16,3,23,23,18,25,25
787,25,2,11,7,16,4,7,9,11,15,4,23,23,19,25,25
788,24,3,12,8,15,3,7,8,12,14,5,23,23,19,25,25
789,23,4,12,8,14,2,7,7,13,13,6,23,23,19,25,25
790,22,5,12,8,13,1,8,6,14,12,6,23,23,20,25,25
791,21,5,13,9,12,1,9,5,15,11,6,23,23,20,25,25
792,20,5,14,9,11,1,10,4,15,10,7,23,23,20,25,25
793,19,6,14,9,10,2,11,3,15,9,7,23,23,21,25,25
794,18,6,14,10,9,2,12,2,16,8,7,23,23,22,25,25
795,17,6,15,10,8,2,13,1,17,7,8,23,23,23,25,25
796,16,7,16,10,7,3,14,1,18,6,9,23,23,23,25,25
797,15,7,17,11,6,4,14,1,19,5,10,23,23,23,25,25
798,14,7,18,12,5,5,14,2,20,4,11,23,23,22,25,25
799,13,8,19,13,4,6,15,3,21,3,12,23,23,21,25,25
800,12,9,19,13,3,7,16,4,22,2,12,23,23,20,25,25
801,11,10,19,13,2,7,17,4,23,1,12,23,23,19,25,25
802,10,11,20,14,1,7,17,4,23,1,13,23,23,18,25,25
803,9,11,20,15,1,8,17,5,23,1,13,23,23,17,25,25
804,8,11,20,16,1,9,18,5,24,2,13,23,23,16,25,25
805,7,12,21,17,2,10,19,5,24,3,14,23,23,15,25,25
806,6,13,22,18,3,11,19,6,24,3,15,23,23,14,25,25
807,5,14,23,18,4,12,19,7,25,3,16,23,23,13,25,25
808,4,15,23,18,4,13,20,8,25,4,17,23,23,12,25,25
809,3,16,23,19,4,14,21,8,25,4,18,23,23,11,25,25
810,2,17,24,19,5,14,21,8,24,4,19,23,23,10,25,25
811,1,18,24,19,6,14,21,9,23,5,19,23,23,9,25,25
812,1,19,24,20,7,15,22,9,22,5,19,23,23,8,25,25
813,1,20,25,21,7,16,23,9,21,5,20,23,23,7,25,25
814,2,20,25,22,7,17,23,10,20,6,21,23,23,6,25,25
815,3,20,25,23,8,18,23,11,19,7,22,23,23,5,25,25
816,4,21,24,24,9,18,22,12,18,8,23,23,23,4,25,25
817,5,22,23,25,9,18,21,13,17,9,23,23,23,3,25,25
818,5,22,22,25,9,19,20,14,16,9,23,23,23,2,25,25
819,5,22,21,25,10,19,19,15,15,9,24,23,23,1,25,25
820,6,23,20,24,10,19,18,15,14,10,25,23,23,1,25,25
821,7,24,19,23,10,20,17,15,13,10,25,23,23,1,25,25
822,8,25,18,22,11,20,16,16,12,10,25,23,23,2,25,25
823,8,25,17,21,12,20,15,17,11,11,24,23,23,3,25,25
824,8,25,16,20,13,21,14,18,10,12,23,23,23,4,25,25
825,9,24,15,19,14,21,13,18,9,13,22,23,23,4,25,25
826,9,23,14,18,15,21,12,18,8,14,21,23,23,4,25,25
827,9,22,13,17,16,22,11,19,7,15,20,23,23,5,25,25
828,10,21,12,16,16,22,10,20,6,16,19,23,23,5,25,25
829,11,20,11,15,16,22,9,21,5,16,18,23,23,5,25,25
830,11,19,10,14,17,23,8,22,4,16,17,23,23,6,25,25
831,11,18,9,13,18,24,7,23,3,17,16,23,23,7,25,25
832,12,17,8,12,19,25,6,23,2,18,15,23,23,7,25,25
833,13,16,7,11,19,25,5,23,1,18,14,23,23,7,25,25
834,14,15,6,10,19,25,4,24,1,18,13,23,23,8,25,25
835,14,14,5,9,20,24,3,25,1,19,12,23,23,8,25,25
836,14,13,4,8,20,23,2,25,2,20,11,23,23,8,25,25
837,15,12,3,7,20,22,1,25,3,21,10,23,23,9,25,25
838,16,11,2,6,21,21,1,24,3,22,9,23,23,10,25,25
839,17,10,1,5,22,20,1,23,3,22,8,23,23,11,25,25
840,17,9,1,4,23,19,2,22,4,22,7,23,23,12,25,25
841,17,8,1,3,24,18,2,21,4,21,6,23,23,13,25,25
842,18,7,2,2,25,17,2,20,4,20,5,23,23,14,25,25
843,19,6,2,1,25,16,3,19,5,19,4,23,23,14,25,25
844,20,5,2,1,25,15,3,18,6,18,3,23,23,14,25,25
845,21,4,3,1,24,14,3,17,6,17,2,23,23,15,25,25
846,22,3,3,2,23,13,4,16,6,16,1,23,23,16,25,25
847,22,2,3,3,22,12,5,15,7,15,1,23,23,17,25,25
848,22,1,4,4,21,11,6,14,8,14,1,23,23,17,25,25
849,21,1,5,5,20,10,7,13,8,13,2,23,23,17,25,25
850,20,1,6,5,19,9,7,12,8,12,3,23,23,18,25,25
851,19,2,6,5,18,8,7,11,9,11,4,23,23,19,25,25
852,18,2,6,6,17,7,8,10,10,10,5,23,23,19,25,25
853,17,2,7,6,16,6,8,9,11,9,6,23,23,19,25,25
854,16,3,8,6,15,5,8,8,12,8,7,23,23,20,25,25
855,15,4,8,7,14,4,9,7,13,7,8,23,23,20,25,25
856,14,5,8,7,13,3,10,6,14,6,9,23,23,20,25,25
857,13,5,9,7,12,2,11,5,15,5,9,23,23,21,25,25
858,12,5,10,8,11,1,12,4,16,4,9,23,23,22,25,25
859,11,6,11,9,10,1,13,3,16,3,10,23,23,23,25,25
860,10,7,12,10,9,1,13,2,16,2,11,23,23,24,25,25
861,9,7,13,11,8,2,13,1,17,1,12,23,23,25,25,25
862,8,7,14,12,7,3,14,1,18,1,12,23,23,25,25,25
863,7,8,15,13,6,4,14,1,19,1,12,23,23,25,25,25
864,6,9,15,14,5,4,14,2,20,2,13,23,23,24,25,25
865,5,10,15,15,4,4,15,2,20,3,14,23,23,23,25,25
866,4,11,16,15,3,5,16,2,20,3,15,23,23,22,25,25
867,3,11,17,15,2,6,16,3,21,3,16,23,23,21,25,25
868,2,11,17,16,1,7,16,4,22,4,16,23,23,20,25,25
869,1,12,17,16,1,7,17,5,23,5,16,23,23,19,25,25
870,1,13,18,16,1,7,18,5,23,6,17,23,23,18,25,25
871,1,13,18,17,2,8,18,5,23,6,17,23,23,17,25,25
872,2,13,18,18,2,9,18,6,22,6,17,23,23,16,25,25
873,2,14,19,19,2,10,19,7,21,7,18,23,23,15,25,25
874,2,15,20,19,3,11,20,8,20,7,19,23,23,14,25,25
875,3,15,21,19,4,11,20,8,19,7,20,23,23,13,25,25
876,3,15,21,20,5,11,20,8,18,8,21,23,23,12,25,25
877,3,16,21,21,6,12,19,9,17,9,22,23,23,11,25,25
878,4,17,22,21,7,12,18,10,16,10,22,23,23,10,25,25
879,5,17,23,21,8,12,17,11,15,11,22,23,23,9,25,25
880,6,17,24,22,9,13,16,11,14,12,23,23,23,8,25,25
881,7,18,25,22,10,14,15,11,13,13,23,23,23,7,25,25
882,8,19,25,22,11,15,14,12,12,14,23,23,23,6,25,25
883,9,19,25,23,11,16,13,12,11,15,24,23,23,5,25,25
884,10,19,24,23,11,17,12,12,10,15,25,23,23,4,25,25
885,11,20,23,23,12,18,11,13,9,15,25,23,23,3,25,25
886,12,21,22,24,13,19,10,13,8,16,25,23,23,2,25,25
887,13,22,21,25,14,19,9,13,7,17,24,23,23,1,25,25
888,13,23,20,25,15,19,8,14,6,18,23,23,23,1,25,25
889,13,24,19,25,15,20,7,15,5,18,22,23,23,1,25,25
890,14,24,18,24,15,21,6,15,4,18,21,23,23,2,25,25
891,14,24,17,23,16,21,5,15,3,19,20,23,23,2,25,25
892,14,23,16,22,17,21,4,16,2,20,19,23,23,2,25,25
893,15,22,15,21,18,22,3,17,1,21,18,23,23,3,25,25
894,15,21,14,20,19,22,2,18,1,22,17,23,23,4,25,25
895,15,20,13,19,19,22,1,18,1,23,16,23,23,5,25,25
896,16,19,12,18,19,21,1,18,2,24,15,23,23,5,25,25
897,17,18,11,17,20,20,1,19,3,24,14,23,23,5,25,25
898,18,17,10,16,20,19,2,19,4,24,13,23,23,6,25,25
899,18,16,9,15,20,18,3,19,5,25,12,23,23,7,25,25
900,18,15,8,14,21,17,4,18,6,25,11,23,23,8,25,25
901,19,14,7,13,22,16,5,17,6,25,10,23,23,8,25,25
902,20,13,6,12,22,15,6,16,6,24,9,23,23,8,25,25
903,21,12,5,11,22,14,6,15,7,23,8,23,23,9,25,25
904,22,11,4,10,23,13,6,14,8,22,7,23,23,10,25,25
905,22,10,3,9,24,12,7,13,9,21,6,23,23,10,25,25
906,22,9,2,8,24,11,8,12,10,20,5,23,23,10,25,25
907,21,8,1,7,24,10,8,11,11,19,4,23,23,11,25,25
908,20,7,1,6,25,9,8,10,11,18,3,23,23,11,25,25
909,19,6,1,5,25,8,9,9,11,17,2,23,23,11,25,25
910,18,5,2,4,25,7,9,8,12,16,1,23,23,12,25,25
911,17,4,3,3,24,6,9,7,12,15,1,23,23,13,25,25
912,16,3,4,2,23,5,10,6,12,14,1,23,23,13,25,25
913,15,2,5,1,22,4,10,5,13,13,2,23,23,13,25,25
914,14,1,6,1,21,3,10,4,14,12,3,23,23,14,25,25
915,13,1,6,1,20,2,11,3,14,11,4,23,23,14,25,25
916,12,1,6,2,19,1,11,2,14,10,5,23,23,14,25,25
917,11,2,7,2,18,1,11,1,15,9,6,23,23,15,25,25
918,10,3,7,2,17,1,12,1,16,8,6,23,23,16,25,25
919,9,4,7,3,16,2,12,1,16,7,6,23,23,17,25,25
920,8,5,8,4,15,3,12,2,16,6,7,23,23,18,25,25
921,7,6,8,5,14,4,13,3,17,5,8,23,23,18,25,25
922,6,7,8,6,13,5,13,4,18,4,9,23,23,18,25,25
923,5,7,9,6,12,5,13,4,19,3,10,23,23,19,25,25
924,4,7,9,6,11,5,14,4,20,2,11,23,23,20,25,25
925,3,8,9,7,10,6,15,5,21,1,12,23,23,21,25,25
926,2,9,10,8,9,6,16,6,21,1,12,23,23,22,25,25
927,1,10,11,8,8,6,17,6,21,1,12,23,23,23,25,25
928,1,10,12,8,7,7,17,6,22,2,13,23,23,24,25,25
929,1,10,13,9,6,7,17,7,23,3,14,23,23,25,25,25
930,2,11,14,10,5,7,16,8,24,4,15,23,23,25,25,25
931,3,12,14,11,4,8,15,9,25,5,16,23,23,25,25,25
932,3,12,14,11,3,9,14,9,25,6,17,23,23,24,25,25
933,3,12,15,11,2,10,13,9,25,7,17,23,23,23,25,25
934,4,13,16,12,1,11,12,10,24,7,17,23,23,22,25,25
935,5,14,16,13,1,11,11,11,23,7,18,23,23,21,25,25
936,6,14,16,13,1,11,10,11,22,8,19,23,23,20,25,25
937,7,14,17,13,2,12,9,11,21,8,19,23,23,19,25,25
938,7,15,17,14,3,12,8,12,20,8,19,23,23,18,25,25
939,7,16,17,15,3,12,7,13,19,9,20,23,23,17,25,25
940,8,16,18,15,3,13,6,14,18,10,21,23,23,16,25,25
941,8,16,18,15,4,13,5,15,17,11,22,23,23,15,25,25
942,8,17,18,16,5,13,4,15,16,12,23,23,23,14,25,25
943,9,18,17,17,6,14,3,15,15,12,24,23,23,13,25,25
944,10,18,16,18,7,15,2,16,14,12,24,23,23,12,25,25
945,11,18,15,18,8,16,1,16,13,13,24,23,23,11,25,25
946,12,19,14,18,8,17,1,16,12,13,24,23,23,10,25,25
947,13,19,13,19,8,18,1,17,11,13,24,23,23,9,25,25
948,13,19,12,19,9,18,2,18,10,14,24,23,23,8,25,25
949,13,18,11,19,10,18,3,19,9,15,24,23,23,7,25,25
950,14,17,10,20,10,17,4,20,8,15,24,23,23,6,25,25
951,15,16,9,21,10,16,5,20,7,15,24,23,23,5,25,25
952,15,15,8,22,11,15,6,20,6,16,24,23,23,4,25,25
953,15,14,7,23,12,14,7,21,5,16,24,23,23,3,25,25
954,16,13,6,23,13,13,8,22,4,16,24,23,23,2,25,25
955,16,12,5,23,14,12,8,22,3,17,24,23,23,1,25,25
956,16,11,4,24,15,11,8,22,2,18,24,23,23,1,25,25
957,17,10,3,25,16,10,9,23,1,19,24,23,23,1,25,25
958,18,9,2,25,16,9,10,24,1,20,24,23,23,2,25,25
959,19,8,1,25,16,8,11,25,1,21,24,23,23,3,25,25
960,20,7,1,24,17,7,12,25,2,21,24,23,23,3,25,25
961,21,6,1,23,18,6,12,25,2,21,24,23,23,3,25,25
962,22,5,2,22,18,5,12,24,2,22,24,23,23,4,25,25
963,23,4,3,21,18,4,13,23,3,23,24,23,23,5,25,25
964,23,3,4,20,19,3,14,22,4,23,24,23,23,5,25,25
965,23,2,5,19,19,2,15,21,5,23,24,23,23,5,25,25
966,24,1,6,18,19,1,16,20,6,22,24,23,23,6,25,25
967,24,1,6,17,20,1,16,19,6,21,24,23,23,6,25,25
968,24,1,6,16,20,1,16,18,6,20,24,23,23,6,25,25
969,25,2,7,15,20,2,17,17,7,19,24,23,23,7,25,25
970,25,3,8,14,21,2,17,16,8,18,24,23,23,7,25,25
971,25,4,8,13,22,2,17,15,8,17,24,23,23,7,25,25
972,24,5,8,12,23,3,18,14,8,16,24,23,23,8,25,25
973,23,6,9,11,24,4,18,13,9,15,24,23,23,8,25,25
974,22,7,10,10,25,5,18,12,9,14,24,23,23,8,25,25
975,21,8,10,9,25,6,19,11,9,13,24,23,23,9,25,25
976,20,9,10,8,25,7,19,10,10,12,24,23,23,10,25,25
977,19,10,11,7,24,8,19,9,11,11,24,23,23,11,25,25
978,18,11,11,6,23,8,20,8,12,10,24,23,23,12,25,25
979,17,12,11,5,22,8,21,7,13,9,24,23,23,13,25,25
980,16,13,12,4,21,9,21,6,13,8,24,23,23,13,25,25
981,15,14,13,3,20,9,21,5,13,7,24,23,23,13,25,25
982,14,14,13,2,19,9,22,4,14,6,24,23,23,14,25,25
983,13,14,13,1,18,10,23,3,15,5,24,23,23,15,25,25
984,12,15,14,1,17,11,23,2,16,4,24,23,23,16,25,25
985,11,16,15,1,16,12,23,1,17,3,24,23,23,17,25,25
986,10,17,15,2,15,12,24,1,18,2,24,23,23,18,25,25
987,9,18,15,2,14,12,24,1,18,1,24,23,23,18,25,25
988,8,19,16,2,13,13,24,2,18,1,24,23,23,18,25,25
989,7,19,16,3,12,13,23,3,19,1,24,23,23,19,25,25
990,6,19,16,3,11,13,22,4,19,2,24,23,23,19,25,25
991,5,19,17,3,10,14,21,4,19,3,24,23,23,19,25,25
992,4,19,18,4,9,14,20,4,20,3,24,23,23,20,25,25
993,3,19,19,5,8,14,19,5,21,3,24,23,23,21,25,25
994,2,19,20,6,7,15,18,6,21,4,24,23,23,22,25,25
995,1,19,20,7,6,16,17,7,21,5,24,23,23,23,25,25
996,1,19,20,7,5,17,16,8,22,6,24,23,23,24,25,25
997,1,19,19,7,4,18,15,9,23,6,24,23,23,25,25,25
998,2,19,18,8,3,19,14,10,23,6,24,23,23,25,25,25
999,2,19,17,9,2,20,13,11,23,7,24,23,23,25,25,25
1000,2,19,16,9,1,20,12,12,22,8,24,23,23,24,25,25
1001,3,19,15,9,1,20,11,13,21,9,24,23,23,23,25,25
1002,4,19,14,10,1,21,10,14,20,10,24,23,23,22,25,25
1003,5,19,13,11,2,21,9,14,19,10,24,23,23,21,25,25
1004,6,19,12,11,3,21,8,14,18,10,24,23,23,20,25,25
1005,7,19,11,11,3,22,7,15,17,11,24,23,23,19,25,25
1006,8,19,10,12,3,23,6,16,16,11,24,23,23,18,25,25
1007,9,19,9,13,4,24,5,16,15,11,24,23,23,17,25,25
1008,9,19,8,14,5,24,4,16,14,12,24,23,23,16,25,25
1009,9,19,7,15,6,24,3,17,13,13,24,23,23,15,25,25
1010,10,19,6,15,7,23,2,18,12,14,24,23,23,14,25,25
1011,11,19,5,15,8,22,1,19,11,15,24,23,23,13,25,25
1012,12,19,4,16,8,21,1,20,10,16,24,23,23,12,25,25
1013,12,19,3,17,8,20,1,20,9,16,24,23,23,11,25,25
1014,12,19,2,18,9,19,2,20,8,16,24,23,23,10,25,25
1015,13,19,1,19,10,18,3,21,7,17,24,23,23,9,25,25
1016,13,19,1,19,10,17,4,22,6,18,24,23,23,8,25,25
1017,13,19,1,19,10,16,5,22,5,19,24,23,23,7,25,25
1018,14,19,2,20,11,15,6,22,4,19,24,23,23,6,25,25
1019,14,19,2,21,12,14,7,23,3,19,24,23,23,5,25,25
1020,14,19,2,22,13,13,8,23,2,20,24,23,23,4,25,25
1021,15,19,3,22,14,12,9,23,1,21,24,23,23,3,25,25
1022,16,19,3,22,14,11,10,24,1,22,24,23,23,2,25,25
1023,17,19,3,23,14,10,10,25,1,22,24,23,23,1,25,25
1024,18,19,4,24,15,9,10,25,2,22,24,23,23,1,25,25
1025,18,19,5,24,16,8,11,25,3,23,24,23,23,1,25,25
1026,18,19,5,24,17,7,12,24,4,24,24,23,23,2,25,25
1027,19,19,5,23,18,6,13,23,4,25,24,23,23,2,25,25
1028,20,19,6,22,18,5,13,22,4,25,24,23,23,2,25,25
1029,21,19,7,21,18,4,13,21,5,25,24,23,23,3,25,25
1030,22,19,8,20,19,3,14,20,5,24,24,23,23,4,25,25
1031,22,19,9,19,19,2,14,19,5,23,24,23,23,5,25,25
1032,22,19,10,18,19,1,14,18,6,22,24,23,23,5,25,25
1033,23,19,11,17,20,1,15,17,6,21,24,23,23,5,25,25
1034,24,19,11,16,20,1,16,16,6,20,24,23,23,6,25,25
1035,24,19,11,15,20,2,16,15,7,19,24,23,23,7,25,25
1036,24,19,12,14,21,3,16,14,7,18,24,23,23,7,25,25
1037,23,19,12,13,21,4,17,13,7,17,24,23,23,7,25,25
1038,22,19,12,12,21,5,17,12,8,16,24,23,23,8,25,25
1039,21,19,13,11,22,6,17,11,9,15,24,23,23,8,25,25
1040,20,19,13,10,22,6,18,10,10,14,24,23,23,8,25,25
1041,19,19,13,9,22,6,19,9,11,13,24,23,23,9,25,25
1042,18,19,14,8,21,7,20,8,11,12,24,23,23,10,25,25
1043,17,19,15,7,20,7,20,7,11,11,24,23,23,10,25,25
1044,16,19,16,6,19,7,20,6,12,10,24,23,23,10,25,25
1045,15,19,17,5,18,8,21,5,12,9,24,23,23,11,25,25
1046,14,19,18,4,17,9,21,4,12,8,24,23,23,12,25,25
1047,13,19,19,3,16,9,21,3,13,7,24,23,23,13,25,25
1048,12,19,19,2,15,9,22,2,14,6,24,23,23,13,25,25
1049,11,19,19,1,14,10,23,1,14,5,24,23,23,13,25,25
1050,10,19,20,1,13,11,23,1,14,4,24,23,23,14,25,25
1051,9,19,21,1,12,12,23,1,15,3,24,23,23,15,25,25
1052,8,19,21,2,11,12,22,2,16,2,24,23,23,16,25,25
1053,7,19,21,3,10,12,21,3,16,1,24,23,23,17,25,25
1054,6,19,20,3,9,13,20,4,16,1,24,23,23,18,25,25
1055,5,19,19,3,8,13,19,4,17,1,24,23,23,18,25,25
1056,4,19,18,4,7,13,18,4,18,2,24,23,23,18,25,25
1057,3,19,17,4,6,14,17,5,19,3,24,23,23,19,25,25
1058,2,19,16,4,5,15,16,6,20,4,24,23,23,19,25,25
1059,1,19,15,5,4,15,15,7,21,5,24,23,23,19,25,25
1060,1,19,14,6,3,15,14,7,22,6,24,23,23,18,25,25
1061,1,19,13,7,2,16,13,7,23,6,24,23,23,17,25,25
1062,2,19,12,8,1,17,12,8,24,6,24,23,23,16,25,25
1063,3,19,11,8,1,18,11,9,24,7,24,23,23,15,25,25
1064,4,19,10,8,1,18,10,9,24,7,24,23,23,14,25,25
1065,5,19,9,9,2,18,9,9,23,7,24,23,23,13,25,25
1066,6,19,8,9,3,19,8,10,22,8,24,23,23,12,25,25
1067,7,19,7,9,3,20,7,11,21,9,24,23,23,11,25,25
1068,7,19,6,10,3,21,6,12,20,9,24,23,23,10,25,25
1069,7,19,5,11,4,22,5,13,19,9,24,23,23,9,25,25
1070,8,19,4,12,5,22,4,13,18,10,24,23,23,8,25,25
1071,9,19,3,13,6,22,3,13,17,11,24,23,23,7,25,25
1072,9,19,2,13,7,23,2,14,16,11,24,23,23,6,25,25
1073,9,19,1,13,7,24,1,15,15,11,24,23,23,5,25,25
1074,10,19,1,14,7,25,1,16,14,12,24,23,23,4,25,25
1075,11,19,1,15,8,25,1,17,13,12,24,23,23,3,25,25
1076,12,19,2,16,9,25,2,18,12,12,24,23,23,2,25,25
1077,13,19,3,17,10,24,3,18,11,13,24,23,23,1,25,25
1078,14,19,4,17,11,23,4,18,10,14,24,23,23,1,25,25
1079,15,19,4,17,11,22,5,19,9,14,24,23,23,1,25,25
1080,15,19,4,18,11,21,6,19,8,14,24,23,23,2,25,25
1081,15,19,5,19,12,20,6,19,7,15,24,23,23,2,25,25
1082,16,19,6,20,13,19,6,20,6,15,24,23,23,2,25,25
1083,16,19,7,20,13,18,7,21,5,15,24,23,23,3,25,25
1084,16,19,8,20,13,17,8,22,4,16,24,23,23,4,25,25
1085,17,19,9,21,14,16,8,22,3,17,24,23,23,4,25,25
1086,17,19,9,22,14,15,8,22,2,18,24,23,23,4,25,25
1087,17,19,9,23,14,14,9,23,1,19,24,23,23,5,25,25
1088,18,19,10,23,15,13,9,23,1,20,24,23,23,6,25,25
1089,18,19,11,23,16,12,9,23,1,21,24,23,23,7,25,25
1090,18,19,12,24,16,11,10,24,2,22,24,23,23,8,25,25
1091,19,19,12,24,16,10,10,25,2,23,24,23,23,9,25,25
1092,20,19,12,24,17,9,10,25,2,24,24,23,23,10,25,25
1093,20,19,13,23,17,8,11,25,3,25,24,23,23,11,25,25
1094,20,19,14,22,17,7,12,24,4,25,24,23,23,11,25,25
1095,21,19,14,21,18,6,13,23,5,25,24,23,23,11,25,25
1096,22,19,14,20,19,5,14,22,6,24,24,23,23,12,25,25
1097,22,19,15,19,20,4,15,21,6,23,24,23,23,13,25,25
1098,22,19,15,18,21,3,16,20,6,22,24,23,23,13,25,25
1099,23,19,15,17,22,2,16,19,7,21,24,23,23,13,25,25
1100,24,19,16,16,23,1,16,18,7,20,24,23,23,14,25,25
1101,25,19,17,15,23,1,17,17,7,19,24,23,23,14,25,25
1102,25,19,18,14,23,1,18,16,8,18,24,23,23,14,25,25
1103,25,19,19,13,24,2,18,15,9,17,24,23,23,15,25,25
1104,24,19,20,12,24,3,18,14,10,16,24,23,23,16,25,25
1105,23,19,21,11,24,4,19,13,11,15,24,23,23,17,25,25
1106,22,19,21,10,25,5,20,12,12,14,24,23,23,18,25,25
1107,21,19,21,9,25,6,21,11,13,13,24,23,23,19,25,25
1108,20,19,22,8,25,7,22,10,14,12,24,23,23,19,25,25
1109,19,19,22,7,24,7,22,9,14,11,24,23,23,19,25,25
1110,18,19,22,6,23,7,22,8,14,10,24,23,23,20,25,25
1111,17,19,21,5,22,8,23,7,15,9,24,23,23,20,25,25
1112,16,19,20,4,21,9,24,6,16,8,24,23,23,20,25,25
1113,15,19,19,3,20,9,25,5,17,7,24,23,23,21,25,25
1114,14,19,18,2,19,9,25,4,18,6,24,23,23,22,25,25
1115,13,19,17,1,18,10,25,3,19,5,24,23,23,22,25,25
1116,12,19,16,1,17,10,24,2,19,4,24,23,23,22,25,25
1117,11,19,15,1,16,10,23,1,19,3,24,23,23,21,25,25
1118,10,19,14,2,15,11,22,1,20,2,24,23,23,20,25,25
1119,9,19,13,2,14,11,21,1,20,1,24,23,23,19,25,25
1120,8,19,12,2,13,11,20,2,20,1,24,23,23,18,25,25
1121,7,19,11,3,12,12,19,3,21,1,24,23,23,17,25,25
1122,6,19,10,4,11,13,18,4,22,2,24,23,23,16,25,25
1123,5,19,9,4,10,14,17,5,23,3,24,23,23,15,25,25
1124,4,19,8,4,9,15,16,6,23,4,24,23,23,14,25,25
1125,3,19,7,5,8,15,15,7,23,5,24,23,23,13,25,25
1126,2,19,6,6,7,15,14,8,24,6,24,23,23,12,25,25
1127,1,19,5,7,6,16,13,8,25,6,24,23,23,11,25,25
1128,1,19,4,8,5,16,12,8,25,6,24,23,23,10,25,25
1129,1,19,3,9,4,16,11,9,25,7,24,23,23,9,25,25
1130,2,19,2,10,3,17,10,9,24,8,24,23,23,8,25,25
1131,2,19,1,11,2,18,9,9,23,8,24,23,23,7,25,25
1132,2,19,1,12,1,18,8,10,22,8,24,23,23,6,25,25
1133,3,19,1,12,1,18,7,11,21,9,24,23,23,5,25,25
1134,4,19,2,12,1,19,6,12,20,10,24,23,23,4,25,25
1135,4,19,2,13,2,20,5,12,19,11,24,23,23,3,25,25
1136,4,19,2,14,3,21,4,12,18,12,24,23,23,2,25,25
1137,5,19,3,14,4,21,3,13,17,12,24,23,23,1,25,25
1138,5,19,3,14,5,21,2,13,16,12,24,23,23,1,25,25
1139,5,19,3,15,6,22,1,13,15,13,24,23,23,1,25,25
1140,6,19,4,16,6,23,1,14,14,13,24,23,23,2,25,25
1141,7,19,5,17,6,23,1,14,13,13,24,23,23,2,25,25
1142,8,19,6,18,7,23,2,14,12,14,24,23,23,2,25,25
1143,9,19,6,18,8,22,2,15,11,14,24,23,23,3,25,25
1144,10,19,6,18,8,21,2,16,10,14,24,23,23,4,25,25
1145,11,19,7,19,8,20,3,17,9,15,24,23,23,5,25,25
1146,12,19,8,20,9,19,3,18,8,16,24,23,23,6,25,25
1147,12,19,8,20,10,18,3,19,7,17,24,23,23,6,25,25
1148,12,19,8,20,11,17,4,20,6,18,24,23,23,6,25,25
1149,13,19,9,21,12,16,4,20,5,18,24,23,23,7,25,25
1150,13,19,10,22,13,15,4,20,4,18,24,23,23,7,25,25
1151,13,19,10,22,13,14,5,21,3,18,24,23,23,7,25,25
1152,14,19,10,22,13,13,6,22,2,18,24,23,23,8,25,25
1153,14,19,11,23,14,12,7,23,1,18,24,23,23,8,25,25
1154,14,19,11,24,15,11,8,23,1,18,24,23,23,8,25,25
1155,15,19,11,24,16,10,9,23,1,18,24,23,23,9,25,25
1156,16,19,12,24,17,9,10,24,2,18,24,23,23,10,25,25
1157,17,19,12,23,17,8,11,25,3,18,24,23,23,10,25,25
1158,17,19,12,22,17,7,12,25,4,18,24,23,23,10,25,25
1159,17,19,13,21,18,6,13,25,4,18,24,23,23,11,25,25
1160,18,19,14,20,19,5,14,24,4,18,24,23,23,12,25,25
1161,19,19,15,19,19,4,15,23,5,18,24,23,23,12,25,25
1162,20,19,16,18,19,3,16,22,6,18,24,23,23,12,25,25
1163,21,19,17,17,20,2,16,21,7,18,24,23,23,13,25,25
1164,22,19,17,16,21,1,16,20,7,18,24,23,23,14,25,25
1165,22,19,17,15,21,1,17,19,7,18,24,23,23,15,25,25
1166,22,19,18,14,21,1,18,18,8,18,24,23,23,15,25,25
1167,21,19,19,13,22,2,19,17,9,18,24,23,23,15,25,25
1168,20,19,20,12,23,3,19,16,9,18,24,23,23,16,25,25
1169,19,19,21,11,23,4,19,15,9,18,24,23,23,17,25,25
1170,18,19,22,10,23,5,20,14,10,18,24,23,23,18,25,25
1171,17,19,23,9,23,5,20,13,11,18,24,23,23,18,25,25
1172,16,19,24,8,23,5,20,12,12,18,24,23,23,18,25,25
1173,15,19,24,7,23,6,21,11,13,18,24,23,23,19,25,25
1174,14,19,24,6,23,7,21,10,13,18,24,23,23,20,25,25
1175,13,19,23,5,23,8,21,9,13,18,24,23,23,21,25,25
1176,12,19,22,4,23,9,22,8,14,18,24,23,23,22,25,25
1177,11,19,21,3,23,10,22,7,14,18,24,23,23,23,25,25
1178,10,19,20,2,23,10,22,6,14,18,24,23,23,24,25,25
1179,9,19,19,1,23,10,23,5,15,18,24,23,23,24,25,25
1180,8,19,18,1,23,11,23,4,16,18,24,23,23,24,25,25
1181,7,19,17,1,23,12,23,3,17,18,24,23,23,25,25,25
1182,6,19,16,2,23,13,22,2,18,18,24,23,23,25,25,25
1183,5,19,15,2,23,14,21,1,19,18,24,23,23,25,25,25
1184,4,19,14,2,23,15,20,1,20,18,24,23,23,24,25,25
1185,3,19,13,3,23,16,19,1,21,18,24,23,23,23,25,25
1186,2,19,12,4,23,16,18,2,22,18,24,23,23,22,25,25
1187,1,19,11,5,23,16,17,3,22,18,24,23,23,21,25,25
1188,1,19,10,6,23,17,16,4,22,18,24,23,23,20,25,25
1189,1,19,9,7,23,18,15,5,23,18,24,23,23,19,25,25
1190,2,19,8,8,23,18,14,5,23,18,24,23,23,18,25,25
1191,3,19,7,9,23,18,13,5,23,18,24,23,23,17,25,25
1192,4,19,6,9,23,19,12,6,22,18,24,23,23,16,25,25
1193,5,19,5,9,23,20,11,7,21,18,24,23,23,15,25,25
1194,6,19,4,10,23,20,10,7,20,18,24,23,23,14,25,25
1195,7,19,3,10,23,20,9,7,19,18,24,23,23,13,25,25
1196,7,19,2,10,23,21,8,8,18,18,24,23,23,12,25,25
1197,7,19,1,11,23,22,7,8,17,18,24,23,23,11,25,25
1198,8,19,1,11,23,22,6,8,16,18,24,23,23,10,25,25
1199,8,19,1,11,23,22,5,9,15,18,24,23,23,9,25,25
1200,8,19,2,12,23,23,4,10,14,18,24,23,23,8,25,25
1201,9,19,2,12,23,24,3,10,13,18,24,23,23,7,25,25
1202,10,19,2,12,23,24,2,10,12,18,24,23,23,6,25,25
1203,11,19,3,13,23,24,1,11,11,18,24,23,23,5,25,25
1204,12,19,3,14,23,23,1,12,10,18,24,23,23,4,25,25
1205,12,19,3,15,23,22,1,12,9,18,24,23,23,3,25,25
1206,12,19,4,16,23,21,2,12,8,18,24,23,23,2,25,25
1207,13,19,5,16,23,20,2,13,7,18,24,23,23,1,25,25
1208,13,19,6,16,23,19,2,14,6,18,24,23,23,1,25,25
1209,13,19,7,17,23,18,3,15,5,18,24,23,23,1,25,25
1210,14,19,8,17,23,17,4,15,4,18,24,23,23,2,25,25
1211,14,19,8,17,23,16,5,15,3,18,24,23,23,3,25,25
1212,14,19,8,18,23,15,6,16,2,18,24,23,23,4,25,25
1213,15,19,9,19,23,14,7,17,1,18,24,23,23,5,25,25
1214,15,19,10,20,23,13,7,18,1,18,24,23,23,5,25,25
1215,15,19,11,20,23,12,7,19,1,18,24,23,23,5,25,25
1216,16,19,12,20,23,11,8,20,2,18,24,23,23,6,25,25
1217,17,19,12,21,23,10,8,20,3,18,24,23,23,6,25,25
1218,17,19,12,22,23,9,8,20,4,18,24,23,23,6,25,25
1219,17,19,13,23,23,8,9,21,5,18,24,23,23,7,25,25
1220,18,19,13,23,23,7,10,22,5,18,24,23,23,8,25,25
1221,19,19,13,23,23,6,11,23,5,18,24,23,23,9,25,25
1222,20,19,14,24,23,5,12,23,6,18,24,23,23,9,25,25
1223,21,19,15,24,23,4,13,23,6,18,24,23,23,9,25,25
1224,22,19,15,24,23,3,14,22,6,18,24,23,23,10,25,25
1225,23,19,15,23,23,2,14,21,7,18,24,23,23,11,25,25
1226,24,19,16,22,23,1,14,20,8,18,24,23,23,12,25,25
1227,24,19,17,21,23,1,15,19,9,18,24,23,23,12,25,25
1228,24,19,18,20,23,1,16,18,9,18,24,23,23,12,25,25
1229,23,19,19,19,23,2,17,17,9,18,24,23,23,13,25,25
1230,22,19,20,18,23,3,18,16,10,18,24,23,23,13,25,25
1231,21,19,20,17,23,4,19,15,11,18,24,23,23,13,25,25
1232,20,19,20,16,23,4,20,14,12,18,24,23,23,14,25,25
1233,19,19,21,15,23,4,20,13,13,18,24,23,23,15,25,25
1234,18,19,21,14,23,5,20,12,14,18,24,23,23,15,25,25
1235,17,19,21,13,23,6,21,11,14,18,24,23,23,15,25,25
1236,16,19,20,12,23,7,21,10,14,18,24,23,23,16,25,25
1237,15,19,19,11,23,8,21,9,15,18,24,23,23,17,25,25
1238,14,19,18,10,23,9,22,8,15,18,24,23,23,18,25,25
1239,13,19,17,9,23,10,23,7,15,18,24,23,23,19,25,25
1240,12,19,16,8,23,11,23,6,16,18,24,23,23,20,25,25
1241,11,19,15,7,23,11,23,5,17,18,24,23,23,20,25,25
1242,10,19,14,6,23,11,22,4,18,18,24,23,23,20,25,25
1243,9,19,13,5,23,12,21,3,18,18,24,23,23,21,25,25
1244,8,19,12,4,23,13,20,2,18,18,24,23,23,21,25,25
1245,7,19,11,3,23,14,19,1,19,18,24,23,23,21,25,25
1246,6,19,10,2,23,15,18,1,19,18,24,23,23,22,25,25
1247,5,19,9,1,23,16,17,1,19,18,24,23,23,22,25,25
1248,4,19,8,1,23,17,16,2,20,18,24,23,23,22,25,25
1249,3,19,7,1,23,17,15,3,21,18,24,23,23,21,25,25
1250,2,19,6,2,23,17,14,3,21,18,24,23,23,20,25,25
1251,1,19,5,2,23,18,13,3,21,18,24,23,23,19,25,25
1252,1,19,4,2,23,18,12,4,20,18,24,23,23,18,25,25
1253,1,19,3,3,23,18,11,5,19,18,24,23,23,17,25,25
1254,2,19,2,4,23,19,10,6,18,18,24,23,23,16,25,25
1255,3,19,1,5,23,20,9,7,17,18,24,23,23,15,25,25
1256,4,19,1,6,23,21,8,8,16,18,24,23,23,14,25,25
1257,4,19,1,7,23,21,7,9,15,18,24,23,23,13,25,25
1258,4,19,2,8,23,21,6,9,14,18,24,23,23,12,25,25
1259,5,19,3,8,23,22,5,9,13,18,24,23,23,11,25,25
1260,6,19,4,8,23,22,4,10,12,18,24,23,23,10,25,25
1261,7,19,4,9,23,22,3,11,11,18,24,23,23,9,25,25
1262,8,19,4,9,23,23,2,12,10,18,24,23,23,8,25,25
1263,8,19,5,9,23,24,1,12,9,18,24,23,23,7,25,25
1264,8,19,5,10,23,25,1,12,8,18,24,23,23,6,25,25
1265,9,19,5,10,23,25,1,13,7,18,24,23,23,5,25,25
1266,10,19,6,10,23,25,2,13,6,18,24,23,23,4,25,25
1267,11,19,7,11,23,25,2,13,5,18,24,23,23,3,25,25
1268,12,19,7,12,23,25,2,14,4,18,24,23,23,2,25,25
1269,13,19,7,13,23,25,3,15,3,18,24,23,23,1,25,25
1270,14,19,8,14,23,25,4,16,2,18,24,23,23,1,25,25
1271,14,19,8,15,23,25,4,17,1,18,24,23,23,1,25,25
1272,14,19,8,16,23,25,4,18,1,18,24,23,23,2,25,25
1273,15,19,9,17,23,25,5,19,1,18,24,23,23,3,25,25
1274,16,19,10,17,23,25,6,20,2,18,24,23,23,4,25,25
1275,16,19,11,17,23,25,7,21,3,18,24,23,23,4,25,25
1276,16,19,12,18,23,25,7,21,4,18,24,23,23,4,25,25
1277,17,19,13,18,23,25,7,21,5,18,24,23,23,5,25,25
1278,17,19,14,18,23,25,8,21,6,18,24,23,23,6,25,25
1279,17,19,14,19,23,25,8,21,7,18,24,23,23,7,25,25
1280,18,19,14,19,23,25,8,21,7,18,24,23,23,8,25,25
1281,19,19,15,19,23,25,9,21,7,18,24,23,23,9,25,25
1282,20,19,16,20,23,25,10,21,8,18,24,23,23,10,25,25
1283,20,19,17,21,23,25,11,21,9,18,24,23,23,11,25,25
1284,20,19,18,22,23,25,12,21,9,18,24,23,23,11,25,25
1285,21,19,18,23,23,25,12,21,9,18,24,23,23,11,25,25
1286,22,19,18,24,23,25,12,21,10,18,24,23,23,12,25,25
1287,22,19,19,24,23,25,13,21,10,18,24,23,23,12,25,25
1288,22,19,20,24,23,25,14,21,10,18,24,23,23,12,25,25
1289,23,19,21,25,23,25,14,21,11,18,24,23,23,13,25,25
1290,23,19,22,25,23,25,14,21,11,18,24,23,23,14,25,25
1291,23,19,23,25,23,25,15,21,11,18,24,23,23,15,25,25
1292,24,19,23,24,23,25,16,21,12,18,24,23,23,16,25,25
1293,24,19,23,23,23,25,16,21,12,18,24,23,23,17,25,25
1294,24,19,23,22,23,25,16,21,12,18,24,23,23,17,25,25
1295,23,19,23,21,23,25,17,21,13,18,24,23,23,17,25,25
1296,22,19,23,20,23,25,18,21,14,18,24,23,23,18,25,25
1297,21,19,23,19,23,25,19,21,15,18,24,23,23,18,25,25
1298,20,19,23,18,23,25,20,21,16,18,24,23,23,18,25,25
1299,19,19,23,17,23,25,20,21,17,18,24,23,23,19,25,25
1300,18,19,23,16,23,25,20,21,17,18,24,23,23,20,25,25
1301,17,19,23,15,23,25,21,21,17,18,24,23,23,20,25,25
1302,16,19,23,14,23,25,22,21,18,18,24,23,23,20,25,25
1303,15,19,23,13,23,25,23,21,19,18,24,23,23,21,25,25
1304,14,19,23,12,23,25,24,21,19,18,24,23,23,22,25,25
1305,13,19,23,11,23,25,24,21,19,18,24,23,23,22,25,25
1306,12,19,23,10,23,25,24,21,20,18,24,23,23,22,25,25
1307,11,19,23,9,23,25,23,21,21,18,24,23,23,23,25,25
1308,10,19,23,8,23,25,22,21,21,18,24,23,23,23,25,25
1309,9,19,23,7,23,25,21,21,21,18,24,23,23,23,25,25
1310,8,19,23,6,23,25,20,21,22,18,24,23,23,22,25,25
1311,7,19,23,5,23,25,19,21,23,18,24,23,23,21,25,25
1312,6,19,23,4,23,25,18,21,24,18,24,23,23,20,25,25
1313,5,19,23,3,23,25,17,21,25,18,24,23,23,19,25,25
1314,4,19,23,2,23,25,16,21,25,18,24,23,23,18,25,25
1315,3,19,23,1,23,25,15,21,25,18,24,23,23,17,25,25
1316,2,19,23,1,23,25,14,21,24,18,24,23,23,16,25,25
1317,1,19,23,1,23,25,13,21,23,18,24,23,23,15,25,25
1318,1,19,23,2,23,25,12,21,22,18,24,23,23,14,25,25
1319,1,19,23,3,23,25,11,21,21,18,24,23,23,13,25,25
1320,2,19,23,4,23,25,10,21,20,18,24,23,23,12,25,25
1321,3,19,23,5,23,25,9,21,19,18,24,23,23,11,25,25
1322,4,19,23,6,23,25,8,21,18,18,24,23,23,10,25,25
1323,5,19,23,7,23,25,7,21,17,18,24,23,23,9,25,25
1324,5,19,23,8,23,25,6,21,16,18,24,23,23,8,25,25
1325,5,19,23,8,23,25,5,21,15,18,24,23,23,7,25,25
1326,6,19,23,8,23,25,4,21,14,18,24,23,23,6,25,25
1327,6,19,23,9,23,25,3,21,13,18,24,23,23,5,25,25
1328,6,19,23,10,23,25,2,21,12,18,24,23,23,4,25,25
1329,7,19,23,11,23,25,1,21,11,18,24,23,23,3,25,25
1330,8,19,23,12,23,25,1,21,10,18,24,23,23,2,25,25
1331,8,19,23,13,23,25,1,21,9,18,24,23,23,1,25,25
1332,8,19,23,14,23,25,2,21,8,18,24,23,23,1,25,25
1333,9,19,23,15,23,25,3,21,7,18,24,23,23,1,25,25
1334,9,19,23,16,23,25,3,21,6,18,24,23,23,2,25,25
1335,9,19,23,17,23,25,3,21,5,18,24,23,23,3,25,25
1336,10,19,23,17,23,25,4,21,4,18,24,23,23,3,25,25
1337,10,19,23,17,23,25,5,21,3,18,24,23,23,3,25,25
1338,10,19,23,18,23,25,6,21,2,18,24,23,23,4,25,25
1339,11,19,23,19,23,25,6,21,1,18,24,23,23,5,25,25
1340,12,19,23,20,23,25,6,21,1,18,24,23,23,5,25,25
1341,12,19,23,20,23,25,7,21,1,18,24,23,23,5,25,25
1342,12,19,23,20,23,25,7,21,2,18,24,23,23,6,25,25
1343,13,19,23,21,23,25,7,21,3,18,24,23,23,7,25,25
1344,13,19,23,22,23,25,8,21,4,18,24,23,23,8,25,25
1345,13,19,23,22,23,25,9,21,5,18,24,23,23,8,25,25
1346,14,19,23,22,23,25,10,21,5,18,24,23,23,8,25,25
1347,15,19,23,23,23,25,10,21,5,18,24,23,23,9,25,25
1348,16,19,23,23,23,25,10,21,6,18,24,23,23,10,25,25
1349,17,19,23,23,23,25,11,21,6,18,24,23,23,11,25,25
1350,18,19,23,24,23,25,12,21,6,18,24,23,23,12,25,25
1351,19,19,23,24,23,25,12,21,7,18,24,23,23,12,25,25
1352,20,19,23,24,23,25,12,21,8,18,24,23,23,12,25,25
1353,21,19,23,23,23,25,13,21,9,18,24,23,23,13,25,25
1354,22,19,23,22,23,25,14,21,10,18,24,23,23,14,25,25
1355,22,19,23,21,23,25,15,21,10,18,24,23,23,15,25,25
1356,22,19,23,20,23,25,15,21,10,18,24,23,23,15,25,25
1357,21,19,23,19,23,25,15,21,11,18,24,23,23,15,25,25
1358,20,19,23,18,23,25,16,21,12,18,24,23,23,16,25,25
1359,19,19,23,17,23,25,16,21,13,18,24,23,23,16,25,25
1360,18,19,23,16,23,25,16,21,14,18,24,23,23,16,25,25
1361,17,19,23,15,23,25,17,21,15,18,24,23,23,17,25,25
1362,16,19,23,14,23,25,17,21,16,18,24,23,23,18,25,25
1363,15,19,23,13,23,25,17,21,16,18,24,23,23,18,25,25
1364,14,19,23,12,23,25,18,21,16,18,24,23,23,18,25,25
1365,13,19,23,11,23,25,19,21,17,18,24,23,23,19,25,25
1366,12,19,23,10,23,25,20,21,17,18,24,23,23,20,25,25
1367,11,19,23,9,23,25,21,21,17,18,24,23,23,21,25,25
1368,10,19,23,8,23,25,22,21,18,18,24,23,23,21,25,25
1369,9,19,23,7,23,25,23,21,19,18,24,23,23,21,25,25
1370,8,19,23,6,23,25,23,21,20,18,24,23,23,22,25,25
1371,7,19,23,5,23,25,23,21,21,18,24,23,23,23,25,25
1372,6,19,23,4,23,25,22,21,22,18,24,23,23,23,25,25
1373,5,19,23,3,23,25,21,21,22,18,24,23,23,23,25,25
1374,4,19,23,2,23,25,20,21,22,18,24,23,23,24,25,25
1375,3,19,23,1,23,25,19,21,23,18,24,23,23,25,25,25
1376,2,19,23,1,23,25,18,21,23,18,24,23,23,25,25,25
1377,1,19,23,1,23,25,17,21,23,18,24,23,23,25,25,25
1378,1,19,23,2,23,25,16,21,24,18,24,23,23,24,25,25
1379,1,19,23,3,23,25,15,21,25,18,24,23,23,23,25,25
1380,2,19,23,4,23,25,14,21,25,18,24,23,23,22,25,25
1381,3,19,23,4,23,25,13,21,25,18,24,23,23,21,25,25
1382,3,19,23,4,23,25,12,21,24,18,24,23,23,20,25,25
1383,3,19,23,5,23,25,11,21,23,18,24,23,23,19,25,25
1384,4,19,23,6,23,25,10,21,22,18,24,23,23,18,25,25
1385,5,19,23,7,23,25,9,21,21,18,24,23,23,17,25,25
1386,6,19,23,7,23,25,8,21,20,18,24,23,23,16,25,25
1387,7,19,23,7,23,25,7,21,19,18,24,23,23,15,25,25
1388,8,19,23,8,23,25,6,21,18,18,24,23,23,14,25,25
1389,8,19,23,9,23,25,5,21,17,18,24,23,23,13,25,25
1390,8,19,23,9,23,25,4,21,16,18,24,23,23,12,25,25
1391,9,19,23,9,23,25,3,21,15,18,24,23,23,11,25,25
1392,9,19,23,10,23,25,2,21,14,18,24,23,23,10,25,25
1393,9,19,23,11,23,25,1,21,13,18,24,23,23,9,25,25
1394,10,19,23,11,23,25,1,21,12,18,24,23,23,8,25,25
1395,11,19,23,11,23,25,1,21,11,18,24,23,23,7,25,25
1396,12,19,23,12,23,25,2,21,10,18,24,23,23,6,25,25
1397,12,19,23,13,23,25,3,21,9,18,24,23,23,5,25,25
1398,12,19,23,14,23,25,4,21,8,18,24,23,23,4,25,25
1399,13,19,23,15,23,25,5,21,7,18,24,23,23,3,25,25
1400,14,19,23,16,23,25,6,21,6,18,24,23,23,2,25,25
1401,14,19,23,16,23,25,7,21,5,18,24,23,23,1,25,25
1402,14,19,23,16,23,25,8,21,4,18,24,23,23,1,25,25
1403,15,19,23,16,23,25,9,21,3,18,24,23,23,1,25,25
1404,16,19,23,16,23,25,10,21,2,18,24,23,23,2,25,25
1405,16,19,23,16,23,25,11,21,1,18,24,23,23,3,25,25
1406,16,19,23,16,23,25,12,21,1,18,24,23,23,4,25,25
1407,17,19,23,16,23,25,12,21,1,18,24,23,23,4,25,25
1408,17,19,23,16,23,25,12,21,2,18,24,23,23,4,25,25
1409,17,19,23,16,23,25,13,21,2,18,24,23,23,5,25,25
1410,18,19,23,16,23,25,13,21,2,18,24,23,23,5,25,25
1411,18,19,23,16,23,25,13,21,3,18,24,23,23,5,25,25
1412,18,19,23,16,23,25,14,21,3,18,24,23,23,6,25,25
1413,19,19,23,16,23,25,15,21,3,18,24,23,23,7,25,25
1414,20,19,23,16,23,25,16,21,4,18,24,23,23,7,25,25
1415,21,19,23,16,23,25,17,21,4,18,24,23,23,7,25,25
1416,22,19,23,16,23,25,17,21,4,18,24,23,23,8,25,25
1417,22,19,23,16,23,25,17,21,5,18,24,23,23,9,25,25
1418,22,19,23,16,23,25,18,21,6,18,24,23,23,9,25,25
1419,23,19,23,16,23,25,19,21,7,18,24,23,23,9,25,25
1420,24,19,23,16,23,25,19,21,7,18,24,23,23,10,25,25
1421,25,19,23,16,23,25,19,21,7,18,24,23,23,10,25,25
1422,25,19,23,16,23,25,20,21,8,18,24,23,23,10,25,25
1423,25,19,23,16,23,25,20,21,8,18,24,23,23,11,25,25
1424,24,19,23,16,23,25,20,21,8,18,24,23,23,11,25,25
1425,23,19,23,16,23,25,21,21,9,18,24,23,23,11,25,25
1426,22,19,23,16,23,25,21,21,10,18,24,23,23,12,25,25
1427,21,19,23,16,23,25,21,21,11,18,24,23,23,13,25,25
1428,20,19,23,16,23,25,22,21,12,18,24,23,23,14,25,25
1429,19,19,23,16,23,25,22,21,13,18,24,23,23,15,25,25
1430,18,19,23,16,23,25,22,21,14,18,24,23,23,16,25,25
1431,17,19,23,16,23,25,23,21,15,18,24,23,23,17,25,25
1432,16,19,23,16,23,25,23,21,16,18,24,23,23,17,25,25
1433,15,19,23,16,23,25,23,21,17,18,24,23,23,17,25,25
1434,14,19,23,16,23,25,24,21,17,18,24,23,23,18,25,25
1435,13,19,23,16,23,25,25,21,17,18,24,23,23,19,25,25
1436,12,19,23,16,23,25,25,21,18,18,24,23,23,20,25,25
1437,11,19,23,16,23,25,25,21,19,18,24,23,23,20,25,25
1438,10,19,23,16,23,25,24,21,20,18,24,23,23,20,25,25
1439,9,19,23,16,23,25,23,21,21,18,24,23,23,21,25,25
1440,8,19,23,16,23,25,22,21,22,18,24,23,23,22,25,25
1441,7,19,23,16,23,25,21,21,23,18,24,23,23,23,25,25
1442,6,19,23,16,23,25,20,21,23,18,24,23,23,23,25,25
1443,5,19,23,16,23,25,19,21,23,18,24,23,23,23,25,25
1444,4,19,23,16,23,25,18,21,24,18,24,23,23,22,25,25
1445,3,19,23,16,23,25,17,21,24,18,24,23,23,21,25,25
1446,2,19,23,16,23,25,16,21,24,18,24,23,23,20,25,25
1447,1,19,23,16,23,25,15,21,23,18,24,23,23,19,25,25
1448,1,19,23,16,23,25,14,21,22,18,24,23,23,18,25,25
1449,1,19,23,16,23,25,13,21,21,18,24,23,23,17,25,25
1450,2,19,23,16,23,25,12,21,20,18,24,23,23,16,25,25
1451,3,19,23,16,23,25,11,21,19,18,24,23,23,15,25,25
1452,3,19,23,16,23,25,10,21,18,18,24,23,23,14,25,25
1453,3,19,23,16,23,25,9,21,17,18,24,23,23,13,25,25
1454,4,19,23,16,23,25,8,21,16,18,24,23,23,12,25,25
1455,5,19,23,16,23,25,7,21,15,18,24,23,23,11,25,25
1456,5,19,23,16,23,25,6,21,14,18,24,23,23,10,25,25
1457,5,19,23,16,23,25,5,21,13,18,24,23,23,9,25,25
1458,6,19,23,16,23,25,4,21,12,18,24,23,23,8,25,25
1459,6,19,23,16,23,25,3,21,11,18,24,23,23,7,25,25
1460,6,19,23,16,23,25,2,21,10,18,24,23,23,6,25,25
1461,7,19,23,16,23,25,1,21,9,18,24,23,23,5,25,25
1462,8,19,23,16,23,25,1,21,8,18,24,23,23,4,25,25
1463,9,19,23,16,23,25,1,21,7,18,24,23,23,3,25,25
1464,10,19,23,16,23,25,2,21,6,18,24,23,23,2,25,25
1465,10,19,23,16,23,25,3,21,5,18,24,23,23,1,25,25
1466,10,19,23,16,23,25,4,21,4,18,24,23,23,1,25,25
1467,11,19,23,16,23,25,5,21,3,18,24,23,23,1,25,25
1468,12,19,23,16,23,25,5,21,2,18,24,23,23,2,25,25
1469,12,19,23,16,23,25,5,21,1,18,24,23,23,3,25,25
1470,12,19,23,16,23,25,6,21,1,18,24,23,23,3,25,25
1471,13,19,23,16,23,25,6,21,1,18,24,23,23,3,25,25
1472,14,19,23,16,23,25,6,21,2,18,24,23,23,4,25,25
1473,14,19,23,16,23,25,7,21,3,18,24,23,23,5,25,25
1474,14,19,23,16,23,25,7,21,4,18,24,23,23,5,25,25
1475,15,19,23,16,23,25,7,21,4,18,24,23,23,5,25,25
1476,15,19,23,16,23,25,8,21,4,18,24,23,23,6,25,25
1477,15,19,23,16,23,25,8,21,5,18,24,23,23,6,25,25
1478,16,19,23,16,23,25,8,21,6,18,24,23,23,6,25,25
1479,16,19,23,16,23,25,9,21,7,18,24,23,23,7,25,25
1480,16,19,23,16,23,25,9,21,8,18,24,23,23,8,25,25
1481,17,19,23,16,23,25,9,21,9,18,24,23,23,9,25,25
1482,18,19,23,16,23,25,10,21,10,18,24,23,23,10,25,25
1483,19,19,23,16,23,25,11,21,10,18,24,23,23,10,25,25
1484,19,19,23,16,23,25,11,21,10,18,24,23,23,10,25,25
1485,19,19,23,16,23,25,11,21,11,18,24,23,23,11,25,25
1486,18,19,23,16,23,25,12,21,12,18,24,23,23,11,25,25
1487,17,19,23,16,23,25,13,21,13,18,24,23,23,11,25,25
1488,16,19,23,16,23,25,14,21,13,18,24,23,23,12,25,25
1489,15,19,23,16,23,25,15,21,13,18,24,23,23,13,25,25
1490,14,19,23,16,23,25,16,21,14,18,24,23,23,14,25,25
1491,13,19,23,16,23,25,16,21,14,18,24,23,23,15,25,25
1492,12,19,23,16,23,25,16,21,14,18,24,23,23,16,25,25
1493,11,19,23,16,23,25,17,21,15,18,24,23,23,17,25,25
1494,10,19,23,16,23,25,18,21,16,18,24,23,23,18,25,25
1495,9,19,23,16,23,25,18,21,17,18,24,23,23,18,25,25
1496,8,19,23,16,23,25,18,21,17,18,24,23,23,18,25,25
1497,7,19,23,16,23,25,19,21,17,18,24,23,23,19,25,25
1498,6,19,23,16,23,25,20,21,18,18,24,23,23,19,25,25
1499,5,19,23,16,23,25,20,21,18,18,24,23,23,19,25,25
1500,4,19,23,16,23,25,20,21,18,18,24,23,23,20,25,25
1501,3,19,23,16,23,25,21,21,19,18,24,23,23,20,25,25
1502,2,19,23,16,23,25,22,21,20,18,24,23,23,20,25,25
1503,1,19,23,16,23,25,22,21,21,18,24,23,23,21,25,25
1504,1,19,23,16,23,25,22,21,22,18,24,23,23,22,25,25
1505,1,19,23,16,23,25,21,21,23,18,24,23,23,23,25,25
1506,2,19,23,16,23,25,20,21,24,18,24,23,23,23,25,25
1507,2,19,23,16,23,25,19,21,25,18,24,23,23,23,25,25
1508,2,19,23,16,23,25,18,21,25,18,24,23,23,22,25,25
1509,3,19,23,16,23,25,17,21,25,18,24,23,23,21,25,25
1510,4,19,23,16,23,25,16,21,24,18,24,23,23,20,25,25
1511,5,19,23,16,23,25,15,21,23,18,24,23,23,19,25,25
1512,6,19,23,16,23,25,14,21,22,18,24,23,23,18,25,25
1513,7,19,23,16,23,25,13,21,21,18,24,23,23,17,25,25
1514,7,19,23,16,23,25,12,21,20,18,24,23,23,16,25,25
1515,7,19,23,16,23,25,11,21,19,18,24,23,23,15,25,25
1516,8,19,23,16,23,25,10,21,18,18,24,23,23,14,25,25
1517,9,19,23,16,23,25,9,21,17,18,24,23,23,13,25,25
1518,10,19,23,16,23,25,8,21,16,18,24,23,23,12,25,25
1519,11,19,23,16,23,25,7,21,15,18,24,23,23,11,25,25
1520,12,19,23,16,23,25,6,21,14,18,24,23,23,10,25,25
1521,12,19,23,16,23,25,5,21,13,18,24,23,23,9,25,25
1522,12,19,23,16,23,25,4,21,12,18,24,23,23,8,25,25
1523,13,19,23,16,23,25,3,21,11,18,24,23,23,7,25,25
1524,14,19,23,16,23,25,2,21,10,18,24,23,23,6,25,25
1525,14,19,23,16,23,25,1,21,9,18,24,23,23,5,25,25
1526,14,19,23,16,23,25,1,21,8,18,24,23,23,4,25,25
1527,15,19,23,16,23,25,1,21,7,18,24,23,23,3,25,25
1528,16,19,23,16,23,25,2,21,6,18,24,23,23,2,25,25
1529,17,19,23,16,23,25,3,21,5,18,24,23,23,1,25,25
1530,18,19,23,16,23,25,3,21,4,18,24,23,23,1,25,25
1531,19,19,23,16,23,25,3,21,3,18,24,23,23,1,25,25
1532,19,19,23,16,23,25,4,21,2,18,24,23,23,2,25,25
1533,19,19,23,16,23,25,5,21,1,18,24,23,23,2,25,25
1534,20,19,23,16,23,25,6,21,1,18,24,23,23,2,25,25
1535,21,19,23,16,23,25,6,21,1,18,24,23,23,3,25,25
1536,22,19,23,16,23,25,6,21,2,18,24,23,23,4,25,25
1537,23,19,23,16,23,25,7,21,2,18,24,23,23,5,25,25
1538,23,19,23,16,23,25,8,21,2,18,24,23,23,6,25,25
1539,23,19,23,16,23,25,9,21,3,18,24,23,23,7,25,25
1540,24,19,23,16,23,25,9,21,4,18,24,23,23,7,25,25
1541,25,19,23,16,23,25,9,21,4,18,24,23,23,7,25,25
1542,25,19,23,16,23,25,10,21,4,18,24,23,23,8,25,25
1543,25,19,23,16,23,25,10,21,5,18,24,23,23,8,25,25
1544,24,19,23,16,23,25,10,21,5,18,24,23,23,8,25,25
1545,23,19,23,16,23,25,11,21,5,18,24,23,23,9,25,25
1546,22,19,23,16,23,25,12,21,6,18,24,23,23,9,25,25
1547,21,19,23,16,23,25,12,21,7,18,24,23,23,9,25,25
1548,20,19,23,16,23,25,12,21,7,18,24,23,23,10,25,25
1549,19,19,23,16,23,25,13,21,7,18,24,23,23,10,25,25
1550,18,19,23,16,23,25,14,21,8,18,24,23,23,10,25,25
1551,17,19,23,16,23,25,15,21,8,18,24,23,23,11,25,25
1552,16,19,23,16,23,25,16,21,8,18,24,23,23,12,25,25
1553,15,19,23,16,23,25,17,21,9,18,24,23,23,12,25,25
1554,14,19,23,16,23,25,18,21,10,18,24,23,23,12,25,25
1555,13,19,23,16,23,25,19,21,11,18,24,23,23,13,25,25
1556,12,19,23,16,23,25,20,21,12,18,24,23,23,14,25,25
1557,11,19,23,16,23,25,21,21,13,18,24,23,23,15,25,25
1558,10,19,23,16,23,25,21,21,14,18,24,23,23,16,25,25
1559,9,19,23,16,23,25,21,21,15,18,24,23,23,16,25,25
1560,8,19,23,16,23,25,22,21,15,18,24,23,23,16,25,25
1561,7,19,23,16,23,25,22,21,15,18,24,23,23,17,25,25
1562,6,19,23,16,23,25,22,21,16,18,24,23,23,17,25,25
1563,5,19,23,16,23,25,23,21,17,18,24,23,23,17,25,25
1564,4,19,23,16,23,25,24,21,17,18,24,23,23,18,25,25
1565,3,19,23,16,23,25,24,21,17,18,24,23,23,19,25,25
1566,2,19,23,16,23,25,24,21,18,18,24,23,23,20,25,25
1567,1,19,23,16,23,25,23,21,19,18,24,23,23,20,25,25
1568,1,19,23,16,23,25,22,21,20,18,24,23,23,20,25,25
1569,1,19,23,16,23,25,21,21,21,18,24,23,23,19,25,25
1570,2,19,23,16,23,25,20,21,21,18,24,23,23,18,25,25
1571,3,19,23,16,23,25,19,21,21,18,24,23,23,17,25,25
1572,4,19,23,16,23,25,18,21,22,18,24,23,23,16,25,25
1573,5,19,23,16,23,25,17,21,23,18,24,23,23,15,25,25
1574,6,19,23,16,23,25,16,21,23,18,24,23,23,14,25,25
1575,7,19,23,16,23,25,15,21,23,18,24,23,23,13,25,25
1576,8,19,23,16,23,25,14,21,24,18,24,23,23,12,25,25
1577,8,19,23,16,23,25,13,21,25,18,24,23,23,11,25,25
1578,8,19,23,16,23,25,12,21,25,18,24,23,23,10,25,25
1579,9,19,23,16,23,25,11,21,25,18,24,23,23,9,25,25
1580,10,19,23,16,23,25,10,21,24,18,24,23,23,8,25,25
1581,10,19,23,16,23,25,9,21,23,18,24,23,23,7,25,25
1582,10,19,23,16,23,25,8,21,22,18,24,23,23,6,25,25
1583,11,19,23,16,23,25,7,21,21,18,24,23,23,5,25,25
1584,11,19,23,16,23,25,6,21,20,18,24,23,23,4,25,25
1585,11,19,23,16,23,25,5,21,19,18,24,23,23,3,25,25
1586,12,19,23,16,23,25,4,21,18,18,24,23,23,2,25,25
1587,12,19,23,16,23,25,3,21,17,18,24,23,23,1,25,25
1588,12,19,23,16,23,25,2,21,16,18,24,23,23,1,25,25
1589,13,19,23,16,23,25,1,21,15,18,24,23,23,1,25,25
1590,13,19,23,16,23,25,1,21,14,18,24,23,23,2,25,25
1591,13,19,23,16,23,25,1,21,13,18,24,23,23,3,25,25
1592,14,19,23,16,23,25,2,21,12,18,24,23,23,3,25,25
1593,15,19,23,16,23,25,3,21,11,18,24,23,23,3,25,25
1594,15,19,23,16,23,25,3,21,10,18,24,23,23,4,25,25
1595,15,19,23,16,23,25,3,21,9,18,24,23,23,5,25,25
1596,16,19,23,16,23,25,4,21,8,18,24,23,23,6,25,25
1597,17,19,23,16,23,25,5,21,7,18,24,23,23,6,25,25
1598,17,19,23,16,23,25,5,21,6,18,24,23,23,6,25,25
1599,17,19,23,16,23,25,5,21,5,18,24,23,23,7,25,25
1600,18,19,23,16,23,25,6,21,4,18,24,23,23,7,25,25
1601,18,19,23,16,23,25,7,21,3,18,24,23,23,7,25,25
1602,18,19,23,16,23,25,8,21,2,18,24,23,23,8,25,25
1603,19,19,23,16,23,25,9,21,1,18,24,23,23,9,25,25
1604,19,19,23,16,23,25,10,21,1,18,24,23,23,10,25,25
1605,19,19,23,16,23,25,11,21,1,18,24,23,23,11,25,25
1606,20,19,23,16,23,25,12,21,2,18,24,23,23,11,25,25
1607,21,19,23,16,23,25,13,21,2,18,24,23,23,11,25,25
1608,22,19,23,16,23,25,13,21,2,18,24,23,23,12,25,25
1609,23,19,23,16,23,25,13,21,3,18,24,23,23,13,25,25
1610,24,19,23,16,23,25,14,21,4,18,24,23,23,14,25,25
1611,25,19,23,16,23,25,15,21,4,18,24,23,23,15,25,25
1612,25,19,23,16,23,25,16,21,4,18,24,23,23,15,25,25
1613,25,19,23,16,23,25,16,21,5,18,24,23,23,15,25,25
1614,24,19,23,16,23,25,16,21,6,18,24,23,23,16,25,25
1615,23,19,23,16,23,25,17,21,7,18,24,23,23,16,25,25
1616,22,19,23,16,23,25,18,21,7,18,24,23,23,16,25,25
1617,21,19,23,16,23,25,18,21,7,18,24,23,23,17,25,25
1618,20,19,23,16,23,25,18,21,8,18,24,23,23,18,25,25
1619,19,19,23,16,23,25,19,21,9,18,24,23,23,19,25,25
1620,18,19,23,16,23,25,20,21,9,18,24,23,23,20,25,25
1621,17,19,23,16,23,25,20,21,9,18,24,23,23,20,25,25
1622,16,19,23,16,23,25,20,21,10,18,24,23,23,20,25,25
1623,15,19,23,16,23,25,21,21,11,18,24,23,23,21,25,25
1624,14,19,23,16,23,25,22,21,12,18,24,23,23,22,25,25
1625,13,19,23,16,23,25,22,21,13,18,24,23,23,22,25,25
1626,12,19,23,16,23,25,22,21,14,18,24,23,23,22,25,25
1627,11,19,23,16,23,25,21,21,14,18,24,23,23,23,25,25
1628,10,19,23,16,23,25,20,21,14,18,24,23,23,23,25,25
1629,9,19,23,16,23,25,19,21,15,18,24,23,23,23,25,25
1630,8,19,23,16,23,25,18,21,15,18,24,23,23,22,25,25
1631,7,19,23,16,23,25,17,21,15,18,24,23,23,21,25,25
1632,6,19,23,16,23,25,16,21,16,18,24,23,23,20,25,25
1633,5,19,23,16,23,25,15,21,17,18,24,23,23,19,25,25
1634,4,19,23,16,23,25,14,21,17,18,24,23,23,18,25,25
1635,3,19,23,16,23,25,13,21,17,18,24,23,23,17,25,25
1636,2,19,23,16,23,25,12,21,18,18,24,23,23,16,25,25
1637,1,19,23,16,23,25,11,21,19,18,24,23,23,15,25,25
1638,1,19,23,16,23,25,10,21,20,18,24,23,23,14,25,25
1639,1,19,23,16,23,25,9,21,20,18,24,23,23,13,25,25
1640,2,19,23,16,23,25,8,21,20,18,24,23,23,12,25,25
1641,3,19,23,16,23,25,7,21,21,18,24,23,23,11,25,25
1642,4,19,23,16,23,25,6,21,22,18,24,23,23,10,25,25
1643,5,19,23,16,23,25,5,21,23,18,24,23,23,9,25,25
1644,5,19,23,16,23,25,4,21,24,18,24,23,23,8,25,25
1645,5,19,23,16,23,25,3,21,24,18,24,23,23,7,25,25
1646,6,19,23,16,23,25,2,21,24,18,24,23,23,6,25,25
1647,6,19,23,16,23,25,1,21,23,18,24,23,23,5,25,25
1648,6,19,23,16,23,25,1,21,22,18,24,23,23,4,25,25
1649,7,19,23,16,23,25,1,21,21,18,24,23,23,3,25,25
1650,8,19,23,16,23,25,2,21,20,18,24,23,23,2,25,25
1651,9,19,23,16,23,25,3,21,19,18,24,23,23,1,25,25
1652,9,19,23,16,23,25,3,21,18,18,24,23,23,1,25,25
1653,9,19,23,16,23,25,3,21,17,18,24,23,23,1,25,25
1654,10,19,23,16,23,25,4,21,16,18,24,23,23,2,25,25
1655,11,19,23,16,23,25,5,21,15,18,24,23,23,2,25,25
1656,11,19,23,16,23,25,6,21,14,18,24,23,23,2,25,25
1657,11,19,23,16,23,25,7,21,13,18,24,23,23,3,25,25
1658,12,19,23,16,23,25,8,21,12,18,24,23,23,4,25,25
1659,13,19,23,16,23,25,9,21,11,18,24,23,23,4,25,25
1660,14,19,23,16,23,25,10,21,10,18,24,23,23,4,25,25
1661,15,19,23,16,23,25,10,21,9,18,24,23,23,5,25,25
1662,15,19,23,16,23,25,10,21,8,18,24,23,23,6,25,25
1663,15,19,23,16,23,25,11,21,7,18,24,23,23,6,25,25
1664,16,19,23,16,23,25,12,21,6,18,24,23,23,6,25,25
1665,17,19,23,16,23,25,13,21,5,18,24,23,23,7,25,25
1666,18,19,23,16,23,25,14,21,4,18,24,23,23,8,25,25
1667,19,19,23,16,23,25,15,21,3,18,24,23,23,9,25,25
1668,19,19,23,16,23,25,16,21,2,18,24,23,23,9,25,25
1669,19,19,23,16,23,25,17,21,1,18,24,23,23,9,25,25
1670,20,19,23,16,23,25,18,21,1,18,24,23,23,10,25,25
1671,21,19,23,16,23,25,19,21,1,18,24,23,23,11,25,25
1672,22,19,23,16,23,25,19,21,2,18,24,23,23,12,25,25
1673,22,19,23,16,23,25,19,21,3,18,24,23,23,13,25,25
1674,22,19,23,16,23,25,20,21,3,18,24,23,23,14,25,25
1675,23,19,23,16,23,25,20,21,3,18,24,23,23,15,25,25
1676,24,19,23,16,23,25,20,21,4,18,24,23,23,16,25,25
1677,25,19,23,16,23,25,21,21,4,18,24,23,23,16,25,25
1678,25,19,23,16,23,25,22,21,4,18,24,23,23,16,25,25
1679,25,19,23,16,23,25,23,21,5,18,24,23,23,17,25,25
1680,25,19,23,16,23,25,24,21,5,18,24,23,23,18,25,25
1681,25,19,23,16,23,25,24,21,5,18,24,23,23,18,25,25
1682,25,19,23,16,23,25,24,21,6,18,24,23,23,18,25,25
1683,25,19,23,16,23,25,25,21,7,18,24,23,23,19,25,25
1684,25,19,23,16,23,25,25,21,8,18,24,23,23,19,25,25
1685,25,19,23,16,23,25,25,21,9,18,24,23,23,19,25,25
1686,25,19,23,16,23,25,24,21,10,18,24,23,23,20,25,25
1687,25,19,23,16,23,25,23,21,11,18,24,23,23,21,25,25
1688,25,19,23,16,23,25,22,21,11,18,24,23,23,21,25,25
1689,25,19,23,16,23,25,21,21,11,18,24,23,23,21,25,25
1690,25,19,23,16,23,25,20,21,12,18,24,23,23,20,25,25
1691,25,19,23,16,23,25,19,21,12,18,24,23,23,19,25,25
1692,25,19,23,16,23,25,18,21,12,18,24,23,23,18,25,25
1693,25,19,23,16,23,25,17,21,13,18,24,23,23,17,25,25
1694,25,19,23,16,23,25,16,21,14,18,24,23,23,16,25,25
1695,25,19,23,16,23,25,15,21,15,18,24,23,23,15,25,25
1696,25,19,23,16,23,25,14,21,15,18,24,23,23,14,25,25
1697,25,19,23,16,23,25,13,21,15,18,24,23,23,13,25,25
1698,25,19,23,16,23,25,12,21,16,18,24,23,23,12,25,25
1699,25,19,23,16,23,25,11,21,17,18,24,23,23,11,25,25
1700,25,19,23,16,23,25,10,21,18,18,24,23,23,10,25,25
1701,25,19,23,16,23,25,9,21,19,18,24,23,23,9,25,25
1702,25,19,23,16,23,25,8,21,20,18,24,23,23,8,25,25
1703,25,19,23,16,23,25,7,21,21,18,24,23,23,7,25,25
1704,25,19,23,16,23,25,6,21,21,18,24,23,23,6,25,25
1705,25,19,23,16,23,25,5,21,21,18,24,23,23,5,25,25
1706,25,19,23,16,23,25,4,21,22,18,24,23,23,4,25,25
1707,25,19,23,16,23,25,3,21,23,18,24,23,23,3,25,25
1708,25,19,23,16,23,25,2,21,23,18,24,23,23,2,25,25
1709,25,19,23,16,23,25,1,21,23,18,24,23,23,1,25,25
1710,25,19,23,16,23,25,1,21,22,18,24,23,23,1,25,25
1711,25,19,23,16,23,25,1,21,21,18,24,23,23,1,25,25
1712,25,19,23,16,23,25,2,21,20,18,24,23,23,2,25,25
1713,25,19,23,16,23,25,2,21,19,18,24,23,23,3,25,25
1714,25,19,23,16,23,25,2,21,18,18,24,23,23,3,25,25
1715,25,19,23,16,23,25,3,21,17,18,24,23,23,3,25,25
1716,25,19,23,16,23,25,4,21,16,18,24,23,23,4,25,25
1717,25,19,23,16,23,25,5,21,15,18,24,23,23,4,25,25
1718,25,19,23,16,23,25,6,21,14,18,24,23,23,4,25,25
1719,25,19,23,16,23,25,7,21,13,18,24,23,23,5,25,25
1720,25,19,23,16,23,25,7,21,12,18,24,23,23,6,25,25
1721,25,19,23,16,23,25,7,21,11,18,24,23,23,7,25,25
1722,25,19,23,16,23,25,8,21,10,18,24,23,23,7,25,25
1723,25,19,23,16,23,25,9,21,9,18,24,23,23,7,25,25
1724,25,19,23,16,23,25,9,21,8,18,24,23,23,8,25,25
1725,25,19,23,16,23,25,9,21,7,18,24,23,23,9,25,25
1726,25,19,23,16,23,25,10,21,6,18,24,23,23,10,25,25
1727,25,19,23,16,23,25,10,21,5,18,24,23,23,10,25,25
1728,25,19,23,16,23,25,10,21,4,18,24,23,23,10,25,25
1729,25,19,23,16,23,25,11,21,3,18,24,23,23,11,25,25
1730,25,19,23,16,23,25,12,21,2,18,24,23,23,12,25,25
1731,25,19,23,16,23,25,13,21,1,18,24,23,23,12,25,25
1732,25,19,23,16,23,25,13,21,1,18,24,23,23,12,25,25
1733,25,19,23,16,23,25,13,21,1,18,24,23,23,13,25,25
1734,25,19,23,16,23,25,14,21,2,18,24,23,23,14,25,25
1735,25,19,23,16,23,25,14,21,3,18,24,23,23,14,25,25
1736,25,19,23,16,23,25,14,21,4,18,24,23,23,14,25,25
1737,25,19,23,16,23,25,15,21,5,18,24,23,23,15,25,25
1738,25,19,23,16,23,25,16,21,5,18,24,23,23,16,25,25
1739,25,19,23,16,23,25,16,21,5,18,24,23,23,17,25,25
1740,25,19,23,16,23,25,16,21,6,18,24,23,23,18,25,25
1741,25,19,23,16,23,25,17,21,7,18,24,23,23,18,25,25
1742,25,19,23,16,23,25,17,21,8,18,24,23,23,18,25,25
1743,25,19,23,16,23,25,17,21,8,18,24,23,23,19,25,25
1744,25,19,23,16,23,25,18,21,8,18,24,23,23,20,25,25
1745,25,19,23,16,23,25,18,21,9,18,24,23,23,21,25,25
1746,25,19,23,16,23,25,18,21,10,18,24,23,23,22,25,25
1747,25,19,23,16,23,25,19,21,10,18,24,23,23,23,25,25
1748,25,19,23,16,23,25,20,21,10,18,24,23,23,23,25,25
1749,25,19,23,16,23,25,21,21,11,18,24,23,23,23,25,25
1750,25,19,23,16,23,25,22,21,11,18,24,23,23,22,25,25
1751,25,19,23,16,23,25,23,21,11,18,24,23,23,21,25,25
1752,25,19,23,16,23,25,24,21,12,18,24,23,23,20,25,25
1753,25,19,23,16,23,25,24,21,13,18,24,23,23,19,25,25
1754,25,19,23,16,23,25,24,21,14,18,24,23,23,18,25,25
1755,25,19,23,16,23,25,23,21,15,18,24,23,23,17,25,25
1756,25,19,23,16,23,25,22,21,16,18,24,23,23,16,25,25
1757,25,19,23,16,23,25,21,21,17,18,24,23,23,15,25,25
1758,25,19,23,16,23,25,20,21,17,18,24,23,23,14,25,25
1759,25,19,23,16,23,25,19,21,17,18,24,23,23,13,25,25
1760,25,19,23,16,23,25,18,21,18,18,24,23,23,12,25,25
1761,25,19,23,16,23,25,17,21,18,18,24,23,23,11,25,25
1762,25,19,23,16,23,25,16,21,18,18,24,23,23,10,25,25
1763,25,19,23,16,23,25,15,21,19,18,24,23,23,9,25,25
1764,25,19,23,16,23,25,14,21,20,18,24,23,23,8,25,25
1765,25,19,23,16,23,25,13,21,21,18,24,23,23,7,25,25
1766,25,19,23,16,23,25,12,21,21,18,24,23,23,6,25,25
1767,25,19,23,16,23,25,11,21,21,18,24,23,23,5,25,25
1768,25,19,23,16,23,25,10,21,22,18,24,23,23,4,25,25
1769,25,19,23,16,23,25,9,21,22,18,24,23,23,3,25,25
1770,25,19,23,16,23,25,8,21,22,18,24,23,23,2,25,25
1771,25,19,23,16,23,25,7,21,23,18,24,23,23,1,25,25
1772,25,19,23,16,23,25,6,21,24,18,24,23,23,1,25,25
1773,25,19,23,16,23,25,5,21,24,18,24,23,23,1,25,25
1774,25,19,23,16,23,25,4,21,24,18,24,23,23,2,25,25
1775,25,19,23,16,23,25,3,21,23,18,24,23,23,2,25,25
1776,25,19,23,16,23,25,2,21,22,18,24,23,23,2,25,25
1777,25,19,23,16,23,25,1,21,21,18,24,23,23,3,25,25
1778,25,19,23,16,23,25,1,21,20,18,24,23,23,4,25,25
1779,25,19,23,16,23,25,1,21,19,18,24,23,23,4,25,25
1780,25,19,23,16,23,25,2,21,18,18,24,23,23,4,25,25
1781,25,19,23,16,23,25,3,21,17,18,24,23,23,5,25,25
1782,25,19,23,16,23,25,3,21,16,18,24,23,23,6,25,25
1783,25,19,23,16,23,25,3,21,15,18,24,23,23,7,25,25
1784,25,19,23,16,23,25,4,21,14,18,24,23,23,7,25,25
1785,25,19,23,16,23,25,5,21,13,18,24,23,23,7,25,25
1786,25,19,23,16,23,25,6,21,12,18,24,23,23,8,25,25
1787,25,19,23,16,23,25,7,21,11,18,24,23,23,9,25,25
1788,25,19,23,16,23,25,7,21,10,18,24,23,23,9,25,25
1789,25,19,23,16,23,25,7,21,9,18,24,23,23,9,25,25
1790,25,19,23,16,23,25,8,21,8,18,24,23,23,10,25,25
1791,25,19,23,16,23,25,9,21,7,18,24,23,23,11,25,25
1792,25,19,23,16,23,25,10,21,6,18,24,23,23,11,25,25
1793,25,19,23,16,23,25,10,21,5,18,24,23,23,11,25,25
1794,25,19,23,16,23,25,10,21,4,18,24,23,23,12,25,25
1795,25,19,23,16,23,25,11,21,3,18,24,23,23,13,25,25
1796,25,19,23,16,23,25,12,21,2,18,24,23,23,13,25,25
1797,25,19,23,16,23,25,12,21,1,18,24,23,23,13,25,25
1798,25,19,23,16,23,25,12,21,1,18,24,23,23,14,25,25
1799,25,19,23,16,23,25,13,21,1,18,24,23,23,15,25,25
1800,25,19,23,16,23,25,14,21,2,18,24,23,23,16,25,25
1801,25,19,23,16,23,25,14,21,2,18,24,23,23,17,25,25
1802,25,19,23,16,23,25,14,21,2,18,24,23,23,18,25,25
1803,25,19,23,16,23,25,15,21,3,18,24,23,23,19,25,25
1804,25,19,23,16,23,25,16,21,4,18,24,23,23,20,25,25
1805,25,19,23,16,23,25,17,21,5,18,24,23,23,21,25,25
1806,25,19,23,16,23,25,18,21,5,18,24,23,23,21,25,25
1807,25,19,23,16,23,25,18,21,5,18,24,23,23,21,25,25
1808,25,19,23,16,23,25,18,21,6,18,24,23,23,22,25,25
1809,25,19,23,16,23,25,19,21,7,18,24,23,23,22,25,25
1810,25,19,23,16,23,25,19,21,8,18,24,23,23,22,25,25
1811,25,19,23,16,23,25,19,21,8,18,24,23,23,23,25,25
1812,25,19,23,16,23,25,20,21,8,18,24,23,23,23,25,25
1813,25,19,23,16,23,25,21,21,9,18,24,23,23,23,25,25
1814,25,19,23,16,23,25,22,21,9,18,24,23,23,24,25,25
1815,25,19,23,16,23,25,22,21,9,18,24,23,23,24,25,25
1816,25,19,23,16,23,25,22,21,10,18,24,23,23,24,25,25
1817,25,19,23,16,23,25,22,21,11,18,24,23,23,23,25,25
1818,25,19,23,16,23,25,22,21,12,18,24,23,23,22,25,25
1819,25,19,23,16,23,25,22,21,12,18,24,23,23,21,25,25
1820,25,19,23,16,23,25,22,21,12,18,24,23,23,20,25,25
1821,25,19,23,16,23,25,22,21,13,18,24,23,23,19,25,25
1822,25,19,23,16,23,25,22,21,14,18,24,23,23,18,25,25
1823,25,19,23,16,23,25,22,21,15,18,24,23,23,17,25,25
1824,25,19,23,16,23,25,22,21,16,18,24,23,23,16,25,25
1825,25,19,23,16,23,25,22,21,17,18,24,23,23,15,25,25
1826,25,19,23,16,23,25,22,21,17,18,24,23,23,14,25,25
1827,25,19,23,16,23,25,22,21,17,18,24,23,23,13,25,25
1828,25,19,23,16,23,25,22,21,18,18,24,23,23,12,25,25
1829,25,19,23,16,23,25,22,21,18,18,24,23,23,11,25,25
1830,25,19,23,16,23,25,22,21,18,18,24,23,23,10,25,25
1831,25,19,23,16,23,25,22,21,19,18,24,23,23,9,25,25
1832,25,19,23,16,23,25,22,21,20,18,24,23,23,8,25,25
1833,25,19,23,16,23,25,22,21,21,18,24,23,23,7,25,25
1834,25,19,23,16,23,25,22,21,22,18,24,23,23,6,25,25
1835,25,19,23,16,23,25,22,21,22,18,24,23,23,5,25,25
1836,25,19,23,16,23,25,22,21,22,18,24,23,23,4,25,25
1837,25,19,23,16,23,25,22,21,23,18,24,23,23,3,25,25
1838,25,19,23,16,23,25,22,21,24,18,24,23,23,2,25,25
1839,25,19,23,16,23,25,22,21,25,18,24,23,23,1,25,25
1840,25,19,23,16,23,25,22,21,25,18,24,23,23,1,25,25
1841,25,19,23,16,23,25,22,21,25,18,24,23,23,1,25,25
1842,25,19,23,16,23,25,22,21,24,18,24,23,23,2,25,25
1843,25,19,23,16,23,25,22,21,23,18,24,23,23,3,25,25
1844,25,19,23,16,23,25,22,21,22,18,24,23,23,3,25,25
1845,25,19,23,16,23,25,22,21,21,18,24,23,23,3,25,25
1846,25,19,23,16,23,25,22,21,20,18,24,23,23,4,25,25
1847,25,19,23,16,23,25,22,21,19,18,24,23,23,4,25,25
1848,25,19,23,16,23,25,22,21,18,18,24,23,23,4,25,25
1849,25,19,23,16,23,25,22,21,17,18,24,23,23,5,25,25
1850,25,19,23,16,23,25,22,21,16,18,24,23,23,6,25,25
1851,25,19,23,16,23,25,22,21,15,18,24,23,23,7,25,25
1852,25,19,23,16,23,25,22,21,14,18,24,23,23,8,25,25
1853,25,19,23,16,23,25,22,21,13,18,24,23,23,9,25,25
1854,25,19,23,16,23,25,22,21,12,18,24,23,23,10,25,25
1855,25,19,23,16,23,25,22,21,11,18,24,23,23,10,25,25
1856,25,19,23,16,23,25,22,21,10,18,24,23,23,10,25,25
1857,25,19,23,16,23,25,22,21,9,18,24,23,23,11,25,25
1858,25,19,23,16,23,25,22,21,8,18,24,23,23,11,25,25
1859,25,19,23,16,23,25,22,21,7,18,24,23,23,11,25,25
1860,25,19,23,16,23,25,22,21,6,18,24,23,23,12,25,25
1861,25,19,23,16,23,25,22,21,5,18,24,23,23,13,25,25
1862,25,19,23,16,23,25,22,21,4,18,24,23,23,14,25,25
1863,25,19,23,16,23,25,22,21,3,18,24,23,23,15,25,25
1864,25,19,23,16,23,25,22,21,2,18,24,23,23,16,25,25
1865,25,19,23,16,23,25,22,21,1,18,24,23,23,16,25,25
1866,25,19,23,16,23,25,22,21,1,18,24,23,23,16,25,25
1867,25,19,23,16,23,25,22,21,1,18,24,23,23,17,25,25
1868,25,19,23,16,23,25,22,21,2,18,24,23,23,18,25,25
1869,25,19,23,16,23,25,22,21,2,18,24,23,23,18,25,25
1870,25,19,23,16,23,25,22,21,2,18,24,23,23,18,25,25
1871,25,19,23,16,23,25,22,21,3,18,24,23,23,19,25,25
1872,25,19,23,16,23,25,22,21,4,18,24,23,23,19,25,25
1873,25,19,23,16,23,25,22,21,4,18,24,23,23,19,25,25
1874,25,19,23,16,23,25,22,21,4,18,24,23,23,20,25,25
1875,25,19,23,16,23,25,22,21,5,18,24,23,23,21,25,25
1876,25,19,23,16,23,25,22,21,6,18,24,23,23,21,25,25
1877,25,19,23,16,23,25,22,21,7,18,24,23,23,21,25,25
1878,25,19,23,16,23,25,22,21,8,18,24,23,23,22,25,25
1879,25,19,23,16,23,25,22,21,9,18,24,23,23,23,25,25
1880,25,19,23,16,23,25,22,21,10,18,24,23,23,24,25,25
1881,25,19,23,16,23,25,22,21,11,18,24,23,23,24,25,25
1882,25,19,23,16,23,25,22,21,11,18,24,23,23,24,25,25
1883,25,19,23,16,23,25,22,21,11,18,24,23,23,23,25,25
1884,25,19,23,16,23,25,22,21,12,18,24,23,23,22,25,25
1885,25,19,23,16,23,25,22,21,12,18,24,23,23,21,25,25
1886,25,19,23,16,23,25,22,21,12,18,24,23,23,20,25,25
1887,25,19,23,16,23,25,22,21,13,18,24,23,23,19,25,25
1888,25,19,23,16,23,25,22,21,14,18,24,23,23,18,25,25
1889,25,19,23,16,23,25,22,21,14,18,24,23,23,17,25,25
1890,25,19,23,16,23,25,22,21,14,18,24,23,23,16,25,25
1891,25,19,23,16,23,25,22,21,15,18,24,23,23,15,25,25
1892,25,19,23,16,23,25,22,21,15,18,24,23,23,14,25,25
1893,25,19,23,16,23,25,22,21,15,18,24,23,23,13,25,25
1894,25,19,23,16,23,25,22,21,16,18,24,23,23,12,25,25
1895,25,19,23,16,23,25,22,21,16,18,24,23,23,11,25,25
1896,25,19,23,16,23,25,22,21,16,18,24,23,23,10,25,25
1897,25,19,23,16,23,25,22,21,17,18,24,23,23,9,25,25
1898,25,19,23,16,23,25,22,21,18,18,24,23,23,8,25,25
1899,25,19,23,16,23,25,22,21,19,18,24,23,23,7,25,25
1900,25,19,23,16,23,25,22,21,20,18,24,23,23,6,25,25
1901,25,19,23,16,23,25,22,21,21,18,24,23,23,5,25,25
1902,25,19,23,16,23,25,22,21,22,18,24,23,23,4,25,25
1903,25,19,23,16,23,25,22,21,22,18,24,23,23,3,25,25
1904,25,19,23,16,23,25,22,21,22,18,24,23,23,2,25,25
1905,25,19,23,16,23,25,22,21,21,18,24,23,23,1,25,25
1906,25,19,23,16,23,25,22,21,20,18,24,23,23,1,25,25
1907,25,19,23,16,23,25,22,21,19,18,24,23,23,1,25,25
1908,25,19,23,16,23,25,22,21,18,18,24,23,23,2,25,25
1909,25,19,23,16,23,25,22,21,17,18,24,23,23,3,25,25
1910,25,19,23,16,23,25,22,21,16,18,24,23,23,4,25,25
1911,25,19,23,16,23,25,22,21,15,18,24,23,23,5,25,25
1912,25,19,23,16,23,25,22,21,14,18,24,23,23,5,25,25
1913,25,19,23,16,23,25,22,21,13,18,24,23,23,5,25,25
1914,25,19,23,16,23,25,22,21,12,18,24,23,23,6,25,25
1915,25,19,23,16,23,25,22,21,11,18,24,23,23,7,25,25
1916,25,19,23,16,23,25,22,21,10,18,24,23,23,8,25,25
1917,25,19,23,16,23,25,22,21,9,18,24,23,23,8,25,25
1918,25,19,23,16,23,25,22,21,8,18,24,23,23,8,25,25
1919,25,19,23,16,23,25,22,21,7,18,24,23,23,9,25,25
1920,25,19,23,16,23,25,22,21,6,18,24,23,23,10,25,25
1921,25,19,23,16,23,25,22,21,5,18,24,23,23,11,25,25
1922,25,19,23,16,23,25,22,21,4,18,24,23,23,11,25,25
1923,25,19,23,16,23,25,22,21,3,18,24,23,23,11,25,25
1924,25,19,23,16,23,25,22,21,2,18,24,23,23,12,25,25
1925,25,19,23,16,23,25,22,21,1,18,24,23,23,13,25,25
1926,25,19,23,16,23,25,22,21,1,18,24,23,23,13,25,25
1927,25,19,23,16,23,25,22,21,1,18,24,23,23,13,25,25
1928,25,19,23,16,23,25,22,21,2,18,24,23,23,14,25,25
1929,25,19,23,16,23,25,22,21,2,18,24,23,23,15,25,25
1930,25,19,23,16,23,25,22,21,2,18,24,23,23,15,25,25
1931,25,19,23,16,23,25,22,21,3,18,24,23,23,15,25,25
1932,25,19,23,16,23,25,22,21,4,18,24,23,23,16,25,25
1933,25,19,23,16,23,25,22,21,4,18,24,23,23,17,25,25
1934,25,19,23,16,23,25,22,21,4,18,24,23,23,17,25,25
1935,25,19,23,16,23,25,22,21,5,18,24,23,23,17,25,25
1936,25,19,23,16,23,25,22,21,6,18,24,23,23,18,25,25
1937,25,19,23,16,23,25,22,21,6,18,24,23,23,19,25,25
1938,25,19,23,16,23,25,22,21,6,18,24,23,23,19,25,25
1939,25,19,23,16,23,25,22,21,7,18,24,23,23,19,25,25
1940,25,19,23,16,23,25,22,21,7,18,24,23,23,20,25,25
1941,25,19,23,16,23,25,22,21,7,18,24,23,23,21,25,25
1942,25,19,23,16,23,25,22,21,8,18,24,23,23,22,25,25
1943,25,19,23,16,23,25,22,21,9,18,24,23,23,23,25,25
1944,25,19,23,16,23,25,22,21,10,18,24,23,23,23,25,25
1945,25,19,23,16,23,25,22,21,10,18,24,23,23,23,25,25
1946,25,19,23,16,23,25,22,21,10,18,24,23,23,24,25,25
1947,25,19,23,16,23,25,22,21,11,18,24,23,23,25,25,25
1948,25,19,23,16,23,25,22,21,12,18,24,23,23,25,25,25
1949,25,19,23,16,23,25,22,21,13,18,24,23,23,25,25,25
1950,25,19,23,16,23,25,22,21,13,18,24,23,23,24,25,25
1951,25,19,23,16,23,25,22,21,13,18,24,23,23,23,25,25
1952,25,19,23,16,23,25,22,21,14,18,24,23,23,22,25,25
1953,25,19,23,16,23,25,22,21,14,18,24,23,23,21,25,25
1954,25,19,23,16,23,25,22,21,14,18,24,23,23,20,25,25
1955,25,19,23,16,23,25,22,21,15,18,24,23,23,19,25,25
1956,25,19,23,16,23,25,22,21,16,18,24,23,23,18,25,25
1957,25,19,23,16,23,25,22,21,17,18,24,23,23,17,25,25
1958,25,19,23,16,23,25,22,21,18,18,24,23,23,16,25,25
1959,25,19,23,16,23,25,22,21,19,18,24,23,23,15,25,25
1960,25,19,23,16,23,25,22,21,20,18,24,23,23,14,25,25
1961,25,19,23,16,23,25,22,21,21,18,24,23,23,13,25,25
1962,25,19,23,16,23,25,22,21,22,18,24,23,23,12,25,25
1963,25,19,23,16,23,25,22,21,23,18,24,23,23,11,25,25
1964,25,19,23,16,23,25,22,21,24,18,24,23,23,10,25,25
1965,25,19,23,16,23,25,22,21,24,18,24,23,23,9,25,25
1966,25,19,23,16,23,25,22,21,24,18,24,23,23,8,25,25
1967,25,19,23,16,23,25,22,21,23,18,24,23,23,7,25,25
1968,25,19,23,16,23,25,22,21,22,18,24,23,23,6,25,25
1969,25,19,23,16,23,25,22,21,21,18,24,23,23,5,25,25
1970,25,19,23,16,23,25,22,21,20,18,24,23,23,4,25,25
1971,25,19,23,16,23,25,22,21,19,18,24,23,23,3,25,25
1972,25,19,23,16,23,25,22,21,18,18,24,23,23,2,25,25
1973,25,19,23,16,23,25,22,21,17,18,24,23,23,1,25,25
1974,25,19,23,16,23,25,22,21,16,18,24,23,23,1,25,25
1975,25,19,23,16,23,25,22,21,15,18,24,23,23,1,25,25
1976,25,19,23,16,23,25,22,21,14,18,24,23,23,2,25,25
1977,25,19,23,16,23,25,22,21,13,18,24,23,23,3,25,25
1978,25,19,23,16,23,25,22,21,12,18,24,23,23,4,25,25
1979,25,19,23,16,23,25,22,21,11,18,24,23,23,5,25,25
1980,25,19,23,16,23,25,22,21,10,18,24,23,23,6,25,25
1981,25,19,23,16,23,25,22,21,9,18,24,23,23,6,25,25
1982,25,19,23,16,23,25,22,21,8,18,24,23,23,6,25,25
1983,25,19,23,16,23,25,22,21,7,18,24,23,23,7,25,25
1984,25,19,23,16,23,25,22,21,6,18,24,23,23,7,25,25
1985,25,19,23,16,23,25,22,21,5,18,24,23,23,7,25,25
1986,25,19,23,16,23,25,22,21,4,18,24,23,23,8,25,25
1987,25,19,23,16,23,25,22,21,3,18,24,23,23,8,25,25
1988,25,19,23,16,23,25,22,21,2,18,24,23,23,8,25,25
1989,25,19,23,16,23,25,22,21,1,18,24,23,23,9,25,25
1990,25,19,23,16,23,25,22,21,1,18,24,23,23,9,25,25
1991,25,19,23,16,23,25,22,21,1,18,24,23,23,9,25,25
1992,25,19,23,16,23,25,22,21,2,18,24,23,23,10,25,25
1993,25,19,23,16,23,25,22,21,3,18,24,23,23,10,25,25
1994,25,19,23,16,23,25,22,21,3,18,24,23,23,10,25,25
1995,25,19,23,16,23,25,22,21,3,18,24,23,23,11,25,25
1996,25,19,23,16,23,25,22,21,4,18,24,23,23,12,25,25
1997,25,19,23,16,23,25,22,21,5,18,24,23,23,13,25,25
1998,25,19,23,16,23,25,22,21,6,18,24,23,23,13,25,25
1999,25,19,23,16,23,25,22,21,7,18,24,23,23,13,25,25
2000,25,19,23,16,23,25,22,21,7,18,24,23,23,14,25,25
2001,25,19,23,16,23,25,22,21,7,18,24,23,23,15,25,25
2002,25,19,23,16,23,25,22,21,8,18,24,23,23,16,25,25
2003,25,19,23,16,23,25,22,21,9,18,24,23,23,17,25,25
2004,25,19,23,16,23,25,22,21,10,18,24,23,23,17,25,25
2005,25,19,23,16,23,25,22,21,11,18,24,23,23,17,25,25
2006,25,19,23,16,23,25,22,21,11,18,24,23,23,18,25,25
2007,25,19,23,16,23,25,22,21,11,18,24,23,23,19,25,25
2008,25,19,23,16,23,25,22,21,12,18,24,23,23,19,25,25
2009,25,19,23,16,23,25,22,21,13,18,24,23,23,19,25,25
2010,25,19,23,16,23,25,22,21,13,18,24,23,23,20,25,25
2011,25,19,23,16,23,25,22,21,13,18,24,23,23,21,25,25
2012,25,19,23,16,23,25,22,21,14,18,24,23,23,22,25,25
2013,25,19,23,16,23,25,22,21,15,18,24,23,23,22,25,25
2014,25,19,23,16,23,25,22,21,15,18,24,23,23,22,25,25
2015,25,19,23,16,23,25,22,21,15,18,24,23,23,21,25,25
2016,25,19,23,16,23,25,22,21,16,18,24,23,23,20,25,25
2017,25,19,23,16,23,25,22,21,17,18,24,23,23,19,25,25
2018,25,19,23,16,23,25,22,21,17,18,24,23,23,18,25,25
2019,25,19,23,16,23,25,22,21,17,18,24,23,23,17,25,25
2020,25,19,23,16,23,25,22,21,18,18,24,23,23,16,25,25
2021,25,19,23,16,23,25,22,21,19,18,24,23,23,15,25,25
2022,25,19,23,16,23,25,22,21,20,18,24,23,23,14,25,25
2023,25,19,23,16,23,25,22,21,21,18,24,23,23,13,25,25
2024,25,19,23,16,23,25,22,21,21,18,24,23,23,12,25,25
2025,25,19,23,16,23,25,22,21,21,18,24,23,23,11,25,25
2026,25,19,23,16,23,25,22,21,22,18,24,23,23,10,25,25
2027,25,19,23,16,23,25,22,21,23,18,24,23,23,9,25,25
2028,25,19,23,16,23,25,22,21,24,18,24,23,23,8,25,25
2029,25,19,23,16,23,25,22,21,24,18,24,23,23,7,25,25
2030,25,19,23,16,23,25,22,21,24,18,24,23,23,6,25,25
2031,25,19,23,16,23,25,22,21,25,18,24,23,23,5,25,25
2032,25,19,23,16,23,25,22,21,25,18,24,23,23,4,25,25
2033,25,19,23,16,23,25,22,21,25,18,24,23,23,3,25,25
2034,25,19,23,16,23,25,22,21,24,18,24,23,23,2,25,25
2035,25,19,23,16,23,25,22,21,23,18,24,23,23,1,25,25
2036,25,19,23,16,23,25,22,21,22,18,24,23,23,1,25,25
2037,25,19,23,16,23,25,22,21,21,18,24,23,23,1,25,25
2038,25,19,23,16,23,25,22,21,20,18,24,23,23,2,25,25
2039,25,19,23,16,23,25,22,21,19,18,24,23,23,3,25,25
2040,25,19,23,16,23,25,22,21,18,18,24,23,23,4,25,25
2041,25,19,23,16,23,25,22,21,17,18,24,23,23,5,25,25
2042,25,19,23,16,23,25,22,21,16,18,24,23,23,6,25,25
2043,25,19,23,16,23,25,22,21,15,18,24,23,23,7,25,25
2044,25,19,23,16,23,25,22,21,14,18,24,23,23,8,25,25
2045,25,19,23,16,23,25,22,21,13,18,24,23,23,8,25,25
2046,25,19,23,16,23,25,22,21,12,18,24,23,23,8,25,25
2047,25,19,23,16,23,25,22,21,11,18,24,23,23,9,25,25
2048,25,19,23,16,23,25,22,21,10,18,24,23,23,10,25,25
2049,25,19,23,16,23,25,22,21,9,18,24,23,23,11,25,25
2050,25,19,23,16,23,25,22,21,8,18,24,23,23,12,25,25
2051,25,19,23,16,23,25,22,21,7,18,24,23,23,13,25,25
2052,25,19,23,16,23,25,22,21,6,18,24,23,23,13,25,25
2053,25,19,23,16,23,25,22,21,5,18,24,23,23,13,25,25
2054,25,19,23,16,23,25,22,21,4,18,24,23,23,14,25,25
2055,25,19,23,16,23,25,22,21,3,18,24,23,23,14,25,25
2056,25,19,23,16,23,25,22,21,2,18,24,23,23,14,25,25
2057,25,19,23,16,23,25,22,21,1,18,24,23,23,15,25,25
2058,25,19,23,16,23,25,22,21,1,18,24,23,23,16,25,25
2059,25,19,23,16,23,25,22,21,1,18,24,23,23,17,25,25
2060,25,19,23,16,23,25,22,21,2,18,24,23,23,17,25,25
2061,25,19,23,16,23,25,22,21,3,18,24,23,23,17,25,25
2062,25,19,23,16,23,25,22,21,4,18,24,23,23,18,25,25
2063,25,19,23,16,23,25,22,21,5,18,24,23,23,19,25,25
2064,25,19,23,16,23,25,22,21,6,18,24,23,23,20,25,25
2065,25,19,23,16,23,25,22,21,7,18,24,23,23,20,25,25
2066,25,19,23,16,23,25,22,21,8,18,24,23,23,20,25,25
2067,25,19,23,16,23,25,22,21,9,18,24,23,23,21,25,25
2068,25,19,23,16,23,25,22,21,9,18,24,23,23,22,25,25
2069,25,19,23,16,23,25,22,21,9,18,24,23,23,22,25,25
2070,25,19,23,16,23,25,22,21,10,18,24,23,23,22,25,25
2071,25,19,23,16,23,25,22,21,11,18,24,23,23,21,25,25
2072,25,19,23,16,23,25,22,21,12,18,24,23,23,20,25,25
2073,25,19,23,16,23,25,22,21,13,18,24,23,23,19,25,25
2074,25,19,23,16,23,25,22,21,13,18,24,23,23,18,25,25
2075,25,19,23,16,23,25,22,21,13,18,24,23,23,17,25,25
2076,25,19,23,16,23,25,22,21,14,18,24,23,23,16,25,25
2077,25,19,23,16,23,25,22,21,14,18,24,23,23,15,25,25
2078,25,19,23,16,23,25,22,21,14,18,24,23,23,14,25,25
2079,25,19,23,16,23,25,22,21,15,18,24,23,23,13,25,25
2080,25,19,23,16,23,25,22,21,16,18,24,23,23,12,25,25
2081,25,19,23,16,23,25,22,21,17,18,24,23,23,11,25,25
2082,25,19,23,16,23,25,22,21,18,18,24,23,23,10,25,25
2083,25,19,23,16,23,25,22,21,19,18,24,23,23,9,25,25
2084,25,19,23,16,23,25,22,21,20,18,24,23,23,8,25,25
2085,25,19,23,16,23,25,22,21,21,18,24,23,23,7,25,25
2086,25,19,23,16,23,25,22,21,21,18,24,23,23,6,25,25
2087,25,19,23,16,23,25,22,21,21,18,24,23,23,5,25,25
2088,25,19,23,16,23,25,22,21,22,18,24,23,23,4,25,25
2089,25,19,23,16,23,25,22,21,22,18,24,23,23,3,25,25
2090,25,19,23,16,23,25,22,21,22,18,24,23,23,2,25,25
2091,25,19,23,16,23,25,22,21,23,18,24,23,23,1,25,25
2092,25,19,23,16,23,25,22,21,23,18,24,23,23,1,25,25
2093,25,19,23,16,23,25,22,21,23,18,24,23,23,1,25,25
2094,25,19,23,16,23,25,22,21,24,18,24,23,23,2,25,25
2095,25,19,23,16,23,25,22,21,24,18,24,23,23,3,25,25
2096,25,19,23,16,23,25,22,21,24,18,24,23,23,4,25,25
2097,25,19,23,16,23,25,22,21,23,18,24,23,23,5,25,25
2098,25,19,23,16,23,25,22,21,22,18,24,23,23,5,25,25
2099,25,19,23,16,23,25,22,21,21,18,24,23,23,5,25,25
2100,25,19,23,16,23,25,22,21,20,18,24,23,23,6,25,25
2101,25,19,23,16,23,25,22,21,19,18,24,23,23,6,25,25
2102,25,19,23,16,23,25,22,21,18,18,24,23,23,6,25,25
2103,25,19,23,16,23,25,22,21,17,18,24,23,23,7,25,25
2104,25,19,23,16,23,25,22,21,16,18,24,23,23,8,25,25
2105,25,19,23,16,23,25,22,21,15,18,24,23,23,9,25,25
2106,25,19,23,16,23,25,22,21,14,18,24,23,23,10,25,25
2107,25,19,23,16,23,25,22,21,13,18,24,23,23,10,25,25
2108,25,19,23,16,23,25,22,21,12,18,24,23,23,10,25,25
2109,25,19,23,16,23,25,22,21,11,18,24,23,23,11,25,25
2110,25,19,23,16,23,25,22,21,10,18,24,23,23,12,25,25
2111,25,19,23,16,23,25,22,21,9,18,24,23,23,13,25,25
2112,25,19,23,16,23,25,22,21,8,18,24,23,23,14,25,25
2113,25,19,23,16,23,25,22,21,7,18,24,23,23,14,25,25
2114,25,19,23,16,23,25,22,21,6,18,24,23,23,14,25,25
2115,25,19,23,16,23,25,22,21,5,18,24,23,23,15,25,25
2116,25,19,23,16,23,25,22,21,4,18,24,23,23,16,25,25
2117,25,19,23,16,23,25,22,21,3,18,24,23,23,17,25,25
2118,25,19,23,16,23,25,22,21,2,18,24,23,23,17,25,25
2119,25,19,23,16,23,25,22,21,1,18,24,23,23,17,25,25
2120,25,19,23,16,23,25,22,21,1,18,24,23,23,18,25,25
2121,25,19,23,16,23,25,22,21,1,18,24,23,23,19,25,25
2122,25,19,23,16,23,25,22,21,2,18,24,23,23,19,25,25
2123,25,19,23,16,23,25,22,21,3,18,24,23,23,19,25,25
2124,25,19,23,16,23,25,22,21,4,18,24,23,23,20,25,25
2125,25,19,23,16,23,25,22,21,4,18,24,23,23,20,25,25
2126,25,19,23,16,23,25,22,21,4,18,24,23,23,20,25,25
2127,25,19,23,16,23,25,22,21,5,18,24,23,23,21,25,25
2128,25,19,23,16,23,25,22,21,5,18,24,23,23,22,25,25
2129,25,19,23,16,23,25,22,21,5,18,24,23,23,23,25,25
2130,25,19,23,16,23,25,22,21,6,18,24,23,23,23,25,25
2131,25,19,23,16,23,25,22,21,7,18,24,23,23,23,25,25
2132,25,19,23,16,23,25,22,21,7,18,24,23,23,24,25,25
2133,25,19,23,16,23,25,22,21,7,18,24,23,23,25,25,25
2134,25,19,23,16,23,25,22,21,8,18,24,23,23,25,25,25
2135,25,19,23,16,23,25,22,21,8,18,24,23,23,25,25,25
2136,25,19,23,16,23,25,22,21,8,18,24,23,23,24,25,25
2137,25,19,23,16,23,25,22,21,9,18,24,23,23,23,25,25
2138,25,19,23,16,23,25,22,21,10,18,24,23,23,22,25,25
2139,25,19,23,16,23,25,22,21,11,18,24,23,23,21,25,25
2140,25,19,23,16,23,25,22,21,12,18,24,23,23,20,25,25
2141,25,19,23,16,23,25,22,21,12,18,24,23,23,19,25,25
2142,25,19,23,16,23,25,22,21,12,18,24,23,23,18,25,25
2143,25,19,23,16,23,25,22,21,13,18,24,23,23,17,25,25
2144,25,19,23,16,23,25,22,21,14,18,24,23,23,16,25,25
2145,25,19,23,16,23,25,22,21,14,18,24,23,23,15,25,25
2146,25,19,23,16,23,25,22,21,14,18,24,23,23,14,25,25
2147,25,19,23,16,23,25,22,21,15,18,24,23,23,13,25,25
2148,25,19,23,16,23,25,22,21,15,18,24,23,23,12,25,25
2149,25,19,23,16,23,25,22,21,15,18,24,23,23,11,25,25
2150,25,19,23,16,23,25,22,21,16,18,24,23,23,10,25,25
2151,25,19,23,16,23,25,22,21,17,18,24,23,23,9,25,25
2152,25,19,23,16,23,25,22,21,17,18,24,23,23,8,25,25
2153,25,19,23,16,23,25,22,21,17,18,24,23,23,7,25,25
2154,25,19,23,16,23,25,22,21,18,18,24,23,23,6,25,25
2155,25,19,23,16,23,25,22,21,18,18,24,23,23,5,25,25
2156,25,19,23,16,23,25,22,21,18,18,24,23,23,4,25,25
2157,25,19,23,16,23,25,22,21,19,18,24,23,23,3,25,25
2158,25,19,23,16,23,25,22,21,19,18,24,23,23,2,25,25
2159,25,19,23,16,23,25,22,21,19,18,24,23,23,1,25,25
2160,25,19,23,16,23,25,22,21,18,18,24,23,23,1,25,25
2161,25,19,23,16,23,25,22,21,17,18,24,23,23,1,25,25
2162,25,19,23,16,23,25,22,21,16,18,24,23,23,2,25,25
2163,25,19,23,16,23,25,22,21,15,18,24,23,23,3,25,25
2164,25,19,23,16,23,25,22,21,14,18,24,23,23,3,25,25
2165,25,19,23,16,23,25,22,21,13,18,24,23,23,3,25,25
2166,25,19,23,16,23,25,22,21,12,18,24,23,23,4,25,25
2167,25,19,23,16,23,25,22,21,11,18,24,23,23,5,25,25
2168,25,19,23,16,23,25,22,21,10,18,24,23,23,6,25,25
2169,25,19,23,16,23,25,22,21,9,18,24,23,23,7,25,25
2170,25,19,23,16,23,25,22,21,8,18,24,23,23,7,25,25
2171,25,19,23,16,23,25,22,21,7,18,24,23,23,7,25,25
2172,25,19,23,16,23,25,22,21,6,18,24,23,23,8,25,25
2173,25,19,23,16,23,25,22,21,5,18,24,23,23,9,25,25
2174,25,19,23,16,23,25,22,21,4,18,24,23,23,10,25,25
2175,25,19,23,16,23,25,22,21,3,18,24,23,23,11,25,25
2176,25,19,23,16,23,25,22,21,2,18,24,23,23,11,25,25
2177,25,19,23,16,23,25,22,21,1,18,24,23,23,11,25,25
2178,25,19,23,16,23,25,22,21,1,18,24,23,23,12,25,25
2179,25,19,23,16,23,25,22,21,1,18,24,23,23,13,25,25
2180,25,19,23,16,23,25,22,21,2,18,24,23,23,14,25,25
2181,25,19,23,16,23,25,22,21,2,18,24,23,23,15,25,25
2182,25,19,23,16,23,25,22,21,2,18,24,23,23,16,25,25
2183,25,19,23,16,23,25,22,21,3,18,24,23,23,16,25,25
2184,25,19,23,16,23,25,22,21,3,18,24,23,23,16,25,25
2185,25,19,23,16,23,25,22,21,3,18,24,23,23,17,25,25
2186,25,19,23,16,23,25,22,21,4,18,24,23,23,17,25,25
2187,25,19,23,16,23,25,22,21,4,18,24,23,23,17,25,25
2188,25,19,23,16,23,25,22,21,4,18,24,23,23,18,25,25
2189,25,19,23,16,23,25,22,21,5,18,24,23,23,19,25,25
2190,25,19,23,16,23,25,22,21,5,18,24,23,23,20,25,25
2191,25,19,23,16,23,25,22,21,5,18,24,23,23,21,25,25
2192,25,19,23,16,23,25,22,21,6,18,24,23,23,22,25,25
2193,25,19,23,16,23,25,22,21,7,18,24,23,23,22,25,25
2194,25,19,23,16,23,25,22,21,8,18,24,23,23,22,25,25
2195,25,19,23,16,23,25,22,21,9,18,24,23,23,23,25,25
2196,25,19,23,16,23,25,22,21,10,18,24,23,23,24,25,25
2197,25,19,23,16,23,25,22,21,11,18,24,23,23,25,25,25
2198,25,19,23,16,23,25,22,21,11,18,24,23,23,25,25,25
2199,25,19,23,16,23,25,22,21,11,18,24,23,23,25,25,25
2200,25,19,23,16,23,25,22,21,12,18,24,23,23,25,25,25
2201,25,19,23,16,23,25,22,21,13,18,24,23,23,25,25,25
2202,25,19,23,16,23,25,22,21,14,18,24,23,23,25,25,25
2203,25,19,23,16,23,25,22,21,15,18,24,23,23,25,25,25
2204,25,19,23,16,23,25,22,21,15,18,24,23,23,25,25,25
2205,25,19,23,16,23,25,22,21,15,18,24,23,23,25,25,25
2206,25,19,23,16,23,25,22,21,16,18,24,23,23,25,25,25
2207,25,19,23,16,23,25,22,21,17,18,24,23,23,25,25,25
2208,25,19,23,16,23,25,22,21,17,18,24,23,23,25,25,25
2209,25,19,23,16,23,25,22,21,17,18,24,23,23,25,25,25
2210,25,19,23,16,23,25,22,21,18,18,24,23,23,25,25,25
2211,25,19,23,16,23,25,22,21,19,18,24,23,23,25,25,25
2212,25,19,23,16,23,25,22,21,19,18,24,23,23,25,25,25
2213,25,19,23,16,23,25,22,21,19,18,24,23,23,25,25,25
2214,25,19,23,16,23,25,22,21,20,18,24,23,23,25,25,25
2215,25,19,23,16,23,25,22,21,21,18,24,23,23,25,25,25
2216,25,19,23,16,23,25,22,21,21,18,24,23,23,25,25,25
2217,25,19,23,16,23,25,22,21,21,18,24,23,23,25,25,25
2218,25,19,23,16,23,25,22,21,20,18,24,23,23,25,25,25
2219,25,19,23,16,23,25,22,21,19,18,24,23,23,25,25,25
2220,25,19,23,16,23,25,22,21,18,18,24,23,23,25,25,25
2221,25,19,23,16,23,25,22,21,17,18,24,23,23,25,25,25
2222,25,19,23,16,23,25,22,21,16,18,24,23,23,25,25,25
2223,25,19,23,16,23,25,22,21,15,18,24,23,23,25,25,25
2224,25,19,23,16,23,25,22,21,14,18,24,23,23,25,25,25
2225,25,19,23,16,23,25,22,21,13,18,24,23,23,25,25,25
2226,25,19,23,16,23,25,22,21,12,18,24,23,23,25,25,25
2227,25,19,23,16,23,25,22,21,11,18,24,23,23,25,25,25
2228,25,19,23,16,23,25,22,21,10,18,24,23,23,25,25,25
2229,25,19,23,16,23,25,22,21,9,18,24,23,23,25,25,25
2230,25,19,23,16,23,25,22,21,8,18,24,23,23,25,25,25
2231,25,19,23,16,23,25,22,21,7,18,24,23,23,25,25,25
2232,25,19,23,16,23,25,22,21,6,18,24,23,23,25,25,25
2233,25,19,23,16,23,25,22,21,5,18,24,23,23,25,25,25
2234,25,19,23,16,23,25,22,21,4,18,24,23,23,25,25,25
2235,25,19,23,16,23,25,22,21,3,18,24,23,23,25,25,25
2236,25,19,23,16,23,25,22,21,2,18,24,23,23,25,25,25
2237,25,19,23,16,23,25,22,21,1,18,24,23,23,25,25,25
2238,25,19,23,16,23,25,22,21,1,18,24,23,23,25,25,25
2239,25,19,23,16,23,25,22,21,1,18,24,23,23,25,25,25
2240,25,19,23,16,23,25,22,21,2,18,24,23,23,25,25,25
2241,25,19,23,16,23,25,22,21,2,18,24,23,23,25,25,25
2242,25,19,23,16,23,25,22,21,2,18,24,23,23,25,25,25
2243,25,19,23,16,23,25,22,21,3,18,24,23,23,25,25,25
2244,25,19,23,16,23,25,22,21,4,18,24,23,23,25,25,25
2245,25,19,23,16,23,25,22,21,5,18,24,23,23,25,25,25
2246,25,19,23,16,23,25,22,21,6,18,24,23,23,25,25,25
2247,25,19,23,16,23,25,22,21,7,18,24,23,23,25,25,25
2248,25,19,23,16,23,25,22,21,8,18,24,23,23,25,25,25
2249,25,19,23,16,23,25,22,21,8,18,24,23,23,25,25,25
2250,25,19,23,16,23,25,22,21,8,18,24,23,23,25,25,25
2251,25,19,23,16,23,25,22,21,9,18,24,23,23,25,25,25
2252,25,19,23,16,23,25,22,21,10,18,24,23,23,25,25,25
2253,25,19,23,16,23,25,22,21,11,18,24,23,23,25,25,25
2254,25,19,23,16,23,25,22,21,11,18,24,23,23,25,25,25
2255,25,19,23,16,23,25,22,21,11,18,24,23,23,25,25,25
2256,25,19,23,16,23,25,22,21,12,18,24,23,23,25,25,25
2257,25,19,23,16,23,25,22,21,12,18,24,23,23,25,25,25
2258,25,19,23,16,23,25,22,21,12,18,24,23,23,25,25,25
2259,25,19,23,16,23,25,22,21,13,18,24,23,23,25,25,25
2260,25,19,23,16,23,25,22,21,14,18,24,23,23,25,25,25
2261,25,19,23,16,23,25,22,21,15,18,24,23,23,25,25,25
2262,25,19,23,16,23,25,22,21,16,18,24,23,23,25,25,25
2263,25,19,23,16,23,25,22,21,17,18,24,23,23,25,25,25
2264,25,19,23,16,23,25,22,21,17,18,24,23,23,25,25,25
2265,25,19,23,16,23,25,22,21,17,18,24,23,23,25,25,25
2266,25,19,23,16,23,25,22,21,18,18,24,23,23,25,25,25
2267,25,19,23,16,23,25,22,21,18,18,24,23,23,25,25,25
2268,25,19,23,16,23,25,22,21,18,18,24,23,23,25,25,25
2269,25,19,23,16,23,25,22,21,19,18,24,23,23,25,25,25
2270,25,19,23,16,23,25,22,21,20,18,24,23,23,25,25,25
2271,25,19,23,16,23,25,22,21,21,18,24,23,23,25,25,25
2272,25,19,23,16,23,25,22,21,22,18,24,23,23,25,25,25
2273,25,19,23,16,23,25,22,21,23,18,24,23,23,25,25,25
2274,25,19,23,16,23,25,22,21,23,18,24,23,23,25,25,25
2275,25,19,23,16,23,25,22,21,23,18,24,23,23,25,25,25
2276,25,19,23,16,23,25,22,21,22,18,24,23,23,25,25,25
2277,25,19,23,16,23,25,22,21,21,18,24,23,23,25,25,25
2278,25,19,23,16,23,25,22,21,20,18,24,23,23,25,25,25
2279,25,19,23,16,23,25,22,21,19,18,24,23,23,25,25,25
2280,25,19,23,16,23,25,22,21,18,18,24,23,23,25,25,25
2281,25,19,23,16,23,25,22,21,17,18,24,23,23,25,25,25
2282,25,19,23,16,23,25,22,21,16,18,24,23,23,25,25,25
2283,25,19,23,16,23,25,22,21,15,18,24,23,23,25,25,25
2284,25,19,23,16,23,25,22,21,14,18,24,23,23,25,25,25
2285,25,19,23,16,23,25,22,21,13,18,24,23,23,25,25,25
2286,25,19,23,16,23,25,22,21,12,18,24,23,23,25,25,25
2287,25,19,23,16,23,25,22,21,11,18,24,23,23,25,25,25
2288,25,19,23,16,23,25,22,21,10,18,24,23,23,25,25,25
2289,25,19,23,16,23,25,22,21,9,18,24,23,23,25,25,25
2290,25,19,23,16,23,25,22,21,8,18,24,23,23,25,25,25
2291,25,19,23,16,23,25,22,21,7,18,24,23,23,25,25,25
2292,25,19,23,16,23,25,22,21,6,18,24,23,23,25,25,25
2293,25,19,23,16,23,25,22,21,5,18,24,23,23,25,25,25
2294,25,19,23,16,23,25,22,21,4,18,24,23,23,25,25,25
2295,25,19,23,16,23,25,22,21,3,18,24,23,23,25,25,25
2296,25,19,23,16,23,25,22,21,2,18,24,23,23,25,25,25
2297,25,19,23,16,23,25,22,21,1,18,24,23,23,25,25,25
2298,25,19,23,16,23,25,22,21,1,18,24,23,23,25,25,25
2299,25,19,23,16,23,25,22,21,1,18,24,23,23,25,25,25
2300,25,19,23,16,23,25,22,21,2,18,24,23,23,25,25,25
2301,25,19,23,16,23,25,22,21,2,18,24,23,23,25,25,25
2302,25,19,23,16,23,25,22,21,2,18,24,23,23,25,25,25
2303,25,19,23,16,23,25,22,21,3,18,24,23,23,25,25,25
2304,25,19,23,16,23,25,22,21,4,18,24,23,23,25,25,25
2305,25,19,23,16,23,25,22,21,4,18,24,23,23,25,25,25
2306,25,19,23,16,23,25,22,21,4,18,24,23,23,25,25,25
2307,25,19,23,16,23,25,22,21,5,18,24,23,23,25,25,25
2308,25,19,23,16,23,25,22,21,5,18,24,23,23,25,25,25
2309,25,19,23,16,23,25,22,21,5,18,24,23,23,25,25,25
2310,25,19,23,16,23,25,22,21,6,18,24,23,23,25,25,25
2311,25,19,23,16,23,25,22,21,7,18,24,23,23,25,25,25
2312,25,19,23,16,23,25,22,21,8,18,24,23,23,25,25,25
2313,25,19,23,16,23,25,22,21,9,18,24,23,23,25,25,25
2314,25,19,23,16,23,25,22,21,9,18,24,23,23,25,25,25
2315,25,19,23,16,23,25,22,21,9,18,24,23,23,25,25,25
2316,25,19,23,16,23,25,22,21,10,18,24,23,23,25,25,25
2317,25,19,23,16,23,25,22,21,11,18,24,23,23,25,25,25
2318,25,19,23,16,23,25,22,21,12,18,24,23,23,25,25,25
2319,25,19,23,16,23,25,22,21,12,18,24,23,23,25,25,25
2320,25,19,23,16,23,25,22,21,12,18,24,23,23,25,25,25
2321,25,19,23,16,23,25,22,21,13,18,24,23,23,25,25,25
2322,25,19,23,16,23,25,22,21,14,18,24,23,23,25,25,25
2323,25,19,23,16,23,25,22,21,15,18,24,23,23,25,25,25
2324,25,19,23,16,23,25,22,21,16,18,24,23,23,25,25,25
2325,25,19,23,16,23,25,22,21,16,18,24,23,23,25,25,25
2326,25,19,23,16,23,25,22,21,16,18,24,23,23,25,25,25
2327,25,19,23,16,23,25,22,21,17,18,24,23,23,25,25,25
2328,25,19,23,16,23,25,22,21,17,18,24,23,23,25,25,25
2329,25,19,23,16,23,25,22,21,17,18,24,23,23,25,25,25
2330,25,19,23,16,23,25,22,21,18,18,24,23,23,25,25,25
2331,25,19,23,16,23,25,22,21,19,18,24,23,23,25,25,25
2332,25,19,23,16,23,25,22,21,19,18,24,23,23,25,25,25
2333,25,19,23,16,23,25,22,21,19,18,24,23,23,25,25,25
2334,25,19,23,16,23,25,22,21,20,18,24,23,23,25,25,25
2335,25,19,23,16,23,25,22,21,20,18,24,23,23,25,25,25
2336,25,19,23,16,23,25,22,21,20,18,24,23,23,25,25,25
2337,25,19,23,16,23,25,22,21,19,18,24,23,23,25,25,25
2338,25,19,23,16,23,25,22,21,18,18,24,23,23,25,25,25
2339,25,19,23,16,23,25,22,21,17,18,24,23,23,25,25,25
2340,25,19,23,16,23,25,22,21,16,18,24,23,23,25,25,25
2341,25,19,23,16,23,25,22,21,15,18,24,23,23,25,25,25
2342,25,19,23,16,23,25,22,21,14,18,24,23,23,25,25,25
2343,25,19,23,16,23,25,22,21,13,18,24,23,23,25,25,25
2344,25,19,23,16,23,25,22,21,12,18,24,23,23,25,25,25
2345,25,19,23,16,23,25,22,21,11,18,24,23,23,25,25,25
2346,25,19,23,16,23,25,22,21,10,18,24,23,23,25,25,25
2347,25,19,23,16,23,25,22,21,9,18,24,23,23,25,25,25
2348,25,19,23,16,23,25,22,21,8,18,24,23,23,25,25,25
2349,25,19,23,16,23,25,22,21,7,18,24,23,23,25,25,25
2350,25,19,23,16,23,25,22,21,6,18,24,23,23,25,25,25
2351,25,19,23,16,23,25,22,21,5,18,24,23,23,25,25,25
2352,25,19,23,16,23,25,22,21,4,18,24,23,23,25,25,25
2353,25,19,23,16,23,25,22,21,3,18,24,23,23,25,25,25
2354,25,19,23,16,23,25,22,21,2,18,24,23,23,25,25,25
2355,25,19,23,16,23,25,22,21,1,18,24,23,23,25,25,25
2356,25,19,23,16,23,25,22,21,1,18,24,23,23,25,25,25
2357,25,19,23,16,23,25,22,21,1,18,24,23,23,25,25,25
2358,25,19,23,16,23,25,22,21,2,18,24,23,23,25,25,25
2359,25,19,23,16,23,25,22,21,2,18,24,23,23,25,25,25
2360,25,19,23,16,23,25,22,21,2,18,24,23,23,25,25,25
2361,25,19,23,16,23,25,22,21,3,18,24,23,23,25,25,25
2362,25,19,23,16,23,25,22,21,3,18,24,23,23,25,25,25
2363,25,19,23,16,23,25,22,21,3,18,24,23,23,25,25,25
2364,25,19,23,16,23,25,22,21,4,18,24,23,23,25,25,25
2365,25,19,23,16,23,25,22,21,4,18,24,23,23,25,25,25
2366,25,19,23,16,23,25,22,21,4,18,24,23,23,25,25,25
2367,25,19,23,16,23,25,22,21,5,18,24,23,23,25,25,25
2368,25,19,23,16,23,25,22,21,5,18,24,23,23,25,25,25
2369,25,19,23,16,23,25,22,21,5,18,24,23,23,25,25,25
2370,25,19,23,16,23,25,22,21,6,18,24,23,23,25,25,25
2371,25,19,23,16,23,25,22,21,6,18,24,23,23,25,25,25
2372,25,19,23,16,23,25,22,21,6,18,24,23,23,25,25,25
2373,25,19,23,16,23,25,22,21,7,18,24,23,23,25,25,25
2374,25,19,23,16,23,25,22,21,8,18,24,23,23,25,25,25
2375,25,19,23,16,23,25,22,21,9,18,24,23,23,25,25,25
2376,25,19,23,16,23,25,22,21,9,18,24,23,23,25,25,25
2377,25,19,23,16,23,25,22,21,9,18,24,23,23,25,25,25
2378,25,19,23,16,23,25,22,21,10,18,24,23,23,25,25,25
2379,25,19,23,16,23,25,22,21,10,18,24,23,23,25,25,25
2380,25,19,23,16,23,25,22,21,10,18,24,23,23,25,25,25
2381,25,19,23,16,23,25,22,21,11,18,24,23,23,25,25,25
2382,25,19,23,16,23,25,22,21,12,18,24,23,23,25,25,25
2383,25,19,23,16,23,25,22,21,13,18,24,23,23,25,25,25
2384,25,19,23,16,23,25,22,21,14,18,24,23,23,25,25,25
2385,25,19,23,16,23,25,22,21,15,18,24,23,23,25,25,25
2386,25,19,23,16,23,25,22,21,16,18,24,23,23,25,25,25
2387,25,19,23,16,23,25,22,21,17,18,24,23,23,25,25,25
2388,25,19,23,16,23,25,22,21,18,18,24,23,23,25,25,25
2389,25,19,23,16,23,25,22,21,19,18,24,23,23,25,25,25
2390,25,19,23,16,23,25,22,21,19,18,24,23,23,25,25,25
2391,25,19,23,16,23,25,22,21,19,18,24,23,23,25,25,25
2392,25,19,23,16,23,25,22,21,20,18,24,23,23,25,25,25
2393,25,19,23,16,23,25,22,21,21,18,24,23,23,25,25,25
2394,25,19,23,16,23,25,22,21,21,18,24,23,23,25,25,25
2395,25,19,23,16,23,25,22,21,21,18,24,23,23,25,25,25
2396,25,19,23,16,23,25,22,21,22,18,24,23,23,25,25,25
2397,25,19,23,16,23,25,22,21,22,18,24,23,23,25,25,25
2398,25,19,23,16,23,25,22,21,22,18,24,23,23,25,25,25
2399,25,19,23,16,23,25,22,21,21,18,24,23,23,25,25,25
2400,25,19,23,16,23,25,22,21,20,18,24,23,23,25,25,25
2401,25,19,23,16,23,25,22,21,19,18,24,23,23,25,25,25
2402,25,19,23,16,23,25,22,21,18,18,24,23,23,25,25,25
2403,25,19,23,16,23,25,22,21,17,18,24,23,23,25,25,25
2404,25,19,23,16,23,25,22,21,16,18,24,23,23,25,25,25
2405,25,19,23,16,23,25,22,21,15,18,24,23,23,25,25,25
2406,25,19,23,16,23,25,22,21,14,18,24,23,23,25,25,25
2407,25,19,23,16,23,25,22,21,13,18,24,23,23,25,25,25
2408,25,19,23,16,23,25,22,21,12,18,24,23,23,25,25,25
2409,25,19,23,16,23,25,22,21,11,18,24,23,23,25,25,25
2410,25,19,23,16,23,25,22,21,10,18,24,23,23,25,25,25
2411,25,19,23,16,23,25,22,21,9,18,24,23,23,25,25,25
2412,25,19,23,16,23,25,22,21,8,18,24,23,23,25,25,25
2413,25,19,23,16,23,25,22,21,7,18,24,23,23,25,25,25
2414,25,19,23,16,23,25,22,21,6,18,24,23,23,25,25,25
2415,25,19,23,16,23,25,22,21,5,18,24,23,23,25,25,25
2416,25,19,23,16,23,25,22,21,4,18,24,23,23,25,25,25
2417,25,19,23,16,23,25,22,21,3,18,24,23,23,25,25,25
2418,25,19,23,16,23,25,22,21,2,18,24,23,23,25,25,25
2419,25,19,23,16,23,25,22,21,1,18,24,23,23,25,25,25
2420,25,19,23,16,23,25,22,21,1,18,24,23,23,25,25,25
2421,25,19,23,16,23,25,22,21,1,18,24,23,23,25,25,25
2422,25,19,23,16,23,25,22,21,2,18,24,23,23,25,25,25
2423,25,19,23,16,23,25,22,21,3,18,24,23,23,25,25,25
2424,25,19,23,16,23,25,22,21,3,18,24,23,23,25,25,25
2425,25,19,23,16,23,25,22,21,3,18,24,23,23,25,25,25
2426,25,19,23,16,23,25,22,21,4,18,24,23,23,25,25,25
2427,25,19,23,16,23,25,22,21,5,18,24,23,23,25,25,25
2428,25,19,23,16,23,25,22,21,5,18,24,23,23,25,25,25
2429,25,19,23,16,23,25,22,21,5,18,24,23,23,25,25,25
2430,25,19,23,16,23,25,22,21,6,18,24,23,23,25,25,25
2431,25,19,23,16,23,25,22,21,7,18,24,23,23,25,25,25
2432,25,19,23,16,23,25,22,21,8,18,24,23,23,25,25,25
2433,25,19,23,16,23,25,22,21,9,18,24,23,23,25,25,25
2434,25,19,23,16,23,25,22,21,10,18,24,23,23,25,25,25
2435,25,19,23,16,23,25,22,21,11,18,24,23,23,25,25,25
2436,25,19,23,16,23,25,22,21,12,18,24,23,23,25,25,25
2437,25,19,23,16,23,25,22,21,13,18,24,23,23,25,25,25
2438,25,19,23,16,23,25,22,21,13,18,24,23,23,25,25,25
2439,25,19,23,16,23,25,22,21,13,18,24,23,23,25,25,25
2440,25,19,23,16,23,25,22,21,14,18,24,23,23,25,25,25
2441,25,19,23,16,23,25,22,21,14,18,24,23,23,25,25,25
2442,25,19,23,16,23,25,22,21,14,18,24,23,23,25,25,25
2443,25,19,23,16,23,25,22,21,15,18,24,23,23,25,25,25
2444,25,19,23,16,23,25,22,21,15,18,24,23,23,25,25,25
2445,25,19,23,16,23,25,22,21,15,18,24,23,23,25,25,25
2446,25,19,23,16,23,25,22,21,16,18,24,23,23,25,25,25
2447,25,19,23,16,23,25,22,21,16,18,24,23,23,25,25,25
2448,25,19,23,16,23,25,22,21,16,18,24,23,23,25,25,25
2449,25,19,23,16,23,25,22,21,17,18,24,23,23,25,25,25
2450,25,19,23,16,23,25,22,21,18,18,24,23,23,25,25,25
2451,25,19,23,16,23,25,22,21,19,18,24,23,23,25,25,25
2452,25,19,23,16,23,25,22,21,20,18,24,23,23,25,25,25
2453,25,19,23,16,23,25,22,21,20,18,24,23,23,25,25,25
2454,25,19,23,16,23,25,22,21,20,18,24,23,23,25,25,25
2455,25,19,23,16,23,25,22,21,21,18,24,23,23,25,25,25
2456,25,19,23,16,23,25,22,21,21,18,24,23,23,25,25,25
2457,25,19,23,16,23,25,22,21,21,18,24,23,23,25,25,25
2458,25,19,23,16,23,25,22,21,22,18,24,23,23,25,25,25
2459,25,19,23,16,23,25,22,21,23,18,24,23,23,25,25,25
2460,25,19,23,16,23,25,22,21,24,18,24,23,23,25,25,25
2461,25,19,23,16,23,25,22,21,24,18,24,23,23,25,25,25
2462,25,19,23,16,23,25,22,21,24,18,24,23,23,25,25,25
2463,25,19,23,16,23,25,22,21,23,18,24,23,23,25,25,25
2464,25,19,23,16,23,25,22,21,22,18,24,23,23,25,25,25
2465,25,19,23,16,23,25,22,21,21,18,24,23,23,25,25,25
2466,25,19,23,16,23,25,22,21,20,18,24,23,23,25,25,25
2467,25,19,23,16,23,25,22,21,19,18,24,23,23,25,25,25
2468,25,19,23,16,23,25,22,21,18,18,24,23,23,25,25,25
2469,25,19,23,16,23,25,22,21,17,18,24,23,23,25,25,25
2470,25,19,23,16,23,25,22,21,16,18,24,23,23,25,25,25
2471,25,19,23,16,23,25,22,21,15,18,24,23,23,25,25,25
2472,25,19,23,16,23,25,22,21,14,18,24,23,23,25,25,25
2473,25,19,23,16,23,25,22,21,13,18,24,23,23,25,25,25
2474,25,19,23,16,23,25,22,21,12,18,24,23,23,25,25,25
2475,25,19,23,16,23,25,22,21,11,18,24,23,23,25,25,25
2476,25,19,23,16,23,25,22,21,10,18,24,23,23,25,25,25
2477,25,19,23,16,23,25,22,21,9,18,24,23,23,25,25,25
2478,25,19,23,16,23,25,22,21,8,18,24,23,23,25,25,25
2479,25,19,23,16,23,25,22,21,7,18,24,23,23,25,25,25
2480,25,19,23,16,23,25,22,21,6,18,24,23,23,25,25,25
2481,25,19,23,16,23,25,22,21,5,18,24,23,23,25,25,25
2482,25,19,23,16,23,25,22,21,4,18,24,23,23,25,25,25
2483,25,19,23,16,23,25,22,21,3,18,24,23,23,25,25,25
2484,25,19,23,16,23,25,22,21,2,18,24,23,23,25,25,25
2485,25,19,23,16,23,25,22,21,1,18,24,23,23,25,25,25
2486,25,19,23,16,23,25,22,21,1,18,24,23,23,25,25,25
2487,25,19,23,16,23,25,22,21,1,18,24,23,23,25,25,25
2488,25,19,23,16,23,25,22,21,2,18,24,23,23,25,25,25
2489,25,19,23,16,23,25,22,21,3,18,24,23,23,25,25,25
2490,25,19,23,16,23,25,22,21,4,18,24,23,23,25,25,25
2491,25,19,23,16,23,25,22,21,5,18,24,23,23,25,25,25
2492,25,19,23,16,23,25,22,21,6,18,24,23,23,25,25,25
2493,25,19,23,16,23,25,22,21,7,18,24,23,23,25,25,25
2494,25,19,23,16,23,25,22,21,7,18,24,23,23,25,25,25
2495,25,19,23,16,23,25,22,21,7,18,24,23,23,25,25,25
2496,25,19,23,16,23,25,22,21,8,18,24,23,23,25,25,25
2497,25,19,23,16,23,25,22,21,8,18,24,23,23,25,25,25
2498,25,19,23,16,23,25,22,21,8,18,24,23,23,25,25,25
2499,25,19,23,16,23,25,22,21,9,18,24,23,23,25,25,25
2500,25,19,23,16,23,25,22,21,10,18,24,23,23,25,25,25
2501,25,19,23,16,23,25,22,21,11,18,24,23,23,25,25,25
2502,25,19,23,16,23,25,22,21,12,18,24,23,23,25,25,25
2503,25,19,23,16,23,25,22,21,13,18,24,23,23,25,25,25
2504,25,19,23,16,23,25,22,21,14,18,24,23,23,25,25,25
2505,25,19,23,16,23,25,22,21,15,18,24,23,23,25,25,25
2506,25,19,23,16,23,25,22,21,15,18,24,23,23,25,25,25
2507,25,19,23,16,23,25,22,21,15,18,24,23,23,25,25,25
2508,25,19,23,16,23,25,22,21,16,18,24,23,23,25,25,25
2509,25,19,23,16,23,25,22,21,16,18,24,23,23,25,25,25
2510,25,19,23,16,23,25,22,21,16,18,24,23,23,25,25,25
2511,25,19,23,16,23,25,22,21,17,18,24,23,23,25,25,25
2512,25,19,23,16,23,25,22,21,17,18,24,23,23,25,25,25
2513,25,19,23,16,23,25,22,21,17,18,24,23,23,25,25,25
2514,25,19,23,16,23,25,22,21,18,18,24,23,23,25,25,25
2515,25,19,23,16,23,25,22,21,18,18,24,23,23,25,25,25
2516,25,19,23,16,23,25,22,21,18,18,24,23,23,25,25,25
2517,25,19,23,16,23,25,22,21,19,18,24,23,23,25,25,25
2518,25,19,23,16,23,25,22,21,19,18,24,23,23,25,25,25
2519,25,19,23,16,23,25,22,21,19,18,24,23,23,25,25,25
2520,25,19,23,16,23,25,22,21,20,18,24,23,23,25,25,25
2521,25,19,23,16,23,25,22,21,21,18,24,23,23,25,25,25
2522,25,19,23,16,23,25,22,21,21,18,24,23,23,25,25,25
2523,25,19,23,16,23,25,22,21,21,18,24,23,23,25,25,25
2524,25,19,23,16,23,25,22,21,20,18,24,23,23,25,25,25
2525,25,19,23,16,23,25,22,21,19,18,24,23,23,25,25,25
2526,25,19,23,16,23,25,22,21,18,18,24,23,23,25,25,25
2527,25,19,23,16,23,25,22,21,17,18,24,23,23,25,25,25
2528,25,19,23,16,23,25,22,21,16,18,24,23,23,25,25,25
2529,25,19,23,16,23,25,22,21,15,18,24,23,23,25,25,25
2530,25,19,23,16,23,25,22,21,14,18,24,23,23,25,25,25
2531,25,19,23,16,23,25,22,21,13,18,24,23,23,25,25,25
2532,25,19,23,16,23,25,22,21,12,18,24,23,23,25,25,25
2533,25,19,23,16,23,25,22,21,11,18,24,23,23,25,25,25
2534,25,19,23,16,23,25,22,21,10,18,24,23,23,25,25,25
2535,25,19,23,16,23,25,22,21,9,18,24,23,23,25,25,25
2536,25,19,23,16,23,25,22,21,8,18,24,23,23,25,25,25
2537,25,19,23,16,23,25,22,21,7,18,24,23,23,25,25,25
2538,25,19,23,16,23,25,22,21,6,18,24,23,23,25,25,25
2539,25,19,23,16,23,25,22,21,5,18,24,23,23,25,25,25
2540,25,19,23,16,23,25,22,21,4,18,24,23,23,25,25,25
2541,25,19,23,16,23,25,22,21,3,18,24,23,23,25,25,25
2542,25,19,23,16,23,25,22,21,2,18,24,23,23,25,25,25
2543,25,19,23,16,23,25,22,21,1,18,24,23,23,25,25,25
2544,25,19,23,16,23,25,22,21,1,18,24,23,23,25,25,25
2545,25,19,23,16,23,25,22,21,1,18,24,23,23,25,25,25
2546,25,19,23,16,23,25,22,21,2,18,24,23,23,25,25,25
2547,25,19,23,16,23,25,22,21,3,18,24,23,23,25,25,25
2548,25,19,23,16,23,25,22,21,4,18,24,23,23,25,25,25
2549,25,19,23,16,23,25,22,21,5,18,24,23,23,25,25,25
2550,25,19,23,16,23,25,22,21,6,18,24,23,23,25,25,25
2551,25,19,23,16,23,25,22,21,7,18,24,23,23,25,25,25
2552,25,19,23,16,23,25,22,21,8,18,24,23,23,25,25,25
2553,25,19,23,16,23,25,22,21,9,18,24,23,23,25,25,25
2554,25,19,23,16,23,25,22,21,10,18,24,23,23,25,25,25
2555,25,19,23,16,23,25,22,21,11,18,24,23,23,25,25,25
2556,25,19,23,16,23,25,22,21,12,18,24,23,23,25,25,25
2557,25,19,23,16,23,25,22,21,13,18,24,23,23,25,25,25
2558,25,19,23,16,23,25,22,21,14,18,24,23,23,25,25,25
2559,25,19,23,16,23,25,22,21,15,18,24,23,23,25,25,25
2560,25,19,23,16,23,25,22,21,16,18,24,23,23,25,25,25
2561,25,19,23,16,23,25,22,21,17,18,24,23,23,25,25,25
2562,25,19,23,16,23,25,22,21,17,18,24,23,23,25,25,25
2563,25,19,23,16,23,25,22,21,17,18,24,23,23,25,25,25
2564,25,19,23,16,23,25,22,21,18,18,24,23,23,25,25,25
2565,25,19,23,16,23,25,22,21,19,18,24,23,23,25,25,25
2566,25,19,23,16,23,25,22,21,20,18,24,23,23,25,25,25
2567,25,19,23,16,23,25,22,21,21,18,24,23,23,25,25,25
2568,25,19,23,16,23,25,22,21,22,18,24,23,23,25,25,25
2569,25,19,23,16,23,25,22,21,23,18,24,23,23,25,25,25
2570,25,19,23,16,23,25,22,21,23,18,24,23,23,25,25,25
2571,25,19,23,16,23,25,22,21,23,18,24,23,23,25,25,25
2572,25,19,23,16,23,25,22,21,24,18,24,23,23,25,25,25
2573,25,19,23,16,23,25,22,21,25,18,24,23,23,25,25,25
2574,25,19,23,16,23,25,22,21,25,18,24,23,23,25,25,25
