id,source,dest,submit_tick,pickup_tick,dropoff_tick,wait_time,travel_time,total_time,elevator
passenger1,16,1,0,21,44,21,23,44,0
passenger2,6,1,0,5,48,5,43,48,1
passenger3,8,1,0,7,22,7,15,22,2
passenger4,7,1,0,8,38,8,30,38,3
passenger5,10,1,1,10,59,9,49,58,4
passenger6,17,1,1,21,63,20,42,62,5
passenger7,11,1,1,13,29,12,16,28,6
passenger8,9,1,1,9,63,8,54,62,7
passenger9,14,1,2,15,60,13,45,58,8
passenger10,16,1,2,17,59,15,42,57,9
passenger11,2,1,2,3,6,1,3,4,10
passenger12,23,1,2,26,58,24,32,56,11
passenger13,23,1,2,26,60,24,34,58,12
passenger14,16,1,3,20,57,17,37,54,13
passenger15,15,1,4,18,52,14,34,48,14
passenger16,18,1,4,21,68,17,47,64,15
passenger17,12,1,4,13,44,9,31,40,0
passenger18,10,1,4,11,48,7,37,44,1
passenger19,10,1,4,11,22,7,11,18,2
passenger20,5,1,4,4,38,0,34,34,3
passenger21,22,1,4,28,59,24,31,55,4
passenger22,9,1,5,9,63,4,54,58,5
passenger23,8,1,6,8,29,2,21,23,6
passenger24,25,1,6,29,63,23,34,57,7
passenger25,14,1,6,15,60,9,45,54,8
passenger26,16,1,6,17,59,11,42,53,9
passenger27,7,1,7,16,26,9,10,19,10
passenger28,8,1,7,9,58,2,49,51,11
passenger29,19,1,8,20,60,12,40,52,12
passenger30,12,1,8,14,57,6,43,49,13
passenger31,5,1,9,46,52,37,6,43,14
passenger32,22,1,9,27,68,18,41,59,15
passenger33,11,1,9,10,44,1,34,35,0
passenger34,18,1,9,23,48,14,25,39,1
passenger35,10,1,9,11,22,2,11,13,2
passenger36,15,1,10,20,38,10,18,28,3
passenger37,20,1,10,24,59,14,35,49,4
passenger38,23,1,10,31,63,21,32,53,5
passenger39,6,1,10,22,29,12,7,19,6
passenger40,18,1,11,20,63,9,43,52,7
passenger41,23,1,12,28,60,16,32,48,8
passenger42,17,1,12,20,59,8,39,47,9
passenger43,5,1,12,12,26,0,14,14,10
passenger44,6,1,12,49,58,37,9,46,11
passenger45,6,1,12,53,60,41,7,48,12
passenger46,4,1,12,52,57,40,5,45,13
passenger47,20,1,13,25,52,12,27,39,14
passenger48,25,1,13,32,68,19,36,55,15
passenger49,14,1,14,17,44,3,27,30,0
passenger50,16,1,14,19,48,5,29,34,1
passenger51,20,1,14,47,86,33,39,72,2
passenger52,11,1,14,14,38,0,24,24,3
passenger53,13,1,14,15,59,1,44,45,4
passenger54,16,1,16,18,63,2,45,47,5
passenger55,9,1,16,17,29,1,12,13,6
passenger56,3,1,17,59,63,42,4,46,7
passenger57,15,1,17,18,60,1,42,43,8
passenger58,21,1,18,26,59,8,33,41,9
passenger59,3,1,18,22,26,4,4,8,10
passenger60,7,1,18,46,58,28,12,40,11
passenger61,8,1,19,49,60,30,11,41,12
passenger62,21,1,19,27,57,8,30,38,13
passenger63,14,1,19,33,52,14,19,33,14
passenger64,14,1,19,49,68,30,19,49,15
passenger65,17,1,21,24,44,3,20,23,0
passenger66,8,1,21,35,48,14,13,27,1
passenger67,19,1,22,44,86,22,42,64,2
passenger68,2,1,22,35,38,13,3,16,3
passenger69,4,1,23,54,59,31,5,36,4
passenger70,21,1,23,27,63,4,36,40,5
passenger71,17,1,23,51,93,28,42,70,6
passenger72,6,1,24,52,63,28,11,39,7
passenger73,12,1,24,41,60,17,19,36,8
passenger74,3,1,25,55,59,30,4,34,9
passenger75,18,1,25,47,90,22,43,65,10
passenger76,20,1,25,31,58,6,27,33,11
passenger77,8,1,25,49,60,24,11,35,12
passenger78,10,1,26,40,57,14,17,31,13
passenger79,7,1,26,42,52,16,10,26,14
passenger80,11,1,26,54,68,28,14,42,15
passenger81,8,1,26,35,44,9,9,18,0
passenger82,7,1,26,38,48,12,10,22,1
passenger83,12,1,27,35,86,8,51,59,2
passenger84,22,1,27,65,96,38,31,69,3
passenger85,20,1,27,32,59,5,27,32,4
passenger86,9,1,28,49,63,21,14,35,5
passenger87,24,1,28,64,93,36,29,65,6
passenger88,7,1,28,49,63,21,14,35,7
passenger89,23,1,28,28,60,0,32,32,8
passenger90,9,1,29,42,59,13,17,30,9
passenger91,14,1,29,41,90,12,49,61,10
passenger92,6,1,29,49,58,20,9,29,11
passenger93,20,1,29,31,60,2,29,31,12
passenger94,9,1,30,43,57,13,14,27,13
passenger95,22,1,31,77,117,46,40,86,14
passenger96,3,1,31,64,68,33,4,37,15
passenger97,14,1,32,63,110,31,47,78,0
passenger98,5,1,32,42,48,10,6,16,1
passenger99,23,1,33,52,86,19,34,53,2
passenger100,12,1,33,53,96,20,43,63,3
passenger101,18,1,33,36,59,3,23,26,4
passenger102,23,1,33,33,63,0,30,30,5
passenger103,14,1,34,46,93,12,47,59,6
passenger104,3,1,34,59,63,25,4,29,7
passenger105,7,1,34,50,60,16,10,26,8
passenger106,7,1,35,47,59,12,12,24,9
passenger107,23,1,35,56,90,21,34,55,10
passenger108,23,1,35,90,118,55,28,83,11
passenger109,13,1,35,40,60,5,20,25,12
passenger110,23,1,35,89,127,54,38,92,13
passenger111,7,1,36,42,52,6,10,16,14
passenger112,18,1,36,41,68,5,27,32,15
passenger113,11,1,36,58,110,22,52,74,0
passenger114,7,1,37,38,48,1,10,11,1
passenger115,8,1,37,73,86,36,13,49,2
passenger116,12,1,37,53,96,16,43,59,3
passenger117,10,1,37,46,59,9,13,22,4
passenger118,7,1,38,53,63,15,10,25,5
passenger119,10,1,38,40,93,2,53,55,6
passenger120,5,1,38,55,63,17,8,25,7
passenger121,25,1,38,92,128,54,36,90,8
passenger122,11,1,38,38,59,0,21,21,9
passenger123,4,1,39,85,90,46,5,51,10
passenger124,15,1,39,76,118,37,42,79,11
passenger125,23,1,40,98,124,58,26,84,12
passenger126,10,1,40,40,57,0,17,17,13
passenger127,22,1,40,77,117,37,40,77,14
passenger128,16,1,40,45,68,5,23,28,15
passenger129,19,1,41,72,110,31,38,69,0
passenger130,9,1,41,58,116,17,58,75,1
passenger131,2,1,41,83,86,42,3,45,2
passenger132,10,1,42,49,96,7,47,54,3
passenger133,24,1,42,92,125,50,33,83,4
passenger134,20,1,43,88,129,45,41,86,5
passenger135,20,1,43,58,93,15,35,50,6
passenger136,23,1,43,97,123,54,26,80,7
passenger137,10,1,43,45,60,2,15,17,8
passenger138,9,1,43,43,59,0,16,16,9
passenger139,24,1,43,59,90,16,31,47,10
passenger140,15,1,43,76,118,33,42,75,11
passenger141,9,1,44,46,60,2,14,16,12
passenger142,8,1,44,46,57,2,11,13,13
passenger143,23,1,44,80,117,36,37,73,14
passenger144,3,1,45,64,68,19,4,23,15
passenger145,3,1,45,48,110,3,62,65,0
passenger146,19,1,45,72,116,27,44,71,1
passenger147,2,1,46,83,86,37,3,40,2
passenger148,6,1,46,85,96,39,11,50,3
passenger149,25,1,47,95,125,48,30,78,4
passenger150,12,1,47,78,129,31,51,82,5
passenger151,19,1,47,55,93,8,38,46,6
passenger152,13,1,48,79,123,31,44,75,7
passenger153,4,1,48,55,60,7,5,12,8
passenger154,6,1,48,50,59,2,9,11,9
passenger155,20,1,48,51,90,3,39,42,10
passenger156,4,1,50,53,58,3,5,8,11
passenger157,16,1,51,81,124,30,43,73,12
passenger158,10,1,51,68,127,17,59,76,13
passenger159,10,1,52,63,117,11,54,65,14
passenger160,24,1,52,101,136,49,35,84,15
passenger161,16,1,52,67,110,15,43,58,0
passenger162,16,1,52,67,116,15,49,64,1
passenger163,10,1,53,69,86,16,17,33,2
passenger164,11,1,53,78,96,25,18,43,3
passenger165,18,1,54,82,125,28,43,71,4
passenger166,2,1,54,60,63,6,3,9,5
passenger167,7,1,54,83,93,29,10,39,6
passenger168,16,1,54,84,123,30,39,69,7
passenger169,16,1,55,77,128,22,51,73,8
passenger170,4,1,55,64,125,9,61,70,9
passenger171,20,1,55,65,90,10,25,35,10
passenger172,15,1,56,76,118,20,42,62,11
passenger173,7,1,56,68,124,12,56,68,12
passenger174,20,1,57,82,127,25,45,70,13
passenger175,25,1,57,84,117,27,33,60,14
passenger176,12,1,57,81,136,24,55,79,15
passenger177,8,1,58,99,110,41,11,52,0
passenger178,9,1,58,58,116,0,58,58,1
passenger179,16,1,58,61,86,3,25,28,2
passenger180,3,1,58,92,96,34,4,38,3
passenger181,13,1,59,73,125,14,52,66,4
passenger182,2,1,59,60,63,1,3,4,5
passenger183,2,1,59,96,156,37,60,97,6
passenger184,12,1,60,76,123,16,47,63,7
passenger185,19,1,60,82,128,22,46,68,8
passenger186,23,1,60,91,125,31,34,65,9
passenger187,4,1,60,85,90,25,5,30,10
passenger188,7,1,60,66,118,6,52,58,11
passenger189,12,1,61,75,124,14,49,63,12
passenger190,15,1,61,75,127,14,52,66,13
passenger191,25,1,61,84,117,23,33,56,14
passenger192,18,1,61,91,136,30,45,75,15
passenger193,14,1,62,63,110,1,47,48,0
passenger194,3,1,62,120,186,58,66,124,1
passenger195,3,1,62,80,86,18,6,24,2
passenger196,5,1,63,88,96,25,8,33,3
passenger197,17,1,64,79,125,15,46,61,4
passenger198,9,1,64,73,129,9,56,65,5
passenger199,7,1,65,83,93,18,10,28,6
passenger200,18,1,65,88,123,23,35,58,7
passenger201,21,1,66,86,128,20,42,62,8
passenger202,12,1,67,74,125,7,51,58,9
passenger203,23,1,68,126,154,58,28,86,10
passenger204,19,1,69,82,118,13,36,49,11
passenger205,19,1,70,86,124,16,38,54,12
passenger206,22,1,70,86,127,16,41,57,13
passenger207,6,1,70,124,175,54,51,105,14
passenger208,20,1,71,95,136,24,41,65,15
passenger209,24,1,71,79,110,8,31,39,0
passenger210,25,1,72,80,116,8,36,44,1
passenger211,15,1,73,109,127,36,18,54,2
passenger212,20,1,73,125,158,52,33,85,3
passenger213,23,1,73,89,125,16,36,52,4
passenger214,22,1,74,94,129,20,35,55,5
passenger215,23,1,74,128,156,54,28,82,6
passenger216,21,1,75,93,123,18,30,48,7
passenger217,11,1,76,116,128,40,12,52,8
passenger218,19,1,76,83,125,7,42,49,9
passenger219,11,1,76,76,90,0,14,14,10
passenger220,21,1,76,86,118,10,32,42,11
passenger221,21,1,76,90,124,14,34,48,12
passenger222,24,1,76,92,127,16,35,51,13
passenger223,16,1,77,100,117,23,17,40,14
passenger224,13,1,77,84,136,7,52,59,15
passenger225,5,1,77,118,178,41,60,101,0
passenger226,17,1,78,92,116,14,24,38,1
passenger227,15,1,78,109,127,31,18,49,2
passenger228,14,1,78,113,158,35,45,80,3
passenger229,18,1,78,82,125,4,43,47,4
passenger230,22,1,78,94,129,16,35,51,5
passenger231,5,1,79,87,93,8,6,14,6
passenger232,12,1,79,110,123,31,13,44,7
passenger233,19,1,80,82,128,2,46,48,8
passenger234,21,1,80,87,125,7,38,45,9
passenger235,20,1,81,121,154,40,33,73,10
passenger236,21,1,81,86,118,5,32,37,11
passenger237,22,1,81,93,124,12,31,43,12
passenger238,25,1,82,95,127,13,32,45,13
passenger239,16,1,82,142,175,60,33,93,14
passenger240,7,1,82,146,190,64,44,108,15
passenger241,15,1,82,90,110,8,20,28,0
passenger242,19,1,82,88,116,6,28,34,1
passenger243,4,1,82,91,127,9,36,45,2
passenger244,20,1,83,125,158,42,33,75,3
passenger245,15,1,83,109,125,26,16,42,4
passenger246,24,1,83,98,129,15,31,46,5
passenger247,7,1,83,83,93,0,10,10,6
passenger248,23,1,83,97,123,14,26,40,7
passenger249,12,1,84,113,128,29,15,44,8
passenger250,15,1,84,101,125,17,24,41,9
passenger251,17,1,84,116,154,32,38,70,10
passenger252,15,1,85,100,118,15,18,33,11
passenger253,23,1,85,98,124,13,26,39,12
passenger254,6,1,86,120,127,34,7,41,13
passenger255,19,1,86,94,117,8,23,31,14
passenger256,25,1,86,104,136,18,32,50,15
passenger257,7,1,86,102,110,16,8,24,0
passenger258,8,1,86,105,116,19,11,30,1
passenger259,13,1,87,105,127,18,22,40,2
passenger260,19,1,87,122,158,35,36,71,3
passenger261,25,1,87,95,125,8,30,38,4
passenger262,21,1,87,91,129,4,38,42,5
passenger263,21,1,88,122,156,34,34,68,6
passenger264,12,1,88,110,123,22,13,35,7
passenger265,17,1,88,104,128,16,24,40,8
passenger266,7,1,89,115,125,26,10,36,9
passenger267,13,1,89,108,154,19,46,65,10
passenger268,6,1,89,125,178,36,53,89,11
passenger269,2,1,89,121,124,32,3,35,12
passenger270,22,1,89,100,127,11,27,38,13
passenger271,21,1,90,90,117,0,27,27,14
passenger272,14,1,90,117,136,27,19,46,15
passenger273,2,1,91,113,178,22,65,87,0
passenger274,4,1,91,111,116,20,5,25,1
passenger275,4,1,92,92,127,0,35,35,2
passenger276,19,1,92,122,158,30,36,66,3
passenger277,6,1,92,134,189,42,55,97,4
passenger278,8,1,92,118,129,26,11,37,5
passenger279,22,1,92,125,156,33,31,64,6
passenger280,23,1,93,97,123,4,26,30,7
passenger281,20,1,93,99,128,6,29,35,8
passenger282,9,1,94,109,125,15,16,31,9
passenger283,15,1,94,112,154,18,42,60,10
passenger284,6,1,94,125,178,31,53,84,11
passenger285,22,1,95,95,124,0,29,29,12
passenger286,4,1,95,132,193,37,61,98,13
passenger287,19,1,95,95,117,0,22,22,14
passenger288,14,1,95,117,136,22,19,41,15
passenger289,20,1,95,143,178,48,35,83,0
passenger290,12,1,95,99,116,4,17,21,1
passenger291,5,1,95,95,127,0,32,32,2
passenger292,20,1,96,125,158,29,33,62,3
passenger293,17,1,96,105,125,9,20,29,4
passenger294,13,1,96,111,129,15,18,33,5
passenger295,10,1,96,108,156,12,48,60,6
passenger296,10,1,97,140,191,43,51,94,7
passenger297,13,1,97,110,128,13,18,31,8
passenger298,8,1,98,112,125,14,13,27,9
passenger299,8,1,98,99,154,1,55,56,10
passenger300,8,1,98,109,118,11,9,20,11
passenger301,2,1,98,127,186,29,59,88,12
passenger302,24,1,99,168,193,69,25,94,13
passenger303,7,1,99,127,175,28,48,76,14
passenger304,5,1,99,142,190,43,48,91,15
passenger305,5,1,100,118,178,18,60,78,0
passenger306,25,1,100,152,186,52,34,86,1
passenger307,13,1,100,105,127,5,22,27,2
passenger308,9,1,100,106,158,6,52,58,3
passenger309,11,1,101,141,189,40,48,88,4
passenger310,4,1,101,124,129,23,5,28,5
passenger311,9,1,101,105,156,4,51,55,6
passenger312,7,1,102,135,191,33,56,89,7
passenger313,21,1,103,160,192,57,32,89,8
passenger314,3,1,104,129,193,25,64,89,9
passenger315,12,1,104,105,154,1,49,50,10
passenger316,20,1,104,143,178,39,35,74,11
passenger317,22,1,104,163,186,59,23,82,12
passenger318,14,1,106,110,127,4,17,21,13
passenger319,7,1,107,127,175,20,48,68,14
passenger320,10,1,107,125,136,18,11,29,15
passenger321,7,1,107,122,178,15,56,71,0
passenger322,17,1,108,138,186,30,48,78,1
passenger323,9,1,108,117,127,9,10,19,2
passenger324,17,1,108,118,158,10,40,50,3
passenger325,17,1,108,149,189,41,40,81,4
passenger326,24,1,108,162,197,54,35,89,5
passenger327,10,1,109,109,156,0,47,47,6
passenger328,25,1,110,161,191,51,30,81,7
passenger329,11,1,110,142,192,32,50,82,8
passenger330,18,1,110,152,193,42,41,83,9
passenger331,17,1,110,116,154,6,38,44,10
passenger332,21,1,111,146,178,35,32,67,11
passenger333,13,1,111,144,186,33,42,75,12
passenger334,21,1,112,163,193,51,30,81,13
passenger335,10,1,112,132,175,20,43,63,14
passenger336,13,1,112,120,136,8,16,24,15
passenger337,13,1,113,132,178,19,46,65,0
passenger338,18,1,114,141,186,27,45,72,1
passenger339,16,1,114,146,189,32,43,75,2
passenger340,3,1,114,162,222,48,60,108,3
passenger341,21,1,115,155,189,40,34,74,4
passenger342,20,1,115,156,197,41,41,82,5
passenger343,4,1,115,163,216,48,53,101,6
passenger344,25,1,115,161,191,46,30,76,7
passenger345,17,1,116,152,192,36,40,76,8
passenger346,4,1,116,120,125,4,5,9,9
passenger347,13,1,116,140,154,24,14,38,10
passenger348,22,1,117,149,178,32,29,61,11
passenger349,8,1,117,135,186,18,51,69,12
passenger350,24,1,117,234,261,117,27,144,13
passenger351,12,1,117,136,175,19,39,58,14
passenger352,7,1,118,146,190,28,44,72,15
passenger353,10,1,118,127,178,9,51,60,0
passenger354,14,1,118,133,186,15,53,68,1
passenger355,18,1,119,150,189,31,39,70,2
passenger356,24,1,120,131,158,11,27,38,3
passenger357,6,1,120,134,189,14,55,69,4
passenger358,25,1,120,165,197,45,32,77,5
passenger359,14,1,120,139,156,19,17,36,6
passenger360,5,1,121,129,191,8,62,70,7
passenger361,24,1,121,167,192,46,25,71,8
passenger362,10,1,121,138,193,17,55,72,9
passenger363,16,1,123,135,154,12,19,31,10
passenger364,18,1,123,139,178,16,39,55,11
passenger365,2,1,124,127,186,3,59,62,12
passenger366,7,1,124,137,193,13,56,69,13
passenger367,18,1,124,146,175,22,29,51,14
passenger368,9,1,124,152,190,28,38,66,15
passenger369,2,1,124,181,236,57,55,112,0
passenger370,2,1,125,189,252,64,63,127,1
passenger371,21,1,125,155,189,30,34,64,2
passenger372,5,1,125,166,222,41,56,97,3
passenger373,4,1,125,130,189,5,59,64,4
passenger374,15,1,126,147,197,21,50,71,5
passenger375,4,1,126,163,216,37,53,90,6
passenger376,17,1,126,149,191,23,42,65,7
passenger377,15,1,126,148,192,22,44,66,8
passenger378,17,1,126,149,193,23,44,67,9
passenger379,13,1,126,174,224,48,50,98,10
passenger380,20,1,126,143,178,17,35,52,11
passenger381,17,1,127,152,186,25,34,59,12
passenger382,11,1,127,143,193,16,50,66,13
passenger383,2,1,128,178,241,50,63,113,14
passenger384,8,1,128,149,190,21,41,62,15
passenger385,5,1,129,186,236,57,50,107,0
passenger386,2,1,129,189,252,60,63,123,1
passenger387,8,1,130,136,189,6,53,59,2
passenger388,6,1,130,169,222,39,53,92,3
passenger389,3,1,131,193,247,62,54,116,4
passenger390,9,1,131,139,197,8,58,66,5
passenger391,14,1,131,139,156,8,17,25,6
passenger392,6,1,132,132,191,0,59,59,7
passenger393,8,1,132,137,192,5,55,60,8
passenger394,2,1,133,196,259,63,63,126,9
passenger395,3,1,133,158,224,25,66,91,10
passenger396,5,1,133,188,242,55,54,109,11
passenger397,12,1,133,141,186,8,45,53,12
passenger398,17,1,133,155,193,22,38,60,13
passenger399,20,1,133,150,175,17,25,42,14
passenger400,17,1,134,166,190,32,24,56,15
passenger401,16,1,135,137,178,2,41,43,0
passenger402,24,1,135,149,186,14,37,51,1
passenger403,8,1,136,136,189,0,53,53,2
passenger404,21,1,136,136,158,0,22,22,3
passenger405,24,1,136,160,189,24,29,53,4
passenger406,15,1,136,147,197,11,50,61,5
passenger407,22,1,136,191,216,55,25,80,6
passenger408,5,1,136,199,255,63,56,119,7
passenger409,23,1,137,164,192,27,28,55,8
passenger410,15,1,137,145,193,8,48,56,9
passenger411,7,1,138,164,224,26,60,86,10
passenger412,3,1,138,184,242,46,58,104,11
passenger413,19,1,138,156,186,18,30,48,12
passenger414,12,1,139,146,193,7,47,54,13
passenger415,9,1,139,189,241,50,52,102,14
passenger416,11,1,140,156,190,16,34,50,15
passenger417,25,1,140,150,178,10,28,38,0
passenger418,12,1,141,171,186,30,15,45,1
passenger419,3,1,141,185,189,44,4,48,2
passenger420,8,1,142,173,222,31,49,80,3
passenger421,5,1,142,197,247,55,50,105,4
passenger422,18,1,142,152,197,10,45,55,5
passenger423,21,1,142,188,216,46,28,74,6
passenger424,22,1,142,156,191,14,35,49,7
passenger425,17,1,143,152,192,9,40,49,8
passenger426,20,1,144,156,193,12,37,49,9
passenger427,12,1,144,171,224,27,53,80,10
passenger428,17,1,144,156,178,12,22,34,11
passenger429,4,1,144,191,250,47,59,106,12
passenger430,14,1,144,150,193,6,43,49,13
passenger431,15,1,145,157,175,12,18,30,14
passenger432,2,1,145,193,258,48,65,113,15
passenger433,15,1,145,206,236,61,30,91,0
passenger434,19,1,145,160,186,15,26,41,1
passenger435,10,1,145,174,189,29,15,44,2
passenger436,15,1,146,188,222,42,34,76,3
passenger437,8,1,146,202,247,56,45,101,4
passenger438,8,1,147,208,263,61,55,116,5
passenger439,5,1,147,150,156,3,6,9,6
passenger440,9,1,147,209,255,62,46,108,7
passenger441,21,1,148,160,192,12,32,44,8
passenger442,24,1,149,162,193,13,31,44,9
passenger443,17,1,149,180,224,31,44,75,10
passenger444,16,1,149,159,178,10,19,29,11
passenger445,16,1,149,149,186,0,37,37,12
passenger446,13,1,150,211,261,61,50,111,13
passenger447,12,1,150,162,175,12,13,25,14
passenger448,16,1,150,163,190,13,27,40,15
passenger449,20,1,150,157,178,7,21,28,0
passenger450,11,1,150,174,186,24,12,36,1
passenger451,15,1,151,167,189,16,22,38,2
passenger452,13,1,151,184,222,33,38,71,3
passenger453,8,1,151,202,247,51,45,96,4
passenger454,8,1,151,208,263,57,55,112,5
passenger455,3,1,151,160,216,9,56,65,6
passenger456,12,1,151,178,191,27,13,40,7
passenger457,19,1,152,156,192,4,36,40,8
passenger458,18,1,152,152,193,0,41,41,9
passenger459,25,1,152,198,224,46,26,72,10
passenger460,2,1,152,181,242,29,61,90,11
passenger461,20,1,152,159,186,7,27,34,12
passenger462,21,1,152,163,193,11,30,41,13
passenger463,12,1,153,194,241,41,47,88,14
passenger464,8,1,153,205,258,52,53,105,15
passenger465,10,1,153,195,236,42,41,83,0
passenger466,18,1,155,163,186,8,23,31,1
passenger467,22,1,155,158,189,3,31,34,2
passenger468,17,1,155,192,222,37,30,67,3
passenger469,14,1,155,174,189,19,15,34,4
passenger470,17,1,155,177,197,22,20,42,5
passenger471,3,1,155,160,216,5,56,61,6
passenger472,16,1,155,172,191,17,19,36,7
passenger473,3,1,156,198,260,42,62,104,8
passenger474,25,1,156,165,193,9,28,37,9
passenger475,23,1,156,194,224,38,30,68,10
passenger476,14,1,156,163,178,7,15,22,11
passenger477,10,1,157,201,250,44,49,93,12
passenger478,19,1,158,159,193,1,34,35,13
passenger479,17,1,158,201,241,43,40,83,14
passenger480,18,1,158,169,190,11,21,32,15
passenger481,14,1,159,203,236,44,33,77,0
passenger482,7,1,159,198,252,39,54,93,1
passenger483,3,1,159,193,249,34,56,90,2
passenger484,8,1,160,173,222,13,49,62,3
passenger485,14,1,160,174,189,14,15,29,4
passenger486,12,1,160,216,263,56,47,103,5
passenger487,14,1,161,177,216,16,39,55,6
passenger488,8,1,161,206,255,45,49,94,7
passenger489,24,1,162,1065,1094,903,29,932,8
passenger490,10,1,162,208,259,46,51,97,9
passenger491,22,1,162,191,224,29,33,62,10
passenger492,11,1,162,196,242,34,46,80,11
passenger493,12,1,163,205,250,42,45,87,12
passenger494,16,1,163,220,261,57,41,98,13
passenger495,8,1,163,186,241,23,55,78,14
passenger496,7,1,163,202,258,39,56,95,15
passenger497,11,1,164,198,236,34,38,72,0
passenger498,21,1,164,220,252,56,32,88,1
passenger499,5,1,165,181,189,16,8,24,2
passenger500,12,1,166,181,222,15,41,56,3
passenger501,18,1,166,168,189,2,21,23,4
passenger502,18,1,166,174,197,8,23,31,5
passenger503,12,1,166,173,216,7,43,50,6
passenger504,3,1,166,195,255,29,60,89,7
passenger505,2,1,167,195,260,28,65,93,8
passenger506,13,1,167,213,259,46,46,92,9
passenger507,21,1,167,188,224,21,36,57,10
passenger508,2,1,167,181,242,14,61,75,11
passenger509,23,1,167,224,250,57,26,83,12
passenger510,18,1,167,226,261,59,35,94,13
passenger511,2,1,168,178,241,10,63,73,14
passenger512,10,1,169,179,190,10,11,21,15
passenger513,7,1,171,190,236,19,46,65,0
passenger514,24,1,171,227,252,56,25,81,1
passenger515,15,1,171,211,249,40,38,78,2
passenger516,9,1,172,176,222,4,46,50,3
passenger517,8,1,172,202,247,30,45,75,4
passenger518,15,1,172,181,197,9,16,25,5
passenger519,2,1,172,219,286,47,67,114,6
passenger520,8,1,172,206,255,34,49,83,7
passenger521,5,1,173,202,260,29,58,87,8
passenger522,16,1,173,176,193,3,17,20,9
passenger523,18,1,173,183,224,10,41,51,10
passenger524,13,1,173,200,242,27,42,69,11
passenger525,5,1,173,194,250,21,56,77,12
passenger526,10,1,174,206,261,32,55,87,13
passenger527,22,1,174,210,241,36,31,67,14
passenger528,6,1,175,199,258,24,59,83,15
passenger529,5,1,175,186,236,11,50,61,0
passenger530,4,1,176,193,252,17,59,76,1
passenger531,21,1,176,219,249,43,30,73,2
passenger532,4,1,176,227,284,51,57,108,3
passenger533,15,1,176,215,247,39,32,71,4
passenger534,25,1,176,237,263,61,26,87,5
passenger535,17,1,176,182,216,6,34,40,6
passenger536,11,1,177,213,255,36,42,78,7
passenger537,6,1,177,205,260,28,55,83,8
passenger538,2,1,177,196,259,19,63,82,9
passenger539,5,1,177,230,286,53,56,109,10
passenger540,24,1,177,217,242,40,25,65,11
passenger541,5,1,178,194,250,16,56,72,12
passenger542,2,1,178,196,261,18,65,83,13
passenger543,21,1,178,207,241,29,34,63,14
passenger544,12,1,178,211,258,33,47,80,15
passenger545,10,1,179,195,236,16,41,57,0
passenger546,19,1,179,216,252,37,36,73,1
passenger547,14,1,180,208,249,28,41,69,2
passenger548,23,1,181,260,284,79,24,103,3
passenger549,13,1,181,209,247,28,38,66,4
passenger550,19,1,181,227,263,46,36,82,5
passenger551,23,1,182,256,286,74,30,104,6
passenger552,13,1,183,217,255,34,38,72,7
passenger553,8,1,184,209,260,25,51,76,8
passenger554,25,1,184,1003,1029,819,26,845,9
passenger555,7,1,185,234,286,49,52,101,10
passenger556,2,1,186,245,304,59,59,118,11
passenger557,15,1,186,210,250,24,40,64,12
passenger558,25,1,187,1053,1079,866,26,892,13
passenger559,4,1,187,250,299,63,49,112,14
passenger560,22,1,187,1005,1036,818,31,849,15
passenger561,21,1,188,272,298,84,26,110,0
passenger562,24,1,188,1053,1082,865,29,894,1
passenger563,12,1,188,204,249,16,45,61,2
passenger564,8,1,188,233,284,45,51,96,3
passenger565,14,1,189,212,247,23,35,58,4
passenger566,5,1,189,203,263,14,60,74,5
passenger567,22,1,189,191,216,2,25,27,6
passenger568,17,1,190,287,319,97,32,129,7
passenger569,13,1,191,220,260,29,40,69,8
passenger570,14,1,191,216,259,25,43,68,9
passenger571,19,1,193,254,286,61,32,93,10
passenger572,14,1,193,203,242,10,39,49,11
passenger573,22,1,194,221,250,27,29,56,12
passenger574,24,1,195,1050,1079,855,29,884,13
passenger575,24,1,195,214,241,19,27,46,14
passenger576,16,1,196,221,258,25,37,62,15
passenger577,19,1,196,212,236,16,24,40,0
passenger578,9,1,196,202,252,6,50,56,1
passenger579,2,1,197,252,313,55,61,116,2
passenger580,11,1,197,238,284,41,46,87,3
passenger581,22,1,197,544,573,347,29,376,4
passenger582,5,1,197,203,263,6,60,66,5
passenger583,15,1,197,240,286,43,46,89,6
passenger584,6,1,198,202,255,4,53,57,7
passenger585,12,1,198,217,260,19,43,62,8
passenger586,5,1,198,201,259,3,58,61,9
passenger587,19,1,198,254,286,56,32,88,10
passenger588,21,1,198,212,242,14,30,44,11
passenger589,20,1,198,217,250,19,33,52,12
passenger590,18,1,199,226,261,27,35,62,13
passenger591,7,1,199,255,299,56,44,100,14
passenger592,14,1,199,217,258,18,41,59,15
passenger593,4,1,200,241,298,41,57,98,0
passenger594,10,1,202,205,252,3,47,50,1
passenger595,14,1,203,208,249,5,41,46,2
passenger596,18,1,203,249,284,46,35,81,3
passenger597,4,1,203,252,315,49,63,112,4
passenger598,21,1,203,231,263,28,32,60,5
passenger599,13,1,204,236,286,32,50,82,6
passenger600,23,1,204,991,1019,787,28,815,7
passenger601,14,1,204,223,260,19,37,56,8
passenger602,15,1,205,221,259,16,38,54,9
passenger603,18,1,205,251,286,46,35,81,10
passenger604,21,1,205,212,242,7,30,37,11
passenger605,5,1,205,260,314,55,54,109,12
passenger606,14,1,207,214,261,7,47,54,13
passenger607,2,1,207,244,299,37,55,92,14
passenger608,13,1,207,214,258,7,44,51,15
passenger609,21,1,207,338,364,131,26,157,0
passenger610,22,1,207,223,252,16,29,45,1
passenger611,8,1,208,238,249,30,11,41,2
passenger612,11,1,208,238,284,30,46,76,3
passenger613,15,1,209,215,247,6,32,38,4
passenger614,11,1,209,213,263,4,50,54,5
passenger615,6,1,209,225,286,16,61,77,6
passenger616,9,1,209,209,255,0,46,46,7
passenger617,11,1,210,214,260,4,46,50,8
passenger618,14,1,210,216,259,6,43,49,9
passenger619,24,1,210,1033,1060,823,27,850,10
passenger620,15,1,211,268,304,57,36,93,11
passenger621,11,1,211,270,314,59,44,103,12
passenger622,17,1,211,223,261,12,38,50,13
passenger623,20,1,211,220,241,9,21,30,14
passenger624,12,1,211,211,258,0,47,47,15
passenger625,13,1,212,258,298,46,40,86,0
passenger626,7,1,212,267,317,55,50,105,1
passenger627,22,1,212,222,249,10,27,37,2
passenger628,22,1,212,257,284,45,27,72,3
passenger629,6,1,213,258,315,45,57,102,4
passenger630,10,1,213,280,325,67,45,112,5
passenger631,8,1,213,229,286,16,57,73,6
passenger632,24,1,214,1046,1075,832,29,861,7
passenger633,3,1,214,264,324,50,60,110,8
passenger634,6,1,214,270,325,56,55,111,9
passenger635,9,1,215,238,286,23,48,71,10
passenger636,15,1,215,268,304,53,36,89,11
passenger637,7,1,216,264,314,48,50,98,12
passenger638,14,1,216,216,261,0,45,45,13
passenger639,19,1,216,589,623,373,34,407,14
passenger640,21,1,216,228,258,12,30,42,15
passenger641,4,1,216,241,298,25,57,82,0
passenger642,5,1,216,261,317,45,56,101,1
passenger643,4,1,217,258,313,41,55,96,2
passenger644,23,1,217,260,284,43,24,67,3
passenger645,17,1,217,219,247,2,28,30,4
passenger646,14,1,217,220,263,3,43,46,5
passenger647,20,1,217,249,286,32,37,69,6
passenger648,16,1,218,222,255,4,33,37,7
passenger649,7,1,218,272,324,54,52,106,8
passenger650,14,1,218,218,259,0,41,41,9
passenger651,18,1,218,251,286,33,35,68,10
passenger652,2,1,219,245,304,26,59,85,11
passenger653,16,1,220,281,314,61,33,94,12
passenger654,13,1,220,289,327,69,38,107,13
passenger655,3,1,220,247,299,27,52,79,14
passenger656,8,1,220,273,326,53,53,106,15
passenger657,12,1,220,255,298,35,43,78,0
passenger658,10,1,221,276,317,55,41,96,1
passenger659,8,1,221,238,249,17,11,28,2
passenger660,17,1,221,246,284,25,38,63,3
passenger661,11,1,221,267,315,46,48,94,4
passenger662,13,1,221,285,325,64,40,104,5
passenger663,21,1,222,252,286,30,34,64,6
passenger664,4,1,222,262,319,40,57,97,7
passenger665,10,1,223,279,324,56,45,101,8
passenger666,3,1,224,263,325,39,62,101,9
passenger667,24,1,224,1033,1060,809,27,836,10
passenger668,6,1,224,253,304,29,51,80,11
passenger669,21,1,224,228,250,4,22,26,12
passenger670,6,1,225,272,327,47,55,102,13
passenger671,9,1,225,259,299,34,40,74,14
passenger672,16,1,225,289,326,64,37,101,15
passenger673,21,1,226,972,1004,746,32,778,0
passenger674,6,1,226,264,317,38,53,91,1
passenger675,7,1,227,241,249,14,8,22,2
passenger676,23,1,228,1026,1056,798,30,828,3
passenger677,9,1,228,263,315,35,52,87,4
passenger678,7,1,228,273,325,45,52,97,5
passenger679,19,1,228,246,286,18,40,58,6
passenger680,4,1,229,262,319,33,57,90,7
passenger681,22,1,229,233,260,4,27,31,8
passenger682,23,1,229,231,259,2,28,30,9
passenger683,22,1,229,259,286,30,27,57,10
passenger684,9,1,230,258,304,28,46,74,11
passenger685,4,1,230,257,314,27,57,84,12
passenger686,12,1,230,286,327,56,41,97,13
passenger687,10,1,230,262,299,32,37,69,14
passenger688,25,1,231,1066,1092,835,26,861,15
passenger689,17,1,231,264,298,33,34,67,0
passenger690,24,1,232,1053,1082,821,29,850,1
passenger691,20,1,232,284,313,52,29,81,2
passenger692,19,1,232,252,284,20,32,52,3
passenger693,4,1,233,252,315,19,63,82,4
passenger694,3,1,234,267,325,33,58,91,5
passenger695,3,1,234,290,354,56,64,120,6
passenger696,16,1,234,284,319,50,35,85,7
passenger697,6,1,234,269,324,35,55,90,8
passenger698,25,1,235,1003,1029,768,26,794,9
passenger699,5,1,235,292,352,57,60,117,10
passenger700,24,1,235,1045,1074,810,29,839,11
passenger701,18,1,236,285,314,49,29,78,12
passenger702,4,1,236,268,327,32,59,91,13
passenger703,3,1,236,247,299,11,52,63,14
passenger704,11,1,237,278,326,41,48,89,15
passenger705,10,1,237,251,298,14,47,61,0
passenger706,9,1,238,273,317,35,44,79,1
passenger707,14,1,238,274,313,36,39,75,2
passenger708,5,1,239,292,348,53,56,109,3
passenger709,5,1,239,255,315,16,60,76,4
passenger710,18,1,239,294,325,55,31,86,5
passenger711,25,1,239,260,286,21,26,47,6
passenger712,8,1,239,272,319,33,47,80,7
passenger713,24,1,240,1065,1094,825,29,854,8
passenger714,10,1,241,278,325,37,47,84,9
passenger715,10,1,241,241,286,0,45,45,10
passenger716,4,1,241,249,304,8,55,63,11
passenger717,12,1,241,273,314,32,41,73,12
passenger718,13,1,241,289,327,48,38,86,13
passenger719,17,1,241,273,299,32,26,58,14
passenger720,5,1,242,264,326,22,62,84,15
passenger721,6,1,242,245,298,3,53,56,0
passenger722,12,1,243,280,317,37,37,74,1
passenger723,3,1,243,255,313,12,58,70,2
passenger724,5,1,243,292,348,49,56,105,3
passenger725,17,1,243,277,315,34,38,72,4
passenger726,24,1,244,1054,1083,810,29,839,5
passenger727,15,1,244,316,354,72,38,110,6
passenger728,5,1,245,265,319,20,54,74,7
passenger729,25,1,245,1068,1094,823,26,849,8
passenger730,14,1,246,286,325,40,39,79,9
passenger731,19,1,246,254,286,8,32,40,10
passenger732,6,1,246,253,304,7,51,58,11
passenger733,15,1,246,278,314,32,36,68,12
passenger734,3,1,247,265,327,18,62,80,13
passenger735,17,1,247,463,497,216,34,250,14
passenger736,6,1,247,267,326,20,59,79,15
passenger737,23,1,247,1028,1060,781,32,813,0
passenger738,3,1,248,256,317,8,61,69,1
passenger739,17,1,248,279,313,31,34,65,2
passenger740,5,1,249,292,348,43,56,99,3
passenger741,18,1,249,280,315,31,35,66,4
passenger742,13,1,249,285,325,36,40,76,5
passenger743,25,1,249,1030,1056,781,26,807,6
passenger744,17,1,249,287,319,38,32,70,7
passenger745,10,1,250,279,324,29,45,74,8
passenger746,4,1,250,266,325,16,59,75,9
passenger747,16,1,250,311,352,61,41,102,10
passenger748,12,1,251,263,304,12,41,53,11
passenger749,3,1,251,254,314,3,60,63,12
passenger750,15,1,252,471,513,219,42,261,13
passenger751,7,1,252,255,299,3,44,47,14
passenger752,7,1,253,270,326,17,56,73,15
passenger753,2,1,253,301,364,48,63,111,0
passenger754,10,1,253,276,317,23,41,64,1
passenger755,7,1,253,263,313,10,50,60,2
passenger756,3,1,253,288,348,35,60,95,3
passenger757,12,1,254,270,315,16,45,61,4
passenger758,7,1,254,273,325,19,52,71,5
passenger759,5,1,254,294,354,40,60,100,6
passenger760,13,1,254,279,319,25,40,65,7
passenger761,3,1,254,264,324,10,60,70,8
passenger762,25,1,255,1055,1081,800,26,826,9
passenger763,13,1,255,302,352,47,50,97,10
passenger764,25,1,256,1048,1074,792,26,818,11
passenger765,23,1,256,993,1021,737,28,765,12
passenger766,25,1,256,1053,1079,797,26,823,13
passenger767,15,1,256,269,299,13,30,43,14
passenger768,12,1,256,281,326,25,45,70,15
passenger769,19,1,256,268,298,12,30,42,0
passenger770,3,1,257,257,317,0,60,60,1
passenger771,22,1,257,290,313,33,23,56,2
passenger772,9,1,257,298,348,41,50,91,3
passenger773,2,1,257,318,379,61,61,122,4
passenger774,7,1,257,273,325,16,52,68,5
passenger775,7,1,258,300,354,42,54,96,6
passenger776,2,1,258,258,319,0,61,61,7
passenger777,18,1,258,357,390,99,33,132,8
passenger778,4,1,258,266,325,8,59,67,9
passenger779,22,1,259,585,614,326,29,355,10
passenger780,12,1,259,263,304,4,41,45,11
passenger781,19,1,260,411,443,151,32,183,12
passenger782,10,1,260,280,327,20,47,67,13
passenger783,5,1,261,307,365,46,58,104,14
passenger784,6,1,262,267,326,5,59,64,15
passenger785,17,1,262,264,298,2,34,36,0
passenger786,19,1,262,413,443,151,30,181,1
passenger787,8,1,263,266,313,3,47,50,2
passenger788,10,1,263,301,348,38,47,85,3
passenger789,24,1,264,1001,1028,737,27,764,4
passenger790,22,1,265,946,975,681,29,710,5
passenger791,11,1,265,308,354,43,46,89,6
passenger792,7,1,265,269,319,4,50,54,7
passenger793,9,1,266,276,324,10,48,58,8
passenger794,14,1,266,286,325,20,39,59,9
passenger795,15,1,266,308,352,42,44,86,10
passenger796,6,1,266,313,370,47,57,104,11
passenger797,3,1,266,318,378,52,60,112,12
passenger798,13,1,267,289,327,22,38,60,13
passenger799,21,1,267,725,755,458,30,488,14
passenger800,5,1,267,332,390,65,58,123,15
passenger801,11,1,267,318,364,51,46,97,0
passenger802,5,1,268,327,381,59,54,113,1
passenger803,7,1,268,325,381,57,56,113,2
passenger804,16,1,268,313,348,45,35,80,3
passenger805,8,1,268,328,379,60,51,111,4
passenger806,8,1,268,276,325,8,49,57,5
passenger807,25,1,268,1030,1056,762,26,788,6
passenger808,6,1,269,326,381,57,55,112,7
passenger809,6,1,269,269,324,0,55,55,8
passenger810,24,1,269,298,325,29,27,56,9
passenger811,15,1,269,308,352,39,44,83,10
passenger812,3,1,270,308,370,38,62,100,11
passenger813,12,1,270,273,314,3,41,44,12
passenger814,15,1,270,471,513,201,42,243,13
passenger815,8,1,270,314,365,44,51,95,14
passenger816,15,1,270,286,326,16,40,56,15
passenger817,17,1,270,328,364,58,36,94,0
passenger818,8,1,270,270,317,0,47,47,1
passenger819,21,1,270,287,313,17,26,43,2
passenger820,12,1,270,305,348,35,43,78,3
passenger821,25,1,271,1056,1082,785,26,811,4
passenger822,4,1,271,332,387,61,55,116,5
passenger823,9,1,272,304,354,32,50,82,6
passenger824,19,1,272,351,381,79,30,109,7
passenger825,23,1,272,1012,1040,740,28,768,8
passenger826,7,1,273,273,325,0,52,52,9
passenger827,25,1,273,1088,1114,815,26,841,10
passenger828,6,1,274,313,370,39,57,96,11
passenger829,11,1,274,332,378,58,46,104,12
passenger830,9,1,274,277,327,3,50,53,13
passenger831,12,1,275,326,365,51,39,90,14
passenger832,23,1,275,1008,1036,733,28,761,15
passenger833,19,1,276,332,364,56,32,88,0
passenger834,21,1,276,612,642,336,30,366,1
passenger835,8,1,277,328,381,51,53,104,2
passenger836,24,1,277,1029,1056,752,27,779,3
passenger837,12,1,277,338,379,61,41,102,4
passenger838,17,1,277,291,325,14,34,48,5
passenger839,18,1,278,321,354,43,33,76,6
passenger840,17,1,278,343,381,65,38,103,7
passenger841,16,1,279,287,324,8,37,45,8
passenger842,13,1,279,283,325,4,42,46,9
passenger843,17,1,279,314,352,35,38,73,10
passenger844,23,1,279,990,1018,711,28,739,11
passenger845,11,1,280,332,378,52,46,98,12
passenger846,14,1,280,350,387,70,37,107,13
passenger847,6,1,280,310,365,30,55,85,14
passenger848,10,1,280,343,390,63,47,110,15
passenger849,20,1,280,335,364,55,29,84,0
passenger850,17,1,280,349,381,69,32,101,1
passenger851,7,1,280,325,381,45,56,101,2
passenger852,15,1,281,310,348,29,38,67,3
passenger853,21,1,281,285,315,4,30,34,4
passenger854,4,1,281,332,387,51,55,106,5
passenger855,3,1,282,290,354,8,64,72,6
passenger856,11,1,282,335,381,53,46,99,7
passenger857,17,1,283,290,324,7,34,41,8
passenger858,9,1,283,335,391,52,56,108,9
passenger859,21,1,283,322,352,39,30,69,10
passenger860,22,1,283,341,370,58,29,87,11
passenger861,14,1,283,339,378,56,39,95,12
passenger862,11,1,283,283,327,0,44,44,13
passenger863,3,1,284,303,365,19,62,81,14
passenger864,21,1,284,296,326,12,30,42,15
passenger865,23,1,284,1028,1060,744,32,776,0
passenger866,12,1,284,340,381,56,41,97,1
passenger867,14,1,285,340,381,55,41,96,2
passenger868,20,1,285,383,414,98,31,129,3
passenger869,18,1,286,406,443,120,37,157,4
passenger870,5,1,287,335,387,48,52,100,5
passenger871,18,1,288,385,418,97,33,130,6
passenger872,24,1,288,1046,1075,758,29,787,7
passenger873,20,1,289,489,520,200,31,231,8
passenger874,13,1,289,341,391,52,50,102,9
passenger875,14,1,289,305,352,16,47,63,10
passenger876,8,1,290,317,370,27,53,80,11
passenger877,17,1,290,344,378,54,34,88,12
passenger878,7,1,290,337,387,47,50,97,13
passenger879,10,1,290,320,365,30,45,75,14
passenger880,8,1,291,337,390,46,53,99,15
passenger881,10,1,291,315,364,24,49,73,0
passenger882,10,1,291,336,381,45,45,90,1
passenger883,3,1,291,317,381,26,64,90,2
passenger884,19,1,292,318,348,26,30,56,3
passenger885,12,1,292,338,379,46,41,87,4
passenger886,24,1,292,1054,1083,762,29,791,5
passenger887,6,1,293,297,354,4,57,61,6
passenger888,18,1,293,348,381,55,33,88,7
passenger889,6,1,294,331,390,37,59,96,8
passenger890,15,1,295,347,391,52,44,96,9
passenger891,13,1,295,302,352,7,50,57,10
passenger892,12,1,295,323,370,28,47,75,11
passenger893,17,1,295,344,378,49,34,83,12
passenger894,21,1,296,483,513,187,30,217,13
passenger895,9,1,296,317,365,21,48,69,14
passenger896,22,1,296,1005,1036,709,31,740,15
passenger897,6,1,296,307,364,11,57,68,0
passenger898,9,1,296,333,381,37,48,85,1
passenger899,9,1,296,331,381,35,50,85,2
passenger900,24,1,297,1029,1056,732,27,759,3
passenger901,4,1,297,322,379,25,57,82,4
passenger902,11,1,298,345,387,47,42,89,5
passenger903,12,1,298,311,354,13,43,56,6
passenger904,21,1,298,607,637,309,30,339,7
passenger905,13,1,298,344,390,46,46,92,8
passenger906,25,1,298,1055,1081,757,26,783,9
passenger907,19,1,300,318,352,18,34,52,10
passenger908,18,1,300,335,370,35,35,70,11
passenger909,20,1,300,668,699,368,31,399,12
passenger910,5,1,301,333,387,32,54,86,13
passenger911,12,1,301,326,365,25,39,64,14
passenger912,16,1,301,355,390,54,35,89,15
passenger913,7,1,301,310,364,9,54,63,0
passenger914,4,1,302,324,381,22,57,79,1
passenger915,5,1,302,321,381,19,60,79,2
passenger916,20,1,302,445,478,143,33,176,3
passenger917,17,1,302,403,443,101,40,141,4
passenger918,8,1,304,340,387,36,47,83,5
passenger919,19,1,304,452,484,148,32,180,6
passenger920,18,1,304,348,381,44,33,77,7
passenger921,21,1,305,552,582,247,30,277,8
passenger922,23,1,305,363,391,58,28,86,9
passenger923,23,1,305,978,1006,673,28,701,10
passenger924,6,1,305,313,370,8,57,65,11
passenger925,20,1,306,730,761,424,31,455,12
passenger926,11,1,306,345,387,39,42,81,13
passenger927,11,1,307,323,365,16,42,58,14
passenger928,17,1,307,488,522,181,34,215,15
passenger929,16,1,308,325,364,17,39,56,0
passenger930,12,1,308,340,381,32,41,73,1
passenger931,25,1,309,1039,1065,730,26,756,2
passenger932,6,1,309,357,414,48,57,105,3
passenger933,4,1,310,322,379,12,57,69,4
passenger934,2,1,311,328,387,17,59,76,5
passenger935,21,1,311,848,878,537,30,567,6
passenger936,11,1,311,335,381,24,46,70,7
passenger937,12,1,312,339,390,27,51,78,8
passenger938,17,1,312,353,391,41,38,79,9
passenger939,12,1,312,373,418,61,45,106,10
passenger940,15,1,313,328,370,15,42,57,11
passenger941,3,1,313,318,378,5,60,65,12
passenger942,5,1,314,333,387,19,54,73,13
passenger943,24,1,314,1032,1061,718,29,747,14
passenger944,12,1,314,347,390,33,43,76,15
passenger945,6,1,314,375,432,61,57,118,0
passenger946,10,1,314,336,381,22,45,67,1
passenger947,10,1,315,334,381,19,47,66,2
passenger948,8,1,315,361,414,46,53,99,3
passenger949,9,1,315,331,379,16,48,64,4
passenger950,19,1,315,357,387,42,30,72,5
passenger951,4,1,315,361,418,46,57,103,6
passenger952,9,1,316,331,381,15,50,65,7
passenger953,13,1,316,344,390,28,46,74,8
passenger954,14,1,316,344,391,28,47,75,9
passenger955,23,1,316,978,1006,662,28,690,10
passenger956,24,1,316,1045,1074,729,29,758,11
passenger957,9,1,317,328,378,11,50,61,12
passenger958,14,1,317,350,387,33,37,70,13
passenger959,2,1,318,368,433,50,65,115,14
passenger960,16,1,319,355,390,36,35,71,15
passenger961,5,1,319,372,432,53,60,113,0
passenger962,3,1,319,321,381,2,60,62,1
passenger963,18,1,319,478,511,159,33,192,2
passenger964,6,1,320,357,414,37,57,94,3
passenger965,13,1,320,341,379,21,38,59,4
passenger966,4,1,320,332,387,12,55,67,5
passenger967,19,1,320,646,680,326,34,360,6
passenger968,20,1,320,604,637,284,33,317,7
passenger969,15,1,321,348,390,27,42,69,8
passenger970,22,1,321,360,391,39,31,70,9
passenger971,12,1,321,373,418,52,45,97,10
passenger972,6,1,321,381,436,60,55,115,11
passenger973,5,1,322,322,378,0,56,56,12
passenger974,7,1,322,337,387,15,50,65,13
passenger975,6,1,323,378,433,55,55,110,14
passenger976,9,1,323,340,390,17,50,67,15
passenger977,7,1,324,378,432,54,54,108,0
passenger978,16,1,324,346,381,22,35,57,1
passenger979,5,1,324,389,447,65,58,123,2
passenger980,16,1,325,377,414,52,37,89,3
passenger981,10,1,325,334,379,9,45,54,4
passenger982,18,1,325,354,387,29,33,62,5
passenger983,14,1,325,379,418,54,39,93,6
passenger984,23,1,326,991,1019,665,28,693,7
passenger985,12,1,326,339,390,13,51,64,8
passenger986,9,1,326,335,391,9,56,65,9
passenger987,16,1,326,381,418,55,37,92,10
passenger988,17,1,328,332,370,4,38,42,11
passenger989,12,1,328,335,378,7,43,50,12
passenger990,15,1,329,471,513,142,42,184,13
passenger991,13,1,329,329,365,0,36,36,14
passenger992,9,1,329,340,390,11,50,61,15
passenger993,9,1,329,382,432,53,50,103,0
passenger994,23,1,330,998,1026,668,28,696,1
passenger995,18,1,330,478,511,148,33,181,2
passenger996,4,1,330,353,414,23,61,84,3
passenger997,25,1,330,1056,1082,726,26,752,4
passenger998,19,1,331,357,387,26,30,56,5
passenger999,3,1,332,358,418,26,60,86,6
passenger1000,19,1,332,351,381,19,30,49,7
passenger1001,16,1,332,351,390,19,39,58,8
passenger1002,23,1,332,363,391,31,28,59,9
passenger1003,13,1,332,376,418,44,42,86,10
passenger1004,14,1,332,399,436,67,37,104,11
passenger1005,9,1,333,395,443,62,48,110,12
passenger1006,9,1,333,341,387,8,46,54,13
passenger1007,16,1,333,460,497,127,37,164,14
passenger1008,21,1,334,1002,1036,668,34,702,15
passenger1009,23,1,334,1028,1060,694,32,726,0
passenger1010,20,1,334,478,509,144,31,175,1
passenger1011,16,1,334,346,381,12,35,47,2
passenger1012,14,1,334,373,414,39,41,80,3
passenger1013,10,1,334,334,379,0,45,45,4
passenger1014,20,1,335,622,653,287,31,318,5
passenger1015,9,1,336,370,418,34,48,82,6
passenger1016,8,1,336,394,445,58,51,109,7
passenger1017,22,1,336,957,986,621,29,650,8
passenger1018,16,1,336,350,391,14,41,55,9
passenger1019,10,1,336,369,418,33,49,82,10
passenger1020,22,1,337,987,1018,650,31,681,11
passenger1021,25,1,337,1051,1077,714,26,740,12
passenger1022,9,1,337,341,387,4,46,50,13
passenger1023,14,1,338,396,433,58,37,95,14
passenger1024,13,1,338,350,390,12,40,52,15
passenger1025,18,1,338,465,498,127,33,160,0
passenger1026,24,1,339,1053,1082,714,29,743,1
passenger1027,15,1,339,343,381,4,38,42,2
passenger1028,21,1,339,448,478,109,30,139,3
passenger1029,16,1,340,400,443,60,43,103,4
passenger1030,23,1,340,1001,1029,661,28,689,5
passenger1031,11,1,341,374,418,33,44,77,6
passenger1032,11,1,341,401,445,60,44,104,7
passenger1033,12,1,341,341,390,0,49,49,8
passenger1034,25,1,341,1055,1081,714,26,740,9
passenger1035,16,1,342,381,418,39,37,76,10
passenger1036,5,1,342,378,436,36,58,94,11
passenger1037,2,1,342,381,443,39,62,101,12
passenger1038,14,1,342,350,387,8,37,45,13
passenger1039,21,1,342,789,819,447,30,477,14
passenger1040,13,1,343,350,390,7,40,47,15
passenger1041,15,1,343,456,498,113,42,155,0
passenger1042,21,1,343,992,1026,649,34,683,1
passenger1043,14,1,344,404,447,60,43,103,2
passenger1044,23,1,344,1026,1056,682,30,712,3
passenger1045,17,1,344,403,443,59,40,99,4
passenger1046,19,1,345,421,453,76,32,108,5
passenger1047,20,1,345,649,680,304,31,335,6
passenger1048,17,1,345,345,381,0,36,36,7
passenger1049,3,1,346,396,454,50,58,108,8
passenger1050,12,1,346,410,455,64,45,109,9
passenger1051,5,1,346,362,418,16,56,72,10
passenger1052,14,1,346,399,436,53,37,90,11
passenger1053,5,1,347,386,443,39,57,96,12
passenger1054,14,1,347,414,451,67,37,104,13
passenger1055,10,1,348,386,433,38,47,85,14
passenger1056,2,1,348,393,456,45,63,108,15
passenger1057,4,1,348,369,432,21,63,84,0
passenger1058,14,1,349,400,443,51,43,94,1
passenger1059,3,1,349,385,447,36,62,98,2
passenger1060,22,1,349,971,1000,622,29,651,3
passenger1061,20,1,349,412,443,63,31,94,4
passenger1062,19,1,350,421,453,71,32,103,5
passenger1063,6,1,350,365,418,15,53,68,6
passenger1064,21,1,350,607,637,257,30,287,7
passenger1065,17,1,350,354,390,4,36,40,8
passenger1066,11,1,350,407,455,57,48,105,9
passenger1067,2,1,351,355,418,4,63,67,10
passenger1068,14,1,351,459,502,108,43,151,11
passenger1069,21,1,351,867,897,516,30,546,12
passenger1070,2,1,351,390,451,39,61,100,13
passenger1071,3,1,351,371,433,20,62,82,14
passenger1072,11,1,351,410,456,59,46,105,15
passenger1073,14,1,352,395,432,43,37,80,0
passenger1074,13,1,352,397,443,45,46,91,1
passenger1075,12,1,353,398,447,45,49,94,2
passenger1076,8,1,353,361,414,8,53,61,3
passenger1077,3,1,354,383,443,29,60,89,4
passenger1078,2,1,354,390,453,36,63,99,5
passenger1079,4,1,355,361,418,6,57,63,6
passenger1080,18,1,356,414,445,58,31,89,7
passenger1081,20,1,356,549,582,193,33,226,8
passenger1082,12,1,356,410,455,54,45,99,9
passenger1083,3,1,356,358,418,2,60,62,10
passenger1084,11,1,356,392,436,36,44,80,11
passenger1085,25,1,358,1051,1077,693,26,719,12
passenger1086,7,1,359,401,451,42,50,92,13
passenger1087,13,1,359,393,433,34,40,74,14
passenger1088,14,1,359,417,456,58,39,97,15
passenger1089,9,1,359,382,432,23,50,73,0
passenger1090,12,1,360,394,443,34,49,83,1
passenger1091,13,1,360,401,447,41,46,87,2
passenger1092,13,1,360,368,414,8,46,54,3
passenger1093,19,1,360,409,443,49,34,83,4
passenger1094,15,1,360,409,453,49,44,93,5
passenger1095,3,1,361,422,484,61,62,123,6
passenger1096,2,1,362,384,445,22,61,83,7
passenger1097,11,1,362,412,454,50,42,92,8
passenger1098,23,1,362,491,519,129,28,157,9
passenger1099,2,1,362,421,482,59,61,120,10
passenger1100,3,1,362,374,436,12,62,74,11
passenger1101,18,1,363,408,443,45,35,80,12
passenger1102,12,1,363,410,451,47,41,88,13
passenger1103,7,1,363,381,433,18,52,70,14
passenger1104,6,1,363,403,456,40,53,93,15
passenger1105,17,1,364,462,498,98,36,134,0
passenger1106,14,1,364,400,443,36,43,79,1
passenger1107,17,1,364,413,447,49,34,83,2
passenger1108,8,1,365,427,478,62,51,113,3
passenger1109,14,1,365,396,443,31,47,78,4
passenger1110,22,1,366,946,975,580,29,609,5
passenger1111,9,1,366,370,418,4,48,52,6
passenger1112,11,1,366,401,445,35,44,79,7
passenger1113,5,1,366,400,454,34,54,88,8
passenger1114,17,1,366,419,455,53,36,89,9
passenger1115,2,1,367,421,482,54,61,115,10
passenger1116,7,1,368,384,436,16,52,68,11
passenger1117,19,1,368,411,443,43,32,75,12
passenger1118,2,1,369,390,451,21,61,82,13
passenger1119,25,1,369,1035,1061,666,26,692,14
passenger1120,11,1,369,410,456,41,46,87,15
passenger1121,11,1,369,388,432,19,44,63,0
passenger1122,14,1,370,400,443,30,43,73,1
passenger1123,17,1,370,413,447,43,34,77,2
passenger1124,13,1,370,370,414,0,44,44,3
passenger1125,23,1,370,998,1028,628,30,658,4
passenger1126,25,1,370,1057,1083,687,26,713,5
passenger1127,6,1,370,429,484,59,55,114,6
passenger1128,18,1,370,414,445,44,31,75,7
passenger1129,9,1,371,408,454,37,46,83,8
passenger1130,25,1,371,1055,1081,684,26,710,9
passenger1131,8,1,371,431,482,60,51,111,10
passenger1132,9,1,371,388,436,17,48,65,11
passenger1133,19,1,371,473,505,102,32,134,12
passenger1134,20,1,371,480,513,109,33,142,13
passenger1135,5,1,372,375,433,3,58,61,14
passenger1136,15,1,372,420,456,48,36,84,15
passenger1137,10,1,372,385,432,13,47,60,0
passenger1138,16,1,372,406,443,34,37,71,1
passenger1139,15,1,373,407,447,34,40,74,2
passenger1140,25,1,373,1084,1110,711,26,737,3
passenger1141,24,1,373,1001,1028,628,27,655,4
passenger1142,17,1,373,415,453,42,38,80,5
passenger1143,18,1,374,385,418,11,33,44,6
passenger1144,23,1,374,991,1019,617,28,645,7
passenger1145,6,1,375,403,454,28,51,79,8
passenger1146,19,1,375,423,455,48,32,80,9
passenger1147,20,1,376,387,418,11,31,42,10
passenger1148,5,1,376,378,436,2,58,60,11
passenger1149,23,1,376,993,1021,617,28,645,12
passenger1150,18,1,376,476,513,100,37,137,13
passenger1151,10,1,377,386,433,9,47,56,14
passenger1152,13,1,377,414,456,37,42,79,15
passenger1153,13,1,378,392,432,14,40,54,0
passenger1154,24,1,379,1053,1082,674,29,703,1
passenger1155,25,1,379,1039,1065,660,26,686,2
passenger1156,21,1,380,448,478,68,30,98,3
passenger1157,17,1,380,403,443,23,40,63,4
passenger1158,4,1,380,394,453,14,59,73,5
passenger1159,23,1,380,972,1000,592,28,620,6
passenger1160,5,1,380,389,445,9,56,65,7
passenger1161,6,1,380,403,454,23,51,74,8
passenger1162,3,1,381,395,455,14,60,74,9
passenger1163,24,1,381,1033,1060,652,27,679,10
passenger1164,13,1,382,396,436,14,40,54,11
passenger1165,7,1,382,390,443,8,53,61,12
passenger1166,3,1,382,393,451,11,58,69,13
passenger1167,11,1,383,389,433,6,44,50,14
passenger1168,19,1,384,558,590,174,32,206,15
passenger1169,25,1,384,1034,1060,650,26,676,0
passenger1170,15,1,385,403,443,18,40,58,1
passenger1171,16,1,385,410,447,25,37,62,2
passenger1172,22,1,385,971,1000,586,29,615,3
passenger1173,23,1,385,998,1028,613,30,643,4
passenger1174,8,1,385,400,453,15,53,68,5
passenger1175,25,1,386,1082,1108,696,26,722,6
passenger1176,14,1,386,406,445,20,39,59,7
passenger1177,24,1,386,1065,1094,679,29,708,8
passenger1178,4,1,386,398,455,12,57,69,9
passenger1179,4,1,386,425,482,39,57,96,10
passenger1180,23,1,386,990,1018,604,28,632,11
passenger1181,18,1,388,408,443,20,35,55,12
passenger1182,6,1,388,398,451,10,53,63,13
passenger1183,23,1,388,977,1005,589,28,617,14
passenger1184,4,1,388,399,456,11,57,68,15
passenger1185,18,1,389,531,564,142,33,175,0
passenger1186,6,1,389,452,509,63,57,120,1
passenger1187,3,1,390,451,511,61,60,121,2
passenger1188,21,1,390,448,478,58,30,88,3
passenger1189,22,1,390,995,1028,605,33,638,4
passenger1190,4,1,390,394,453,4,59,63,5
passenger1191,4,1,390,425,484,35,59,94,6
passenger1192,16,1,390,410,445,20,35,55,7
passenger1193,2,1,390,393,454,3,61,64,8
passenger1194,19,1,391,423,455,32,32,64,9
passenger1195,23,1,391,978,1006,587,28,615,10
passenger1196,20,1,391,535,566,144,31,175,11
passenger1197,7,1,391,391,443,0,52,52,12
passenger1198,6,1,392,398,451,6,53,59,13
passenger1199,18,1,393,526,559,133,33,166,14
passenger1200,3,1,393,396,456,3,60,63,15
passenger1201,14,1,394,453,498,59,45,104,0
passenger1202,12,1,394,394,443,0,49,49,1
passenger1203,19,1,394,541,575,147,34,181,2
passenger1204,6,1,395,423,478,28,55,83,3
passenger1205,20,1,395,538,573,143,35,178,4
passenger1206,18,1,395,418,453,23,35,58,5
passenger1207,7,1,396,432,484,36,52,88,6
passenger1208,10,1,396,398,445,2,47,49,7
passenger1209,3,1,396,396,454,0,58,58,8
passenger1210,12,1,397,410,455,13,45,58,9
passenger1211,8,1,397,431,482,34,51,85,10
passenger1212,4,1,397,443,502,46,59,105,11
passenger1213,15,1,398,403,443,5,40,45,12
passenger1214,15,1,398,471,513,73,42,115,13
passenger1215,4,1,398,438,497,40,59,99,14
passenger1216,6,1,398,403,456,5,53,58,15
passenger1217,3,1,399,436,498,37,62,99,0
passenger1218,18,1,400,410,443,10,33,43,1
passenger1219,10,1,400,462,511,62,49,111,2
passenger1220,3,1,401,418,478,17,60,77,3
passenger1221,6,1,401,454,507,53,53,106,4
passenger1222,25,1,401,1057,1083,656,26,682,5
passenger1223,8,1,402,435,484,33,49,82,6
passenger1224,18,1,402,540,573,138,33,171,7
passenger1225,13,1,402,416,454,14,38,52,8
passenger1226,6,1,403,464,519,61,55,116,9
passenger1227,9,1,403,434,482,31,48,79,10
passenger1228,2,1,404,439,502,35,63,98,11
passenger1229,19,1,404,473,505,69,32,101,12
passenger1230,10,1,404,406,451,2,45,47,13
passenger1231,13,1,404,453,497,49,44,93,14
passenger1232,5,1,404,466,522,62,56,118,15
passenger1233,21,1,404,972,1004,568,32,600,0
passenger1234,7,1,404,455,509,51,54,105,1
passenger1235,15,1,405,407,447,2,40,42,2
passenger1236,22,1,405,971,1000,566,29,595,3
passenger1237,19,1,405,409,443,4,34,38,4
passenger1238,16,1,406,412,453,6,41,47,5
passenger1239,23,1,407,972,1000,565,28,593,6
passenger1240,6,1,407,456,507,49,51,100,7
passenger1241,25,1,407,1068,1094,661,26,687,8
passenger1242,15,1,407,415,455,8,40,48,9
passenger1243,11,1,407,438,482,31,44,75,10
passenger1244,8,1,408,451,502,43,51,94,11
passenger1245,19,1,408,473,505,65,32,97,12
passenger1246,25,1,409,1053,1079,644,26,670,13
passenger1247,18,1,409,526,559,117,33,150,14
passenger1248,2,1,409,459,522,50,63,113,15
passenger1249,13,1,409,450,498,41,48,89,0
passenger1250,19,1,411,475,509,64,34,98,1
passenger1251,11,1,411,465,511,54,46,100,2
passenger1252,20,1,411,445,478,34,33,67,3
passenger1253,18,1,412,532,573,120,41,161,4
passenger1254,3,1,412,457,521,45,64,109,5
passenger1255,15,1,412,446,484,34,38,72,6
passenger1256,6,1,412,456,507,44,51,95,7
passenger1257,13,1,413,416,454,3,38,41,8
passenger1258,11,1,413,471,519,58,48,106,9
passenger1259,21,1,413,516,546,103,30,133,10
passenger1260,22,1,413,987,1018,574,31,605,11
passenger1261,13,1,414,463,505,49,42,91,12
passenger1262,14,1,414,414,451,0,37,37,13
passenger1263,17,1,414,463,497,49,34,83,14
passenger1264,17,1,414,552,590,138,38,176,15
passenger1265,17,1,414,462,498,48,36,84,0
passenger1266,20,1,414,543,574,129,31,160,1
passenger1267,25,1,414,1039,1065,625,26,651,2
passenger1268,21,1,414,512,542,98,30,128,3
passenger1269,5,1,414,451,507,37,56,93,4
passenger1270,13,1,415,477,521,62,44,106,5
passenger1271,13,1,416,442,484,26,42,68,6
passenger1272,14,1,416,470,507,54,37,91,7
passenger1273,14,1,416,477,520,61,43,104,8
passenger1274,19,1,416,483,519,67,36,103,9
passenger1275,12,1,417,441,482,24,41,65,10
passenger1276,8,1,417,451,502,34,51,85,11
passenger1277,12,1,417,460,505,43,45,88,12
passenger1278,22,1,417,676,705,259,29,288,13
passenger1279,9,1,417,445,497,28,52,80,14
passenger1280,2,1,418,459,522,41,63,104,15
passenger1281,25,1,418,1034,1060,616,26,642,0
passenger1282,6,1,418,452,509,34,57,91,1
passenger1283,16,1,418,474,511,56,37,93,2
passenger1284,21,1,418,512,542,94,30,124,3
passenger1285,8,1,418,458,507,40,49,89,4
passenger1286,10,1,418,470,521,52,51,103,5
passenger1287,8,1,418,435,484,17,49,66,6
passenger1288,5,1,418,453,507,35,54,89,7
passenger1289,5,1,419,462,520,43,58,101,8
passenger1290,6,1,419,464,519,45,55,100,9
passenger1291,12,1,419,441,482,22,41,63,10
passenger1292,14,1,419,459,502,40,43,83,11
passenger1293,2,1,420,446,505,26,59,85,12
passenger1294,22,1,420,676,705,256,29,285,13
passenger1295,18,1,420,526,559,106,33,139,14
passenger1296,3,1,420,462,522,42,60,102,15
passenger1297,22,1,420,975,1004,555,29,584,0
passenger1298,2,1,421,446,509,25,63,88,1
passenger1299,15,1,421,471,511,50,40,90,2
passenger1300,13,1,422,434,478,12,44,56,3
passenger1301,14,1,422,470,507,48,37,85,4
passenger1302,24,1,422,1054,1083,632,29,661,5
passenger1303,24,1,423,1027,1056,604,29,633,6
passenger1304,8,1,424,460,507,36,47,83,7
passenger1305,15,1,425,480,520,55,40,95,8
passenger1306,25,1,425,1055,1081,630,26,656,9
passenger1307,19,1,426,450,482,24,32,56,10
passenger1308,23,1,426,990,1018,564,28,592,11
passenger1309,12,1,426,460,505,34,45,79,12
passenger1310,8,1,426,460,513,34,53,87,13
passenger1311,14,1,426,456,497,30,41,71,14
passenger1312,21,1,427,1002,1036,575,34,609,15
passenger1313,24,1,427,1031,1060,604,29,633,0
passenger1314,18,1,427,472,509,45,37,82,1
passenger1315,18,1,429,478,511,49,33,82,2
passenger1316,14,1,429,437,478,8,41,49,3
passenger1317,9,1,429,461,507,32,46,78,4
passenger1318,12,1,429,474,521,45,47,92,5
passenger1319,13,1,429,442,484,13,42,55,6
passenger1320,21,1,429,671,701,242,30,272,7
passenger1321,15,1,430,480,520,50,40,90,8
passenger1322,21,1,430,487,519,57,32,89,9
passenger1323,2,1,430,485,546,55,61,116,10
passenger1324,20,1,430,735,766,305,31,336,11
passenger1325,14,1,431,466,505,35,39,74,12
passenger1326,25,1,431,1053,1079,622,26,648,13
passenger1327,13,1,431,453,497,22,44,66,14
passenger1328,13,1,431,482,522,51,40,91,15
passenger1329,5,1,431,440,498,9,58,67,0
passenger1330,21,1,432,992,1026,560,34,594,1
passenger1331,18,1,433,538,575,105,37,142,2
passenger1332,22,1,434,971,1000,537,29,566,3
passenger1333,4,1,434,448,507,14,59,73,4
passenger1334,7,1,435,465,521,30,56,86,5
passenger1335,23,1,435,972,1000,537,28,565,6
passenger1336,3,1,435,449,507,14,58,72,7
passenger1337,14,1,436,477,520,41,43,84,8
passenger1338,11,1,436,471,519,35,48,83,9
passenger1339,24,1,436,1033,1060,597,27,624,10
passenger1340,22,1,436,987,1018,551,31,582,11
passenger1341,23,1,436,993,1021,557,28,585,12
passenger1342,8,1,436,460,513,24,53,77,13
passenger1343,16,1,437,460,497,23,37,60,14
passenger1344,18,1,437,555,590,118,35,153,15
passenger1345,25,1,437,1034,1060,597,26,623,0
passenger1346,2,1,438,446,509,8,63,71,1
passenger1347,25,1,439,1039,1065,600,26,626,2
passenger1348,10,1,439,493,542,54,49,103,3
passenger1349,5,1,439,451,507,12,56,68,4
passenger1350,16,1,439,486,521,47,35,82,5
passenger1351,20,1,440,781,812,341,31,372,6
passenger1352,5,1,440,453,507,13,54,67,7
passenger1353,2,1,440,457,520,17,63,80,8
passenger1354,23,1,441,997,1029,556,32,588,9
passenger1355,24,1,441,1085,1114,644,29,673,10
passenger1356,5,1,441,446,502,5,56,61,11
passenger1357,23,1,442,993,1021,551,28,579,12
passenger1358,23,1,442,995,1023,553,28,581,13
passenger1359,25,1,442,1035,1061,593,26,619,14
passenger1360,7,1,442,470,522,28,52,80,15
passenger1361,15,1,443,456,498,13,42,55,0
passenger1362,25,1,443,1056,1082,613,26,639,1
passenger1363,23,1,443,673,701,230,28,258,2
passenger1364,16,1,444,505,542,61,37,98,3
passenger1365,6,1,444,454,507,10,53,63,4
passenger1366,4,1,445,460,521,15,61,76,5
passenger1367,8,1,445,497,552,52,55,107,6
passenger1368,3,1,445,449,507,4,58,62,7
passenger1369,6,1,446,465,520,19,55,74,8
passenger1370,3,1,446,459,519,13,60,73,9
passenger1371,20,1,446,513,546,67,33,100,10
passenger1372,16,1,446,463,502,17,39,56,11
passenger1373,14,1,446,466,505,20,39,59,12
passenger1374,21,1,446,673,705,227,32,259,13
passenger1375,11,1,447,449,497,2,48,50,14
passenger1376,11,1,447,478,522,31,44,75,15
passenger1377,6,1,447,505,564,58,59,117,0
passenger1378,12,1,447,464,509,17,45,62,1
passenger1379,6,1,448,456,511,8,55,63,2
passenger1380,16,1,448,505,542,57,37,94,3
passenger1381,25,1,448,1056,1082,608,26,634,4
passenger1382,14,1,448,480,521,32,41,73,5
passenger1383,9,1,448,500,552,52,52,104,6
passenger1384,18,1,448,540,573,92,33,125,7
passenger1385,21,1,449,552,582,103,30,133,8
passenger1386,13,1,450,475,519,25,44,69,9
passenger1387,8,1,451,493,546,42,53,95,10
passenger1388,19,1,451,470,502,19,32,51,11
passenger1389,6,1,451,452,505,1,53,54,12
passenger1390,25,1,452,1053,1079,601,26,627,13
passenger1391,9,1,452,513,559,61,46,107,14
passenger1392,10,1,452,475,522,23,47,70,15
passenger1393,19,1,453,596,628,143,32,175,0
passenger1394,2,1,453,512,574,59,62,121,1
passenger1395,6,1,453,456,511,3,55,58,2
passenger1396,5,1,453,486,542,33,56,89,3
passenger1397,11,1,454,465,507,11,42,53,4
passenger1398,15,1,454,483,521,29,38,67,5
passenger1399,6,1,454,491,552,37,61,98,6
passenger1400,10,1,454,464,507,10,43,53,7
passenger1401,20,1,454,549,582,95,33,128,8
passenger1402,24,1,454,1000,1029,546,29,575,9
passenger1403,2,1,455,485,546,30,61,91,10
passenger1404,17,1,455,466,502,11,36,47,11
passenger1405,2,1,456,508,567,52,59,111,12
passenger1406,14,1,456,468,513,12,45,57,13
passenger1407,23,1,456,977,1005,521,28,549,14
passenger1408,21,1,456,1002,1036,546,34,580,15
passenger1409,7,1,456,508,564,52,56,108,0
passenger1410,8,1,456,458,509,2,51,53,1
passenger1411,20,1,456,544,575,88,31,119,2
passenger1412,21,1,457,968,1000,511,32,543,3
passenger1413,8,1,457,458,507,1,49,50,4
passenger1414,2,1,457,524,587,67,63,130,5
passenger1415,12,1,457,505,552,48,47,95,6
passenger1416,16,1,457,474,507,17,33,50,7
passenger1417,12,1,457,473,520,16,47,63,8
passenger1418,24,1,457,1000,1029,543,29,572,9
passenger1419,21,1,458,582,614,124,32,156,10
passenger1420,20,1,458,867,898,409,31,440,11
passenger1421,2,1,459,508,567,49,59,108,12
passenger1422,22,1,459,992,1023,533,31,564,13
passenger1423,20,1,459,592,623,133,31,164,14
passenger1424,11,1,459,478,522,19,44,63,15
passenger1425,16,1,459,459,498,0,39,39,0
passenger1426,21,1,460,992,1026,532,34,566,1
passenger1427,23,1,461,673,701,212,28,240,2
passenger1428,15,1,461,502,542,41,40,81,3
passenger1429,2,1,461,510,573,49,63,112,4
passenger1430,16,1,462,550,587,88,37,125,5
passenger1431,18,1,462,519,552,57,33,90,6
passenger1432,3,1,463,513,573,50,60,110,7
passenger1433,21,1,463,552,582,89,30,119,8
passenger1434,6,1,464,464,519,0,55,55,9
passenger1435,23,1,465,978,1006,513,28,541,10
passenger1436,15,1,467,526,566,59,40,99,11
passenger1437,9,1,467,517,567,50,50,100,12
passenger1438,3,1,467,517,579,50,62,112,13
passenger1439,2,1,468,500,559,32,59,91,14
passenger1440,19,1,469,754,786,285,32,317,15
passenger1441,11,1,469,518,564,49,46,95,0
passenger1442,22,1,470,995,1026,525,31,556,1
passenger1443,7,1,470,519,575,49,56,105,2
passenger1444,24,1,470,1029,1056,559,27,586,3
passenger1445,24,1,471,1001,1028,530,27,557,4
passenger1446,4,1,471,528,587,57,59,116,5
passenger1447,17,1,471,516,552,45,36,81,6
passenger1448,24,1,471,1046,1075,575,29,604,7
passenger1449,9,1,471,530,582,59,52,111,8
passenger1450,3,1,472,523,583,51,60,111,9
passenger1451,23,1,472,1030,1060,558,30,588,10
passenger1452,13,1,472,522,566,50,44,94,11
passenger1453,2,1,474,508,567,34,59,93,12
passenger1454,22,1,474,992,1023,518,31,549,13
passenger1455,18,1,475,526,559,51,33,84,14
passenger1456,3,1,475,526,590,51,64,115,15
passenger1457,8,1,475,511,564,36,53,89,0
passenger1458,2,1,475,512,574,37,62,99,1
passenger1459,24,1,475,986,1013,511,27,538,2
passenger1460,2,1,475,481,542,6,61,67,3
passenger1461,21,1,476,541,573,65,32,97,4
passenger1462,14,1,476,480,521,4,41,45,5
passenger1463,15,1,476,512,552,36,40,76,6
passenger1464,21,1,477,671,701,194,30,224,7
passenger1465,23,1,477,1012,1040,535,28,563,8
passenger1466,5,1,478,527,583,49,56,105,9
passenger1467,2,1,478,485,546,7,61,68,10
passenger1468,4,1,478,507,566,29,59,88,11
passenger1469,18,1,479,598,631,119,33,152,12
passenger1470,15,1,480,541,579,61,38,99,13
passenger1471,4,1,480,504,559,24,55,79,14
passenger1472,7,1,481,534,590,53,56,109,15
passenger1473,14,1,481,525,564,44,39,83,0
passenger1474,19,1,481,540,574,59,34,93,1
passenger1475,10,1,481,524,575,43,51,94,2
passenger1476,24,1,481,1029,1056,548,27,575,3
passenger1477,25,1,482,1056,1082,574,26,600,4
passenger1478,20,1,482,622,653,140,31,171,5
passenger1479,12,1,482,505,552,23,47,70,6
passenger1480,23,1,482,991,1019,509,28,537,7
passenger1481,19,1,482,486,520,4,34,38,8
passenger1482,14,1,483,544,583,61,39,100,9
passenger1483,12,1,483,499,546,16,47,63,10
passenger1484,21,1,484,984,1018,500,34,534,11
passenger1485,15,1,484,531,567,47,36,83,12
passenger1486,6,1,484,524,579,40,55,95,13
passenger1487,25,1,484,1035,1061,551,26,577,14
passenger1488,3,1,484,526,590,42,64,106,15
passenger1489,18,1,485,531,564,46,33,79,0
passenger1490,17,1,485,536,574,51,38,89,1
passenger1491,16,1,486,534,575,48,41,89,2
passenger1492,3,1,486,548,612,62,64,126,3
passenger1493,13,1,486,523,573,37,50,87,4
passenger1494,23,1,486,1001,1029,515,28,543,5
passenger1495,7,1,486,494,552,8,58,66,6
passenger1496,18,1,487,540,573,53,33,86,7
passenger1497,22,1,487,1009,1040,522,31,553,8
passenger1498,24,1,487,1000,1029,513,29,542,9
passenger1499,14,1,487,503,546,16,43,59,10
passenger1500,9,1,488,516,566,28,50,78,11
passenger1501,18,1,488,598,631,110,33,143,12
passenger1502,13,1,488,537,579,49,42,91,13
passenger1503,17,1,489,523,559,34,36,70,14
passenger1504,19,1,489,944,978,455,34,489,15
passenger1505,19,1,490,660,692,170,32,202,0
passenger1506,7,1,490,521,574,31,53,84,1
passenger1507,20,1,490,606,637,116,31,147,2
passenger1508,15,1,491,502,542,11,40,51,3
passenger1509,24,1,491,1053,1082,562,29,591,4
passenger1510,17,1,491,553,587,62,34,96,5
passenger1511,23,1,491,972,1000,481,28,509,6
passenger1512,25,1,491,1049,1075,558,26,584,7
passenger1513,25,1,491,1068,1094,577,26,603,8
passenger1514,19,1,492,551,583,59,32,91,9
passenger1515,16,1,492,507,546,15,39,54,10
passenger1516,4,1,492,507,566,15,59,74,11
passenger1517,11,1,493,523,567,30,44,74,12
passenger1518,13,1,494,537,579,43,42,85,13
passenger1519,20,1,495,660,691,165,31,196,14
passenger1520,16,1,495,549,590,54,41,95,15
passenger1521,12,1,495,521,564,26,43,69,0
passenger1522,5,1,497,517,574,20,57,77,1
passenger1523,19,1,497,541,575,44,34,78,2
passenger1524,12,1,497,497,542,0,45,45,3
passenger1525,2,1,499,510,573,11,63,74,4
passenger1526,8,1,499,534,587,35,53,88,5
passenger1527,23,1,500,1024,1056,524,32,556,6
passenger1528,4,1,500,516,573,16,57,73,7
passenger1529,11,1,500,534,582,34,48,82,8
passenger1530,14,1,500,544,583,44,39,83,9
passenger1531,4,1,501,551,614,50,63,113,10
passenger1532,5,1,501,510,566,9,56,65,11
passenger1533,24,1,501,1048,1077,547,29,576,12
passenger1534,16,1,502,544,579,42,35,77,13
passenger1535,7,1,502,509,559,7,50,57,14
passenger1536,6,1,503,531,590,28,59,87,15
passenger1537,12,1,503,521,564,18,43,61,0
passenger1538,19,1,503,540,574,37,34,71,1
passenger1539,19,1,503,541,575,38,34,72,2
passenger1540,6,1,503,555,612,52,57,109,3
passenger1541,19,1,503,535,573,32,38,70,4
passenger1542,23,1,503,1001,1029,498,28,526,5
passenger1543,7,1,504,562,616,58,54,112,6
passenger1544,2,1,504,510,573,6,63,69,7
passenger1545,25,1,505,1068,1094,563,26,589,8
passenger1546,14,1,505,544,583,39,39,78,9
passenger1547,20,1,506,513,546,7,33,40,10
passenger1548,9,1,506,516,566,10,50,60,11
passenger1549,9,1,506,517,567,11,50,61,12
passenger1550,7,1,506,527,579,21,52,73,13
passenger1551,7,1,506,509,559,3,50,53,14
passenger1552,13,1,507,544,590,37,46,83,15
passenger1553,4,1,508,569,628,61,59,120,0
passenger1554,22,1,508,995,1026,487,31,518,1
passenger1555,14,1,508,530,575,22,45,67,2
passenger1556,23,1,509,1026,1056,517,30,547,3
passenger1557,14,1,509,526,573,17,47,64,4
passenger1558,9,1,509,537,587,28,50,78,5
passenger1559,14,1,509,509,552,0,43,43,6
passenger1560,5,1,510,519,573,9,54,63,7
passenger1561,21,1,510,690,720,180,30,210,8
passenger1562,19,1,510,551,583,41,32,73,9
passenger1563,5,1,510,554,614,44,60,104,10
passenger1564,15,1,511,526,566,15,40,55,11
passenger1565,14,1,511,528,567,17,39,56,12
passenger1566,6,1,511,524,579,13,55,68,13
passenger1567,4,1,512,564,623,52,59,111,14
passenger1568,20,1,513,947,978,434,31,465,15
passenger1569,8,1,513,513,564,0,51,51,0
passenger1570,14,1,513,530,574,17,44,61,1
passenger1571,7,1,514,519,575,5,56,61,2
passenger1572,17,1,514,576,612,62,36,98,3
passenger1573,3,1,514,577,640,63,63,126,4
passenger1574,10,1,515,540,587,25,47,72,5
passenger1575,15,1,515,574,616,59,42,101,6
passenger1576,12,1,515,530,573,15,43,58,7
passenger1577,16,1,515,541,582,26,41,67,8
passenger1578,6,1,515,530,583,15,53,68,9
passenger1579,12,1,516,569,614,53,45,98,10
passenger1580,20,1,516,929,960,413,31,444,11
passenger1581,10,1,517,520,567,3,47,50,12
passenger1582,5,1,517,521,579,4,58,62,13
passenger1583,22,1,518,974,1005,456,31,487,14
passenger1584,20,1,518,947,978,429,31,460,15
passenger1585,18,1,518,593,628,75,35,110,0
passenger1586,21,1,518,992,1026,474,34,508,1
passenger1587,20,1,519,606,637,87,31,118,2
passenger1588,19,1,519,580,612,61,32,93,3
passenger1589,14,1,519,526,573,7,47,54,4
passenger1590,2,1,519,524,587,5,63,68,5
passenger1591,16,1,520,577,616,57,39,96,6
passenger1592,8,1,520,524,573,4,49,53,7
passenger1593,20,1,521,549,582,28,33,61,8
passenger1594,13,1,522,541,583,19,42,61,9
passenger1595,23,1,522,1030,1060,508,30,538,10
passenger1596,16,1,523,529,566,6,37,43,11
passenger1597,15,1,524,531,567,7,36,43,12
passenger1598,24,1,525,1050,1079,525,29,554,13
passenger1599,13,1,525,581,623,56,42,98,14
passenger1600,11,1,526,540,590,14,50,64,15
passenger1601,10,1,526,579,628,53,49,102,0
passenger1602,23,1,527,1050,1082,523,32,555,1
passenger1603,20,1,528,606,637,78,31,109,2
passenger1604,5,1,528,552,612,24,60,84,3
passenger1605,13,1,528,595,640,67,45,112,4
passenger1606,10,1,528,540,587,12,47,59,5
passenger1607,17,1,528,580,616,52,36,88,6
passenger1608,3,1,529,577,637,48,60,108,7
passenger1609,19,1,529,546,582,17,36,53,8
passenger1610,19,1,529,613,651,84,38,122,9
passenger1611,7,1,529,558,614,29,56,85,10
passenger1612,5,1,529,574,632,45,58,103,11
passenger1613,17,1,529,595,631,66,36,102,12
passenger1614,8,1,530,530,579,0,49,49,13
passenger1615,24,1,530,1032,1061,502,29,531,14
passenger1616,20,1,530,947,978,417,31,448,15
passenger1617,24,1,531,1031,1060,500,29,529,0
passenger1618,14,1,531,531,574,0,43,43,1
passenger1619,24,1,531,986,1013,455,27,482,2
passenger1620,2,1,533,545,612,12,67,79,3
passenger1621,8,1,533,586,640,53,54,107,4
passenger1622,2,1,533,590,653,57,63,120,5
passenger1623,18,1,533,583,616,50,33,83,6
passenger1624,14,1,534,534,573,0,39,39,7
passenger1625,8,1,534,595,650,61,55,116,8
passenger1626,9,1,535,535,583,0,48,48,9
passenger1627,17,1,535,576,614,41,38,79,10
passenger1628,6,1,536,577,632,41,55,96,11
passenger1629,14,1,536,590,631,54,41,95,12
passenger1630,16,1,536,602,639,66,37,103,13
passenger1631,7,1,536,569,623,33,54,87,14
passenger1632,7,1,537,600,656,63,56,119,15
passenger1633,10,1,537,579,628,42,49,91,0
passenger1634,16,1,537,603,642,66,39,105,1
passenger1635,8,1,538,588,637,50,49,99,2
passenger1636,11,1,538,566,612,28,46,74,3
passenger1637,15,1,539,599,640,60,41,101,4
passenger1638,6,1,539,600,653,61,53,114,5
passenger1639,15,1,539,574,616,35,42,77,6
passenger1640,5,1,540,581,637,41,56,97,7
passenger1641,5,1,540,588,650,48,62,110,8
passenger1642,7,1,540,593,651,53,58,111,9
passenger1643,8,1,540,561,614,21,53,74,10
passenger1644,2,1,540,569,632,29,63,92,11
passenger1645,25,1,541,1051,1077,510,26,536,12
passenger1646,9,1,541,589,639,48,50,98,13
passenger1647,21,1,541,853,883,312,30,342,14
passenger1648,23,1,542,1060,1092,518,32,550,15
passenger1649,21,1,542,972,1004,430,32,462,0
passenger1650,21,1,542,992,1026,450,34,484,1
passenger1651,4,1,543,582,637,39,55,94,2
passenger1652,10,1,544,563,612,19,49,68,3
passenger1653,19,1,544,608,640,64,32,96,4
passenger1654,15,1,545,547,587,2,40,42,5
passenger1655,2,1,545,555,616,10,61,71,6
passenger1656,15,1,546,595,637,49,42,91,7
passenger1657,21,1,546,892,922,346,30,376,8
passenger1658,21,1,546,619,651,73,32,105,9
passenger1659,11,1,546,566,614,20,48,68,10
passenger1660,7,1,547,580,632,33,52,85,11
passenger1661,9,1,547,579,631,32,52,84,12
passenger1662,9,1,548,589,639,41,50,91,13
passenger1663,10,1,548,574,623,26,49,75,14
passenger1664,9,1,549,606,656,57,50,107,15
passenger1665,12,1,549,583,628,34,45,79,0
passenger1666,2,1,549,577,642,28,65,93,1
passenger1667,8,1,550,588,637,38,49,87,2
passenger1668,9,1,550,560,612,10,52,62,3
passenger1669,5,1,550,581,640,31,59,90,4
passenger1670,23,1,551,1001,1029,450,28,478,5
passenger1671,18,1,551,583,616,32,33,65,6
passenger1672,23,1,551,1043,1075,492,32,524,7
passenger1673,15,1,552,610,650,58,40,98,8
passenger1674,4,1,552,588,651,36,63,99,9
passenger1675,23,1,552,1030,1060,478,30,508,10
passenger1676,12,1,554,591,632,37,41,78,11
passenger1677,18,1,554,664,699,110,35,145,12
passenger1678,11,1,554,593,639,39,46,85,13
passenger1679,13,1,555,581,623,26,42,68,14
passenger1680,13,1,555,614,656,59,42,101,15
passenger1681,8,1,555,575,628,20,53,73,0
passenger1682,15,1,555,600,642,45,42,87,1
passenger1683,19,1,556,603,637,47,34,81,2
passenger1684,2,1,556,615,678,59,63,122,3
passenger1685,5,1,556,581,640,25,59,84,4
passenger1686,22,1,557,946,975,389,29,418,5
passenger1687,15,1,557,574,616,17,42,59,6
passenger1688,25,1,558,1049,1075,491,26,517,7
passenger1689,16,1,558,613,650,55,37,92,8
passenger1690,17,1,559,609,651,50,42,92,9
passenger1691,23,1,559,1030,1060,471,30,501,10
passenger1692,17,1,559,664,698,105,34,139,11
passenger1693,9,1,559,579,631,20,52,72,12
passenger1694,14,1,560,598,639,38,41,79,13
passenger1695,7,1,560,569,623,9,54,63,14
passenger1696,10,1,560,609,656,49,47,96,15
passenger1697,18,1,560,593,628,33,35,68,0
passenger1698,5,1,560,582,642,22,60,82,1
passenger1699,18,1,561,600,637,39,37,76,2
passenger1700,16,1,561,573,612,12,39,51,3
passenger1701,9,1,561,589,640,28,51,79,4
passenger1702,3,1,561,593,653,32,60,92,5
passenger1703,18,1,562,643,680,81,37,118,6
passenger1704,21,1,562,671,701,109,30,139,7
passenger1705,19,1,562,686,720,124,34,158,8
passenger1706,12,1,563,600,651,37,51,88,9
passenger1707,17,1,563,576,614,13,38,51,10
passenger1708,11,1,563,588,632,25,44,69,11
passenger1709,10,1,563,584,631,21,47,68,12
passenger1710,9,1,563,589,639,26,50,76,13
passenger1711,7,1,563,569,623,6,54,60,14
passenger1712,25,1,563,1066,1092,503,26,529,15
passenger1713,17,1,564,590,628,26,38,64,0
passenger1714,6,1,564,585,642,21,57,78,1
passenger1715,22,1,564,670,701,106,31,137,2
passenger1716,5,1,564,622,678,58,56,114,3
passenger1717,16,1,565,602,640,37,38,75,4
passenger1718,5,1,565,597,653,32,56,88,5
passenger1719,10,1,566,567,616,1,49,50,6
passenger1720,17,1,567,599,637,32,38,70,7
passenger1721,25,1,567,1068,1094,501,26,527,8
passenger1722,25,1,567,1055,1081,488,26,514,9
passenger1723,23,1,568,1030,1060,462,30,492,10
passenger1724,7,1,568,580,632,12,52,64,11
passenger1725,4,1,568,572,631,4,59,63,12
passenger1726,23,1,568,995,1023,427,28,455,13
passenger1727,24,1,570,1032,1061,462,29,491,14
passenger1728,8,1,572,603,656,31,53,84,15
passenger1729,2,1,572,631,692,59,61,120,0
passenger1730,17,1,572,606,642,34,36,70,1
passenger1731,3,1,572,579,637,7,58,65,2
passenger1732,2,1,572,615,678,43,63,106,3
passenger1733,24,1,572,1053,1082,481,29,510,4
passenger1734,13,1,573,611,653,38,42,80,5
passenger1735,4,1,573,621,680,48,59,107,6
passenger1736,17,1,573,599,637,26,38,64,7
passenger1737,10,1,573,599,650,26,51,77,8
passenger1738,14,1,573,604,651,31,47,78,9
passenger1739,23,1,574,1030,1060,456,30,486,10
passenger1740,7,1,574,580,632,6,52,58,11
passenger1741,17,1,575,595,631,20,36,56,12
passenger1742,21,1,575,673,705,98,32,130,13
passenger1743,12,1,576,578,623,2,45,47,14
passenger1744,25,1,576,1066,1092,490,26,516,15
passenger1745,12,1,577,583,628,6,45,51,0
passenger1746,13,1,578,596,642,18,46,64,1
passenger1747,23,1,579,931,959,352,28,380,2
passenger1748,17,1,579,710,746,131,36,167,3
passenger1749,22,1,580,995,1028,415,33,448,4
passenger1750,20,1,580,622,653,42,31,73,5
passenger1751,19,1,580,646,680,66,34,100,6
passenger1752,7,1,580,585,637,5,52,57,7
passenger1753,11,1,580,602,650,22,48,70,8
passenger1754,22,1,581,622,651,41,29,70,9
passenger1755,16,1,581,643,682,62,39,101,10
passenger1756,8,1,581,583,632,2,49,51,11
passenger1757,9,1,581,581,631,0,50,50,12
passenger1758,20,1,581,608,639,27,31,58,13
passenger1759,6,1,582,634,691,52,57,109,14
passenger1760,4,1,583,595,656,12,61,73,15
passenger1761,20,1,583,851,882,268,31,299,0
passenger1762,8,1,583,589,642,6,53,59,1
passenger1763,20,1,584,606,637,22,31,53,2
passenger1764,14,1,584,639,678,55,39,94,3
passenger1765,25,1,584,1056,1082,472,26,498,4
passenger1766,14,1,585,614,653,29,39,68,5
passenger1767,22,1,586,969,1000,383,31,414,6
passenger1768,22,1,586,988,1019,402,31,433,7
passenger1769,7,1,586,592,650,6,58,64,8
passenger1770,25,1,587,1055,1081,468,26,494,9
passenger1771,19,1,587,650,682,63,32,95,10
passenger1772,4,1,587,639,698,52,59,111,11
passenger1773,2,1,588,634,699,46,65,111,12
passenger1774,8,1,589,652,705,63,53,116,13
passenger1775,2,1,589,626,691,37,65,102,14
passenger1776,10,1,589,609,656,20,47,67,15
passenger1777,25,1,589,1034,1060,445,26,471,0
passenger1778,13,1,589,596,642,7,46,53,1
passenger1779,2,1,590,640,701,50,61,111,2
passenger1780,13,1,590,636,678,46,42,88,3
passenger1781,7,1,590,650,706,60,56,116,4
passenger1782,22,1,591,998,1029,407,31,438,5
passenger1783,4,1,591,621,680,30,59,89,6
passenger1784,20,1,592,604,637,12,33,45,7
passenger1785,12,1,592,605,650,13,45,58,8
passenger1786,2,1,592,654,713,62,59,121,9
passenger1787,18,1,593,647,682,54,35,89,10
passenger1788,12,1,593,593,632,0,39,39,11
passenger1789,20,1,593,730,761,137,31,168,12
passenger1790,16,1,596,602,639,6,37,43,13
passenger1791,20,1,596,660,691,64,31,95,14
passenger1792,13,1,597,614,656,17,42,59,15
passenger1793,2,1,597,631,692,34,61,95,0
passenger1794,5,1,598,652,712,54,60,114,1
passenger1795,13,1,598,655,701,57,46,103,2
passenger1796,11,1,599,632,678,33,46,79,3
passenger1797,21,1,599,676,706,77,30,107,4
passenger1798,11,1,599,607,653,8,46,54,5
passenger1799,22,1,600,969,1000,369,31,400,6
passenger1800,6,1,600,644,701,44,57,101,7
passenger1801,11,1,601,602,650,1,48,49,8
passenger1802,20,1,601,616,651,15,35,50,9
passenger1803,4,1,601,621,682,20,61,81,10
passenger1804,9,1,601,648,698,47,50,97,11
passenger1805,20,1,601,730,761,129,31,160,12
passenger1806,16,1,601,602,639,1,37,38,13
passenger1807,20,1,602,722,755,120,33,153,14
passenger1808,14,1,602,617,656,15,39,54,15
passenger1809,22,1,602,975,1004,373,29,402,0
passenger1810,23,1,602,1050,1082,448,32,480,1
passenger1811,25,1,602,1039,1065,437,26,463,2
passenger1812,4,1,603,619,678,16,59,75,3
passenger1813,16,1,603,603,640,0,37,37,4
passenger1814,4,1,604,658,721,54,63,117,5
passenger1815,7,1,605,628,680,23,52,75,6
passenger1816,9,1,605,651,701,46,50,96,7
passenger1817,17,1,606,680,720,74,40,114,8
passenger1818,12,1,606,670,713,64,43,107,9
passenger1819,22,1,606,975,1006,369,31,400,10
passenger1820,9,1,607,648,698,41,50,91,11
passenger1821,16,1,608,660,699,52,39,91,12
passenger1822,20,1,608,608,639,0,31,31,13
passenger1823,25,1,608,1087,1113,479,26,505,14
passenger1824,7,1,608,670,722,62,52,114,15
passenger1825,19,1,608,722,754,114,32,146,0
passenger1826,4,1,608,649,712,41,63,104,1
passenger1827,15,1,609,661,701,52,40,92,2
passenger1828,11,1,609,632,678,23,46,69,3
passenger1829,25,1,609,1056,1082,447,26,473,4
passenger1830,20,1,609,750,783,141,33,174,5
passenger1831,24,1,609,1027,1056,418,29,447,6
passenger1832,22,1,609,988,1019,379,31,410,7
passenger1833,11,1,610,670,720,60,50,110,8
passenger1834,19,1,610,613,651,3,38,41,9
passenger1835,2,1,610,617,682,7,65,72,10
passenger1836,15,1,612,660,698,48,38,86,11
passenger1837,3,1,612,637,699,25,62,87,12
passenger1838,19,1,612,667,705,55,38,93,13
passenger1839,25,1,612,1087,1113,475,26,501,14
passenger1840,18,1,612,623,656,11,33,44,15
passenger1841,22,1,613,975,1004,362,29,391,0
passenger1842,7,1,613,656,712,43,56,99,1
passenger1843,25,1,613,1039,1065,426,26,452,2
passenger1844,15,1,613,642,678,29,36,65,3
passenger1845,18,1,614,671,706,57,35,92,4
passenger1846,20,1,614,750,783,136,33,169,5
passenger1847,17,1,614,640,680,26,40,66,6
passenger1848,9,1,614,651,701,37,50,87,7
passenger1849,16,1,615,615,650,0,35,35,8
passenger1850,17,1,615,677,713,62,36,98,9
passenger1851,22,1,615,975,1006,360,31,391,10
passenger1852,13,1,615,656,698,41,42,83,11
passenger1853,14,1,616,656,699,40,43,83,12
passenger1854,14,1,616,660,705,44,45,89,13
passenger1855,4,1,616,630,691,14,61,75,14
passenger1856,4,1,616,663,722,47,59,106,15
passenger1857,2,1,616,631,692,15,61,76,0
passenger1858,17,1,617,674,712,57,38,95,1
passenger1859,12,1,618,652,701,34,49,83,2
passenger1860,22,1,619,1023,1056,404,33,437,3
passenger1861,18,1,619,671,706,52,35,87,4
passenger1862,5,1,619,661,721,42,60,102,5
passenger1863,4,1,620,621,680,1,59,60,6
passenger1864,10,1,621,654,701,33,47,80,7
passenger1865,24,1,621,1065,1094,444,29,473,8
passenger1866,3,1,621,657,713,36,56,92,9
passenger1867,6,1,621,625,682,4,57,61,10
passenger1868,2,1,622,635,698,13,63,76,11
passenger1869,11,1,622,649,699,27,50,77,12
passenger1870,25,1,622,1105,1131,483,26,509,13
passenger1871,18,1,623,654,691,31,37,68,14
passenger1872,13,1,623,684,722,61,38,99,15
passenger1873,5,1,623,636,692,13,56,69,0
passenger1874,10,1,623,661,712,38,51,89,1
passenger1875,14,1,623,658,701,35,43,78,2
passenger1876,8,1,624,627,678,3,51,54,3
passenger1877,18,1,625,671,706,46,35,81,4
passenger1878,25,1,625,1057,1083,432,26,458,5
passenger1879,6,1,625,625,680,0,55,55,6
passenger1880,8,1,625,648,701,23,53,76,7
passenger1881,5,1,626,660,720,34,60,94,8
passenger1882,19,1,626,747,779,121,32,153,9
passenger1883,13,1,626,634,682,8,48,56,10
passenger1884,8,1,626,645,698,19,53,72,11
passenger1885,7,1,626,643,699,17,56,73,12
passenger1886,3,1,626,645,705,19,60,79,13
passenger1887,13,1,627,647,691,20,44,64,14
passenger1888,18,1,628,751,786,123,35,158,15
passenger1889,7,1,628,640,692,12,52,64,0
passenger1890,2,1,629,645,712,16,67,83,1
passenger1891,13,1,629,655,701,26,46,72,2
passenger1892,18,1,630,713,746,83,33,116,3
passenger1893,10,1,630,655,706,25,51,76,4
passenger1894,8,1,630,668,721,38,53,91,5
passenger1895,5,1,630,688,742,58,54,112,6
passenger1896,19,1,631,667,701,36,34,70,7
passenger1897,22,1,631,1009,1040,378,31,409,8
passenger1898,20,1,631,936,971,305,35,340,9
passenger1899,14,1,631,637,682,6,45,51,10
passenger1900,19,1,631,732,766,101,34,135,11
passenger1901,11,1,631,649,699,18,50,68,12
passenger1902,2,1,631,642,705,11,63,74,13
passenger1903,10,1,632,642,691,10,49,59,14
passenger1904,18,1,632,751,786,119,35,154,15
passenger1905,17,1,632,654,692,22,38,60,0
passenger1906,25,1,632,1108,1134,476,26,502,1
passenger1907,25,1,633,1039,1065,406,26,432,2
passenger1908,7,1,633,690,746,57,56,113,3
passenger1909,2,1,633,643,706,10,63,73,4
passenger1910,8,1,634,668,721,34,53,87,5
passenger1911,23,1,634,1024,1056,390,32,422,6
passenger1912,21,1,635,933,963,298,30,328,7
passenger1913,4,1,635,657,720,22,63,85,8
passenger1914,5,1,635,661,713,26,52,78,9
passenger1915,15,1,636,640,682,4,42,46,10
passenger1916,17,1,636,664,698,28,34,62,11
passenger1917,25,1,636,1103,1129,467,26,493,12
passenger1918,20,1,636,670,705,34,35,69,13
passenger1919,7,1,637,637,691,0,54,54,14
passenger1920,2,1,638,659,722,21,63,84,15
passenger1921,17,1,638,654,692,16,38,54,0
passenger1922,15,1,639,668,712,29,44,73,1
passenger1923,24,1,639,986,1013,347,27,374,2
passenger1924,15,1,639,704,746,65,42,107,3
passenger1925,14,1,639,663,706,24,43,67,4
passenger1926,9,1,639,671,721,32,50,82,5
passenger1927,4,1,641,685,742,44,57,101,6
passenger1928,23,1,641,1043,1075,402,32,434,7
passenger1929,21,1,641,954,986,313,32,345,8
passenger1930,5,1,642,661,713,19,52,71,9
passenger1931,18,1,642,647,682,5,35,40,10
passenger1932,10,1,642,651,698,9,47,56,11
passenger1933,12,1,642,652,699,10,47,57,12
passenger1934,22,1,642,992,1023,350,31,381,13
passenger1935,22,1,642,974,1005,332,31,363,14
passenger1936,6,1,642,667,722,25,55,80,15
passenger1937,9,1,643,644,692,1,48,49,0
passenger1938,21,1,644,992,1026,348,34,382,1
passenger1939,24,1,644,986,1013,342,27,369,2
passenger1940,3,1,646,682,746,36,64,100,3
passenger1941,22,1,646,995,1028,349,33,382,4
passenger1942,13,1,647,679,721,32,42,74,5
passenger1943,16,1,647,707,742,60,35,95,6
passenger1944,3,1,647,707,765,60,58,118,7
passenger1945,18,1,647,683,720,36,37,73,8
passenger1946,18,1,647,680,713,33,33,66,9
passenger1947,17,1,648,708,746,60,38,98,10
passenger1948,20,1,648,981,1018,333,37,370,11
passenger1949,24,1,649,1048,1077,399,29,428,12
passenger1950,22,1,649,992,1023,343,31,374,13
passenger1951,19,1,649,657,691,8,34,42,14
passenger1952,25,1,649,1066,1092,417,26,443,15
passenger1953,18,1,649,657,692,8,35,43,0
passenger1954,18,1,650,677,712,27,35,62,1
passenger1955,15,1,651,661,701,10,40,50,2
passenger1956,20,1,651,965,1000,314,35,349,3
passenger1957,3,1,652,712,774,60,62,122,4
passenger1958,14,1,652,682,721,30,39,69,5
passenger1959,12,1,652,699,742,47,43,90,6
passenger1960,23,1,652,1043,1075,391,32,423,7
passenger1961,3,1,652,654,720,2,66,68,8
passenger1962,17,1,652,677,713,25,36,61,9
passenger1963,6,1,653,691,746,38,55,93,10
passenger1964,23,1,653,1042,1074,389,32,421,11
passenger1965,22,1,653,990,1021,337,31,368,12
passenger1966,7,1,653,719,771,66,52,118,13
passenger1967,22,1,653,974,1005,321,31,352,14
passenger1968,13,1,653,684,722,31,38,69,15
passenger1969,25,1,653,1086,1112,433,26,459,0
passenger1970,19,1,654,680,712,26,32,58,1
passenger1971,2,1,654,704,765,50,61,111,2
passenger1972,6,1,654,687,746,33,59,92,3
passenger1973,11,1,654,658,706,4,48,52,4
passenger1974,7,1,655,665,721,10,56,66,5
passenger1975,5,1,655,688,742,33,54,87,6
passenger1976,25,1,656,1101,1127,445,26,471,7
passenger1977,22,1,656,1009,1040,353,31,384,8
passenger1978,12,1,656,670,713,14,43,57,9
passenger1979,7,1,656,694,746,38,52,90,10
passenger1980,6,1,656,707,766,51,59,110,11
passenger1981,23,1,657,993,1021,336,28,364,12
passenger1982,9,1,657,725,771,68,46,114,13
passenger1983,2,1,658,694,755,36,61,97,14
passenger1984,11,1,658,678,722,20,44,64,15
passenger1985,12,1,658,707,754,49,47,96,0
passenger1986,16,1,658,671,712,13,41,54,1
passenger1987,10,1,658,716,765,58,49,107,2
passenger1988,24,1,658,1081,1110,423,29,452,3
passenger1989,17,1,658,668,706,10,38,48,4
passenger1990,25,1,659,1057,1083,398,26,424,5
passenger1991,10,1,659,695,742,36,47,83,6
passenger1992,17,1,659,663,701,4,38,42,7
passenger1993,10,1,659,667,720,8,53,61,8
passenger1994,18,1,659,680,713,21,33,54,9
passenger1995,19,1,659,714,746,55,32,87,10
passenger1996,9,1,659,714,766,55,52,107,11
passenger1997,24,1,659,1048,1077,389,29,418,12
passenger1998,22,1,660,992,1023,332,31,363,13
passenger1999,23,1,660,977,1005,317,28,345,14
passenger2000,7,1,661,670,722,9,52,61,15
passenger2001,19,1,661,722,754,61,32,93,0
passenger2002,4,1,661,719,778,58,59,117,1
passenger2003,4,1,662,708,765,46,57,103,2
passenger2004,25,1,662,1084,1110,422,26,448,3
passenger2005,5,1,662,716,774,54,58,112,4
passenger2006,22,1,663,998,1029,335,31,366,5
passenger2007,12,1,663,699,742,36,43,79,6
passenger2008,9,1,663,717,765,54,48,102,7
passenger2009,3,1,663,726,784,63,58,121,8
passenger2010,18,1,664,744,779,80,35,115,9
passenger2011,19,1,664,778,814,114,36,150,10
passenger2012,13,1,664,722,766,58,44,102,11
passenger2013,21,1,664,867,897,203,30,233,12
passenger2014,9,1,664,725,771,61,46,107,13
passenger2015,15,1,665,715,755,50,40,90,14
passenger2016,8,1,665,673,722,8,49,57,15
passenger2017,15,1,665,714,754,49,40,89,0
passenger2018,5,1,666,722,778,56,56,112,1
passenger2019,13,1,666,721,765,55,44,99,2
passenger2020,15,1,666,704,746,38,42,80,3
passenger2021,15,1,667,734,774,67,40,107,4
passenger2022,12,1,667,676,721,9,45,54,5
passenger2023,17,1,667,772,812,105,40,145,6
passenger2024,14,1,667,726,765,59,39,98,7
passenger2025,8,1,668,733,784,65,51,116,8
passenger2026,7,1,668,727,779,59,52,111,9
passenger2027,17,1,668,708,746,40,38,78,10
passenger2028,24,1,668,1045,1074,377,29,406,11
passenger2029,20,1,668,798,829,130,31,161,12
passenger2030,17,1,669,801,837,132,36,168,13
passenger2031,24,1,669,1032,1061,363,29,392,14
passenger2032,23,1,669,1060,1092,391,32,423,15
passenger2033,14,1,669,711,754,42,43,85,0
passenger2034,4,1,670,719,778,49,59,108,1
passenger2035,17,1,670,729,765,59,36,95,2
passenger2036,16,1,670,707,746,37,39,76,3
passenger2037,8,1,670,723,774,53,51,104,4
passenger2038,22,1,670,998,1029,328,31,359,5
passenger2039,22,1,671,969,1000,298,31,329,6
passenger2040,9,1,671,717,765,46,48,94,7
passenger2041,13,1,671,674,720,3,46,49,8
passenger2042,6,1,672,724,779,52,55,107,9
passenger2043,6,1,672,691,746,19,55,74,10
passenger2044,8,1,673,711,766,38,55,93,11
passenger2045,10,1,673,712,761,39,49,88,12
passenger2046,8,1,674,722,771,48,49,97,13
passenger2047,5,1,674,699,755,25,56,81,14
passenger2048,12,1,674,681,722,7,41,48,15
passenger2049,16,1,674,717,754,43,37,80,0
passenger2050,9,1,675,730,778,55,48,103,1
passenger2051,14,1,675,724,765,49,41,90,2
passenger2052,8,1,675,693,746,18,53,71,3
passenger2053,18,1,676,741,774,65,33,98,4
passenger2054,17,1,676,687,721,11,34,45,5
passenger2055,25,1,677,1082,1108,405,26,431,6
passenger2056,3,1,677,707,765,30,58,88,7
passenger2057,22,1,677,1009,1040,332,31,363,8
passenger2058,10,1,678,734,779,56,45,101,9
passenger2059,3,1,678,686,746,8,60,68,10
passenger2060,18,1,679,729,766,50,37,87,11
passenger2061,6,1,679,706,761,27,55,82,12
passenger2062,6,1,680,716,771,36,55,91,13
passenger2063,25,1,680,1087,1113,407,26,433,14
passenger2064,7,1,680,732,786,52,54,106,15
passenger2065,15,1,681,714,754,33,40,73,0
passenger2066,6,1,681,725,778,44,53,97,1
passenger2067,4,1,682,708,765,26,57,83,2
passenger2068,2,1,683,749,810,66,61,127,3
passenger2069,2,1,683,709,774,26,65,91,4
passenger2070,13,1,683,735,783,52,48,100,5
passenger2071,12,1,684,699,742,15,43,58,6
passenger2072,2,1,684,704,765,20,61,81,7
passenger2073,10,1,684,737,784,53,47,100,8
passenger2074,8,1,684,730,779,46,49,95,9
passenger2075,15,1,684,704,746,20,42,62,10
passenger2076,25,1,684,1048,1074,364,26,390,11
passenger2077,18,1,684,726,761,42,35,77,12
passenger2078,24,1,684,1050,1079,366,29,395,13
passenger2079,6,1,685,702,755,17,53,70,14
passenger2080,7,1,686,732,786,46,54,100,15
passenger2081,20,1,686,851,882,165,31,196,0
passenger2082,9,1,686,730,778,44,48,92,1
passenger2083,22,1,686,800,829,114,29,143,2
passenger2084,13,1,686,700,746,14,46,60,3
passenger2085,6,1,687,719,774,32,55,87,4
passenger2086,22,1,687,998,1029,311,31,342,5
passenger2087,15,1,688,704,742,16,38,54,6
passenger2088,21,1,688,985,1019,297,34,331,7
passenger2089,12,1,688,743,784,55,41,96,8
passenger2090,5,1,688,721,779,33,58,91,9
passenger2091,18,1,689,711,746,22,35,57,10
passenger2092,4,1,690,703,766,13,63,76,11
passenger2093,17,1,690,723,761,33,38,71,12
passenger2094,12,1,691,790,837,99,47,146,13
passenger2095,20,1,691,722,755,31,33,64,14
passenger2096,22,1,691,1005,1036,314,31,345,15
passenger2097,11,1,691,704,754,13,50,63,0
passenger2098,23,1,691,1050,1082,359,32,391,1
passenger2099,4,1,692,708,765,16,57,73,2
passenger2100,4,1,692,755,810,63,55,118,3
passenger2101,25,1,693,1056,1082,363,26,389,4
passenger2102,15,1,693,741,783,48,42,90,5
passenger2103,12,1,693,699,742,6,43,49,6
passenger2104,5,1,693,711,765,18,54,72,7
passenger2105,8,1,693,733,784,40,51,91,8
passenger2106,18,1,693,744,779,51,35,86,9
passenger2107,21,1,693,784,814,91,30,121,10
passenger2108,23,1,693,1042,1074,349,32,381,11
passenger2109,11,1,694,715,761,21,46,67,12
passenger2110,12,1,695,790,837,95,47,142,13
passenger2111,5,1,696,699,755,3,56,59,14
passenger2112,3,1,696,726,786,30,60,90,15
passenger2113,12,1,697,707,754,10,47,57,0
passenger2114,15,1,698,740,778,42,38,80,1
passenger2115,4,1,698,708,765,10,57,67,2
passenger2116,11,1,700,768,810,68,42,110,3
passenger2117,17,1,700,738,774,38,36,74,4
passenger2118,21,1,700,753,783,53,30,83,5
passenger2119,24,1,701,1027,1056,326,29,355,6
passenger2120,10,1,701,720,765,19,45,64,7
passenger2121,11,1,701,740,784,39,44,83,8
passenger2122,22,1,702,942,971,240,29,269,9
passenger2123,18,1,702,711,746,9,35,44,10
passenger2124,8,1,702,711,766,9,55,64,11
passenger2125,18,1,702,726,761,24,35,59,12
passenger2126,5,1,702,713,771,11,58,69,13
passenger2127,12,1,702,710,755,8,45,53,14
passenger2128,9,1,703,736,786,33,50,83,15
passenger2129,25,1,703,1086,1112,383,26,409,0
passenger2130,2,1,704,715,778,11,63,74,1
passenger2131,22,1,704,866,895,162,29,191,2
passenger2132,8,1,704,761,810,57,49,106,3
passenger2133,2,1,704,709,774,5,65,70,4
passenger2134,17,1,704,745,783,41,38,79,5
passenger2135,18,1,706,775,812,69,37,106,6
passenger2136,5,1,706,711,765,5,54,59,7
passenger2137,2,1,706,723,784,17,61,78,8
passenger2138,4,1,707,718,779,11,61,72,9
passenger2139,11,1,707,762,814,55,52,107,10
passenger2140,5,1,708,774,830,66,56,122,11
passenger2141,18,1,709,726,761,17,35,52,12
passenger2142,3,1,709,709,771,0,62,62,13
passenger2143,20,1,709,722,755,13,33,46,14
passenger2144,22,1,709,1005,1036,296,31,327,15
passenger2145,19,1,710,722,754,12,32,44,0
passenger2146,24,1,710,1053,1082,343,29,372,1
passenger2147,24,1,710,986,1013,276,27,303,2
passenger2148,3,1,710,752,810,42,58,100,3
passenger2149,10,1,710,727,774,17,47,64,4
passenger2150,20,1,710,750,783,40,33,73,5
passenger2151,10,1,711,757,812,46,55,101,6
passenger2152,19,1,711,733,765,22,32,54,7
passenger2153,20,1,712,821,852,109,31,140,8
passenger2154,25,1,712,1055,1081,343,26,369,9
passenger2155,9,1,713,758,814,45,56,101,10
passenger2156,10,1,713,717,766,4,49,53,11
passenger2157,2,1,714,764,829,50,65,115,12
passenger2158,8,1,714,722,771,8,49,57,13
passenger2159,8,1,715,766,819,51,53,104,14
passenger2160,12,1,716,743,786,27,43,70,15
passenger2161,12,1,716,773,818,57,45,102,0
passenger2162,22,1,717,995,1026,278,31,309,1
passenger2163,20,1,718,734,765,16,31,47,2
passenger2164,19,1,719,908,940,189,32,221,3
passenger2165,2,1,719,777,840,58,63,121,4
passenger2166,13,1,719,735,783,16,48,64,5
passenger2167,19,1,721,778,812,57,34,91,6
passenger2168,7,1,721,775,831,54,56,110,7
passenger2169,12,1,722,743,784,21,41,62,8
passenger2170,19,1,722,747,779,25,32,57,9
passenger2171,21,1,722,848,878,126,30,156,10
passenger2172,22,1,722,987,1018,265,31,296,11
passenger2173,12,1,722,780,829,58,49,107,12
passenger2174,11,1,723,731,771,8,40,48,13
passenger2175,11,1,723,773,819,50,46,96,14
passenger2176,18,1,723,751,786,28,35,63,15
passenger2177,12,1,723,773,818,50,45,95,0
passenger2178,11,1,724,734,778,10,44,54,1
passenger2179,6,1,724,772,829,48,57,105,2
passenger2180,13,1,724,772,810,48,38,86,3
passenger2181,7,1,724,788,840,64,52,116,4
passenger2182,14,1,725,738,783,13,45,58,5
passenger2183,23,1,725,1024,1056,299,32,331,6
passenger2184,20,1,725,930,963,205,33,238,7
passenger2185,13,1,726,746,784,20,38,58,8
passenger2186,25,1,726,1055,1081,329,26,355,9
passenger2187,25,1,726,1088,1114,362,26,388,10
passenger2188,12,1,727,789,830,62,41,103,11
passenger2189,20,1,727,864,897,137,33,170,12
passenger2190,10,1,728,728,771,0,43,43,13
passenger2191,23,1,729,977,1005,248,28,276,14
passenger2192,10,1,729,739,786,10,47,57,15
passenger2193,8,1,730,765,818,35,53,88,0
passenger2194,5,1,730,786,842,56,56,112,1
passenger2195,22,1,731,866,895,135,29,164,2
passenger2196,9,1,731,764,810,33,46,79,3
passenger2197,21,1,731,942,972,211,30,241,4
passenger2198,4,1,731,788,845,57,57,114,5
passenger2199,14,1,731,765,812,34,47,81,6
passenger2200,12,1,732,784,831,52,47,99,7
passenger2201,12,1,732,743,784,11,41,52,8
passenger2202,6,1,732,792,845,60,53,113,9
passenger2203,3,1,732,750,814,18,64,82,10
passenger2204,10,1,733,785,830,52,45,97,11
passenger2205,13,1,734,783,829,49,46,95,12
passenger2206,21,1,735,937,967,202,30,232,13
passenger2207,13,1,735,777,819,42,42,84,14
passenger2208,7,1,735,800,852,65,52,117,15
passenger2209,8,1,736,765,818,29,53,82,0
passenger2210,16,1,736,743,778,7,35,42,1
passenger2211,12,1,737,782,829,45,47,92,2
passenger2212,23,1,737,1026,1056,289,30,319,3
passenger2213,12,1,737,797,840,60,43,103,4
passenger2214,15,1,737,741,783,4,42,46,5
passenger2215,3,1,737,746,812,9,66,75,6
passenger2216,6,1,738,772,831,34,59,93,7
passenger2217,22,1,738,1009,1040,271,31,302,8
passenger2218,10,1,738,802,845,64,43,107,9
passenger2219,12,1,740,765,814,25,49,74,10
passenger2220,16,1,740,855,898,115,43,158,11
passenger2221,3,1,740,767,829,27,62,89,12
passenger2222,14,1,740,796,837,56,41,97,13
passenger2223,10,1,741,770,819,29,49,78,14
passenger2224,5,1,741,796,852,55,56,111,15
passenger2225,12,1,741,773,818,32,45,77,0
passenger2226,12,1,742,801,842,59,41,100,1
passenger2227,6,1,742,772,829,30,57,87,2
passenger2228,15,1,743,838,876,95,38,133,3
passenger2229,19,1,743,870,904,127,34,161,4
passenger2230,8,1,744,796,845,52,49,101,5
passenger2231,25,1,744,1082,1108,338,26,364,6
passenger2232,16,1,744,794,831,50,37,87,7
passenger2233,20,1,744,889,922,145,33,178,8
passenger2234,3,1,744,785,845,41,60,101,9
passenger2235,20,1,744,781,814,37,33,70,10
passenger2236,10,1,744,785,830,41,45,86,11
passenger2237,19,1,744,795,829,51,34,85,12
passenger2238,21,1,745,989,1023,244,34,278,13
passenger2239,8,1,745,766,819,21,53,74,14
passenger2240,8,1,746,803,852,57,49,106,15
passenger2241,3,1,747,758,818,11,60,71,0
passenger2242,16,1,747,869,908,122,39,161,1
passenger2243,20,1,747,796,829,49,33,82,2
passenger2244,11,1,748,768,810,20,42,62,3
passenger2245,5,1,748,784,840,36,56,92,4
passenger2246,9,1,748,799,845,51,46,97,5
passenger2247,11,1,748,760,812,12,52,64,6
passenger2248,23,1,749,1043,1075,294,32,326,7
passenger2249,4,1,749,789,852,40,63,103,8
passenger2250,10,1,749,802,845,53,43,96,9
passenger2251,17,1,750,772,814,22,42,64,10
passenger2252,7,1,750,778,830,28,52,80,11
passenger2253,23,1,750,993,1021,243,28,271,12
passenger2254,23,1,750,995,1023,245,28,273,13
passenger2255,11,1,751,773,819,22,46,68,14
passenger2256,19,1,751,944,978,193,34,227,15
passenger2257,20,1,751,915,946,164,31,195,0
passenger2258,18,1,752,875,908,123,33,156,1
passenger2259,6,1,752,772,829,20,57,77,2
passenger2260,3,1,752,752,810,0,58,58,3
passenger2261,10,1,752,793,840,41,47,88,4
passenger2262,5,1,752,791,845,39,54,93,5
passenger2263,9,1,753,754,812,1,58,59,6
passenger2264,17,1,753,797,831,44,34,78,7
passenger2265,16,1,753,813,852,60,39,99,8
passenger2266,7,1,754,795,845,41,50,91,9
passenger2267,2,1,754,817,878,63,61,124,10
passenger2268,7,1,754,778,830,24,52,76,11
passenger2269,12,1,755,780,829,25,49,74,12
passenger2270,20,1,755,806,837,51,31,82,13
passenger2271,10,1,756,770,819,14,49,63,14
passenger2272,8,1,756,803,852,47,49,96,15
passenger2273,15,1,756,780,818,24,38,62,0
passenger2274,3,1,756,782,842,26,60,86,1
passenger2275,7,1,757,775,829,18,54,72,2
passenger2276,2,1,758,813,876,55,63,118,3
passenger2277,14,1,758,803,840,45,37,82,4
passenger2278,12,1,758,804,845,46,41,87,5
passenger2279,15,1,758,768,812,10,44,54,6
passenger2280,16,1,759,794,831,35,37,72,7
passenger2281,11,1,759,802,852,43,50,93,8
passenger2282,22,1,760,994,1029,234,35,269,9
passenger2283,24,1,760,1085,1114,325,29,354,10
passenger2284,4,1,760,771,830,11,59,70,11
passenger2285,24,1,760,1048,1077,288,29,317,12
passenger2286,6,1,760,782,837,22,55,77,13
passenger2287,7,1,760,763,819,3,56,59,14
passenger2288,14,1,760,811,852,51,41,92,15
passenger2289,2,1,760,821,882,61,61,122,0
passenger2290,10,1,761,797,842,36,45,81,1
passenger2291,6,1,761,772,829,11,57,68,2
passenger2292,13,1,761,772,810,11,38,49,3
passenger2293,21,1,762,942,972,180,30,210,4
passenger2294,24,1,762,1054,1083,292,29,321,5
passenger2295,7,1,762,822,878,60,56,116,6
passenger2296,15,1,763,791,831,28,40,68,7
passenger2297,13,1,763,806,852,43,46,89,8
passenger2298,11,1,764,805,845,41,40,81,9
passenger2299,17,1,764,772,814,8,42,50,10
passenger2300,25,1,764,1100,1126,336,26,362,11
passenger2301,11,1,765,777,829,12,52,64,12
passenger2302,3,1,765,777,837,12,60,72,13
passenger2303,23,1,766,977,1005,211,28,239,14
passenger2304,24,1,766,1063,1092,297,29,326,15
passenger2305,9,1,767,768,818,1,50,51,0
passenger2306,14,1,767,805,842,38,37,75,1
passenger2307,22,1,767,928,959,161,31,192,2
passenger2308,14,1,767,835,876,68,41,109,3
passenger2309,13,1,767,800,840,33,40,73,4
passenger2310,24,1,767,1054,1083,287,29,316,5
passenger2311,21,1,767,966,1000,199,34,233,6
passenger2312,14,1,767,788,831,21,43,64,7
passenger2313,5,1,768,792,852,24,60,84,8
passenger2314,12,1,769,864,909,95,45,140,9
passenger2315,18,1,769,775,814,6,39,45,10
passenger2316,8,1,769,781,830,12,49,61,11
passenger2317,14,1,769,786,829,17,43,60,12
passenger2318,17,1,770,801,837,31,36,67,13
passenger2319,4,1,770,826,883,56,57,113,14
passenger2320,15,1,770,814,852,44,38,82,15
passenger2321,19,1,770,786,818,16,32,48,0
passenger2322,7,1,770,790,842,20,52,72,1
passenger2323,15,1,770,789,829,19,40,59,2
passenger2324,19,1,770,908,940,138,32,170,3
passenger2325,3,1,770,780,840,10,60,70,4
passenger2326,17,1,771,877,911,106,34,140,5
passenger2327,8,1,772,825,878,53,53,106,6
passenger2328,11,1,773,781,831,8,50,58,7
passenger2329,17,1,773,816,852,43,36,79,8
passenger2330,2,1,773,782,845,9,63,72,9
passenger2331,2,1,773,817,878,44,61,105,10
passenger2332,12,1,773,789,830,16,41,57,11
passenger2333,24,1,773,1048,1077,275,29,304,12
passenger2334,2,1,774,774,837,0,63,63,13
passenger2335,20,1,774,786,819,12,33,45,14
passenger2336,3,1,774,792,852,18,60,78,15
passenger2337,13,1,775,776,818,1,42,43,0
passenger2338,12,1,775,801,842,26,41,67,1
passenger2339,13,1,775,785,829,10,44,54,2
passenger2340,3,1,775,816,876,41,60,101,3
passenger2341,20,1,776,873,904,97,31,128,4
passenger2342,8,1,776,796,845,20,49,69,5
passenger2343,20,1,777,845,878,68,33,101,6
passenger2344,17,1,778,797,831,19,34,53,7
passenger2345,15,1,778,810,852,32,42,74,8
passenger2346,9,1,778,799,845,21,46,67,9
passenger2347,17,1,779,840,878,61,38,99,10
passenger2348,25,1,779,1100,1126,321,26,347,11
passenger2349,24,1,780,1048,1077,268,29,297,12
passenger2350,23,1,780,1047,1079,267,32,299,13
passenger2351,7,1,780,831,883,51,52,103,14
passenger2352,16,1,780,817,852,37,35,72,15
passenger2353,11,1,782,834,882,52,48,100,0
passenger2354,25,1,782,1108,1134,326,26,352,1
passenger2355,24,1,782,986,1013,204,27,231,2
passenger2356,22,1,783,1023,1056,240,33,273,3
passenger2357,5,1,783,784,840,1,56,57,4
passenger2358,9,1,783,799,845,16,46,62,5
passenger2359,19,1,784,842,878,58,36,94,6
passenger2360,19,1,784,865,897,81,32,113,7
passenger2361,10,1,784,799,852,15,53,68,8
passenger2362,5,1,785,789,845,4,56,60,9
passenger2363,5,1,785,822,878,37,56,93,10
passenger2364,18,1,785,861,898,76,37,113,11
passenger2365,12,1,785,848,897,63,49,112,12
passenger2366,13,1,786,793,837,7,44,51,13
passenger2367,21,1,786,853,883,67,30,97,14
passenger2368,2,1,787,789,852,2,63,65,15
passenger2369,20,1,787,915,946,128,31,159,0
passenger2370,8,1,788,793,842,5,49,54,1
passenger2371,24,1,788,986,1013,198,27,225,2
passenger2372,24,1,789,1081,1110,292,29,321,3
passenger2373,14,1,789,859,904,70,45,115,4
passenger2374,9,1,789,799,845,10,46,56,5
passenger2375,7,1,789,822,878,33,56,89,6
passenger2376,6,1,789,838,897,49,59,108,7
passenger2377,25,1,790,1068,1094,278,26,304,8
passenger2378,6,1,791,792,845,1,53,54,9
passenger2379,12,1,792,833,878,41,45,86,10
passenger2380,13,1,792,792,830,0,38,38,11
passenger2381,18,1,792,792,829,0,37,37,12
passenger2382,22,1,792,992,1023,200,31,231,13
passenger2383,15,1,792,843,883,51,40,91,14
passenger2384,20,1,793,999,1036,206,37,243,15
passenger2385,15,1,793,844,882,51,38,89,0
passenger2386,12,1,794,801,842,7,41,48,1
passenger2387,5,1,794,835,895,41,60,101,2
passenger2388,7,1,794,822,876,28,54,82,3
passenger2389,12,1,794,797,840,3,43,46,4
passenger2390,3,1,795,851,911,56,60,116,5
passenger2391,9,1,796,828,878,32,50,82,6
passenger2392,13,1,796,853,897,57,44,101,7
passenger2393,13,1,796,806,852,10,46,56,8
passenger2394,21,1,797,939,971,142,32,174,9
passenger2395,25,1,798,1088,1114,290,26,316,10
passenger2396,19,1,798,864,898,66,34,100,11
passenger2397,3,1,798,833,897,35,64,99,12
passenger2398,11,1,798,855,901,57,46,103,13
passenger2399,19,1,798,849,883,51,34,85,14
passenger2400,16,1,799,817,852,18,35,53,15
passenger2401,12,1,799,837,882,38,45,83,0
passenger2402,12,1,799,801,842,2,41,43,1
passenger2403,11,1,799,845,895,46,50,96,2
passenger2404,15,1,799,838,876,39,38,77,3
passenger2405,6,1,799,849,904,50,55,105,4
passenger2406,14,1,799,808,845,9,37,46,5
passenger2407,6,1,801,819,878,18,59,77,6
passenger2408,18,1,802,862,897,60,35,95,7
passenger2409,22,1,803,1009,1040,206,31,237,8
passenger2410,14,1,803,868,909,65,41,106,9
passenger2411,11,1,803,830,878,27,48,75,10
passenger2412,24,1,804,1045,1074,241,29,270,11
passenger2413,17,1,804,859,897,55,38,93,12
passenger2414,12,1,805,858,901,53,43,96,13
passenger2415,2,1,805,822,883,17,61,78,14
passenger2416,2,1,806,855,918,49,63,112,15
passenger2417,7,1,806,828,882,22,54,76,0
passenger2418,7,1,806,852,908,46,56,102,1
passenger2419,19,1,806,861,895,55,34,89,2
passenger2420,14,1,807,835,876,28,41,69,3
passenger2421,25,1,807,1056,1082,249,26,275,4
passenger2422,14,1,807,808,845,1,37,38,5
passenger2423,23,1,808,1024,1056,216,32,248,6
passenger2424,15,1,809,857,897,48,40,88,7
passenger2425,10,1,809,869,922,60,53,113,8
passenger2426,19,1,810,877,909,67,32,99,9
passenger2427,12,1,810,833,878,23,45,68,10
passenger2428,8,1,811,843,898,32,55,87,11
passenger2429,13,1,811,851,897,40,46,86,12
passenger2430,17,1,811,867,901,56,34,90,13
passenger2431,11,1,811,837,883,26,46,72,14
passenger2432,18,1,811,885,918,74,33,107,15
passenger2433,25,1,812,1086,1112,274,26,300,0
passenger2434,11,1,812,858,908,46,50,96,1
passenger2435,9,1,813,841,895,28,54,82,2
passenger2436,11,1,813,828,876,15,48,63,3
passenger2437,22,1,813,995,1028,182,33,215,4
passenger2438,6,1,813,856,911,43,55,98,5
passenger2439,25,1,813,1082,1108,269,26,295,6
passenger2440,11,1,814,847,897,33,50,83,7
passenger2441,22,1,815,1009,1040,194,31,225,8
passenger2442,20,1,815,936,971,121,35,156,9
passenger2443,20,1,816,845,878,29,33,62,10
passenger2444,23,1,817,1042,1074,225,32,257,11
passenger2445,6,1,817,838,897,21,59,80,12
passenger2446,16,1,818,864,901,46,37,83,13
passenger2447,4,1,818,826,883,8,57,65,14
passenger2448,9,1,819,868,918,49,50,99,15
passenger2449,2,1,819,821,882,2,61,63,0
passenger2450,18,1,819,875,908,56,33,89,1
passenger2451,16,1,820,854,895,34,41,75,2
passenger2452,19,1,820,908,940,88,32,120,3
passenger2453,6,1,820,849,904,29,55,84,4
passenger2454,9,1,820,863,911,43,48,91,5
passenger2455,18,1,820,839,878,19,39,58,6
passenger2456,21,1,820,985,1019,165,34,199,7
passenger2457,23,1,820,1012,1040,192,28,220,8
passenger2458,3,1,821,849,909,28,60,88,9
passenger2459,11,1,822,830,878,8,48,56,10
passenger2460,2,1,823,833,898,10,65,75,11
passenger2461,21,1,824,935,965,111,30,141,12
passenger2462,4,1,824,842,901,18,59,77,13
passenger2463,21,1,824,853,883,29,30,59,14
passenger2464,5,1,825,860,918,35,58,93,15
passenger2465,2,1,826,885,946,59,61,120,0
passenger2466,23,1,826,1050,1082,224,32,256,1
passenger2467,12,1,826,848,895,22,47,69,2
passenger2468,12,1,826,831,876,5,45,50,3
passenger2469,17,1,827,866,904,39,38,77,4
passenger2470,8,1,827,860,911,33,51,84,5
passenger2471,18,1,827,839,878,12,39,51,6
passenger2472,12,1,827,850,897,23,47,70,7
passenger2473,8,1,828,865,922,37,57,94,8
passenger2474,11,1,828,861,909,33,48,81,9
passenger2475,2,1,828,881,946,53,65,118,10
passenger2476,9,1,828,846,898,18,52,70,11
passenger2477,16,1,828,856,897,28,41,69,12
passenger2478,5,1,829,845,901,16,56,72,13
passenger2479,4,1,830,888,947,58,59,117,14
passenger2480,17,1,831,882,918,51,36,87,15
passenger2481,12,1,831,837,882,6,45,51,0
passenger2482,5,1,831,848,908,17,60,77,1
passenger2483,19,1,831,861,895,30,34,64,2
passenger2484,20,1,831,965,1000,134,35,169,3
passenger2485,2,1,832,843,904,11,61,72,4
passenger2486,6,1,832,856,911,24,55,79,5
passenger2487,10,1,833,893,942,60,49,109,6
passenger2488,19,1,834,865,897,31,32,63,7
passenger2489,3,1,834,856,922,22,66,88,8
passenger2490,21,1,834,939,971,105,32,137,9
passenger2491,9,1,834,898,946,64,48,112,10
passenger2492,5,1,834,838,898,4,60,64,11
passenger2493,22,1,834,990,1021,156,31,187,12
passenger2494,4,1,835,842,901,7,59,66,13
passenger2495,5,1,835,891,947,56,56,112,14
passenger2496,24,1,835,1063,1092,228,29,257,15
passenger2497,14,1,837,841,882,4,41,45,0
passenger2498,13,1,837,864,908,27,44,71,1
passenger2499,18,1,838,858,895,20,37,57,2
passenger2500,17,1,838,842,876,4,34,38,3
passenger2501,16,1,838,863,904,25,41,66,4
passenger2502,2,1,838,848,911,10,63,73,5
passenger2503,15,1,839,906,942,67,36,103,6
passenger2504,8,1,839,842,897,3,55,58,7
passenger2505,21,1,840,954,986,114,32,146,8
passenger2506,14,1,840,868,909,28,41,69,9
passenger2507,4,1,840,885,946,45,61,106,10
passenger2508,23,1,840,1042,1074,202,32,234,11
passenger2509,8,1,840,842,897,2,55,57,12
passenger2510,8,1,842,850,901,8,51,59,13
passenger2511,24,1,843,1032,1061,189,29,218,14
passenger2512,20,1,843,999,1036,156,37,193,15
passenger2513,22,1,843,975,1004,132,29,161,0
passenger2514,17,1,844,872,908,28,36,64,1
passenger2515,23,1,844,931,959,87,28,115,2
passenger2516,4,1,844,881,940,37,59,96,3
passenger2517,16,1,844,863,904,19,41,60,4
passenger2518,9,1,845,863,911,18,48,66,5
passenger2519,11,1,845,896,942,51,46,97,6
passenger2520,7,1,845,909,963,64,54,118,7
passenger2521,6,1,846,861,922,15,61,76,8
passenger2522,12,1,846,864,909,18,45,63,9
passenger2523,24,1,846,1085,1114,239,29,268,10
passenger2524,17,1,847,858,898,11,40,51,11
passenger2525,10,1,848,914,965,66,51,117,12
passenger2526,12,1,848,858,901,10,43,53,13
passenger2527,14,1,848,908,947,60,39,99,14
passenger2528,7,1,850,864,918,14,54,68,15
passenger2529,14,1,850,905,946,55,41,96,0
passenger2530,18,1,850,875,908,25,33,58,1
passenger2531,7,1,850,903,959,53,56,109,2
passenger2532,16,1,850,903,940,53,37,90,3
passenger2533,19,1,850,870,904,20,34,54,4
passenger2534,14,1,850,870,911,20,41,61,5
passenger2535,9,1,851,890,942,39,52,91,6
passenger2536,15,1,851,857,897,6,40,46,7
passenger2537,21,1,851,954,986,103,32,135,8
passenger2538,7,1,851,855,909,4,54,58,9
passenger2539,15,1,852,964,1006,112,42,154,10
passenger2540,18,1,852,861,898,9,37,46,11
passenger2541,9,1,852,911,965,59,54,113,12
passenger2542,11,1,853,855,901,2,46,48,13
passenger2543,23,1,853,1029,1061,176,32,208,14
passenger2544,10,1,853,871,918,18,47,65,15
passenger2545,16,1,854,909,946,55,37,92,0
passenger2546,5,1,854,914,970,60,56,116,1
passenger2547,24,1,855,986,1013,131,27,158,2
passenger2548,16,1,855,903,940,48,37,85,3
passenger2549,20,1,855,939,972,84,33,117,4
passenger2550,16,1,855,874,911,19,37,56,5
passenger2551,10,1,855,893,942,38,49,87,6
passenger2552,10,1,855,916,963,61,47,108,7
passenger2553,18,1,856,883,922,27,39,66,8
passenger2554,22,1,856,994,1029,138,35,173,9
passenger2555,5,1,857,888,946,31,58,89,10
passenger2556,22,1,857,987,1018,130,31,161,11
passenger2557,21,1,858,935,965,77,30,107,12
passenger2558,4,1,858,906,967,48,61,109,13
passenger2559,4,1,859,888,947,29,59,88,14
passenger2560,18,1,860,885,918,25,33,58,15
passenger2561,22,1,860,975,1004,115,29,144,0
passenger2562,11,1,860,860,908,0,48,48,1
passenger2563,17,1,860,919,959,59,40,99,2
passenger2564,25,1,860,1084,1110,224,26,250,3
passenger2565,9,1,861,916,972,55,56,111,4
passenger2566,7,1,862,919,975,57,56,113,5
passenger2567,25,1,862,1082,1108,220,26,246,6
passenger2568,8,1,862,912,963,50,51,101,7
passenger2569,13,1,862,874,922,12,48,60,8
passenger2570,12,1,862,864,909,2,45,47,9
passenger2571,14,1,862,909,946,47,37,84,10
passenger2572,8,1,862,911,960,49,49,98,11
passenger2573,18,1,863,930,965,67,35,102,12
passenger2574,18,1,863,932,967,69,35,104,13
passenger2575,6,1,863,894,947,31,53,84,14
passenger2576,13,1,864,876,918,12,42,54,15
passenger2577,3,1,864,888,946,24,58,82,0
passenger2578,7,1,866,918,970,52,52,104,1
passenger2579,25,1,866,1039,1065,173,26,199,2
passenger2580,14,1,866,897,940,31,43,74,3
passenger2581,16,1,866,929,972,63,43,106,4
passenger2582,23,1,866,1001,1029,135,28,163,5
passenger2583,19,1,867,962,1000,95,38,133,6
passenger2584,21,1,867,985,1019,118,34,152,7
passenger2585,19,1,867,886,922,19,36,55,8
passenger2586,13,1,869,923,971,54,48,102,9
passenger2587,17,1,869,968,1006,99,38,137,10
passenger2588,8,1,869,911,960,42,49,91,11
passenger2589,23,1,869,1045,1077,176,32,208,12
passenger2590,6,1,870,910,967,40,57,97,13
passenger2591,23,1,870,1029,1061,159,32,191,14
passenger2592,23,1,870,1060,1092,190,32,222,15
passenger2593,5,1,871,892,946,21,54,75,0
passenger2594,19,1,871,938,970,67,32,99,1
passenger2595,25,1,871,1039,1065,168,26,194,2
passenger2596,15,1,871,900,940,29,40,69,3
passenger2597,10,1,872,919,972,47,53,100,4
passenger2598,23,1,872,1001,1029,129,28,157,5
passenger2599,14,1,872,903,942,31,39,70,6
passenger2600,4,1,872,902,963,30,61,91,7
passenger2601,7,1,873,930,986,57,56,113,8
passenger2602,18,1,873,874,909,1,35,36,9
passenger2603,12,1,873,905,946,32,41,73,10
passenger2604,7,1,873,908,960,35,52,87,11
passenger2605,21,1,873,987,1021,114,34,148,12
passenger2606,4,1,873,906,967,33,61,94,13
passenger2607,7,1,874,897,947,23,50,73,14
passenger2608,13,1,874,876,918,2,42,44,15
passenger2609,2,1,874,885,946,11,61,72,0
passenger2610,11,1,874,926,970,52,44,96,1
passenger2611,23,1,874,931,959,57,28,85,2
passenger2612,24,1,874,1081,1110,207,29,236,3
passenger2613,22,1,874,995,1028,121,33,154,4
passenger2614,9,1,875,925,975,50,50,100,5
passenger2615,3,1,875,882,942,7,60,67,6
passenger2616,21,1,875,985,1019,110,34,144,7
passenger2617,10,1,876,935,986,59,51,110,8
passenger2618,19,1,876,933,971,57,38,95,9
passenger2619,4,1,876,885,946,9,61,70,10
passenger2620,18,1,876,925,960,49,35,84,11
passenger2621,16,1,877,926,965,49,39,88,12
passenger2622,24,1,877,1050,1079,173,29,202,13
passenger2623,4,1,877,888,947,11,59,70,14
passenger2624,11,1,877,932,978,55,46,101,15
passenger2625,25,1,877,1086,1112,209,26,235,0
passenger2626,11,1,878,926,970,48,44,92,1
passenger2627,17,1,878,919,959,41,40,81,2
passenger2628,5,1,878,884,940,6,56,62,3
passenger2629,19,1,878,936,972,58,36,94,4
passenger2630,8,1,878,922,975,44,53,97,5
passenger2631,15,1,878,906,942,28,36,64,6
passenger2632,23,1,879,1043,1075,164,32,196,7
passenger2633,17,1,879,880,922,1,42,43,8
passenger2634,13,1,879,923,971,44,48,92,9
passenger2635,6,1,879,891,946,12,55,67,10
passenger2636,10,1,879,915,960,36,45,81,11
passenger2637,22,1,879,990,1021,111,31,142,12
passenger2638,7,1,879,913,967,34,54,88,13
passenger2639,17,1,880,913,947,33,34,67,14
passenger2640,13,1,880,936,978,56,42,98,15
passenger2641,9,1,880,898,946,18,48,66,0
passenger2642,19,1,880,938,970,58,32,90,1
passenger2643,10,1,881,908,959,27,51,78,2
passenger2644,8,1,881,889,940,8,51,59,3
passenger2645,14,1,881,925,972,44,47,91,4
passenger2646,20,1,882,942,975,60,33,93,5
passenger2647,22,1,882,969,1000,87,31,118,6
passenger2648,17,1,882,925,963,43,38,81,7
passenger2649,17,1,884,948,986,64,38,102,8
passenger2650,20,1,884,936,971,52,35,87,9
passenger2651,8,1,884,895,946,11,51,62,10
passenger2652,8,1,885,911,960,26,49,75,11
passenger2653,13,1,885,919,965,34,46,80,12
passenger2654,17,1,886,929,967,43,38,81,13
passenger2655,17,1,886,913,947,27,34,61,14
passenger2656,5,1,886,924,978,38,54,92,15
passenger2657,20,1,886,969,1004,83,35,118,0
passenger2658,10,1,887,923,970,36,47,83,1
passenger2659,23,1,887,983,1013,96,30,126,2
passenger2660,19,1,887,962,1000,75,38,113,3
passenger2661,25,1,887,1108,1134,221,26,247,4
passenger2662,17,1,888,937,975,49,38,87,5
passenger2663,14,1,888,903,942,15,39,54,6
passenger2664,6,1,888,906,963,18,57,75,7
passenger2665,11,1,888,938,986,50,48,98,8
passenger2666,22,1,888,994,1029,106,35,141,9
passenger2667,11,1,889,902,946,13,44,57,10
passenger2668,3,1,889,902,960,13,58,71,11
passenger2669,7,1,889,907,965,18,58,76,12
passenger2670,16,1,889,926,967,37,41,78,13
passenger2671,17,1,889,965,1005,76,40,116,14
passenger2672,25,1,889,1066,1092,177,26,203,15
passenger2673,24,1,890,1031,1060,141,29,170,0
passenger2674,14,1,890,931,970,41,39,80,1
passenger2675,15,1,890,915,959,25,44,69,2
passenger2676,21,1,890,968,1000,78,32,110,3
passenger2677,3,1,890,908,972,18,64,82,4
passenger2678,16,1,890,934,975,44,41,85,5
passenger2679,13,1,891,900,942,9,42,51,6
passenger2680,20,1,891,930,963,39,33,72,7
passenger2681,21,1,892,954,986,62,32,94,8
passenger2682,17,1,892,929,971,37,42,79,9
passenger2683,17,1,893,968,1006,75,38,113,10
passenger2684,18,1,893,925,960,32,35,67,11
passenger2685,15,1,893,923,965,30,42,72,12
passenger2686,7,1,893,913,967,20,54,74,13
passenger2687,8,1,894,900,947,6,47,53,14
passenger2688,19,1,894,944,978,50,34,84,15
passenger2689,16,1,894,909,946,15,37,52,0
passenger2690,7,1,894,918,970,24,52,76,1
passenger2691,23,1,894,983,1013,89,30,119,2
passenger2692,25,1,894,1084,1110,190,26,216,3
passenger2693,17,1,894,932,972,38,40,78,4
passenger2694,7,1,895,919,975,24,56,80,5
passenger2695,24,1,895,1027,1056,132,29,161,6
passenger2696,7,1,895,909,963,14,54,68,7
passenger2697,12,1,895,941,986,46,45,91,8
passenger2698,22,1,896,994,1029,98,35,133,9
passenger2699,14,1,897,961,1006,64,45,109,10
passenger2700,7,1,897,908,960,11,52,63,11
passenger2701,3,1,897,901,965,4,64,68,12
passenger2702,10,1,897,918,967,21,49,70,13
passenger2703,18,1,897,968,1005,71,37,108,14
passenger2704,19,1,897,944,978,47,34,81,15
passenger2705,7,1,898,954,1004,56,50,106,0
passenger2706,5,1,898,914,970,16,56,72,1
passenger2707,18,1,898,922,959,24,37,61,2
passenger2708,5,1,899,946,1000,47,54,101,3
