id,source,dest,submit_tick,pickup_tick,dropoff_tick,wait_time,travel_time,total_time,elevator
passenger1,1,16,0,0,23,0,23,23,0
passenger2,1,6,0,0,7,0,7,7,0
passenger3,1,8,0,0,13,0,13,13,0
passenger4,1,7,0,0,10,0,10,10,0
passenger5,1,10,1,1,14,0,13,13,1
passenger6,1,17,1,1,25,0,24,24,1
passenger7,1,11,1,1,17,0,16,16,1
passenger8,1,9,1,1,11,0,10,10,1
passenger9,1,14,2,2,19,0,17,17,2
passenger10,1,16,2,2,23,0,21,21,2
passenger11,1,2,2,2,5,0,3,3,2
passenger12,1,23,2,2,32,0,30,30,2
passenger13,1,23,2,2,32,0,30,30,2
passenger14,1,16,3,3,20,0,17,17,3
passenger15,1,15,4,4,26,0,22,22,4
passenger16,1,18,4,4,31,0,27,27,4
passenger17,1,12,4,4,21,0,17,17,4
passenger18,1,10,4,4,17,0,13,13,4
passenger19,1,10,4,4,17,0,13,13,4
passenger20,1,5,4,4,10,0,6,6,4
passenger21,1,22,4,4,37,0,33,33,4
passenger22,1,9,5,5,15,0,10,10,5
passenger23,1,8,6,6,15,0,9,9,6
passenger24,1,25,6,6,38,0,32,32,6
passenger25,1,14,6,6,23,0,17,17,6
passenger26,1,16,6,6,27,0,21,21,6
passenger27,1,7,7,7,15,0,8,8,7
passenger28,1,8,7,7,18,0,11,11,7
passenger29,1,19,8,8,30,0,22,22,8
passenger30,1,12,8,8,21,0,13,13,8
passenger31,1,5,9,9,15,0,6,6,9
passenger32,1,22,9,9,40,0,31,31,9
passenger33,1,11,9,9,25,0,16,16,9
passenger34,1,18,9,9,34,0,25,25,9
passenger35,1,10,9,9,22,0,13,13,9
passenger36,1,15,10,10,28,0,18,18,10
passenger37,1,20,10,10,35,0,25,25,10
passenger38,1,23,10,10,40,0,30,30,10
passenger39,1,6,10,10,17,0,7,7,10
passenger40,1,18,11,11,30,0,19,19,11
passenger41,1,23,12,12,44,0,32,32,12
passenger42,1,17,12,12,36,0,24,24,12
passenger43,1,5,12,12,20,0,8,8,12
passenger44,1,6,12,12,23,0,11,11,12
passenger45,1,6,12,12,23,0,11,11,12
passenger46,1,4,12,12,17,0,5,5,12
passenger47,1,20,13,13,34,0,21,21,13
passenger48,1,25,13,13,41,0,28,28,13
passenger49,1,14,14,14,33,0,19,19,14
passenger50,1,16,14,14,37,0,23,23,14
passenger51,1,20,14,14,43,0,29,29,14
passenger52,1,11,14,14,26,0,12,12,14
passenger53,1,13,14,14,30,0,16,16,14
passenger54,1,16,16,16,48,0,32,32,15
passenger55,1,9,16,16,35,0,19,19,15
passenger56,1,3,17,17,23,0,6,6,15
passenger57,1,15,17,17,45,0,28,28,15
passenger58,1,21,18,18,55,0,37,37,15
passenger59,1,3,18,18,23,0,5,5,15
passenger60,1,7,18,18,29,0,11,11,15
passenger61,1,8,19,19,32,0,13,13,15
passenger62,1,21,19,19,55,0,36,36,15
passenger63,1,14,19,19,42,0,23,23,15
passenger64,1,14,19,27,52,8,25,33,7
passenger65,1,17,21,27,57,6,30,36,7
passenger66,1,8,21,27,42,6,15,21,7
passenger67,1,19,22,27,61,5,34,39,7
passenger68,1,2,22,27,30,5,3,8,7
passenger69,1,4,23,27,34,4,7,11,7
passenger70,1,21,23,27,65,4,38,42,7
passenger71,1,17,23,27,57,4,30,34,7
passenger72,1,6,24,27,38,3,11,14,7
passenger73,1,12,24,27,48,3,21,24,7
passenger74,1,3,25,87,91,62,4,66,7
passenger75,1,18,25,87,118,62,31,93,7
passenger76,1,20,25,87,122,62,35,97,7
passenger77,1,8,25,87,100,62,13,75,7
passenger78,1,10,26,87,104,61,17,78,7
passenger79,1,7,26,87,97,61,10,71,7
passenger80,1,11,26,87,107,61,20,81,7
passenger81,1,8,26,87,100,61,13,74,7
passenger82,1,7,26,87,97,61,10,71,7
passenger83,1,12,27,87,110,60,23,83,7
passenger84,1,22,27,143,176,116,33,149,7
passenger85,1,20,27,143,170,116,27,143,7
passenger86,1,9,28,36,50,8,14,22,5
passenger87,1,24,28,36,75,8,39,47,5
passenger88,1,7,28,36,46,8,10,18,5
passenger89,1,23,28,36,72,8,36,44,5
passenger90,1,9,29,36,50,7,14,21,5
passenger91,1,14,29,36,57,7,21,28,5
passenger92,1,6,29,36,43,7,7,14,5
passenger93,1,20,29,36,65,7,29,36,5
passenger94,1,9,30,36,50,6,14,20,5
passenger95,1,22,31,36,69,5,33,38,5
passenger96,1,3,31,100,104,69,4,73,5
passenger97,1,14,32,100,123,68,23,91,5
passenger98,1,5,32,100,108,68,8,76,5
passenger99,1,23,33,100,136,67,36,103,5
passenger100,1,12,33,100,119,67,19,86,5
passenger101,1,18,33,100,129,67,29,96,5
passenger102,1,23,33,100,136,67,36,103,5
passenger103,1,14,34,100,123,66,23,89,5
passenger104,1,3,34,100,104,66,4,70,5
passenger105,1,7,34,100,112,66,12,78,5
passenger106,1,7,35,160,168,125,8,133,5
passenger107,1,23,35,160,192,125,32,157,5
passenger108,1,23,35,160,192,125,32,157,5
passenger109,1,13,35,160,178,125,18,143,5
passenger110,1,23,35,160,192,125,32,157,5
passenger111,1,7,36,160,168,124,8,132,5
passenger112,1,18,36,160,185,124,25,149,5
passenger113,1,11,36,160,174,124,14,138,5
passenger114,1,7,37,52,62,15,10,25,0
passenger115,1,8,37,52,65,15,13,28,0
passenger116,1,12,37,52,73,15,21,36,0
passenger117,1,10,37,52,69,15,17,32,0
passenger118,1,7,38,53,63,15,10,25,3
passenger119,1,10,38,53,68,15,15,30,3
passenger120,1,5,38,53,59,15,6,21,3
passenger121,1,25,38,53,93,15,40,55,3
passenger122,1,11,38,53,71,15,18,33,3
passenger123,1,4,39,52,57,13,5,18,0
passenger124,1,15,39,52,78,13,26,39,0
passenger125,1,23,40,52,92,12,40,52,0
passenger126,1,10,40,52,69,12,17,29,0
passenger127,1,22,40,52,89,12,37,49,0
passenger128,1,16,40,52,81,12,29,41,0
passenger129,1,19,41,116,144,75,28,103,0
passenger130,1,9,41,116,132,75,16,91,0
passenger131,1,2,41,116,119,75,3,78,0
passenger132,1,10,42,53,68,11,15,26,3
passenger133,1,24,42,53,90,11,37,48,3
passenger134,1,20,43,53,82,10,29,39,3
passenger135,1,20,43,53,82,10,29,39,3
passenger136,1,23,43,53,87,10,34,44,3
passenger137,1,10,43,119,134,76,15,91,3
passenger138,1,9,43,119,131,76,12,88,3
passenger139,1,24,43,119,158,76,39,115,3
passenger140,1,15,43,119,143,76,24,100,3
passenger141,1,9,44,116,132,72,16,88,0
passenger142,1,8,44,116,129,72,13,85,0
passenger143,1,23,44,116,150,72,34,106,0
passenger144,1,3,45,116,122,71,6,77,0
passenger145,1,3,45,116,122,71,6,77,0
passenger146,1,19,45,116,144,71,28,99,0
passenger147,1,2,46,116,119,70,3,73,0
passenger148,1,6,46,174,183,128,9,137,0
passenger149,1,25,47,119,161,72,42,114,3
passenger150,1,12,47,119,138,72,19,91,3
passenger151,1,19,47,119,151,72,32,104,3
passenger152,1,13,48,174,194,126,20,146,0
passenger153,1,4,48,174,179,126,5,131,0
passenger154,1,6,48,174,183,126,9,135,0
passenger155,1,20,48,174,205,126,31,157,0
passenger156,1,4,50,119,124,69,5,74,3
passenger157,1,16,51,119,146,68,27,95,3
passenger158,1,10,51,119,134,68,15,83,3
passenger159,1,10,52,174,189,122,15,137,0
passenger160,1,24,52,174,213,122,39,161,0
passenger161,1,16,52,174,199,122,25,147,0
passenger162,1,16,52,174,199,122,25,147,0
passenger163,1,10,53,187,202,134,15,149,3
passenger164,1,11,53,187,205,134,18,152,3
passenger165,1,18,54,70,99,16,29,45,1
passenger166,1,2,54,70,73,16,3,19,1
passenger167,1,7,54,70,82,16,12,28,1
passenger168,1,16,54,70,95,16,25,41,1
passenger169,1,16,55,70,95,15,25,40,1
passenger170,1,4,55,70,77,15,7,22,1
passenger171,1,20,55,70,103,15,33,48,1
passenger172,1,15,56,70,92,14,22,36,1
passenger173,1,7,56,70,82,14,12,26,1
passenger174,1,20,57,70,103,13,33,46,1
passenger175,1,25,57,124,164,67,40,107,1
passenger176,1,12,57,124,145,67,21,88,1
passenger177,1,8,58,124,137,66,13,79,1
passenger178,1,9,58,124,140,66,16,82,1
passenger179,1,16,58,124,153,66,29,95,1
passenger180,1,3,58,124,130,66,6,72,1
passenger181,1,13,59,124,148,65,24,89,1
passenger182,1,2,59,124,127,65,3,68,1
passenger183,1,2,59,124,127,65,3,68,1
passenger184,1,12,60,124,145,64,21,85,1
passenger185,1,19,60,190,224,130,34,164,1
passenger186,1,23,60,190,230,130,40,170,1
passenger187,1,4,60,190,197,130,7,137,1
passenger188,1,7,60,190,202,130,12,142,1
passenger189,1,12,61,190,209,129,19,148,1
passenger190,1,15,61,190,216,129,26,155,1
passenger191,1,25,61,190,234,129,44,173,1
passenger192,1,18,61,190,221,129,31,160,1
passenger193,1,14,62,190,213,128,23,151,1
passenger194,1,3,62,190,194,128,4,132,1
passenger195,1,3,62,260,264,198,4,202,1
passenger196,1,5,63,260,268,197,8,205,1
passenger197,1,17,64,260,288,196,28,224,1
passenger198,1,9,64,260,276,196,16,212,1
passenger199,1,7,65,260,272,195,12,207,1
passenger200,1,18,65,260,291,195,31,226,1
passenger201,1,21,66,260,298,194,38,232,1
passenger202,1,12,67,260,281,193,21,214,1
passenger203,1,23,68,260,302,192,42,234,1
passenger204,1,19,69,260,294,191,34,225,1
passenger205,1,19,70,326,354,256,28,284,1
passenger206,1,22,70,326,359,256,33,289,1
passenger207,1,6,70,326,335,256,9,265,1
passenger208,1,20,71,88,115,17,27,44,11
passenger209,1,24,71,88,125,17,37,54,11
passenger210,1,25,72,88,128,16,40,56,11
passenger211,1,15,73,88,106,15,18,33,11
passenger212,1,20,73,88,115,15,27,42,11
passenger213,1,23,73,88,122,15,34,49,11
passenger214,1,22,74,88,119,14,31,45,11
passenger215,1,23,74,88,122,14,34,48,11
passenger216,1,21,75,143,173,68,30,98,7
passenger217,1,11,76,143,157,67,14,81,7
passenger218,1,19,76,143,167,67,24,91,7
passenger219,1,11,76,143,157,67,14,81,7
passenger220,1,21,76,143,173,67,30,97,7
passenger221,1,21,76,143,173,67,30,97,7
passenger222,1,24,76,143,180,67,37,104,7
passenger223,1,16,77,88,109,11,21,32,11
passenger224,1,13,77,88,102,11,14,25,11
passenger225,1,5,77,154,160,77,6,83,11
passenger226,1,17,78,154,178,76,24,100,11
passenger227,1,15,78,154,174,76,20,96,11
passenger228,1,14,78,154,171,76,17,93,11
passenger229,1,18,78,154,181,76,27,103,11
passenger230,1,22,78,154,191,76,37,113,11
passenger231,1,5,79,143,149,64,6,70,7
passenger232,1,12,79,205,222,126,17,143,7
passenger233,1,19,80,205,235,125,30,155,7
passenger234,1,21,80,205,239,125,34,159,7
passenger235,1,20,81,154,185,73,31,104,11
passenger236,1,21,81,154,188,73,34,107,11
passenger237,1,22,81,154,191,73,37,110,11
passenger238,1,25,82,205,245,123,40,163,7
passenger239,1,16,82,205,230,123,25,148,7
passenger240,1,7,82,205,215,123,10,133,7
passenger241,1,15,82,205,227,123,22,145,7
passenger242,1,19,82,205,235,123,30,153,7
passenger243,1,4,82,205,210,123,5,128,7
passenger244,1,20,83,154,185,71,31,102,11
passenger245,1,15,83,214,234,131,20,151,11
passenger246,1,24,83,214,249,131,35,166,11
passenger247,1,7,83,214,224,131,10,141,11
passenger248,1,23,83,214,246,131,32,163,11
passenger249,1,12,84,205,222,121,17,138,7
passenger250,1,15,84,271,293,187,22,209,7
passenger251,1,17,84,271,299,187,28,215,7
passenger252,1,15,85,214,234,129,20,149,11
passenger253,1,23,85,214,246,129,32,161,11
passenger254,1,6,86,214,221,128,7,135,11
passenger255,1,19,86,214,240,128,26,154,11
passenger256,1,25,86,214,252,128,38,166,11
passenger257,1,7,86,214,224,128,10,138,11
passenger258,1,8,86,278,289,192,11,203,11
passenger259,1,13,87,271,289,184,18,202,7
passenger260,1,19,87,271,303,184,32,216,7
passenger261,1,25,87,271,313,184,42,226,7
passenger262,1,21,87,271,307,184,36,220,7
passenger263,1,21,88,278,314,190,36,226,11
passenger264,1,12,88,278,297,190,19,209,11
passenger265,1,17,88,278,306,190,28,218,11
passenger266,1,7,89,160,168,71,8,79,5
passenger267,1,13,89,160,178,71,18,89,5
passenger268,1,6,89,216,227,127,11,138,5
passenger269,1,2,89,216,219,127,3,130,5
passenger270,1,22,89,216,251,127,35,162,5
passenger271,1,21,90,216,248,126,32,158,5
passenger272,1,14,90,216,237,126,21,147,5
passenger273,1,2,91,216,219,125,3,128,5
passenger274,1,4,91,216,223,125,7,132,5
passenger275,1,4,92,216,223,124,7,131,5
passenger276,1,19,92,216,244,124,28,152,5
passenger277,1,6,92,216,227,124,11,135,5
passenger278,1,8,92,274,287,182,13,195,5
passenger279,1,22,92,274,311,182,37,219,5
passenger280,1,23,93,274,314,181,40,221,5
passenger281,1,20,93,274,307,181,33,214,5
passenger282,1,9,94,274,290,180,16,196,5
passenger283,1,15,94,274,298,180,24,204,5
passenger284,1,6,94,274,283,180,9,189,5
passenger285,1,22,95,274,311,179,37,216,5
passenger286,1,4,95,274,279,179,5,184,5
passenger287,1,19,95,274,304,179,30,209,5
passenger288,1,14,95,338,361,243,23,266,5
passenger289,1,20,95,338,371,243,33,276,5
passenger290,1,12,95,338,355,243,17,260,5
passenger291,1,5,95,338,344,243,6,249,5
passenger292,1,20,96,338,371,242,33,275,5
passenger293,1,17,96,338,366,242,28,270,5
passenger294,1,13,96,338,358,242,20,262,5
passenger295,1,10,96,338,351,242,13,255,5
passenger296,1,10,97,338,351,241,13,254,5
passenger297,1,13,97,338,358,241,20,261,5
passenger298,1,8,98,392,407,294,15,309,5
passenger299,1,8,98,392,407,294,15,309,5
passenger300,1,8,98,392,407,294,15,309,5
passenger301,1,2,98,392,395,294,3,297,5
passenger302,1,24,99,392,427,293,35,328,5
passenger303,1,7,99,392,404,293,12,305,5
passenger304,1,5,99,392,400,293,8,301,5
passenger305,1,5,100,392,400,292,8,300,5
passenger306,1,25,100,392,430,292,38,330,5
passenger307,1,13,100,392,414,292,22,314,5
passenger308,1,9,100,456,468,356,12,368,5
passenger309,1,11,101,119,139,18,20,38,8
passenger310,1,4,101,119,126,18,7,25,8
passenger311,1,9,101,119,135,18,16,34,8
passenger312,1,7,102,119,131,17,12,29,8
passenger313,1,21,103,174,208,71,34,105,0
passenger314,1,3,104,119,123,15,4,19,8
passenger315,1,12,104,119,142,15,23,38,8
passenger316,1,20,104,119,154,15,35,50,8
passenger317,1,22,104,119,158,15,39,54,8
passenger318,1,14,106,238,261,132,23,155,0
passenger319,1,7,107,238,246,131,8,139,0
passenger320,1,10,107,238,251,131,13,144,0
passenger321,1,7,107,238,246,131,8,139,0
passenger322,1,17,108,119,149,11,30,41,8
passenger323,1,9,108,119,135,11,16,27,8
passenger324,1,17,108,181,207,73,26,99,8
passenger325,1,17,108,181,207,73,26,99,8
passenger326,1,24,108,181,218,73,37,110,8
passenger327,1,10,109,238,251,129,13,142,0
passenger328,1,25,110,238,278,128,40,168,0
passenger329,1,11,110,238,254,128,16,144,0
passenger330,1,18,110,238,269,128,31,159,0
passenger331,1,17,110,238,266,128,28,156,0
passenger332,1,21,111,187,223,76,36,112,3
passenger333,1,13,111,187,209,76,22,98,3
passenger334,1,21,112,181,213,69,32,101,8
passenger335,1,10,112,181,196,69,15,84,8
passenger336,1,13,112,181,201,69,20,89,8
passenger337,1,13,113,238,258,125,20,145,0
passenger338,1,18,114,187,218,73,31,104,3
passenger339,1,16,114,187,214,73,27,100,3
passenger340,1,3,114,187,191,73,4,77,3
passenger341,1,21,115,304,338,189,34,223,0
passenger342,1,20,115,304,335,189,31,220,0
passenger343,1,4,115,304,309,189,5,194,0
passenger344,1,25,115,304,348,189,44,233,0
passenger345,1,17,116,181,207,65,26,91,8
passenger346,1,4,116,181,186,65,5,70,8
passenger347,1,13,116,181,201,65,20,85,8
passenger348,1,22,117,187,226,70,39,109,3
passenger349,1,8,117,187,198,70,11,81,3
passenger350,1,24,117,187,230,70,43,113,3
passenger351,1,12,117,255,274,138,19,157,3
passenger352,1,7,118,181,191,63,10,73,8
passenger353,1,10,118,243,260,125,17,142,8
passenger354,1,14,118,243,268,125,25,150,8
passenger355,1,18,119,255,286,136,31,167,3
passenger356,1,24,120,326,363,206,37,243,1
passenger357,1,6,120,326,335,206,9,215,1
passenger358,1,25,120,326,366,206,40,246,1
passenger359,1,14,120,326,347,206,21,227,1
passenger360,1,5,121,326,332,205,6,211,1
passenger361,1,24,121,326,363,205,37,242,1
passenger362,1,10,121,326,341,205,15,220,1
passenger363,1,16,123,392,417,269,25,294,1
passenger364,1,18,123,392,421,269,29,298,1
passenger365,1,2,124,392,395,268,3,271,1
passenger366,1,7,124,392,402,268,10,278,1
passenger367,1,18,124,392,421,268,29,297,1
passenger368,1,9,124,392,406,268,14,282,1
passenger369,1,2,124,392,395,268,3,271,1
passenger370,1,2,125,144,147,19,3,22,14
passenger371,1,21,125,144,178,19,34,53,14
passenger372,1,5,125,144,154,19,10,29,14
passenger373,1,4,125,144,151,19,7,26,14
passenger374,1,15,126,144,168,18,24,42,14
passenger375,1,4,126,144,151,18,7,25,14
passenger376,1,17,126,144,172,18,28,46,14
passenger377,1,15,126,144,168,18,24,42,14
passenger378,1,17,126,144,172,18,28,46,14
passenger379,1,13,126,144,164,18,20,38,14
passenger380,1,20,126,200,235,74,35,109,14
passenger381,1,17,127,200,230,73,30,103,14
passenger382,1,11,127,200,222,73,22,95,14
passenger383,1,2,128,200,203,72,3,75,14
passenger384,1,8,128,200,217,72,17,89,14
passenger385,1,5,129,200,210,71,10,81,14
passenger386,1,2,129,200,203,71,3,74,14
passenger387,1,8,130,200,217,70,17,87,14
passenger388,1,6,130,200,213,70,13,83,14
passenger389,1,3,131,200,206,69,6,75,14
passenger390,1,9,131,256,272,125,16,141,14
passenger391,1,14,131,256,281,125,25,150,14
passenger392,1,6,132,271,278,139,7,146,7
passenger393,1,8,132,271,282,139,11,150,7
passenger394,1,2,133,256,259,123,3,126,14
passenger395,1,3,133,256,262,123,6,129,14
passenger396,1,5,133,256,266,123,10,133,14
passenger397,1,12,133,256,277,123,21,144,14
passenger398,1,17,133,256,288,123,32,155,14
passenger399,1,20,133,256,293,123,37,160,14
passenger400,1,17,134,271,299,137,28,165,7
passenger401,1,16,135,271,296,136,25,161,7
passenger402,1,24,135,339,378,204,39,243,7
passenger403,1,8,136,339,350,203,11,214,7
passenger404,1,21,136,339,371,203,32,235,7
passenger405,1,24,136,339,378,203,39,242,7
passenger406,1,15,136,339,363,203,24,227,7
passenger407,1,22,136,339,374,203,35,238,7
passenger408,1,5,136,339,345,203,6,209,7
passenger409,1,23,137,256,298,119,42,161,14
passenger410,1,15,137,256,284,119,28,147,14
passenger411,1,7,138,322,334,184,12,196,14
passenger412,1,3,138,322,326,184,4,188,14
passenger413,1,19,138,322,354,184,32,216,14
passenger414,1,12,139,339,358,200,19,219,7
passenger415,1,9,139,339,353,200,14,214,7
passenger416,1,11,140,322,342,182,20,202,14
passenger417,1,25,140,322,366,182,44,226,14
passenger418,1,12,141,339,358,198,19,217,7
passenger419,1,3,141,403,407,262,4,266,7
passenger420,1,8,142,322,337,180,15,195,14
passenger421,1,5,142,322,330,180,8,188,14
passenger422,1,18,142,322,351,180,29,209,14
passenger423,1,21,142,322,358,180,36,216,14
passenger424,1,22,142,322,361,180,39,219,14
passenger425,1,17,143,403,431,260,28,288,7
passenger426,1,20,144,392,425,248,33,281,14
passenger427,1,12,144,392,407,248,15,263,14
passenger428,1,17,144,392,418,248,26,274,14
passenger429,1,4,144,392,397,248,5,253,14
passenger430,1,14,144,392,413,248,21,269,14
passenger431,1,15,145,278,302,133,24,157,11
passenger432,1,2,145,278,281,133,3,136,11
passenger433,1,15,145,278,302,133,24,157,11
passenger434,1,19,145,278,310,133,32,165,11
passenger435,1,10,145,278,293,133,15,148,11
passenger436,1,15,146,278,302,132,24,156,11
passenger437,1,8,146,336,347,190,11,201,11
passenger438,1,8,147,336,347,189,11,200,11
passenger439,1,5,147,336,342,189,6,195,11
passenger440,1,9,147,336,350,189,14,203,11
passenger441,1,21,148,336,370,188,34,222,11
passenger442,1,24,149,336,375,187,39,226,11
passenger443,1,17,149,336,364,187,28,215,11
passenger444,1,16,149,336,361,187,25,212,11
passenger445,1,16,149,336,361,187,25,212,11
passenger446,1,13,150,336,356,186,20,206,11
passenger447,1,12,150,400,419,250,19,269,11
passenger448,1,16,150,400,429,250,29,279,11
passenger449,1,20,150,400,435,250,35,285,11
passenger450,1,11,150,400,416,250,16,266,11
passenger451,1,15,151,400,426,249,26,275,11
passenger452,1,13,151,400,422,249,22,271,11
passenger453,1,8,151,400,411,249,11,260,11
passenger454,1,8,151,400,411,249,11,260,11
passenger455,1,3,151,400,404,249,4,253,11
passenger456,1,12,151,400,419,249,19,268,11
passenger457,1,19,152,456,488,304,32,336,11
passenger458,1,18,152,456,485,304,29,333,11
passenger459,1,25,152,456,500,304,44,348,11
passenger460,1,2,152,456,459,304,3,307,11
passenger461,1,20,152,456,491,304,35,339,11
passenger462,1,21,152,456,494,304,38,342,11
passenger463,1,12,153,456,475,303,19,322,11
passenger464,1,8,153,456,467,303,11,314,11
passenger465,1,10,153,456,471,303,15,318,11
passenger466,1,18,155,456,485,301,29,330,5
passenger467,1,22,155,456,491,301,35,336,5
passenger468,1,17,155,456,482,301,26,327,5
passenger469,1,14,155,456,475,301,19,320,5
passenger470,1,17,155,456,482,301,26,327,5
passenger471,1,3,155,456,460,301,4,305,5
passenger472,1,16,155,456,479,301,23,324,5
passenger473,1,3,156,456,460,300,4,304,5
passenger474,1,25,156,456,496,300,40,340,5
passenger475,1,23,156,522,562,366,40,406,5
passenger476,1,14,156,522,545,366,23,389,5
passenger477,1,10,157,522,539,365,17,382,5
passenger478,1,19,158,522,556,364,34,398,5
passenger479,1,17,158,522,550,364,28,392,5
passenger480,1,18,158,522,553,364,31,395,5
passenger481,1,14,159,522,545,363,23,386,5
passenger482,1,7,159,522,532,363,10,373,5
passenger483,1,3,159,522,526,363,4,367,5
passenger484,1,8,160,522,535,362,13,375,5
passenger485,1,14,160,586,613,426,27,453,5
passenger486,1,12,160,586,609,426,23,449,5
passenger487,1,14,161,304,327,143,23,166,0
passenger488,1,8,161,304,315,143,11,154,0
passenger489,1,24,162,304,345,142,41,183,0
passenger490,1,10,162,304,319,142,15,157,0
passenger491,1,22,162,304,341,142,37,179,0
passenger492,1,11,162,304,322,142,18,160,0
passenger493,1,12,163,374,395,211,21,232,0
passenger494,1,16,163,374,401,211,27,238,0
passenger495,1,8,163,374,387,211,13,224,0
passenger496,1,7,163,374,384,211,10,221,0
passenger497,1,11,164,374,392,210,18,228,0
passenger498,1,21,164,374,410,210,36,246,0
passenger499,1,5,165,374,380,209,6,215,0
passenger500,1,12,166,374,395,208,21,229,0
passenger501,1,18,166,374,405,208,31,239,0
passenger502,1,18,166,374,405,208,31,239,0
passenger503,1,12,166,432,453,266,21,287,0
passenger504,1,3,166,432,438,266,6,272,0
passenger505,1,2,167,432,435,265,3,268,0
passenger506,1,13,167,432,456,265,24,289,0
passenger507,1,21,167,432,468,265,36,301,0
passenger508,1,2,167,432,435,265,3,268,0
passenger509,1,23,167,432,472,265,40,305,0
passenger510,1,18,167,432,463,265,31,296,0
passenger511,1,2,168,243,246,75,3,78,8
passenger512,1,10,169,432,449,263,17,280,0
passenger513,1,7,171,243,255,72,12,84,8
passenger514,1,24,171,243,286,72,43,115,8
passenger515,1,15,171,243,271,72,28,100,8
passenger516,1,9,172,432,446,260,14,274,0
passenger517,1,8,172,496,511,324,15,339,0
passenger518,1,15,172,496,522,324,26,350,0
passenger519,1,2,172,496,499,324,3,327,0
passenger520,1,8,172,496,511,324,15,339,0
passenger521,1,5,173,243,251,70,8,78,8
passenger522,1,16,173,243,274,70,31,101,8
passenger523,1,18,173,243,278,70,35,105,8
passenger524,1,13,173,243,265,70,22,92,8
passenger525,1,5,173,311,319,138,8,146,8
passenger526,1,10,174,496,515,322,19,341,0
passenger527,1,22,174,496,533,322,37,359,0
passenger528,1,6,175,311,322,136,11,147,8
passenger529,1,5,175,311,319,136,8,144,8
passenger530,1,4,176,311,316,135,5,140,8
passenger531,1,21,176,311,345,135,34,169,8
passenger532,1,4,176,311,316,135,5,140,8
passenger533,1,15,176,311,335,135,24,159,8
passenger534,1,25,176,311,351,135,40,175,8
passenger535,1,17,176,311,339,135,28,163,8
passenger536,1,11,177,311,329,134,18,152,8
passenger537,1,6,177,377,388,200,11,211,8
passenger538,1,2,177,377,380,200,3,203,8
passenger539,1,5,177,377,385,200,8,208,8
passenger540,1,24,177,377,416,200,39,239,8
passenger541,1,5,178,377,385,199,8,207,8
passenger542,1,2,178,377,380,199,3,202,8
passenger543,1,21,178,377,411,199,34,233,8
passenger544,1,12,178,377,398,199,21,220,8
passenger545,1,10,179,377,394,198,17,215,8
passenger546,1,19,179,377,407,198,30,228,8
passenger547,1,14,180,441,462,261,21,282,8
passenger548,1,23,181,441,477,260,36,296,8
passenger549,1,13,181,441,459,260,18,278,8
passenger550,1,19,181,441,471,260,30,290,8
passenger551,1,23,182,255,293,73,38,111,3
passenger552,1,13,183,255,277,72,22,94,3
passenger553,1,8,184,255,268,71,13,84,3
passenger554,1,25,184,255,297,71,42,113,3
passenger555,1,7,185,255,265,70,10,80,3
passenger556,1,2,186,255,258,69,3,72,3
passenger557,1,15,186,255,281,69,26,95,3
passenger558,1,25,187,255,297,68,42,110,3
passenger559,1,4,187,323,328,136,5,141,3
passenger560,1,22,187,323,358,136,35,171,3
passenger561,1,21,188,392,426,204,34,238,1
passenger562,1,24,188,392,431,204,39,243,1
passenger563,1,12,188,392,411,204,19,223,1
passenger564,1,8,188,456,473,268,17,285,1
passenger565,1,14,189,456,483,267,27,294,1
passenger566,1,5,189,456,466,267,10,277,1
passenger567,1,22,189,456,495,267,39,306,1
passenger568,1,17,190,456,488,266,32,298,1
passenger569,1,13,191,392,410,201,18,219,14
passenger570,1,14,191,392,413,201,21,222,14
passenger571,1,19,193,392,422,199,30,229,14
passenger572,1,14,193,392,413,199,21,220,14
passenger573,1,22,194,392,429,198,37,235,14
passenger574,1,24,195,452,493,257,41,298,14
passenger575,1,24,195,452,493,257,41,298,14
passenger576,1,16,196,452,479,256,27,283,14
passenger577,1,19,196,452,484,256,32,288,14
passenger578,1,9,196,452,466,256,14,270,14
passenger579,1,2,197,452,455,255,3,258,14
passenger580,1,11,197,452,470,255,18,273,14
passenger581,1,22,197,452,489,255,37,292,14
passenger582,1,5,197,452,460,255,8,263,14
passenger583,1,15,197,452,476,255,24,279,14
passenger584,1,6,198,518,527,320,9,329,14
passenger585,1,12,198,518,537,320,19,339,14
passenger586,1,5,198,518,524,320,6,326,14
passenger587,1,19,198,518,550,320,32,352,14
passenger588,1,21,198,518,556,320,38,358,14
passenger589,1,20,198,518,553,320,35,355,14
passenger590,1,18,199,518,547,319,29,348,14
passenger591,1,7,199,518,530,319,12,331,14
passenger592,1,14,199,518,541,319,23,342,14
passenger593,1,4,200,403,410,203,7,210,7
passenger594,1,10,202,403,418,201,15,216,7
passenger595,1,14,203,403,426,200,23,223,7
passenger596,1,18,203,403,434,200,31,231,7
passenger597,1,4,203,403,410,200,7,207,7
passenger598,1,21,203,403,439,200,36,236,7
passenger599,1,13,204,403,423,199,20,219,7
passenger600,1,23,204,403,443,199,40,239,7
passenger601,1,14,204,467,488,263,21,284,7
passenger602,1,15,205,467,491,262,24,286,7
passenger603,1,18,205,467,498,262,31,293,7
passenger604,1,21,205,467,505,262,38,300,7
passenger605,1,5,205,467,473,262,6,268,7
passenger606,1,14,207,456,479,249,23,272,11
passenger607,1,2,207,526,529,319,3,322,11
passenger608,1,13,207,526,550,319,24,343,11
passenger609,1,21,207,526,562,319,36,355,11
passenger610,1,22,207,526,565,319,39,358,11
passenger611,1,8,208,526,539,318,13,331,11
passenger612,1,11,208,526,546,318,20,338,11
passenger613,1,15,209,526,554,317,28,345,11
passenger614,1,11,209,526,546,317,20,337,11
passenger615,1,6,209,526,535,317,9,326,11
passenger616,1,9,209,526,542,317,16,333,11
passenger617,1,11,210,588,602,378,14,392,11
passenger618,1,14,210,588,611,378,23,401,11
passenger619,1,24,210,588,629,378,41,419,11
passenger620,1,15,211,588,614,377,26,403,11
passenger621,1,11,211,588,602,377,14,391,11
passenger622,1,17,211,588,618,377,30,407,11
passenger623,1,20,211,588,623,377,35,412,11
passenger624,1,12,211,588,605,377,17,394,11
passenger625,1,13,212,588,608,376,20,396,11
passenger626,1,7,212,588,596,376,8,384,11
passenger627,1,22,212,654,689,442,35,477,11
passenger628,1,22,212,654,689,442,35,477,11
passenger629,1,6,213,586,593,373,7,380,5
passenger630,1,10,213,586,605,373,19,392,5
passenger631,1,8,213,586,599,373,13,386,5
passenger632,1,24,214,654,695,440,41,481,11
passenger633,1,3,214,654,658,440,4,444,11
passenger634,1,6,214,654,663,440,9,449,11
passenger635,1,9,215,586,602,371,16,387,5
passenger636,1,15,215,586,616,371,30,401,5
passenger637,1,7,216,586,596,370,10,380,5
passenger638,1,14,216,586,613,370,27,397,5
passenger639,1,19,216,586,622,370,36,406,5
passenger640,1,21,216,642,678,426,36,462,5
passenger641,1,4,216,642,647,426,5,431,5
passenger642,1,5,216,642,650,426,8,434,5
passenger643,1,4,217,237,244,20,7,27,15
passenger644,1,23,217,237,277,20,40,60,15
passenger645,1,17,217,237,265,20,28,48,15
passenger646,1,14,217,237,258,20,21,41,15
passenger647,1,20,217,237,272,20,35,55,15
passenger648,1,16,218,237,262,19,25,44,15
passenger649,1,7,218,237,249,19,12,31,15
passenger650,1,14,218,237,258,19,21,40,15
passenger651,1,18,218,237,268,19,31,50,15
passenger652,1,2,219,237,240,18,3,21,15
passenger653,1,16,220,301,330,81,29,110,15
passenger654,1,13,220,301,325,81,24,105,15
passenger655,1,3,220,301,305,81,4,85,15
passenger656,1,8,220,301,312,81,11,92,15
passenger657,1,12,220,301,322,81,21,102,15
passenger658,1,10,221,301,316,80,15,95,15
passenger659,1,8,221,301,312,80,11,91,15
passenger660,1,17,221,301,333,80,32,112,15
passenger661,1,11,221,301,319,80,18,98,15
passenger662,1,13,221,301,325,80,24,104,15
passenger663,1,21,222,351,385,129,34,163,15
passenger664,1,4,222,351,358,129,7,136,15
passenger665,1,10,223,351,370,128,19,147,15
passenger666,1,3,224,351,355,127,4,131,15
passenger667,1,24,224,351,390,127,39,166,15
passenger668,1,6,224,351,362,127,11,138,15
passenger669,1,21,224,351,385,127,34,161,15
passenger670,1,6,225,351,362,126,11,137,15
passenger671,1,9,225,351,367,126,16,142,15
passenger672,1,16,225,351,378,126,27,153,15
passenger673,1,21,226,415,447,189,32,221,15
passenger674,1,6,226,415,424,189,9,198,15
passenger675,1,7,227,415,427,188,12,200,15
passenger676,1,23,228,415,453,187,38,225,15
passenger677,1,9,228,415,431,187,16,203,15
passenger678,1,7,228,415,427,187,12,199,15
passenger679,1,19,228,415,443,187,28,215,15
passenger680,1,4,229,415,420,186,5,191,15
passenger681,1,22,229,415,450,186,35,221,15
passenger682,1,23,229,415,453,186,38,224,15
passenger683,1,22,229,477,514,248,37,285,15
passenger684,1,9,230,477,489,247,12,259,15
passenger685,1,4,230,477,482,247,5,252,15
passenger686,1,12,230,477,496,247,19,266,15
passenger687,1,10,230,477,492,247,15,262,15
passenger688,1,25,231,477,521,246,44,290,15
passenger689,1,17,231,477,503,246,26,272,15
passenger690,1,24,232,477,518,245,41,286,15
passenger691,1,20,232,477,510,245,33,278,15
passenger692,1,19,232,477,507,245,30,275,15
passenger693,1,4,233,547,554,314,7,321,15
passenger694,1,3,234,496,502,262,6,268,0
passenger695,1,3,234,496,502,262,6,268,0
passenger696,1,16,234,496,525,262,29,291,0
passenger697,1,6,234,496,507,262,11,273,0
passenger698,1,25,235,547,589,312,42,354,15
passenger699,1,5,235,547,557,312,10,322,15
passenger700,1,24,235,547,586,312,39,351,15
passenger701,1,18,236,547,576,311,29,340,15
passenger702,1,4,236,547,554,311,7,318,15
passenger703,1,3,236,547,551,311,4,315,15
passenger704,1,11,237,556,578,319,22,341,0
passenger705,1,10,237,556,575,319,19,338,0
passenger706,1,9,238,556,572,318,16,334,0
passenger707,1,14,238,556,583,318,27,345,0
passenger708,1,5,239,441,447,202,6,208,8
passenger709,1,5,239,441,447,202,6,208,8
passenger710,1,18,239,441,468,202,27,229,8
passenger711,1,25,239,441,483,202,42,244,8
passenger712,1,8,239,441,452,202,11,213,8
passenger713,1,24,240,441,480,201,39,240,8
passenger714,1,10,241,509,528,268,19,287,8
passenger715,1,10,241,509,528,268,19,287,8
passenger716,1,4,241,509,516,268,7,275,8
passenger717,1,12,241,509,532,268,23,291,8
passenger718,1,13,241,509,535,268,26,294,8
passenger719,1,17,241,509,541,268,32,300,8
passenger720,1,5,242,509,519,267,10,277,8
passenger721,1,6,242,509,522,267,13,280,8
passenger722,1,12,243,509,532,266,23,289,8
passenger723,1,3,243,509,513,266,4,270,8
passenger724,1,5,243,559,565,316,6,322,8
passenger725,1,17,243,559,583,316,24,340,8
passenger726,1,24,244,323,362,79,39,118,3
passenger727,1,15,244,323,347,79,24,103,3
passenger728,1,5,245,323,331,78,8,86,3
passenger729,1,25,245,323,365,78,42,120,3
passenger730,1,14,246,323,344,77,21,98,3
passenger731,1,19,246,323,353,77,30,107,3
passenger732,1,6,246,323,334,77,11,88,3
passenger733,1,15,246,323,347,77,24,101,3
passenger734,1,3,247,391,395,144,4,148,3
passenger735,1,17,247,391,417,144,26,170,3
passenger736,1,6,247,391,402,144,11,155,3
passenger737,1,23,247,391,427,144,36,180,3
passenger738,1,3,248,391,395,143,4,147,3
passenger739,1,17,248,391,417,143,26,169,3
passenger740,1,5,249,391,399,142,8,150,3
passenger741,1,18,249,391,420,142,29,171,3
passenger742,1,13,249,391,411,142,20,162,3
passenger743,1,25,249,391,431,142,40,182,3
passenger744,1,17,249,457,491,208,34,242,3
passenger745,1,10,250,457,476,207,19,226,3
passenger746,1,4,250,457,466,207,9,216,3
passenger747,1,16,250,457,488,207,31,238,3
passenger748,1,12,251,457,480,206,23,229,3
passenger749,1,3,251,457,463,206,6,212,3
passenger750,1,15,252,457,485,205,28,233,3
passenger751,1,7,252,457,471,205,14,219,3
passenger752,1,7,253,457,471,204,14,218,3
passenger753,1,2,253,457,460,204,3,207,3
passenger754,1,10,253,509,526,256,17,273,3
passenger755,1,7,253,509,521,256,12,268,3
passenger756,1,3,253,509,513,256,4,260,3
passenger757,1,12,254,509,530,255,21,276,3
passenger758,1,7,254,509,521,255,12,267,3
passenger759,1,5,254,509,517,255,8,263,3
passenger760,1,13,254,509,533,255,24,279,3
passenger761,1,3,254,509,513,255,4,259,3
passenger762,1,25,255,509,547,254,38,292,3
passenger763,1,13,255,509,533,254,24,278,3
passenger764,1,25,256,518,562,262,44,306,14
passenger765,1,23,256,588,622,332,34,366,14
passenger766,1,25,256,588,628,332,40,372,14
passenger767,1,15,256,588,610,332,22,354,14
passenger768,1,12,256,588,605,332,17,349,14
passenger769,1,19,256,588,616,332,28,360,14
passenger770,1,3,257,456,462,199,6,205,1
passenger771,1,22,257,456,495,199,39,238,1
passenger772,1,9,257,456,476,199,20,219,1
passenger773,1,2,257,456,459,199,3,202,1
passenger774,1,7,257,456,470,199,14,213,1
passenger775,1,7,258,518,530,260,12,272,1
passenger776,1,2,258,518,521,260,3,263,1
passenger777,1,18,258,518,549,260,31,291,1
passenger778,1,4,258,518,525,260,7,267,1
passenger779,1,22,259,518,557,259,39,298,1
passenger780,1,12,259,518,539,259,21,280,1
passenger781,1,19,260,518,552,258,34,292,1
passenger782,1,10,260,518,535,258,17,275,1
passenger783,1,5,261,467,473,206,6,212,7
passenger784,1,6,262,467,476,205,9,214,7
passenger785,1,17,262,467,495,205,28,233,7
passenger786,1,19,262,467,501,205,34,239,7
passenger787,1,8,263,467,480,204,13,217,7
passenger788,1,10,263,527,546,264,19,283,7
passenger789,1,24,264,527,570,263,43,306,7
passenger790,1,22,265,527,566,262,39,301,7
passenger791,1,11,265,527,549,262,22,284,7
passenger792,1,7,265,527,539,262,12,274,7
passenger793,1,9,266,527,543,261,16,277,7
passenger794,1,14,266,527,554,261,27,288,7
passenger795,1,15,266,527,557,261,30,291,7
passenger796,1,6,266,527,536,261,9,270,7
passenger797,1,3,266,527,531,261,4,265,7
passenger798,1,13,267,595,617,328,22,350,7
passenger799,1,21,267,595,629,328,34,362,7
passenger800,1,5,267,595,601,328,6,334,7
passenger801,1,11,267,595,613,328,18,346,7
passenger802,1,5,268,595,601,327,6,333,7
passenger803,1,7,268,595,605,327,10,337,7
passenger804,1,16,268,595,622,327,27,354,7
passenger805,1,8,268,595,608,327,13,340,7
passenger806,1,8,268,595,608,327,13,340,7
passenger807,1,25,268,595,635,327,40,367,7
passenger808,1,6,269,661,670,392,9,401,7
passenger809,1,6,269,661,670,392,9,401,7
passenger810,1,24,269,661,698,392,37,429,7
passenger811,1,15,269,661,685,392,24,416,7
passenger812,1,3,270,661,665,391,4,395,7
passenger813,1,12,270,661,680,391,19,410,7
passenger814,1,15,270,661,685,391,24,415,7
passenger815,1,8,270,661,674,391,13,404,7
passenger816,1,15,270,661,685,391,24,415,7
passenger817,1,17,270,661,689,391,28,419,7
passenger818,1,8,270,723,734,453,11,464,7
passenger819,1,21,270,723,757,453,34,487,7
passenger820,1,12,270,723,742,453,19,472,7
passenger821,1,25,271,723,765,452,42,494,7
passenger822,1,4,271,723,728,452,5,457,7
passenger823,1,9,272,642,660,370,18,388,5
passenger824,1,19,272,642,674,370,32,402,5
passenger825,1,23,272,642,682,370,40,410,5
passenger826,1,7,273,642,656,369,14,383,5
passenger827,1,25,273,642,686,369,44,413,5
passenger828,1,6,274,642,653,368,11,379,5
passenger829,1,11,274,642,664,368,22,390,5
passenger830,1,9,274,712,724,438,12,450,5
passenger831,1,12,275,654,673,379,19,398,11
passenger832,1,23,275,654,692,379,38,417,11
passenger833,1,19,276,654,682,378,28,406,11
passenger834,1,21,276,654,686,378,32,410,11
passenger835,1,8,277,654,667,377,13,390,11
passenger836,1,24,277,720,757,443,37,480,11
passenger837,1,12,277,720,735,443,15,458,11
passenger838,1,17,277,720,746,443,26,469,11
passenger839,1,18,278,720,749,442,29,471,11
passenger840,1,17,278,720,746,442,26,468,11
passenger841,1,16,279,300,327,21,27,48,4
passenger842,1,13,279,300,320,21,20,41,4
passenger843,1,17,279,300,330,21,30,51,4
passenger844,1,23,279,300,340,21,40,61,4
passenger845,1,11,280,301,321,21,20,41,9
passenger846,1,14,280,301,326,21,25,46,9
passenger847,1,6,280,301,310,21,9,30,9
passenger848,1,10,280,301,318,21,17,38,9
passenger849,1,20,280,301,336,21,35,56,9
passenger850,1,17,280,301,331,21,30,51,9
passenger851,1,7,280,301,313,21,12,33,9
passenger852,1,15,281,300,324,19,24,43,4
passenger853,1,21,281,300,336,19,36,55,4
passenger854,1,4,281,300,307,19,7,26,4
passenger855,1,3,282,300,304,18,4,22,4
passenger856,1,11,282,300,316,18,16,34,4
passenger857,1,17,283,300,330,17,30,47,4
passenger858,1,9,283,364,376,81,12,93,4
passenger859,1,21,283,364,398,81,34,115,4
passenger860,1,22,283,364,401,81,37,118,4
passenger861,1,14,283,364,387,81,23,104,4
passenger862,1,11,283,364,380,81,16,97,4
passenger863,1,3,284,301,305,17,4,21,9
passenger864,1,21,284,301,339,17,38,55,9
passenger865,1,23,284,301,343,17,42,59,9
passenger866,1,12,284,367,386,83,19,102,9
passenger867,1,14,285,364,387,79,23,102,4
passenger868,1,20,285,364,395,79,31,110,4
passenger869,1,18,286,367,396,81,29,110,9
passenger870,1,5,287,364,370,77,6,83,4
passenger871,1,18,288,367,396,79,29,108,9
passenger872,1,24,288,367,406,79,39,118,9
passenger873,1,20,289,364,395,75,31,106,4
passenger874,1,13,289,364,384,75,20,95,4
passenger875,1,14,289,424,451,135,27,162,4
passenger876,1,8,290,367,378,77,11,88,9
passenger877,1,17,290,367,393,77,26,103,9
passenger878,1,7,290,367,375,77,8,85,9
passenger879,1,10,290,367,382,77,15,92,9
passenger880,1,8,291,424,437,133,13,146,4
passenger881,1,10,291,424,441,133,17,150,4
passenger882,1,10,291,424,441,133,17,150,4
passenger883,1,3,291,424,428,133,4,137,4
passenger884,1,19,292,367,399,75,32,107,9
passenger885,1,12,292,367,386,75,19,94,9
passenger886,1,24,292,431,468,139,37,176,9
passenger887,1,6,293,424,433,131,9,140,4
passenger888,1,18,293,424,459,131,35,166,4
passenger889,1,6,294,431,438,137,7,144,9
passenger890,1,15,295,424,454,129,30,159,4
passenger891,1,13,295,424,448,129,24,153,4
passenger892,1,12,295,424,445,129,21,150,4
passenger893,1,17,295,478,506,183,28,211,4
passenger894,1,21,296,431,461,135,30,165,9
passenger895,1,9,296,431,443,135,12,147,9
passenger896,1,22,296,431,464,135,33,168,9
passenger897,1,6,296,431,438,135,7,142,9
passenger898,1,9,296,431,443,135,12,147,9
passenger899,1,9,296,431,443,135,12,147,9
passenger900,1,24,297,478,517,181,39,220,4
passenger901,1,4,297,478,483,181,5,186,4
passenger902,1,11,298,478,492,180,14,194,4
passenger903,1,12,298,478,495,180,17,197,4
passenger904,1,21,298,478,512,180,34,214,4
passenger905,1,13,298,478,498,180,20,200,4
passenger906,1,25,298,478,520,180,42,222,4
passenger907,1,19,300,431,457,131,26,157,9
passenger908,1,18,300,431,454,131,23,154,9
passenger909,1,20,300,493,530,193,37,230,9
passenger910,1,5,301,493,501,192,8,200,9
passenger911,1,12,301,493,514,192,21,213,9
passenger912,1,16,301,493,524,192,31,223,9
passenger913,1,7,301,493,505,192,12,204,9
passenger914,1,4,302,556,561,254,5,259,0
passenger915,1,5,302,556,564,254,8,262,0
passenger916,1,20,302,556,595,254,39,293,0
passenger917,1,17,302,556,588,254,32,286,0
passenger918,1,8,304,556,569,252,13,265,0
passenger919,1,19,304,556,592,252,36,288,0
passenger920,1,18,304,616,647,312,31,343,0
passenger921,1,21,305,559,591,254,32,286,8
passenger922,1,23,305,559,595,254,36,290,8
passenger923,1,23,305,559,595,254,36,290,8
passenger924,1,6,305,559,568,254,9,263,8
passenger925,1,20,306,559,588,253,29,282,8
passenger926,1,11,306,559,575,253,16,269,8
passenger927,1,11,307,559,575,252,16,268,8
passenger928,1,17,307,559,583,252,24,276,8
passenger929,1,16,308,619,648,311,29,340,8
passenger930,1,12,308,619,640,311,21,332,8
passenger931,1,25,309,619,661,310,42,352,8
passenger932,1,6,309,619,630,310,11,321,8
passenger933,1,4,310,619,626,309,7,316,8
passenger934,1,2,311,619,622,308,3,311,8
passenger935,1,21,311,619,655,308,36,344,8
passenger936,1,11,311,619,637,308,18,326,8
passenger937,1,12,312,573,594,261,21,282,3
passenger938,1,17,312,573,603,261,30,291,3
passenger939,1,12,312,573,594,261,21,282,3
passenger940,1,15,313,588,610,275,22,297,14
passenger941,1,3,313,588,592,275,4,279,14
passenger942,1,5,314,588,596,274,8,282,14
passenger943,1,24,314,588,625,274,37,311,14
passenger944,1,12,314,588,605,274,17,291,14
passenger945,1,6,314,654,663,340,9,349,14
passenger946,1,10,314,654,671,340,17,357,14
passenger947,1,10,315,573,590,258,17,275,3
passenger948,1,8,315,573,584,258,11,269,3
passenger949,1,9,315,573,587,258,14,272,3
passenger950,1,19,315,573,607,258,34,292,3
passenger951,1,4,315,573,578,258,5,263,3
passenger952,1,9,316,654,668,338,14,352,14
passenger953,1,13,316,654,676,338,22,360,14
passenger954,1,14,316,654,679,338,25,363,14
passenger955,1,23,316,654,690,338,36,374,14
passenger956,1,24,316,654,693,338,39,377,14
passenger957,1,9,317,573,587,256,14,270,3
passenger958,1,14,317,573,598,256,25,281,3
passenger959,1,2,318,627,630,309,3,312,3
passenger960,1,16,319,627,654,308,27,335,3
passenger961,1,5,319,627,639,308,12,320,3
passenger962,1,3,319,627,633,308,6,314,3
passenger963,1,18,319,627,660,308,33,341,3
passenger964,1,6,320,654,663,334,9,343,14
passenger965,1,13,320,654,676,334,22,356,14
passenger966,1,4,320,654,659,334,5,339,14
passenger967,1,19,320,718,746,398,28,426,14
passenger968,1,20,320,718,749,398,31,429,14
passenger969,1,15,321,518,544,197,26,223,1
passenger970,1,22,321,518,557,197,39,236,1
passenger971,1,12,321,580,603,259,23,282,1
passenger972,1,6,321,580,589,259,9,268,1
passenger973,1,5,322,627,639,305,12,317,3
passenger974,1,7,322,627,643,305,16,321,3
passenger975,1,6,323,580,589,257,9,266,1
passenger976,1,9,323,580,596,257,16,273,1
passenger977,1,7,324,580,592,256,12,268,1
passenger978,1,16,324,580,609,256,29,285,1
passenger979,1,5,324,580,586,256,6,262,1
passenger980,1,16,325,580,609,255,29,284,1
passenger981,1,10,325,580,599,255,19,274,1
passenger982,1,18,325,580,613,255,33,288,1
passenger983,1,14,325,632,657,307,25,332,1
passenger984,1,23,326,632,672,306,40,346,1
passenger985,1,12,326,632,651,306,19,325,1
passenger986,1,9,326,632,646,306,14,320,1
passenger987,1,16,326,632,663,306,31,337,1
passenger988,1,17,328,720,746,392,26,418,11
passenger989,1,12,328,720,735,392,15,407,11
passenger990,1,15,329,720,742,391,22,413,11
passenger991,1,13,329,720,738,391,18,409,11
passenger992,1,9,329,720,730,391,10,401,11
passenger993,1,9,329,782,794,453,12,465,11
passenger994,1,23,330,712,746,382,34,416,5
passenger995,1,18,330,712,737,382,25,407,5
passenger996,1,4,330,712,717,382,5,387,5
passenger997,1,25,330,712,750,382,38,420,5
passenger998,1,19,331,782,812,451,30,481,11
passenger999,1,3,332,782,786,450,4,454,11
passenger1000,1,19,332,782,812,450,30,480,11
passenger1001,1,16,332,782,807,450,25,475,11
passenger1002,1,23,332,782,820,450,38,488,11
passenger1003,1,13,332,782,800,450,18,468,11
passenger1004,1,14,332,782,803,450,21,471,11
passenger1005,1,9,333,712,724,379,12,391,5
passenger1006,1,9,333,712,724,379,12,391,5
passenger1007,1,16,333,712,733,379,21,400,5
passenger1008,1,21,334,712,742,378,30,408,5
passenger1009,1,23,334,712,746,378,34,412,5
passenger1010,1,20,334,776,809,442,33,475,5
passenger1011,1,16,334,776,803,442,27,469,5
passenger1012,1,14,334,776,797,442,21,463,5
passenger1013,1,10,334,776,789,442,13,455,5
passenger1014,1,20,335,782,815,447,33,480,11
passenger1015,1,9,336,782,794,446,12,458,11
passenger1016,1,8,336,844,857,508,13,521,11
passenger1017,1,22,336,844,881,508,37,545,11
passenger1018,1,16,336,844,871,508,27,535,11
passenger1019,1,10,336,844,861,508,17,525,11
passenger1020,1,22,337,723,760,386,37,423,7
passenger1021,1,25,337,723,765,386,42,428,7
passenger1022,1,9,337,723,737,386,14,400,7
passenger1023,1,14,338,723,748,385,25,410,7
passenger1024,1,13,338,723,745,385,22,407,7
passenger1025,1,18,338,791,820,453,29,482,7
passenger1026,1,24,339,791,830,452,39,491,7
passenger1027,1,15,339,791,815,452,24,476,7
passenger1028,1,21,339,791,825,452,34,486,7
passenger1029,1,16,340,547,572,207,25,232,15
passenger1030,1,23,340,547,583,207,36,243,15
passenger1031,1,11,341,547,565,206,18,224,15
passenger1032,1,11,341,615,631,274,16,290,15
passenger1033,1,12,341,615,634,274,19,293,15
passenger1034,1,25,341,615,659,274,44,318,15
passenger1035,1,16,342,615,646,273,31,304,15
passenger1036,1,5,342,615,623,273,8,281,15
passenger1037,1,2,342,615,618,273,3,276,15
passenger1038,1,14,342,615,640,273,25,298,15
passenger1039,1,21,342,615,653,273,38,311,15
passenger1040,1,13,343,615,637,272,22,294,15
passenger1041,1,15,343,615,643,272,28,300,15
passenger1042,1,21,343,685,721,342,36,378,15
passenger1043,1,14,344,685,706,341,21,362,15
passenger1044,1,23,344,685,725,341,40,381,15
passenger1045,1,17,344,685,711,341,26,367,15
passenger1046,1,19,345,685,715,340,30,370,15
passenger1047,1,20,345,685,718,340,33,373,15
passenger1048,1,17,345,685,711,340,26,366,15
passenger1049,1,3,346,685,689,339,4,343,15
passenger1050,1,12,346,685,702,339,17,356,15
passenger1051,1,5,346,685,693,339,8,347,15
passenger1052,1,14,346,749,774,403,25,428,15
passenger1053,1,5,347,749,761,402,12,414,15
passenger1054,1,14,347,749,774,402,25,427,15
passenger1055,1,10,348,749,768,401,19,420,15
passenger1056,1,2,348,749,752,401,3,404,15
passenger1057,1,4,348,749,758,401,9,410,15
passenger1058,1,14,349,749,774,400,25,425,15
passenger1059,1,3,349,749,755,400,6,406,15
passenger1060,1,22,349,749,786,400,37,437,15
passenger1061,1,20,349,749,782,400,33,433,15
passenger1062,1,19,350,809,841,459,32,491,15
passenger1063,1,6,350,809,820,459,11,470,15
passenger1064,1,21,350,809,845,459,36,495,15
passenger1065,1,17,350,809,837,459,28,487,15
passenger1066,1,11,350,809,827,459,18,477,15
passenger1067,1,2,351,809,812,458,3,461,15
passenger1068,1,14,351,809,832,458,23,481,15
passenger1069,1,21,351,809,845,458,36,494,15
passenger1070,1,2,351,809,812,458,3,461,15
passenger1071,1,3,351,809,815,458,6,464,15
passenger1072,1,11,351,867,881,516,14,530,15
passenger1073,1,14,352,478,501,126,23,149,4
passenger1074,1,13,352,478,498,126,20,146,4
passenger1075,1,12,353,546,569,193,23,216,4
passenger1076,1,8,353,546,561,193,15,208,4
passenger1077,1,3,354,546,552,192,6,198,4
passenger1078,1,2,354,546,549,192,3,195,4
passenger1079,1,4,355,546,555,191,9,200,4
passenger1080,1,18,356,546,577,190,31,221,4
passenger1081,1,20,356,546,581,190,35,225,4
passenger1082,1,12,356,546,569,190,23,213,4
passenger1083,1,3,356,546,552,190,6,196,4
passenger1084,1,11,356,546,566,190,20,210,4
passenger1085,1,25,358,602,642,244,40,284,4
passenger1086,1,7,359,493,505,134,12,146,9
passenger1087,1,13,359,493,517,134,24,158,9
passenger1088,1,14,359,493,520,134,27,161,9
passenger1089,1,9,359,493,509,134,16,150,9
passenger1090,1,12,360,602,619,242,17,259,4
passenger1091,1,13,360,602,622,242,20,262,4
passenger1092,1,13,360,602,622,242,20,262,4
passenger1093,1,19,360,602,634,242,32,274,4
passenger1094,1,15,360,602,626,242,24,266,4
passenger1095,1,3,361,493,497,132,4,136,9
passenger1096,1,2,362,551,554,189,3,192,9
passenger1097,1,11,362,551,571,189,20,209,9
passenger1098,1,23,362,551,589,189,38,227,9
passenger1099,1,2,362,551,554,189,3,192,9
passenger1100,1,3,362,551,557,189,6,195,9
passenger1101,1,18,363,602,631,239,29,268,4
passenger1102,1,12,363,602,619,239,17,256,4
passenger1103,1,7,363,602,612,239,10,249,4
passenger1104,1,6,363,602,609,239,7,246,4
passenger1105,1,17,364,668,694,304,26,330,4
passenger1106,1,14,364,668,689,304,21,325,4
passenger1107,1,17,364,668,694,304,26,330,4
passenger1108,1,8,365,551,564,186,13,199,9
passenger1109,1,14,365,551,576,186,25,211,9
passenger1110,1,22,366,551,586,185,35,220,9
passenger1111,1,9,366,551,567,185,16,201,9
passenger1112,1,11,366,551,571,185,20,205,9
passenger1113,1,5,366,613,621,247,8,255,9
passenger1114,1,17,366,613,645,247,32,279,9
passenger1115,1,2,367,613,616,246,3,249,9
passenger1116,1,7,368,616,626,248,10,258,0
passenger1117,1,19,368,616,650,248,34,282,0
passenger1118,1,2,369,616,619,247,3,250,0
passenger1119,1,25,369,616,658,247,42,289,0
passenger1120,1,11,369,616,632,247,16,263,0
passenger1121,1,11,369,616,632,247,16,263,0
passenger1122,1,14,370,616,639,246,23,269,0
passenger1123,1,17,370,616,644,246,28,274,0
passenger1124,1,13,370,616,636,246,20,266,0
passenger1125,1,23,370,684,720,314,36,350,0
passenger1126,1,25,370,684,724,314,40,354,0
passenger1127,1,6,370,684,691,314,7,321,0
passenger1128,1,18,370,684,709,314,25,339,0
passenger1129,1,9,371,684,698,313,14,327,0
passenger1130,1,25,371,684,724,313,40,353,0
passenger1131,1,8,371,684,695,313,11,324,0
passenger1132,1,9,371,684,698,313,14,327,0
passenger1133,1,19,371,684,712,313,28,341,0
passenger1134,1,20,371,684,715,313,31,344,0
passenger1135,1,5,372,750,756,378,6,384,0
passenger1136,1,15,372,750,772,378,22,400,0
passenger1137,1,10,372,750,763,378,13,391,0
passenger1138,1,16,372,750,775,378,25,403,0
passenger1139,1,15,373,619,645,246,26,272,8
passenger1140,1,25,373,619,661,246,42,288,8
passenger1141,1,24,373,687,730,314,43,357,8
passenger1142,1,17,373,687,713,314,26,340,8
passenger1143,1,18,374,750,779,376,29,405,0
passenger1144,1,23,374,750,790,376,40,416,0
passenger1145,1,6,375,687,696,312,9,321,8
passenger1146,1,19,375,687,719,312,32,344,8
passenger1147,1,20,376,687,722,311,35,346,8
passenger1148,1,5,376,687,693,311,6,317,8
passenger1149,1,23,376,687,727,311,40,351,8
passenger1150,1,18,376,687,716,311,29,340,8
passenger1151,1,10,377,687,702,310,15,325,8
passenger1152,1,13,377,687,707,310,20,330,8
passenger1153,1,13,378,400,418,22,18,40,2
passenger1154,1,24,379,400,435,21,35,56,2
passenger1155,1,25,379,400,438,21,38,59,2
passenger1156,1,21,380,627,665,247,38,285,3
passenger1157,1,17,380,627,657,247,30,277,3
passenger1158,1,4,380,627,636,247,9,256,3
passenger1159,1,23,380,687,721,307,34,341,3
passenger1160,1,5,380,687,695,307,8,315,3
passenger1161,1,6,380,687,698,307,11,318,3
passenger1162,1,3,381,400,404,19,4,23,2
passenger1163,1,24,381,400,435,19,35,54,2
passenger1164,1,13,382,632,654,250,22,272,1
passenger1165,1,7,382,632,642,250,10,260,1
passenger1166,1,3,382,632,636,250,4,254,1
passenger1167,1,11,383,400,414,17,14,31,2
passenger1168,1,19,384,400,428,16,28,44,2
passenger1169,1,25,384,400,438,16,38,54,2
passenger1170,1,15,385,632,660,247,28,275,1
passenger1171,1,16,385,632,663,247,31,278,1
passenger1172,1,22,385,696,731,311,35,346,1
passenger1173,1,23,385,696,734,311,38,349,1
passenger1174,1,8,385,696,709,311,13,324,1
passenger1175,1,25,386,400,438,14,38,52,2
passenger1176,1,14,386,400,421,14,21,35,2
passenger1177,1,24,386,464,505,78,41,119,2
passenger1178,1,4,386,464,471,78,7,85,2
passenger1179,1,4,386,464,471,78,7,85,2
passenger1180,1,23,386,464,502,78,38,116,2
passenger1181,1,18,388,687,712,299,25,324,3
passenger1182,1,6,388,687,698,299,11,310,3
passenger1183,1,23,388,687,721,299,34,333,3
passenger1184,1,4,388,687,692,299,5,304,3
passenger1185,1,18,389,687,712,298,25,323,3
passenger1186,1,6,389,687,698,298,11,309,3
passenger1187,1,3,390,718,724,328,6,334,14
passenger1188,1,21,390,718,752,328,34,362,14
passenger1189,1,22,390,718,755,328,37,365,14
passenger1190,1,4,390,718,727,328,9,337,14
passenger1191,1,4,390,718,727,328,9,337,14
passenger1192,1,16,390,718,741,328,23,351,14
passenger1193,1,2,390,718,721,328,3,331,14
passenger1194,1,19,391,696,724,305,28,333,1
passenger1195,1,23,391,696,734,305,38,343,1
passenger1196,1,20,391,696,727,305,31,336,1
passenger1197,1,7,391,696,706,305,10,315,1
passenger1198,1,6,392,464,475,72,11,83,2
passenger1199,1,18,393,464,493,71,29,100,2
passenger1200,1,3,393,464,468,71,4,75,2
passenger1201,1,14,394,464,487,70,23,93,2
passenger1202,1,12,394,464,483,70,19,89,2
passenger1203,1,19,394,464,496,70,32,102,2
passenger1204,1,6,395,530,541,135,11,146,2
passenger1205,1,20,395,530,569,135,39,174,2
passenger1206,1,18,395,530,565,135,35,170,2
passenger1207,1,7,396,530,544,134,14,148,2
passenger1208,1,10,396,530,551,134,21,155,2
passenger1209,1,3,396,530,534,134,4,138,2
passenger1210,1,12,397,530,555,133,25,158,2
passenger1211,1,8,397,530,547,133,17,150,2
passenger1212,1,4,397,530,537,133,7,140,2
passenger1213,1,15,398,530,560,132,30,162,2
passenger1214,1,15,398,590,616,192,26,218,2
passenger1215,1,4,398,590,599,192,9,201,2
passenger1216,1,6,398,590,603,192,13,205,2
passenger1217,1,3,399,590,596,191,6,197,2
passenger1218,1,18,400,590,621,190,31,221,2
passenger1219,1,10,400,590,609,190,19,209,2
passenger1220,1,3,401,791,795,390,4,394,7
passenger1221,1,6,401,791,800,390,9,399,7
passenger1222,1,25,401,791,833,390,42,432,7
passenger1223,1,8,402,791,804,389,13,402,7
passenger1224,1,18,402,791,820,389,29,418,7
passenger1225,1,13,402,791,811,389,20,409,7
passenger1226,1,6,403,859,870,456,11,467,7
passenger1227,1,9,403,859,875,456,16,472,7
passenger1228,1,2,404,426,429,22,3,25,10
passenger1229,1,19,404,426,460,22,34,56,10
passenger1230,1,10,404,426,445,22,19,41,10
passenger1231,1,13,404,426,450,22,24,46,10
passenger1232,1,5,404,426,434,22,8,30,10
passenger1233,1,21,404,426,464,22,38,60,10
passenger1234,1,7,404,426,440,22,14,36,10
passenger1235,1,15,405,427,449,22,22,44,12
passenger1236,1,22,405,427,462,22,35,57,12
passenger1237,1,19,405,427,457,22,30,52,12
passenger1238,1,16,406,426,455,20,29,49,10
passenger1239,1,23,407,426,468,19,42,61,10
passenger1240,1,6,407,426,437,19,11,30,10
passenger1241,1,25,407,492,532,85,40,125,10
passenger1242,1,15,407,492,512,85,20,105,10
passenger1243,1,11,407,492,504,85,12,97,10
passenger1244,1,8,408,427,438,19,11,30,12
passenger1245,1,19,408,427,457,19,30,49,12
passenger1246,1,25,409,427,467,18,40,58,12
passenger1247,1,18,409,427,454,18,27,45,12
passenger1248,1,2,409,427,430,18,3,21,12
passenger1249,1,13,409,427,445,18,18,36,12
passenger1250,1,19,411,492,518,81,26,107,10
passenger1251,1,11,411,492,504,81,12,93,10
passenger1252,1,20,411,492,521,81,29,110,10
passenger1253,1,18,412,427,454,15,27,42,12
passenger1254,1,3,412,493,499,81,6,87,12
passenger1255,1,15,412,493,519,81,26,107,12
passenger1256,1,6,412,493,504,81,11,92,12
passenger1257,1,13,413,492,508,79,16,95,10
passenger1258,1,11,413,492,504,79,12,91,10
passenger1259,1,21,413,492,524,79,32,111,10
passenger1260,1,22,413,492,527,79,35,114,10
passenger1261,1,13,414,867,885,453,18,471,15
passenger1262,1,14,414,867,888,453,21,474,15
passenger1263,1,17,414,867,893,453,26,479,15
passenger1264,1,17,414,867,893,453,26,479,15
passenger1265,1,17,414,867,893,453,26,479,15
passenger1266,1,20,414,867,898,453,31,484,15
passenger1267,1,25,414,867,907,453,40,493,15
passenger1268,1,21,414,867,901,453,34,487,15
passenger1269,1,5,414,867,873,453,6,459,15
passenger1270,1,13,415,493,513,78,20,98,12
passenger1271,1,13,416,493,513,77,20,97,12
passenger1272,1,14,416,493,516,77,23,100,12
passenger1273,1,14,416,493,516,77,23,100,12
passenger1274,1,19,416,493,525,77,32,109,12
passenger1275,1,12,417,558,581,141,23,164,10
passenger1276,1,8,417,558,573,141,15,156,10
passenger1277,1,12,417,558,581,141,23,164,10
passenger1278,1,22,417,558,595,141,37,178,10
passenger1279,1,9,417,558,576,141,18,159,10
passenger1280,1,2,418,493,496,75,3,78,12
passenger1281,1,25,418,493,533,75,40,115,12
passenger1282,1,6,418,559,570,141,11,152,12
passenger1283,1,16,418,559,588,141,29,170,12
passenger1284,1,21,418,559,595,141,36,177,12
passenger1285,1,8,418,559,574,141,15,156,12
passenger1286,1,10,418,559,578,141,19,160,12
passenger1287,1,8,418,559,574,141,15,156,12
passenger1288,1,5,418,559,567,141,8,149,12
passenger1289,1,5,419,558,566,139,8,147,10
passenger1290,1,6,419,558,569,139,11,150,10
passenger1291,1,12,419,558,581,139,23,162,10
passenger1292,1,14,419,558,585,139,27,166,10
passenger1293,1,2,420,558,561,138,3,141,10
passenger1294,1,22,420,618,649,198,31,229,10
passenger1295,1,18,420,618,643,198,25,223,10
passenger1296,1,3,420,618,622,198,4,202,10
passenger1297,1,22,420,618,649,198,31,229,10
passenger1298,1,2,421,559,562,138,3,141,12
passenger1299,1,15,421,559,585,138,26,164,12
passenger1300,1,13,422,668,686,246,18,264,4
passenger1301,1,14,422,668,689,246,21,267,4
passenger1302,1,24,422,668,707,246,39,285,4
passenger1303,1,24,423,618,653,195,35,230,10
passenger1304,1,8,424,559,574,135,15,150,12
passenger1305,1,15,425,618,638,193,20,213,10
passenger1306,1,25,425,618,656,193,38,231,10
passenger1307,1,19,426,617,645,191,28,219,12
passenger1308,1,23,426,617,655,191,38,229,12
passenger1309,1,12,426,617,632,191,15,206,12
passenger1310,1,8,426,617,626,191,9,200,12
passenger1311,1,14,426,617,636,191,19,210,12
passenger1312,1,21,427,617,651,190,34,224,12
passenger1313,1,24,427,617,658,190,41,231,12
passenger1314,1,18,427,617,642,190,25,215,12
passenger1315,1,18,429,613,648,184,35,219,9
passenger1316,1,14,429,613,638,184,25,209,9
passenger1317,1,9,429,613,627,184,14,198,9
passenger1318,1,12,429,613,632,184,19,203,9
passenger1319,1,13,429,613,635,184,22,206,9
passenger1320,1,21,429,613,653,184,40,224,9
passenger1321,1,15,430,613,641,183,28,211,9
passenger1322,1,21,430,675,711,245,36,281,9
passenger1323,1,2,430,675,678,245,3,248,9
passenger1324,1,20,430,675,708,245,33,278,9
passenger1325,1,14,431,675,698,244,23,267,9
passenger1326,1,25,431,675,717,244,42,286,9
passenger1327,1,13,431,675,695,244,20,264,9
passenger1328,1,13,431,675,695,244,20,264,9
passenger1329,1,5,431,675,683,244,8,252,9
passenger1330,1,21,432,750,786,318,36,354,0
passenger1331,1,18,433,755,784,322,29,351,8
passenger1332,1,22,434,755,790,321,35,356,8
passenger1333,1,4,434,755,762,321,7,328,8
passenger1334,1,7,435,755,767,320,12,332,8
passenger1335,1,23,435,755,793,320,38,358,8
passenger1336,1,3,435,755,759,320,4,324,8
passenger1337,1,14,436,755,778,319,23,342,8
passenger1338,1,11,436,755,773,319,18,337,8
passenger1339,1,24,436,755,796,319,41,360,8
passenger1340,1,22,436,755,790,319,35,354,8
passenger1341,1,23,436,821,857,385,36,421,8
passenger1342,1,8,436,821,834,385,13,398,8
passenger1343,1,16,437,821,846,384,25,409,8
passenger1344,1,18,437,821,850,384,29,413,8
passenger1345,1,25,437,821,861,384,40,424,8
passenger1346,1,2,438,821,824,383,3,386,8
passenger1347,1,25,439,821,861,382,40,422,8
passenger1348,1,10,439,821,838,382,17,399,8
passenger1349,1,5,439,821,829,382,8,390,8
passenger1350,1,16,439,821,846,382,25,407,8
passenger1351,1,20,440,887,916,447,29,476,8
passenger1352,1,5,440,887,895,447,8,455,8
passenger1353,1,2,440,887,890,447,3,450,8
passenger1354,1,23,441,887,921,446,34,480,8
passenger1355,1,24,441,887,924,446,37,483,8
passenger1356,1,5,441,887,895,446,8,454,8
passenger1357,1,23,442,718,758,276,40,316,14
passenger1358,1,23,442,782,818,340,36,376,14
passenger1359,1,25,442,782,822,340,40,380,14
passenger1360,1,7,442,782,794,340,12,352,14
passenger1361,1,15,443,782,806,339,24,363,14
passenger1362,1,25,443,782,822,339,40,379,14
passenger1363,1,23,443,782,818,339,36,375,14
passenger1364,1,16,444,782,809,338,27,365,14
passenger1365,1,6,444,782,791,338,9,347,14
passenger1366,1,4,445,782,787,337,5,342,14
passenger1367,1,8,445,782,797,337,15,352,14
passenger1368,1,3,445,848,852,403,4,407,14
passenger1369,1,6,446,848,857,402,9,411,14
passenger1370,1,3,446,848,852,402,4,406,14
passenger1371,1,20,446,848,877,402,29,431,14
passenger1372,1,16,446,848,871,402,23,425,14
passenger1373,1,14,446,848,867,402,19,421,14
passenger1374,1,21,446,848,880,402,32,434,14
passenger1375,1,11,447,696,714,249,18,267,1
passenger1376,1,11,447,696,714,249,18,267,1
passenger1377,1,6,447,696,703,249,7,256,1
passenger1378,1,12,447,758,777,311,19,330,1
passenger1379,1,6,448,848,857,400,9,409,14
passenger1380,1,16,448,848,871,400,23,423,14
passenger1381,1,25,448,848,886,400,38,438,14
passenger1382,1,14,448,912,933,464,21,485,14
passenger1383,1,9,448,912,922,464,10,474,14
passenger1384,1,18,448,912,943,464,31,495,14
passenger1385,1,21,449,758,796,309,38,347,1
passenger1386,1,13,450,758,780,308,22,330,1
passenger1387,1,8,451,758,771,307,13,320,1
passenger1388,1,19,451,758,792,307,34,341,1
passenger1389,1,6,451,758,767,307,9,316,1
passenger1390,1,25,452,912,952,460,40,500,14
passenger1391,1,9,452,912,922,460,10,470,14
passenger1392,1,10,452,912,925,460,13,473,14
passenger1393,1,19,453,687,715,234,28,262,3
passenger1394,1,2,453,745,748,292,3,295,3
passenger1395,1,6,453,745,756,292,11,303,3
passenger1396,1,5,453,745,753,292,8,300,3
passenger1397,1,11,454,776,792,322,16,338,5
passenger1398,1,15,454,776,800,322,24,346,5
passenger1399,1,6,454,776,783,322,7,329,5
passenger1400,1,10,454,776,789,322,13,335,5
passenger1401,1,20,454,776,809,322,33,355,5
passenger1402,1,24,454,776,815,322,39,361,5
passenger1403,1,2,455,758,761,303,3,306,1
passenger1404,1,17,455,758,788,303,30,333,1
passenger1405,1,2,456,758,761,302,3,305,1
passenger1406,1,14,456,758,783,302,25,327,1
passenger1407,1,23,456,818,856,362,38,400,1
passenger1408,1,21,456,818,852,362,34,396,1
passenger1409,1,7,456,818,828,362,10,372,1
passenger1410,1,8,456,818,831,362,13,375,1
passenger1411,1,20,456,818,849,362,31,393,1
passenger1412,1,21,457,745,779,288,34,322,3
passenger1413,1,8,457,745,760,288,15,303,3
passenger1414,1,2,457,745,748,288,3,291,3
passenger1415,1,12,457,745,766,288,21,309,3
passenger1416,1,16,457,745,772,288,27,315,3
passenger1417,1,12,457,745,766,288,21,309,3
passenger1418,1,24,457,745,784,288,39,327,3
passenger1419,1,21,458,590,628,132,38,170,2
passenger1420,1,20,458,590,625,132,35,167,2
passenger1421,1,2,459,590,593,131,3,134,2
passenger1422,1,22,459,590,631,131,41,172,2
passenger1423,1,20,459,654,687,195,33,228,2
passenger1424,1,11,459,654,670,195,16,211,2
passenger1425,1,16,459,654,679,195,25,220,2
passenger1426,1,21,460,654,690,194,36,230,2
passenger1427,1,23,461,654,694,193,40,233,2
passenger1428,1,15,461,654,676,193,22,215,2
passenger1429,1,2,461,654,657,193,3,196,2
passenger1430,1,16,462,654,679,192,25,217,2
passenger1431,1,18,462,654,683,192,29,221,2
passenger1432,1,3,463,654,660,191,6,197,2
passenger1433,1,21,463,718,752,255,34,289,2
passenger1434,1,6,464,718,727,254,9,263,2
passenger1435,1,23,465,859,899,394,40,434,7
passenger1436,1,15,467,859,885,392,26,418,7
passenger1437,1,9,467,859,875,392,16,408,7
passenger1438,1,3,467,859,863,392,4,396,7
passenger1439,1,2,468,668,671,200,3,203,4
passenger1440,1,19,469,668,698,199,30,229,4
passenger1441,1,11,469,668,682,199,14,213,4
passenger1442,1,22,470,668,703,198,35,233,4
passenger1443,1,7,470,732,744,262,12,274,4
passenger1444,1,24,470,732,771,262,39,301,4
passenger1445,1,24,471,732,771,261,39,300,4
passenger1446,1,4,471,732,739,261,7,268,4
passenger1447,1,17,471,732,760,261,28,289,4
passenger1448,1,24,471,732,771,261,39,300,4
passenger1449,1,9,471,732,748,261,16,277,4
passenger1450,1,3,472,732,736,260,4,264,4
passenger1451,1,23,472,732,768,260,36,296,4
passenger1452,1,13,472,732,754,260,22,282,4
passenger1453,1,2,474,796,799,322,3,325,4
passenger1454,1,22,474,796,831,322,35,357,4
passenger1455,1,18,475,796,823,321,27,348,4
passenger1456,1,3,475,796,802,321,6,327,4
passenger1457,1,8,475,796,809,321,13,334,4
passenger1458,1,2,475,796,799,321,3,324,4
passenger1459,1,24,475,796,835,321,39,360,4
passenger1460,1,2,475,796,799,321,3,324,4
passenger1461,1,21,476,796,828,320,32,352,4
passenger1462,1,14,476,796,817,320,21,341,4
passenger1463,1,15,476,860,888,384,28,412,4
passenger1464,1,21,477,860,898,383,38,421,4
passenger1465,1,23,477,860,902,383,42,425,4
passenger1466,1,5,478,860,870,382,10,392,4
passenger1467,1,2,478,860,863,382,3,385,4
passenger1468,1,4,478,860,867,382,7,389,4
passenger1469,1,18,479,618,643,139,25,164,10
passenger1470,1,15,480,618,638,138,20,158,10
passenger1471,1,4,480,618,625,138,7,145,10
passenger1472,1,7,481,682,692,201,10,211,10
passenger1473,1,14,481,682,705,201,23,224,10
passenger1474,1,19,481,682,714,201,32,233,10
passenger1475,1,10,481,682,697,201,15,216,10
passenger1476,1,24,481,682,723,201,41,242,10
passenger1477,1,25,482,617,661,135,44,179,12
passenger1478,1,20,482,617,648,135,31,166,12
passenger1479,1,12,482,687,704,205,17,222,12
passenger1480,1,23,482,687,727,205,40,245,12
passenger1481,1,19,482,687,721,205,34,239,12
passenger1482,1,14,483,682,705,199,23,222,10
passenger1483,1,12,483,682,701,199,19,218,10
passenger1484,1,21,484,682,718,198,36,234,10
passenger1485,1,15,484,682,708,198,26,224,10
passenger1486,1,6,484,682,689,198,7,205,10
passenger1487,1,25,484,748,790,264,42,306,10
passenger1488,1,3,484,748,752,264,4,268,10
passenger1489,1,18,485,687,718,202,31,233,12
passenger1490,1,17,485,687,715,202,28,230,12
passenger1491,1,16,486,687,712,201,25,226,12
passenger1492,1,3,486,687,691,201,4,205,12
passenger1493,1,13,486,687,707,201,20,221,12
passenger1494,1,23,486,687,727,201,40,241,12
passenger1495,1,7,486,687,697,201,10,211,12
passenger1496,1,18,487,748,775,261,27,288,10
passenger1497,1,22,487,748,781,261,33,294,10
passenger1498,1,24,487,748,787,261,39,300,10
passenger1499,1,14,487,748,765,261,17,278,10
passenger1500,1,9,488,675,689,187,14,201,9
passenger1501,1,18,488,675,704,187,29,216,9
passenger1502,1,13,488,743,767,255,24,279,9
passenger1503,1,17,489,751,775,262,24,286,12
passenger1504,1,19,489,751,779,262,28,290,12
passenger1505,1,19,490,743,775,253,32,285,9
passenger1506,1,7,490,743,755,253,12,265,9
passenger1507,1,20,490,743,778,253,35,288,9
passenger1508,1,15,491,748,768,257,20,277,10
passenger1509,1,24,491,748,787,257,39,296,10
passenger1510,1,17,491,748,772,257,24,281,10
passenger1511,1,23,491,748,784,257,36,293,10
passenger1512,1,25,491,816,854,325,38,363,10
passenger1513,1,25,491,816,854,325,38,363,10
passenger1514,1,19,492,751,779,259,28,287,12
passenger1515,1,16,492,751,772,259,21,280,12
passenger1516,1,4,492,751,756,259,5,264,12
passenger1517,1,11,493,743,763,250,20,270,9
passenger1518,1,13,494,750,768,256,18,274,0
passenger1519,1,20,495,750,783,255,33,288,0
passenger1520,1,16,495,750,775,255,25,280,0
passenger1521,1,12,495,814,833,319,19,338,0
passenger1522,1,5,497,809,819,312,10,322,3
passenger1523,1,19,497,809,843,312,34,346,3
passenger1524,1,12,497,809,832,312,23,335,3
passenger1525,1,2,499,809,812,310,3,313,3
passenger1526,1,8,499,809,824,310,15,325,3
passenger1527,1,23,500,809,849,309,40,349,3
passenger1528,1,4,500,809,816,309,7,316,3
passenger1529,1,11,500,809,829,309,20,329,3
passenger1530,1,14,500,809,836,309,27,336,3
passenger1531,1,4,501,809,816,308,7,315,3
passenger1532,1,5,501,873,879,372,6,378,3
passenger1533,1,24,501,873,910,372,37,409,3
passenger1534,1,16,502,873,898,371,25,396,3
passenger1535,1,7,502,873,885,371,12,383,3
passenger1536,1,6,503,873,882,370,9,379,3
passenger1537,1,12,503,873,892,370,19,389,3
passenger1538,1,19,503,873,903,370,30,400,3
passenger1539,1,19,503,873,903,370,30,400,3
passenger1540,1,6,503,873,882,370,9,379,3
passenger1541,1,19,503,873,903,370,30,400,3
passenger1542,1,23,503,935,971,432,36,468,3
passenger1543,1,7,504,887,899,383,12,395,8
passenger1544,1,2,504,887,890,383,3,386,8
passenger1545,1,25,505,887,927,382,40,422,8
passenger1546,1,14,505,887,908,382,21,403,8
passenger1547,1,20,506,953,984,447,31,478,8
passenger1548,1,9,506,953,969,447,16,463,8
passenger1549,1,9,506,953,969,447,16,463,8
passenger1550,1,7,506,953,965,447,12,459,8
passenger1551,1,7,506,953,965,447,12,459,8
passenger1552,1,13,507,935,953,428,18,446,3
passenger1553,1,4,508,935,940,427,5,432,3
passenger1554,1,22,508,935,968,427,33,460,3
passenger1555,1,14,508,935,956,427,21,448,3
passenger1556,1,23,509,935,971,426,36,462,3
passenger1557,1,14,509,935,956,426,21,447,3
passenger1558,1,9,509,935,947,426,12,438,3
passenger1559,1,14,509,935,956,426,21,447,3
passenger1560,1,5,510,818,824,308,6,314,1
passenger1561,1,21,510,818,852,308,34,342,1
passenger1562,1,19,510,818,846,308,28,336,1
passenger1563,1,5,510,818,824,308,6,314,1
passenger1564,1,15,511,818,840,307,22,329,1
passenger1565,1,14,511,880,907,369,27,396,1
passenger1566,1,6,511,880,891,369,11,380,1
passenger1567,1,4,512,880,887,368,7,375,1
passenger1568,1,20,513,880,917,367,37,404,1
passenger1569,1,8,513,880,897,367,17,384,1
passenger1570,1,14,513,880,907,367,27,394,1
passenger1571,1,7,514,880,894,366,14,380,1
passenger1572,1,17,514,880,912,366,32,398,1
passenger1573,1,3,514,880,884,366,4,370,1
passenger1574,1,10,515,912,925,397,13,410,14
passenger1575,1,15,515,912,936,397,24,421,14
passenger1576,1,12,515,912,929,397,17,414,14
passenger1577,1,16,515,912,939,397,27,424,14
passenger1578,1,6,515,978,987,463,9,472,14
passenger1579,1,12,516,880,903,364,23,387,1
passenger1580,1,20,516,938,967,422,29,451,1
passenger1581,1,10,517,840,857,323,17,340,5
passenger1582,1,5,517,840,848,323,8,331,5
passenger1583,1,22,518,938,973,420,35,455,1
passenger1584,1,20,518,938,967,420,29,449,1
passenger1585,1,18,518,938,963,420,25,445,1
passenger1586,1,21,518,938,970,420,32,452,1
passenger1587,1,20,519,840,877,321,37,358,5
passenger1588,1,19,519,840,874,321,34,355,5
passenger1589,1,14,519,840,865,321,25,346,5
passenger1590,1,2,519,840,843,321,3,324,5
passenger1591,1,16,520,840,869,320,29,349,5
passenger1592,1,8,520,840,853,320,13,333,5
passenger1593,1,20,521,840,877,319,37,356,5
passenger1594,1,13,522,840,862,318,22,340,5
passenger1595,1,23,522,898,934,376,36,412,5
passenger1596,1,16,523,718,743,195,25,220,2
passenger1597,1,15,524,718,740,194,22,216,2
passenger1598,1,24,525,718,759,193,41,234,2
passenger1599,1,13,525,718,736,193,18,211,2
passenger1600,1,11,526,844,864,318,20,338,11
passenger1601,1,10,526,844,861,318,17,335,11
passenger1602,1,23,527,718,756,191,38,229,2
passenger1603,1,20,528,718,749,190,31,221,2
passenger1604,1,5,528,718,724,190,6,196,2
passenger1605,1,13,528,718,736,190,18,208,2
passenger1606,1,10,528,784,803,256,19,275,2
passenger1607,1,17,528,784,812,256,28,284,2
passenger1608,1,3,529,784,788,255,4,259,2
passenger1609,1,19,529,784,816,255,32,287,2
passenger1610,1,19,529,784,816,255,32,287,2
passenger1611,1,7,529,784,796,255,12,267,2
passenger1612,1,5,529,784,792,255,8,263,2
passenger1613,1,17,529,784,812,255,28,283,2
passenger1614,1,8,530,784,799,254,15,269,2
passenger1615,1,24,530,784,823,254,39,293,2
passenger1616,1,20,530,848,881,318,33,351,2
passenger1617,1,24,531,555,590,24,35,59,6
passenger1618,1,14,531,555,576,24,21,45,6
passenger1619,1,24,531,555,590,24,35,59,6
passenger1620,1,2,533,555,558,22,3,25,6
passenger1621,1,8,533,555,566,22,11,33,6
passenger1622,1,2,533,555,558,22,3,25,6
passenger1623,1,18,533,555,582,22,27,49,6
passenger1624,1,14,534,555,576,21,21,42,6
passenger1625,1,8,534,555,566,21,11,32,6
passenger1626,1,9,535,555,569,20,14,34,6
passenger1627,1,17,535,615,647,80,32,112,6
passenger1628,1,6,536,860,873,324,13,337,4
passenger1629,1,14,536,860,885,324,25,349,4
passenger1630,1,16,536,860,891,324,31,355,4
passenger1631,1,7,536,860,876,324,16,340,4
passenger1632,1,7,537,615,625,78,10,88,6
passenger1633,1,10,537,615,634,78,19,97,6
passenger1634,1,16,537,615,644,78,29,107,6
passenger1635,1,8,538,615,628,77,13,90,6
passenger1636,1,11,538,615,637,77,22,99,6
passenger1637,1,15,539,926,948,387,22,409,4
passenger1638,1,6,539,926,935,387,9,396,4
passenger1639,1,15,539,926,948,387,22,409,4
passenger1640,1,5,540,743,751,203,8,211,9
passenger1641,1,5,540,743,751,203,8,211,9
passenger1642,1,7,540,743,755,203,12,215,9
passenger1643,1,8,540,743,758,203,15,218,9
passenger1644,1,2,540,743,746,203,3,206,9
passenger1645,1,25,541,615,659,74,44,118,6
passenger1646,1,9,541,615,631,74,16,90,6
passenger1647,1,21,541,615,653,74,38,112,6
passenger1648,1,23,542,926,964,384,38,422,4
passenger1649,1,21,542,926,960,384,34,418,4
passenger1650,1,21,542,926,960,384,34,418,4
passenger1651,1,4,543,615,620,72,5,77,6
passenger1652,1,10,544,685,702,141,17,158,6
passenger1653,1,19,544,685,717,141,32,173,6
passenger1654,1,15,545,799,827,254,28,282,9
passenger1655,1,2,545,799,802,254,3,257,9
passenger1656,1,15,546,933,955,387,22,409,15
passenger1657,1,21,546,933,969,387,36,423,15
passenger1658,1,21,546,933,969,387,36,423,15
passenger1659,1,11,546,933,949,387,16,403,15
passenger1660,1,7,547,685,695,138,10,148,6
passenger1661,1,9,547,685,699,138,14,152,6
passenger1662,1,9,548,799,817,251,18,269,9
passenger1663,1,10,548,799,820,251,21,272,9
passenger1664,1,9,549,685,699,136,14,150,6
passenger1665,1,12,549,685,706,136,21,157,6
passenger1666,1,2,549,685,688,136,3,139,6
passenger1667,1,8,550,799,814,249,15,264,9
passenger1668,1,9,550,799,817,249,18,267,9
passenger1669,1,5,550,799,809,249,10,259,9
passenger1670,1,23,551,685,723,134,38,172,6
passenger1671,1,18,551,685,714,134,29,163,6
passenger1672,1,23,551,685,723,134,38,172,6
passenger1673,1,15,552,747,773,195,26,221,6
passenger1674,1,4,552,747,752,195,5,200,6
passenger1675,1,23,552,747,785,195,38,233,6
passenger1676,1,12,554,747,766,193,19,212,6
passenger1677,1,18,554,747,778,193,31,224,6
passenger1678,1,11,554,747,763,193,16,209,6
passenger1679,1,13,555,747,769,192,22,214,6
passenger1680,1,13,555,747,769,192,22,214,6
passenger1681,1,8,555,747,758,192,11,203,6
passenger1682,1,15,555,747,773,192,26,218,6
passenger1683,1,19,556,814,846,258,32,290,0
passenger1684,1,2,556,814,817,258,3,261,0
passenger1685,1,5,556,814,822,258,8,266,0
passenger1686,1,22,557,751,784,194,33,227,12
passenger1687,1,15,557,751,769,194,18,212,12
passenger1688,1,25,558,816,854,258,38,296,10
passenger1689,1,16,558,816,841,258,25,283,10
passenger1690,1,17,559,751,775,192,24,216,12
passenger1691,1,23,559,751,787,192,36,228,12
passenger1692,1,17,559,751,775,192,24,216,12
passenger1693,1,9,559,811,825,252,14,266,12
passenger1694,1,14,560,584,609,24,25,49,13
passenger1695,1,7,560,584,596,24,12,36,13
passenger1696,1,10,560,584,603,24,19,43,13
passenger1697,1,18,560,584,617,24,33,57,13
passenger1698,1,5,560,584,592,24,8,32,13
passenger1699,1,18,561,584,617,23,33,56,13
passenger1700,1,16,561,584,613,23,29,52,13
passenger1701,1,9,561,584,600,23,16,39,13
passenger1702,1,3,561,584,588,23,4,27,13
passenger1703,1,18,562,584,617,22,33,55,13
passenger1704,1,21,562,636,672,74,36,110,13
passenger1705,1,19,562,636,668,74,32,106,13
passenger1706,1,12,563,636,657,73,21,94,13
passenger1707,1,17,563,636,664,73,28,101,13
passenger1708,1,11,563,636,654,73,18,91,13
passenger1709,1,10,563,636,651,73,15,88,13
passenger1710,1,9,563,636,648,73,12,85,13
passenger1711,1,7,563,636,644,73,8,81,13
passenger1712,1,25,563,636,678,73,42,115,13
passenger1713,1,17,564,935,961,371,26,397,3
passenger1714,1,6,564,995,1004,431,9,440,3
passenger1715,1,22,564,995,1028,431,33,464,3
passenger1716,1,5,564,995,1001,431,6,437,3
passenger1717,1,16,565,995,1018,430,23,453,3
passenger1718,1,5,565,995,1001,430,6,436,3
passenger1719,1,10,566,636,651,70,15,85,13
passenger1720,1,17,567,995,1021,428,26,454,3
passenger1721,1,25,567,995,1035,428,40,468,3
passenger1722,1,25,567,995,1035,428,40,468,3
passenger1723,1,23,568,704,740,136,36,172,13
passenger1724,1,7,568,704,714,136,10,146,13
passenger1725,1,4,568,704,709,136,5,141,13
passenger1726,1,23,568,704,740,136,36,172,13
passenger1727,1,24,570,995,1032,425,37,462,3
passenger1728,1,8,572,995,1008,423,13,436,3
passenger1729,1,2,572,1061,1064,489,3,492,3
passenger1730,1,17,572,1061,1089,489,28,517,3
passenger1731,1,3,572,1061,1067,489,6,495,3
passenger1732,1,2,572,1061,1064,489,3,492,3
passenger1733,1,24,572,1061,1098,489,37,526,3
passenger1734,1,13,573,704,724,131,20,151,13
passenger1735,1,4,573,704,709,131,5,136,13
passenger1736,1,17,573,704,732,131,28,159,13
passenger1737,1,10,573,704,719,131,15,146,13
passenger1738,1,14,573,704,727,131,23,154,13
passenger1739,1,23,574,704,740,130,36,166,13
passenger1740,1,7,574,764,772,190,8,198,13
passenger1741,1,17,575,764,788,189,24,213,13
passenger1742,1,21,575,764,794,189,30,219,13
passenger1743,1,12,576,764,779,188,15,203,13
passenger1744,1,25,576,764,804,188,40,228,13
passenger1745,1,12,577,764,779,187,15,202,13
passenger1746,1,13,578,764,782,186,18,204,13
passenger1747,1,23,579,764,800,185,36,221,13
passenger1748,1,17,579,764,788,185,24,209,13
passenger1749,1,22,580,764,797,184,33,217,13
passenger1750,1,20,580,830,865,250,35,285,13
passenger1751,1,19,580,830,862,250,32,282,13
passenger1752,1,7,580,830,840,250,10,260,13
passenger1753,1,11,580,830,850,250,20,270,13
passenger1754,1,22,581,830,869,249,39,288,13
passenger1755,1,16,581,830,857,249,27,276,13
passenger1756,1,8,581,830,843,249,13,262,13
passenger1757,1,9,581,830,846,249,16,265,13
passenger1758,1,20,581,830,865,249,35,284,13
passenger1759,1,6,582,830,837,248,7,255,13
passenger1760,1,4,583,892,897,309,5,314,13
passenger1761,1,20,583,892,925,309,33,342,13
passenger1762,1,8,583,892,905,309,13,322,13
passenger1763,1,20,584,892,925,308,33,341,13
passenger1764,1,14,584,892,915,308,23,331,13
passenger1765,1,25,584,892,932,308,40,348,13
passenger1766,1,14,585,898,917,313,19,332,5
passenger1767,1,22,586,898,931,312,33,345,5
passenger1768,1,22,586,898,931,312,33,345,5
passenger1769,1,7,586,898,908,312,10,322,5
passenger1770,1,25,587,844,886,257,42,299,11
passenger1771,1,19,587,844,876,257,32,289,11
passenger1772,1,4,587,844,851,257,7,264,11
passenger1773,1,2,588,844,847,256,3,259,11
passenger1774,1,8,589,848,861,259,13,272,2
passenger1775,1,2,589,848,851,259,3,262,2
passenger1776,1,10,589,848,867,259,19,278,2
passenger1777,1,25,589,848,888,259,40,299,2
passenger1778,1,13,589,848,872,259,24,283,2
passenger1779,1,2,590,848,851,258,3,261,2
passenger1780,1,13,590,848,872,258,24,282,2
passenger1781,1,7,590,848,858,258,10,268,2
passenger1782,1,22,591,859,896,268,37,305,7
passenger1783,1,4,591,859,866,268,7,275,7
passenger1784,1,20,592,859,892,267,33,300,7
passenger1785,1,12,592,859,880,267,21,288,7
passenger1786,1,2,592,923,926,331,3,334,7
passenger1787,1,18,593,923,950,330,27,357,7
passenger1788,1,12,593,923,942,330,19,349,7
passenger1789,1,20,593,923,954,330,31,361,7
passenger1790,1,16,596,926,951,330,25,355,4
passenger1791,1,20,596,926,957,330,31,361,4
passenger1792,1,13,597,926,944,329,18,347,4
passenger1793,1,2,597,926,929,329,3,332,4
passenger1794,1,5,598,988,996,390,8,398,4
passenger1795,1,13,598,988,1010,390,22,412,4
passenger1796,1,11,599,988,1006,389,18,407,4
passenger1797,1,21,599,988,1022,389,34,423,4
passenger1798,1,11,599,988,1006,389,18,407,4
passenger1799,1,22,600,988,1025,388,37,425,4
passenger1800,1,6,600,988,999,388,11,399,4
passenger1801,1,11,601,988,1006,387,18,405,4
passenger1802,1,20,601,988,1019,387,31,418,4
passenger1803,1,4,601,988,993,387,5,392,4
passenger1804,1,9,601,1048,1060,447,12,459,4
passenger1805,1,20,601,1048,1077,447,29,476,4
passenger1806,1,16,601,1048,1071,447,23,470,4
passenger1807,1,20,602,1048,1077,446,29,475,4
passenger1808,1,14,602,1048,1067,446,19,465,4
passenger1809,1,22,602,1048,1081,446,33,479,4
passenger1810,1,23,602,1048,1084,446,36,482,4
passenger1811,1,25,602,1048,1088,446,40,486,4
passenger1812,1,4,603,799,806,196,7,203,9
passenger1813,1,16,603,799,830,196,31,227,9
passenger1814,1,4,604,799,806,195,7,202,9
passenger1815,1,7,605,809,819,204,10,214,6
passenger1816,1,9,605,809,823,204,14,218,6
passenger1817,1,17,606,847,871,241,24,265,9
passenger1818,1,12,606,847,862,241,15,256,9
passenger1819,1,22,606,847,880,241,33,274,9
passenger1820,1,9,607,809,823,202,14,216,6
passenger1821,1,16,608,809,834,201,25,226,6
passenger1822,1,20,608,809,842,201,33,234,6
passenger1823,1,25,608,809,849,201,40,241,6
passenger1824,1,7,608,809,819,201,10,211,6
passenger1825,1,19,608,809,839,201,30,231,6
passenger1826,1,4,608,809,814,201,5,206,6
passenger1827,1,15,609,847,867,238,20,258,9
passenger1828,1,11,609,847,859,238,12,250,9
passenger1829,1,25,609,847,887,238,40,278,9
passenger1830,1,20,609,847,876,238,29,267,9
passenger1831,1,24,609,847,884,238,37,275,9
passenger1832,1,22,609,847,880,238,33,271,9
passenger1833,1,11,610,814,830,204,16,220,0
passenger1834,1,19,610,814,846,204,32,236,0
passenger1835,1,2,610,814,817,204,3,207,0
passenger1836,1,15,612,809,831,197,22,219,6
passenger1837,1,3,612,875,879,263,4,267,6
passenger1838,1,19,612,875,907,263,32,295,6
passenger1839,1,25,612,875,917,263,42,305,6
passenger1840,1,18,612,875,904,263,29,292,6
passenger1841,1,22,613,847,880,234,33,267,9
passenger1842,1,7,613,913,921,300,8,308,9
passenger1843,1,25,613,913,951,300,38,338,9
passenger1844,1,15,613,913,937,300,24,324,9
passenger1845,1,18,614,811,840,197,29,226,12
passenger1846,1,20,614,811,844,197,33,230,12
passenger1847,1,17,614,811,837,197,26,223,12
passenger1848,1,9,614,811,825,197,14,211,12
passenger1849,1,16,615,814,839,199,25,224,0
passenger1850,1,17,615,814,842,199,28,227,0
passenger1851,1,22,615,814,851,199,37,236,0
passenger1852,1,13,615,874,898,259,24,283,0
passenger1853,1,14,616,811,832,195,21,216,12
passenger1854,1,14,616,811,832,195,21,216,12
passenger1855,1,4,616,811,818,195,7,202,12
passenger1856,1,4,616,811,818,195,7,202,12
passenger1857,1,2,616,811,814,195,3,198,12
passenger1858,1,17,617,816,844,199,28,227,10
passenger1859,1,12,618,816,835,198,19,217,10
passenger1860,1,22,619,953,988,334,35,369,8
passenger1861,1,18,619,953,980,334,27,361,8
passenger1862,1,5,619,953,959,334,6,340,8
passenger1863,1,4,620,1061,1070,441,9,450,3
passenger1864,1,10,621,1061,1080,440,19,459,3
passenger1865,1,24,621,1061,1098,440,37,477,3
passenger1866,1,3,621,1061,1067,440,6,446,3
passenger1867,1,6,621,1061,1074,440,13,453,3
passenger1868,1,2,622,938,941,316,3,319,1
passenger1869,1,11,622,938,954,316,16,332,1
passenger1870,1,25,622,938,978,316,40,356,1
passenger1871,1,18,623,1123,1154,500,31,531,3
passenger1872,1,13,623,1123,1145,500,22,522,3
passenger1873,1,5,623,1123,1129,500,6,506,3
passenger1874,1,10,623,1123,1140,500,17,517,3
passenger1875,1,14,623,1123,1148,500,25,525,3
passenger1876,1,8,624,938,949,314,11,325,1
passenger1877,1,18,625,938,963,313,25,338,1
passenger1878,1,25,625,1004,1046,379,42,421,1
passenger1879,1,6,625,1004,1013,379,9,388,1
passenger1880,1,8,625,1004,1019,379,15,394,1
passenger1881,1,5,626,1123,1129,497,6,503,3
passenger1882,1,19,626,1123,1157,497,34,531,3
passenger1883,1,13,626,1123,1145,497,22,519,3
passenger1884,1,8,626,1123,1136,497,13,510,3
passenger1885,1,7,626,1123,1133,497,10,507,3
passenger1886,1,3,626,1177,1181,551,4,555,3
passenger1887,1,13,627,1004,1026,377,22,399,1
passenger1888,1,18,628,1004,1033,376,29,405,1
passenger1889,1,7,628,1004,1016,376,12,388,1
passenger1890,1,2,629,1004,1007,375,3,378,1
passenger1891,1,13,629,1004,1026,375,22,397,1
passenger1892,1,18,630,892,921,262,29,291,13
passenger1893,1,10,630,892,909,262,17,279,13
passenger1894,1,8,630,892,905,262,13,275,13
passenger1895,1,5,630,892,900,262,8,270,13
passenger1896,1,19,631,1004,1036,373,32,405,1
passenger1897,1,22,631,1004,1041,373,37,410,1
passenger1898,1,20,631,1072,1109,441,37,478,1
passenger1899,1,14,631,1072,1095,441,23,464,1
passenger1900,1,19,631,1072,1106,441,34,475,1
passenger1901,1,11,631,1072,1088,441,16,457,1
passenger1902,1,2,631,1072,1075,441,3,444,1
passenger1903,1,10,632,958,975,326,17,343,13
passenger1904,1,18,632,958,987,326,29,355,13
passenger1905,1,17,632,958,984,326,26,352,13
passenger1906,1,25,632,958,1000,326,42,368,13
passenger1907,1,25,633,958,1000,325,42,367,13
passenger1908,1,7,633,958,968,325,10,335,13
passenger1909,1,2,633,958,961,325,3,328,13
passenger1910,1,8,634,958,971,324,13,337,13
passenger1911,1,23,634,958,996,324,38,362,13
passenger1912,1,21,635,958,992,323,34,357,13
passenger1913,1,4,635,1026,1031,391,5,396,13
passenger1914,1,5,635,1026,1034,391,8,399,13
passenger1915,1,15,636,1026,1050,390,24,414,13
passenger1916,1,17,636,1026,1054,390,28,418,13
passenger1917,1,25,636,1026,1066,390,40,430,13
passenger1918,1,20,636,1026,1059,390,33,423,13
passenger1919,1,7,637,898,908,261,10,271,5
passenger1920,1,2,638,898,901,260,3,263,5
passenger1921,1,17,638,898,924,260,26,286,5
passenger1922,1,15,639,898,920,259,22,281,5
passenger1923,1,24,639,898,937,259,39,298,5
passenger1924,1,15,639,962,990,323,28,351,5
passenger1925,1,14,639,962,987,323,25,348,5
passenger1926,1,9,639,962,976,323,14,337,5
passenger1927,1,4,641,962,967,321,5,326,5
passenger1928,1,23,641,962,1004,321,42,363,5
passenger1929,1,21,641,962,1000,321,38,359,5
passenger1930,1,5,642,962,970,320,8,328,5
passenger1931,1,18,642,962,995,320,33,353,5
passenger1932,1,10,642,962,979,320,17,337,5
passenger1933,1,12,642,962,983,320,21,341,5
passenger1934,1,22,642,1028,1063,386,35,421,5
passenger1935,1,22,642,1028,1063,386,35,421,5
passenger1936,1,6,642,1028,1041,386,13,399,5
passenger1937,1,9,643,848,864,205,16,221,2
passenger1938,1,21,644,914,948,270,34,304,2
passenger1939,1,24,644,914,953,270,39,309,2
passenger1940,1,3,646,912,916,266,4,270,11
passenger1941,1,22,646,912,945,266,33,299,11
passenger1942,1,13,647,914,930,267,16,283,2
passenger1943,1,16,647,914,937,267,23,290,2
passenger1944,1,3,647,914,918,267,4,271,2
passenger1945,1,18,647,914,941,267,27,294,2
passenger1946,1,18,647,914,941,267,27,294,2
passenger1947,1,17,648,912,932,264,20,284,11
passenger1948,1,20,648,912,941,264,29,293,11
passenger1949,1,24,649,912,949,263,37,300,11
passenger1950,1,22,649,912,945,263,33,296,11
passenger1951,1,19,649,912,938,263,26,289,11
passenger1952,1,25,649,912,952,263,40,303,11
passenger1953,1,18,649,912,935,263,23,286,11
passenger1954,1,18,650,914,941,264,27,291,2
passenger1955,1,15,651,914,934,263,20,283,2
passenger1956,1,20,651,914,945,263,31,294,2
passenger1957,1,3,652,912,916,260,4,264,11
passenger1958,1,14,652,978,1003,326,25,351,11
passenger1959,1,12,652,978,997,326,19,345,11
passenger1960,1,23,652,978,1018,326,40,366,11
passenger1961,1,3,652,978,984,326,6,332,11
passenger1962,1,17,652,978,1008,326,30,356,11
passenger1963,1,6,653,978,987,325,9,334,2
passenger1964,1,23,653,978,1014,325,36,361,2
passenger1965,1,22,653,978,1011,325,33,358,2
passenger1966,1,7,653,978,990,325,12,337,2
passenger1967,1,22,653,978,1011,325,33,358,2
passenger1968,1,13,653,978,1000,325,22,347,2
passenger1969,1,25,653,978,1018,325,40,365,2
passenger1970,1,19,654,978,1012,324,34,358,14
passenger1971,1,2,654,978,981,324,3,327,14
passenger1972,1,6,654,978,987,324,9,333,14
passenger1973,1,11,654,978,1000,324,22,346,14
passenger1974,1,7,655,923,935,268,12,280,7
passenger1975,1,5,655,923,931,268,8,276,7
passenger1976,1,25,656,923,963,267,40,307,7
passenger1977,1,22,656,923,958,267,35,302,7
passenger1978,1,12,656,923,942,267,19,286,7
passenger1979,1,7,656,923,935,267,12,279,7
passenger1980,1,6,656,989,998,333,9,342,7
passenger1981,1,23,657,989,1029,332,40,372,7
passenger1982,1,9,657,989,1003,332,14,346,7
passenger1983,1,2,658,989,992,331,3,334,7
passenger1984,1,11,658,989,1009,331,20,351,7
passenger1985,1,12,658,989,1012,331,23,354,7
passenger1986,1,16,658,989,1018,331,29,360,7
passenger1987,1,10,658,989,1006,331,17,348,7
passenger1988,1,24,658,989,1032,331,43,374,7
passenger1989,1,17,658,989,1021,331,32,363,7
passenger1990,1,25,659,1057,1099,398,42,440,7
passenger1991,1,10,659,1057,1070,398,13,411,7
passenger1992,1,17,659,1057,1079,398,22,420,7
passenger1993,1,10,659,1057,1070,398,13,411,7
passenger1994,1,18,659,1057,1082,398,25,423,7
passenger1995,1,19,659,1057,1085,398,28,426,7
passenger1996,1,9,659,1057,1067,398,10,408,7
passenger1997,1,24,659,1057,1096,398,39,437,7
passenger1998,1,22,660,1057,1090,397,33,430,7
passenger1999,1,23,660,1057,1093,397,36,433,7
passenger2000,1,7,661,1125,1135,464,10,474,7
passenger2001,1,19,661,1125,1151,464,26,490,7
passenger2002,1,4,661,1125,1130,464,5,469,7
passenger2003,1,4,662,1048,1053,386,5,391,4
passenger2004,1,25,662,1048,1088,386,40,426,4
passenger2005,1,5,662,1114,1122,452,8,460,4
passenger2006,1,22,663,1114,1153,451,39,490,4
passenger2007,1,12,663,1114,1133,451,19,470,4
passenger2008,1,9,663,1114,1128,451,14,465,4
passenger2009,1,3,663,1114,1118,451,4,455,4
passenger2010,1,18,664,1114,1143,450,29,479,4
passenger2011,1,19,664,1114,1146,450,32,482,4
passenger2012,1,13,664,1114,1136,450,22,472,4
passenger2013,1,21,664,1114,1150,450,36,486,4
passenger2014,1,9,664,1114,1128,450,14,464,4
passenger2015,1,15,665,913,937,248,24,272,9
passenger2016,1,8,665,913,924,248,11,259,9
passenger2017,1,15,665,913,937,248,24,272,9
passenger2018,1,5,666,1176,1182,510,6,516,4
passenger2019,1,13,666,1176,1200,510,24,534,4
passenger2020,1,15,666,1176,1204,510,28,538,4
passenger2021,1,15,667,913,937,246,24,270,9
passenger2022,1,12,667,913,930,246,17,263,9
passenger2023,1,17,667,913,941,246,28,274,9
passenger2024,1,14,667,913,934,246,21,267,9
passenger2025,1,8,668,1176,1191,508,15,523,4
passenger2026,1,7,668,1176,1188,508,12,520,4
passenger2027,1,17,668,1176,1208,508,32,540,4
passenger2028,1,24,668,1176,1219,508,43,551,4
passenger2029,1,20,668,1176,1213,508,37,545,4
passenger2030,1,17,669,977,1003,308,26,334,9
passenger2031,1,24,669,977,1016,308,39,347,9
passenger2032,1,23,669,977,1013,308,36,344,9
passenger2033,1,14,669,977,996,308,19,327,9
passenger2034,1,4,670,977,982,307,5,312,9
passenger2035,1,17,670,977,1003,307,26,333,9
passenger2036,1,16,670,977,1000,307,23,330,9
passenger2037,1,8,670,977,988,307,11,318,9
passenger2038,1,22,670,977,1010,307,33,340,9
passenger2039,1,22,671,977,1010,306,33,339,9
passenger2040,1,9,671,1041,1055,370,14,384,9
passenger2041,1,13,671,1041,1065,370,24,394,9
passenger2042,1,6,672,816,825,144,9,153,10
passenger2043,1,6,672,816,825,144,9,153,10
passenger2044,1,8,673,1041,1052,368,11,379,9
passenger2045,1,10,673,1041,1058,368,17,385,9
passenger2046,1,8,674,816,829,142,13,155,10
passenger2047,1,5,674,816,822,142,6,148,10
passenger2048,1,12,674,880,897,206,17,223,10
passenger2049,1,16,674,880,903,206,23,229,10
passenger2050,1,9,675,1041,1055,366,14,380,9
passenger2051,1,14,675,1041,1068,366,27,393,9
passenger2052,1,8,675,1041,1052,366,11,377,9
passenger2053,1,18,676,880,909,204,29,233,10
passenger2054,1,17,676,880,906,204,26,230,10
passenger2055,1,25,677,880,920,203,40,243,10
passenger2056,1,3,677,880,884,203,4,207,10
passenger2057,1,22,677,880,915,203,35,238,10
passenger2058,1,10,678,880,893,202,13,215,10
passenger2059,1,3,678,880,884,202,4,206,10
passenger2060,1,18,679,880,909,201,29,230,10
passenger2061,1,6,679,946,957,267,11,278,10
passenger2062,1,6,680,874,883,194,9,203,0
passenger2063,1,25,680,874,912,194,38,232,0
passenger2064,1,7,680,874,886,194,12,206,0
passenger2065,1,15,681,946,974,265,28,293,10
passenger2066,1,6,681,946,957,265,11,276,10
passenger2067,1,4,682,946,951,264,5,269,10
passenger2068,1,2,683,874,877,191,3,194,0
passenger2069,1,2,683,874,877,191,3,194,0
passenger2070,1,13,683,874,898,191,24,215,0
passenger2071,1,12,684,874,895,190,21,211,0
passenger2072,1,2,684,874,877,190,3,193,0
passenger2073,1,10,684,874,891,190,17,207,0
passenger2074,1,8,684,938,949,254,11,265,0
passenger2075,1,15,684,938,958,254,20,274,0
passenger2076,1,25,684,938,978,254,40,294,0
passenger2077,1,18,684,938,965,254,27,281,0
passenger2078,1,24,684,938,975,254,37,291,0
passenger2079,1,6,685,875,884,190,9,199,6
passenger2080,1,7,686,865,877,179,12,191,12
passenger2081,1,20,686,865,898,179,33,212,12
passenger2082,1,9,686,865,881,179,16,195,12
passenger2083,1,22,686,865,902,179,37,216,12
passenger2084,1,13,686,865,889,179,24,203,12
passenger2085,1,6,687,865,874,178,9,187,12
passenger2086,1,22,687,865,902,178,37,215,12
passenger2087,1,15,688,1072,1098,384,26,410,1
passenger2088,1,21,688,1072,1112,384,40,424,1
passenger2089,1,12,688,1072,1091,384,19,403,1
passenger2090,1,5,688,1072,1080,384,8,392,1
passenger2091,1,18,689,1072,1103,383,31,414,1
passenger2092,1,4,690,1134,1139,444,5,449,1
passenger2093,1,17,690,1134,1158,444,24,468,1
passenger2094,1,12,691,1134,1151,443,17,460,1
passenger2095,1,20,691,1134,1163,443,29,472,1
passenger2096,1,22,691,1134,1167,443,33,476,1
passenger2097,1,11,691,1134,1148,443,14,457,1
passenger2098,1,23,691,1134,1170,443,36,479,1
passenger2099,1,4,692,1134,1139,442,5,447,1
passenger2100,1,4,692,1134,1139,442,5,447,1
passenger2101,1,25,693,1134,1174,441,40,481,1
passenger2102,1,15,693,1200,1224,507,24,531,1
passenger2103,1,12,693,1200,1219,507,19,526,1
passenger2104,1,5,693,1200,1206,507,6,513,1
passenger2105,1,8,693,1200,1211,507,11,518,1
passenger2106,1,18,693,1200,1229,507,29,536,1
passenger2107,1,21,693,1200,1234,507,34,541,1
passenger2108,1,23,693,1200,1238,507,38,545,1
passenger2109,1,11,694,1200,1216,506,16,522,1
passenger2110,1,12,695,1200,1219,505,19,524,1
passenger2111,1,5,696,1200,1206,504,6,510,1
passenger2112,1,3,696,1262,1268,566,6,572,1
passenger2113,1,12,697,1026,1045,329,19,348,13
passenger2114,1,15,698,1026,1050,328,24,352,13
passenger2115,1,4,698,1026,1031,328,5,333,13
passenger2116,1,11,700,1026,1042,326,16,342,13
passenger2117,1,17,700,1092,1118,392,26,418,13
passenger2118,1,21,700,1092,1126,392,34,426,13
passenger2119,1,24,701,1092,1133,391,41,432,13
passenger2120,1,10,701,1092,1107,391,15,406,13
passenger2121,1,11,701,1092,1110,391,18,409,13
passenger2122,1,22,702,1092,1129,390,37,427,13
passenger2123,1,18,702,1092,1121,390,29,419,13
passenger2124,1,8,702,1092,1103,390,11,401,13
passenger2125,1,18,702,1092,1121,390,29,419,13
passenger2126,1,5,702,1092,1098,390,6,396,13
passenger2127,1,12,702,1158,1179,456,21,477,13
passenger2128,1,9,703,1158,1172,455,14,469,13
passenger2129,1,25,703,1158,1200,455,42,497,13
passenger2130,1,2,704,1158,1161,454,3,457,13
passenger2131,1,22,704,1158,1195,454,37,491,13
passenger2132,1,8,704,1158,1169,454,11,465,13
passenger2133,1,2,704,1158,1161,454,3,457,13
passenger2134,1,17,704,1158,1188,454,30,484,13
passenger2135,1,18,706,1028,1057,322,29,351,5
passenger2136,1,5,706,1028,1038,322,10,332,5
passenger2137,1,2,706,1028,1031,322,3,325,5
passenger2138,1,4,707,1028,1035,321,7,328,5
passenger2139,1,11,707,1028,1048,321,20,341,5
passenger2140,1,5,708,1028,1038,320,10,330,5
passenger2141,1,18,709,1028,1057,319,29,348,5
passenger2142,1,3,709,1086,1090,377,4,381,5
passenger2143,1,20,709,1086,1113,377,27,404,5
passenger2144,1,22,709,1086,1117,377,31,408,5
passenger2145,1,19,710,1086,1110,376,24,400,5
passenger2146,1,24,710,1086,1121,376,35,411,5
passenger2147,1,24,710,1086,1121,376,35,411,5
passenger2148,1,3,710,1086,1090,376,4,380,5
passenger2149,1,10,710,1086,1099,376,13,389,5
passenger2150,1,20,710,1086,1113,376,27,403,5
passenger2151,1,10,711,1086,1099,375,13,388,5
passenger2152,1,19,711,1146,1174,435,28,463,5
passenger2153,1,20,712,1146,1177,434,31,465,5
passenger2154,1,25,712,1146,1190,434,44,478,5
passenger2155,1,9,713,978,994,265,16,281,14
passenger2156,1,10,713,978,997,265,19,284,14
passenger2157,1,2,714,978,981,264,3,267,2
passenger2158,1,8,714,978,993,264,15,279,2
passenger2159,1,8,715,978,991,263,13,276,14
passenger2160,1,12,716,978,1003,262,25,287,14
passenger2161,1,12,716,978,1003,262,25,287,14
passenger2162,1,22,717,978,1011,261,33,294,2
passenger2163,1,20,718,1044,1077,326,33,359,2
passenger2164,1,19,719,978,1012,259,34,293,11
passenger2165,1,2,719,978,981,259,3,262,11
passenger2166,1,13,719,978,1000,259,22,281,11
passenger2167,1,19,721,1125,1151,404,26,430,7
passenger2168,1,7,721,1125,1135,404,10,414,7
passenger2169,1,12,722,1125,1142,403,17,420,7
passenger2170,1,19,722,1125,1151,403,26,429,7
passenger2171,1,21,722,1125,1155,403,30,433,7
passenger2172,1,22,722,1125,1158,403,33,436,7
passenger2173,1,12,722,1125,1142,403,17,420,7
passenger2174,1,11,723,1181,1195,458,14,472,7
passenger2175,1,11,723,1181,1195,458,14,472,7
passenger2176,1,18,723,1181,1208,458,27,485,7
passenger2177,1,12,723,1181,1198,458,17,475,7
passenger2178,1,11,724,1176,1196,452,20,472,4
passenger2179,1,6,724,1176,1185,452,9,461,4
passenger2180,1,13,724,1244,1262,520,18,538,4
passenger2181,1,7,724,1244,1252,520,8,528,4
passenger2182,1,14,725,1244,1265,519,21,540,4
passenger2183,1,23,725,1244,1278,519,34,553,4
passenger2184,1,20,725,1244,1273,519,29,548,4
passenger2185,1,13,726,1244,1262,518,18,536,4
passenger2186,1,25,726,1244,1282,518,38,556,4
passenger2187,1,25,726,1244,1282,518,38,556,4
passenger2188,1,12,727,1244,1259,517,15,532,4
passenger2189,1,20,727,1244,1273,517,29,546,4
passenger2190,1,10,728,1308,1327,580,19,599,4
passenger2191,1,23,729,1308,1348,579,40,619,4
passenger2192,1,10,729,1308,1327,579,19,598,4
passenger2193,1,8,730,1308,1321,578,13,591,4
passenger2194,1,5,730,1308,1316,578,8,586,4
passenger2195,1,22,731,1308,1345,577,37,614,4
passenger2196,1,9,731,1308,1324,577,16,593,4
passenger2197,1,21,731,1308,1342,577,34,611,4
passenger2198,1,4,731,1308,1313,577,5,582,4
passenger2199,1,14,731,1308,1333,577,25,602,4
passenger2200,1,12,732,1372,1389,640,17,657,4
passenger2201,1,12,732,1372,1389,640,17,657,4
passenger2202,1,6,732,1372,1381,640,9,649,4
passenger2203,1,3,732,1372,1376,640,4,644,4
passenger2204,1,10,733,875,892,142,17,159,6
passenger2205,1,13,734,875,897,141,22,163,6
passenger2206,1,21,735,875,911,140,36,176,6
passenger2207,1,13,735,875,897,140,22,162,6
passenger2208,1,7,735,875,887,140,12,152,6
passenger2209,1,8,736,943,956,207,13,220,6
passenger2210,1,16,736,943,972,207,29,236,6
passenger2211,1,12,737,943,964,206,21,227,6
passenger2212,1,23,737,943,983,206,40,246,6
passenger2213,1,12,737,943,964,206,21,227,6
passenger2214,1,15,737,943,969,206,26,232,6
passenger2215,1,3,737,943,947,206,4,210,6
passenger2216,1,6,738,943,952,205,9,214,6
passenger2217,1,22,738,943,980,205,37,242,6
passenger2218,1,10,738,943,960,205,17,222,6
passenger2219,1,12,740,1041,1062,301,21,322,9
passenger2220,1,16,740,1041,1072,301,31,332,9
passenger2221,1,3,740,1041,1045,301,4,305,9
passenger2222,1,14,740,1089,1108,349,19,368,9
passenger2223,1,10,741,946,965,205,19,224,10
passenger2224,1,5,741,946,954,205,8,213,10
passenger2225,1,12,741,946,969,205,23,228,10
passenger2226,1,12,742,1007,1028,265,21,286,6
passenger2227,1,6,742,1007,1016,265,9,274,6
passenger2228,1,15,743,1089,1111,346,22,368,9
passenger2229,1,19,743,1089,1119,346,30,376,9
passenger2230,1,8,744,1007,1020,263,13,276,6
passenger2231,1,25,744,1007,1049,263,42,305,6
passenger2232,1,16,744,1007,1034,263,27,290,6
passenger2233,1,20,744,1007,1042,263,35,298,6
passenger2234,1,3,744,1007,1011,263,4,267,6
passenger2235,1,20,744,1007,1042,263,35,298,6
passenger2236,1,10,744,1007,1024,263,17,280,6
passenger2237,1,19,744,1007,1039,263,32,295,6
passenger2238,1,21,745,946,982,201,36,237,10
passenger2239,1,8,745,946,961,201,15,216,10
passenger2240,1,8,746,946,961,200,15,215,10
passenger2241,1,3,747,933,937,186,4,190,15
passenger2242,1,16,747,933,958,186,25,211,15
passenger2243,1,20,747,933,966,186,33,219,15
passenger2244,1,11,748,1004,1024,256,20,276,10
passenger2245,1,5,748,1004,1012,256,8,264,10
passenger2246,1,9,748,1004,1018,256,14,270,10
passenger2247,1,11,748,1004,1024,256,20,276,10
passenger2248,1,23,749,865,905,116,40,156,12
passenger2249,1,4,749,865,870,116,5,121,12
passenger2250,1,10,749,865,884,116,19,135,12
passenger2251,1,17,750,938,962,188,24,212,0
passenger2252,1,7,750,938,946,188,8,196,0
passenger2253,1,23,750,938,972,188,34,222,0
passenger2254,1,23,750,938,972,188,34,222,0
passenger2255,1,11,751,929,943,178,14,192,12
passenger2256,1,19,751,929,957,178,28,206,12
passenger2257,1,20,751,929,960,178,31,209,12
passenger2258,1,18,752,953,980,201,27,228,8
passenger2259,1,6,752,953,962,201,9,210,8
passenger2260,1,3,752,1011,1017,259,6,265,8
passenger2261,1,10,752,1011,1032,259,21,280,8
passenger2262,1,5,752,1011,1021,259,10,269,8
passenger2263,1,9,753,1011,1029,258,18,276,8
passenger2264,1,17,753,1011,1045,258,34,292,8
passenger2265,1,16,753,1011,1042,258,31,289,8
passenger2266,1,7,754,1011,1025,257,14,271,8
passenger2267,1,2,754,1011,1014,257,3,260,8
passenger2268,1,7,754,1011,1025,257,14,271,8
passenger2269,1,12,755,1011,1036,256,25,281,8
passenger2270,1,20,755,1063,1098,308,35,343,8
passenger2271,1,10,756,1262,1281,506,19,525,1
passenger2272,1,8,756,1262,1277,506,15,521,1
passenger2273,1,15,756,1262,1292,506,30,536,1
passenger2274,1,3,756,1262,1268,506,6,512,1
passenger2275,1,7,757,1262,1274,505,12,517,1
passenger2276,1,2,758,1262,1265,504,3,507,1
passenger2277,1,14,758,1262,1289,504,27,531,1
passenger2278,1,12,758,1262,1285,504,23,527,1
passenger2279,1,15,758,1262,1292,504,30,534,1
passenger2280,1,16,759,1158,1185,399,27,426,13
passenger2281,1,11,759,1158,1176,399,18,417,13
passenger2282,1,22,760,1226,1261,466,35,501,13
passenger2283,1,24,760,1226,1265,466,39,505,13
passenger2284,1,4,760,1226,1233,466,7,473,13
passenger2285,1,24,760,1226,1265,466,39,505,13
passenger2286,1,6,760,1226,1237,466,11,477,13
passenger2287,1,7,760,1226,1240,466,14,480,13
passenger2288,1,14,760,1226,1251,466,25,491,13
passenger2289,1,2,760,1226,1229,466,3,469,13
passenger2290,1,10,761,1226,1245,465,19,484,13
passenger2291,1,6,761,1226,1237,465,11,476,13
passenger2292,1,13,761,1290,1308,529,18,547,13
passenger2293,1,21,762,1290,1322,528,32,560,13
passenger2294,1,24,762,1290,1327,528,37,565,13
passenger2295,1,7,762,1290,1298,528,8,536,13
passenger2296,1,15,763,1290,1312,527,22,549,13
passenger2297,1,13,763,1290,1308,527,18,545,13
passenger2298,1,11,764,1290,1304,526,14,540,13
passenger2299,1,17,764,1290,1316,526,26,552,13
passenger2300,1,25,764,1290,1330,526,40,566,13
passenger2301,1,11,765,1146,1162,381,16,397,5
passenger2302,1,3,765,1146,1150,381,4,385,5
passenger2303,1,23,766,1146,1184,380,38,418,5
passenger2304,1,24,766,1146,1187,380,41,421,5
passenger2305,1,9,767,1146,1158,379,12,391,5
passenger2306,1,14,767,1146,1167,379,21,400,5
passenger2307,1,22,767,1146,1181,379,35,414,5
passenger2308,1,14,767,1216,1239,449,23,472,5
passenger2309,1,13,767,1216,1236,449,20,469,5
passenger2310,1,24,767,1216,1255,449,39,488,5
passenger2311,1,21,767,1216,1250,449,34,483,5
passenger2312,1,14,767,1216,1239,449,23,472,5
passenger2313,1,5,768,978,988,210,10,220,11
passenger2314,1,12,769,978,997,209,19,228,11
passenger2315,1,18,769,1042,1075,273,33,306,11
passenger2316,1,8,769,1042,1055,273,13,286,11
passenger2317,1,14,769,1042,1067,273,25,298,11
passenger2318,1,17,770,1032,1060,262,28,290,14
passenger2319,1,4,770,1032,1039,262,7,269,14
passenger2320,1,15,770,1032,1056,262,24,286,14
passenger2321,1,19,770,1032,1064,262,32,294,14
passenger2322,1,7,770,1032,1044,262,12,274,14
passenger2323,1,15,770,1032,1056,262,24,286,14
passenger2324,1,19,770,1032,1064,262,32,294,14
passenger2325,1,3,770,1032,1036,262,4,266,14
passenger2326,1,17,771,1042,1072,271,30,301,11
passenger2327,1,8,772,1042,1055,270,13,283,11
passenger2328,1,11,773,1216,1230,443,14,457,5
passenger2329,1,17,773,1216,1244,443,28,471,5
passenger2330,1,2,773,1216,1219,443,3,446,5
passenger2331,1,2,773,1216,1219,443,3,446,5
passenger2332,1,12,773,1216,1233,443,17,460,5
passenger2333,1,24,773,1280,1321,507,41,548,5
passenger2334,1,2,774,1042,1045,268,3,271,11
passenger2335,1,20,774,1042,1079,268,37,305,11
passenger2336,1,3,774,1042,1048,268,6,274,11
passenger2337,1,13,775,1042,1064,267,22,289,11
passenger2338,1,12,775,1042,1061,267,19,286,11
passenger2339,1,13,775,1100,1122,325,22,347,11
passenger2340,1,3,775,1100,1104,325,4,329,11
passenger2341,1,20,776,1032,1067,256,35,291,14
passenger2342,1,8,776,1032,1047,256,15,271,14
passenger2343,1,20,777,1088,1119,311,31,342,14
passenger2344,1,17,778,1044,1070,266,26,292,2
passenger2345,1,15,778,1044,1066,266,22,288,2
passenger2346,1,9,778,1044,1056,266,12,278,2
passenger2347,1,17,779,1088,1114,309,26,335,14
passenger2348,1,25,779,1088,1128,309,40,349,14
passenger2349,1,24,780,1100,1143,320,43,363,11
passenger2350,1,23,780,1100,1140,320,40,360,11
passenger2351,1,7,780,1100,1112,320,12,332,11
passenger2352,1,16,780,1100,1127,320,27,347,11
passenger2353,1,11,782,1088,1104,306,16,322,14
passenger2354,1,25,782,1088,1128,306,40,346,14
passenger2355,1,24,782,1088,1125,306,37,343,14
passenger2356,1,22,783,1044,1081,261,37,298,2
passenger2357,1,5,783,1044,1050,261,6,267,2
passenger2358,1,9,783,1044,1056,261,12,273,2
passenger2359,1,19,784,1044,1074,260,30,290,2
passenger2360,1,19,784,1044,1074,260,30,290,2
passenger2361,1,10,784,1044,1059,260,15,275,2
passenger2362,1,5,785,1181,1187,396,6,402,7
passenger2363,1,5,785,1181,1187,396,6,402,7
passenger2364,1,18,785,1181,1208,396,27,423,7
passenger2365,1,12,785,1181,1198,396,17,413,7
passenger2366,1,13,786,1181,1201,395,20,415,7
passenger2367,1,21,786,1181,1213,395,32,427,7
passenger2368,1,2,787,1235,1238,448,3,451,7
passenger2369,1,20,787,1235,1268,448,33,481,7
passenger2370,1,8,788,1235,1250,447,15,462,7
passenger2371,1,24,788,1235,1274,447,39,486,7
passenger2372,1,24,789,1235,1274,446,39,485,7
passenger2373,1,14,789,1235,1260,446,25,471,7
passenger2374,1,9,789,1235,1253,446,18,464,7
passenger2375,1,7,789,1235,1247,446,12,458,7
passenger2376,1,6,789,1235,1244,446,9,455,7
passenger2377,1,25,790,1235,1277,445,42,487,7
passenger2378,1,6,791,1303,1310,512,7,519,7
passenger2379,1,12,792,1089,1102,297,13,310,9
passenger2380,1,13,792,1089,1105,297,16,313,9
passenger2381,1,18,792,1089,1116,297,27,324,9
passenger2382,1,22,792,1089,1126,297,37,334,9
passenger2383,1,15,792,1089,1111,297,22,319,9
passenger2384,1,20,793,1089,1122,296,33,329,9
passenger2385,1,15,793,1089,1111,296,22,318,9
passenger2386,1,12,794,1149,1170,355,21,376,9
passenger2387,1,5,794,1149,1157,355,8,363,9
passenger2388,1,7,794,1149,1161,355,12,367,9
passenger2389,1,12,794,1149,1170,355,21,376,9
passenger2390,1,3,795,1149,1153,354,4,358,9
passenger2391,1,9,796,1149,1165,353,16,369,9
passenger2392,1,13,796,1149,1173,353,24,377,9
passenger2393,1,13,796,1149,1173,353,24,377,9
passenger2394,1,21,797,1149,1183,352,34,386,9
passenger2395,1,25,798,1149,1189,351,40,391,9
passenger2396,1,19,798,1215,1247,417,32,449,9
passenger2397,1,3,798,1215,1219,417,4,421,9
passenger2398,1,11,798,1215,1231,417,16,433,9
passenger2399,1,19,798,1215,1247,417,32,449,9
passenger2400,1,16,799,1215,1242,416,27,443,9
passenger2401,1,12,799,1215,1234,416,19,435,9
passenger2402,1,12,799,1215,1234,416,19,435,9
passenger2403,1,11,799,1215,1231,416,16,432,9
passenger2404,1,15,799,1215,1239,416,24,440,9
passenger2405,1,6,799,1215,1224,416,9,425,9
passenger2406,1,14,799,1267,1282,468,15,483,9
passenger2407,1,6,801,933,942,132,9,141,15
passenger2408,1,18,802,933,962,131,29,160,15
passenger2409,1,22,803,933,972,130,39,169,15
passenger2410,1,14,803,995,1018,192,23,215,15
passenger2411,1,11,803,995,1013,192,18,210,15
passenger2412,1,24,804,995,1036,191,41,232,15
passenger2413,1,17,804,995,1025,191,30,221,15
passenger2414,1,12,805,929,946,124,17,141,12
passenger2415,1,2,805,929,932,124,3,127,12
passenger2416,1,2,806,995,998,189,3,192,15
passenger2417,1,7,806,995,1005,189,10,199,15
passenger2418,1,7,806,995,1005,189,10,199,15
passenger2419,1,19,806,995,1029,189,34,223,15
passenger2420,1,14,807,929,950,122,21,143,12
passenger2421,1,25,807,929,969,122,40,162,12
passenger2422,1,14,807,929,950,122,21,143,12
passenger2423,1,23,808,929,965,121,36,157,12
passenger2424,1,15,809,995,1021,186,26,212,15
passenger2425,1,10,809,995,1010,186,15,201,15
passenger2426,1,19,810,929,957,119,28,147,12
passenger2427,1,12,810,995,1014,185,19,204,12
passenger2428,1,8,811,995,1006,184,11,195,12
passenger2429,1,13,811,995,1017,184,22,206,12
passenger2430,1,17,811,995,1025,184,30,214,12
passenger2431,1,11,811,995,1011,184,16,200,12
passenger2432,1,18,811,995,1028,184,33,217,12
passenger2433,1,25,812,938,978,126,40,166,0
passenger2434,1,11,812,1004,1022,192,18,210,0
passenger2435,1,9,813,1004,1018,191,14,205,0
passenger2436,1,11,813,1004,1022,191,18,209,0
passenger2437,1,22,813,1004,1039,191,35,226,0
passenger2438,1,6,813,1004,1011,191,7,198,0
passenger2439,1,25,813,1004,1044,191,40,231,0
passenger2440,1,11,814,1004,1022,190,18,208,0
passenger2441,1,22,815,1004,1041,189,37,226,10
passenger2442,1,20,815,1004,1037,189,33,222,10
passenger2443,1,20,816,1004,1037,188,33,221,10
passenger2444,1,23,817,1063,1103,246,40,286,8
passenger2445,1,6,817,1063,1074,246,11,257,8
passenger2446,1,16,818,1063,1088,245,25,270,8
passenger2447,1,4,818,1063,1070,245,7,252,8
passenger2448,1,9,819,1063,1079,244,16,260,8
passenger2449,1,2,819,1063,1066,244,3,247,8
passenger2450,1,18,819,1063,1092,244,29,273,8
passenger2451,1,16,820,1063,1088,243,25,268,8
passenger2452,1,19,820,1063,1095,243,32,275,8
passenger2453,1,6,820,1127,1136,307,9,316,8
passenger2454,1,9,820,1127,1143,307,16,323,8
passenger2455,1,18,820,1127,1158,307,31,338,8
passenger2456,1,21,820,1127,1165,307,38,345,8
passenger2457,1,23,820,1127,1169,307,42,349,8
passenger2458,1,3,821,1127,1131,306,4,310,8
passenger2459,1,11,822,1290,1304,468,14,482,13
passenger2460,1,2,823,1356,1359,533,3,536,13
passenger2461,1,21,824,1356,1388,532,32,564,13
passenger2462,1,4,824,1356,1363,532,7,539,13
passenger2463,1,21,824,1356,1388,532,32,564,13
passenger2464,1,5,825,1356,1366,531,10,541,13
passenger2465,1,2,826,1356,1359,530,3,533,13
passenger2466,1,23,826,1356,1392,530,36,566,13
passenger2467,1,12,826,1356,1375,530,19,549,13
passenger2468,1,12,826,1356,1375,530,19,549,13
passenger2469,1,17,827,1356,1382,529,26,555,13
passenger2470,1,8,827,1416,1431,589,15,604,13
passenger2471,1,18,827,1416,1451,589,35,624,13
passenger2472,1,12,827,1416,1441,589,25,614,13
passenger2473,1,8,828,1416,1431,588,15,603,13
passenger2474,1,11,828,1416,1438,588,22,610,13
passenger2475,1,2,828,1416,1419,588,3,591,13
passenger2476,1,9,828,1416,1434,588,18,606,13
passenger2477,1,16,828,1416,1447,588,31,619,13
passenger2478,1,5,829,1416,1426,587,10,597,13
passenger2479,1,4,830,1416,1423,586,7,593,13
passenger2480,1,17,831,1100,1130,269,30,299,11
passenger2481,1,12,831,1100,1119,269,19,288,11
passenger2482,1,5,831,1100,1108,269,8,277,11
passenger2483,1,19,831,1100,1134,269,34,303,11
passenger2484,1,20,831,1168,1203,337,35,372,11
passenger2485,1,2,832,1280,1283,448,3,451,5
passenger2486,1,6,832,1280,1293,448,13,461,5
passenger2487,1,10,833,1168,1187,335,19,354,11
passenger2488,1,19,834,1168,1200,334,32,366,11
passenger2489,1,3,834,1168,1172,334,4,338,11
passenger2490,1,21,834,1168,1206,334,38,372,11
passenger2491,1,9,834,1168,1184,334,16,350,11
passenger2492,1,5,834,1168,1176,334,8,342,11
passenger2493,1,22,834,1168,1209,334,41,375,11
passenger2494,1,4,835,1280,1287,445,7,452,5
passenger2495,1,5,835,1280,1290,445,10,455,5
passenger2496,1,24,835,1280,1321,445,41,486,5
passenger2497,1,14,837,1280,1305,443,25,468,5
passenger2498,1,13,837,1280,1302,443,22,465,5
passenger2499,1,18,838,1280,1313,442,33,475,5
passenger2500,1,17,838,1280,1310,442,30,472,5
passenger2501,1,16,838,1346,1371,508,25,533,5
passenger2502,1,2,838,1346,1349,508,3,511,5
passenger2503,1,15,839,1168,1194,329,26,355,11
passenger2504,1,8,839,1168,1181,329,13,342,11
passenger2505,1,21,840,1104,1142,264,38,302,2
passenger2506,1,14,840,1104,1131,264,27,291,2
passenger2507,1,4,840,1104,1109,264,5,269,2
passenger2508,1,23,840,1104,1146,264,42,306,2
passenger2509,1,8,840,1104,1117,264,13,277,2
passenger2510,1,8,842,1232,1243,390,11,401,11
passenger2511,1,24,843,1232,1271,389,39,428,11
passenger2512,1,20,843,1232,1261,389,29,418,11
passenger2513,1,22,843,1232,1265,389,33,422,11
passenger2514,1,17,844,1232,1256,388,24,412,11
passenger2515,1,23,844,1232,1268,388,36,424,11
passenger2516,1,4,844,1232,1237,388,5,393,11
passenger2517,1,16,844,1232,1253,388,21,409,11
passenger2518,1,9,845,1104,1120,259,16,275,2
passenger2519,1,11,845,1104,1126,259,22,281,2
passenger2520,1,7,845,1104,1114,259,10,269,2
passenger2521,1,6,846,1088,1097,242,9,251,14
passenger2522,1,12,846,1088,1107,242,19,261,14
passenger2523,1,24,846,1088,1125,242,37,279,14
passenger2524,1,17,847,1104,1136,257,32,289,2
passenger2525,1,10,848,1104,1123,256,19,275,2
passenger2526,1,12,848,1170,1183,322,13,335,2
passenger2527,1,14,848,1170,1187,322,17,339,2
passenger2528,1,7,850,995,1003,145,8,153,12
passenger2529,1,14,850,995,1020,145,25,170,12
passenger2530,1,18,850,995,1028,145,33,178,12
passenger2531,1,7,850,995,1003,145,8,153,12
passenger2532,1,16,850,1047,1072,197,25,222,12
passenger2533,1,19,850,1047,1079,197,32,229,12
passenger2534,1,14,850,1047,1066,197,19,216,12
passenger2535,1,9,851,1047,1059,196,12,208,12
passenger2536,1,15,851,1047,1069,196,22,218,12
passenger2537,1,21,851,1047,1083,196,36,232,12
passenger2538,1,7,851,1047,1055,196,8,204,12
passenger2539,1,15,852,1047,1069,195,22,217,12
passenger2540,1,18,852,1047,1076,195,29,224,12
passenger2541,1,9,852,1047,1059,195,12,207,12
passenger2542,1,11,853,1105,1123,252,18,270,12
passenger2543,1,23,853,1105,1143,252,38,290,12
passenger2544,1,10,853,1105,1120,252,15,267,12
passenger2545,1,16,854,1061,1088,207,27,234,15
passenger2546,1,5,854,1061,1069,207,8,215,15
passenger2547,1,24,855,1303,1336,448,33,481,7
passenger2548,1,16,855,1303,1324,448,21,469,7
passenger2549,1,20,855,1303,1330,448,27,475,7
passenger2550,1,16,855,1303,1324,448,21,469,7
passenger2551,1,10,855,1303,1316,448,13,461,7
passenger2552,1,10,855,1303,1316,448,13,461,7
passenger2553,1,18,856,1061,1092,205,31,236,15
passenger2554,1,22,856,1061,1100,205,39,244,15
passenger2555,1,5,857,1105,1113,248,8,256,12
passenger2556,1,22,857,1105,1140,248,35,283,12
passenger2557,1,21,858,1061,1097,203,36,239,15
passenger2558,1,4,858,1061,1066,203,5,208,15
passenger2559,1,4,859,1105,1110,246,5,251,12
passenger2560,1,18,860,1105,1134,245,29,274,12
passenger2561,1,22,860,1105,1140,245,35,280,12
passenger2562,1,11,860,1105,1123,245,18,263,12
passenger2563,1,17,860,1105,1131,245,26,271,12
passenger2564,1,25,860,1167,1201,307,34,341,12
passenger2565,1,9,861,1061,1079,200,18,218,15
passenger2566,1,7,862,1061,1073,199,12,211,15
passenger2567,1,25,862,1061,1105,199,44,243,15
passenger2568,1,8,862,1061,1076,199,15,214,15
passenger2569,1,13,862,1131,1151,269,20,289,15
passenger2570,1,12,862,1131,1148,269,17,286,15
passenger2571,1,14,862,1131,1154,269,23,292,15
passenger2572,1,8,862,1131,1142,269,11,280,15
passenger2573,1,18,863,1167,1192,304,25,329,12
passenger2574,1,18,863,1167,1192,304,25,329,12
passenger2575,1,6,863,1167,1176,304,9,313,12
passenger2576,1,13,864,1167,1185,303,18,321,12
passenger2577,1,3,864,1167,1171,303,4,307,12
passenger2578,1,7,866,1131,1139,265,8,273,15
passenger2579,1,25,866,1131,1173,265,42,307,15
passenger2580,1,14,866,1131,1154,265,23,288,15
passenger2581,1,16,866,1131,1158,265,27,292,15
passenger2582,1,23,866,1131,1169,265,38,303,15
passenger2583,1,19,867,1131,1163,264,32,296,15
passenger2584,1,21,867,1199,1223,332,24,356,15
passenger2585,1,19,867,1199,1219,332,20,352,15
passenger2586,1,13,869,1004,1026,135,22,157,0
passenger2587,1,17,869,1004,1032,135,28,163,0
passenger2588,1,8,869,1004,1015,135,11,146,0
passenger2589,1,23,869,1070,1106,201,36,237,0
passenger2590,1,6,870,1070,1079,200,9,209,0
passenger2591,1,23,870,1070,1106,200,36,236,0
passenger2592,1,23,870,1070,1106,200,36,236,0
passenger2593,1,5,871,1070,1076,199,6,205,0
passenger2594,1,19,871,1070,1100,199,30,229,0
passenger2595,1,25,871,1070,1110,199,40,239,0
passenger2596,1,15,871,1070,1092,199,22,221,0
passenger2597,1,10,872,1075,1092,203,17,220,6
passenger2598,1,23,872,1075,1113,203,38,241,6
passenger2599,1,14,872,1075,1102,203,27,230,6
passenger2600,1,4,872,1075,1082,203,7,210,6
passenger2601,1,7,873,1070,1082,197,12,209,0
passenger2602,1,18,873,1070,1097,197,27,224,0
passenger2603,1,12,873,1136,1153,263,17,280,0
passenger2604,1,7,873,1136,1146,263,10,273,0
passenger2605,1,21,873,1136,1164,263,28,291,0
passenger2606,1,4,873,1136,1141,263,5,268,0
passenger2607,1,7,874,1075,1087,201,12,213,6
passenger2608,1,13,874,1075,1099,201,24,225,6
passenger2609,1,2,874,1075,1078,201,3,204,6
passenger2610,1,11,874,1075,1095,201,20,221,6
passenger2611,1,23,874,1075,1113,201,38,239,6
passenger2612,1,24,874,1075,1116,201,41,242,6
passenger2613,1,22,874,1141,1170,267,29,296,6
passenger2614,1,9,875,1141,1153,266,12,278,6
passenger2615,1,3,875,1141,1145,266,4,270,6
passenger2616,1,21,875,1141,1167,266,26,292,6
passenger2617,1,10,876,1004,1021,128,17,145,10
passenger2618,1,19,876,1004,1034,128,30,158,10
passenger2619,1,4,876,1004,1009,128,5,133,10
passenger2620,1,18,876,1064,1093,188,29,217,10
passenger2621,1,16,877,1064,1087,187,23,210,10
passenger2622,1,24,877,1064,1103,187,39,226,10
passenger2623,1,4,877,1064,1069,187,5,192,10
passenger2624,1,11,877,1064,1080,187,16,203,10
passenger2625,1,25,877,1064,1106,187,42,229,10
passenger2626,1,11,878,1064,1080,186,16,202,10
passenger2627,1,17,878,1064,1090,186,26,212,10
passenger2628,1,5,878,1064,1072,186,8,194,10
passenger2629,1,19,878,1064,1096,186,32,218,10
passenger2630,1,8,878,1132,1145,254,13,267,10
passenger2631,1,15,878,1132,1158,254,26,280,10
passenger2632,1,23,879,1132,1172,253,40,293,10
passenger2633,1,17,879,1132,1162,253,30,283,10
passenger2634,1,13,879,1132,1154,253,22,275,10
passenger2635,1,6,879,1132,1139,253,7,260,10
passenger2636,1,10,879,1132,1149,253,17,270,10
passenger2637,1,22,879,1132,1169,253,37,290,10
passenger2638,1,7,879,1132,1142,253,10,263,10
passenger2639,1,17,880,1132,1162,252,30,282,10
passenger2640,1,13,880,1196,1212,316,16,332,10
passenger2641,1,9,880,1196,1206,316,10,326,10
passenger2642,1,19,880,1196,1220,316,24,340,10
passenger2643,1,10,881,1127,1146,246,19,265,8
passenger2644,1,8,881,1127,1140,246,13,259,8
passenger2645,1,14,881,1127,1152,246,25,271,8
passenger2646,1,20,882,1127,1162,245,35,280,8
passenger2647,1,22,882,1193,1226,311,33,344,8
passenger2648,1,17,882,1193,1217,311,24,335,8
passenger2649,1,17,884,1193,1217,309,24,333,8
passenger2650,1,20,884,1193,1222,309,29,338,8
passenger2651,1,8,884,1193,1204,309,11,320,8
passenger2652,1,8,885,1193,1204,308,11,319,8
passenger2653,1,13,885,1193,1211,308,18,326,8
passenger2654,1,17,886,1193,1217,307,24,331,8
passenger2655,1,17,886,1193,1217,307,24,331,8
passenger2656,1,5,886,1193,1199,307,6,313,8
passenger2657,1,20,886,1249,1274,363,25,388,8
passenger2658,1,10,887,1249,1260,362,11,373,8
passenger2659,1,23,887,1249,1279,362,30,392,8
passenger2660,1,19,887,1249,1271,362,22,384,8
passenger2661,1,25,887,1249,1283,362,34,396,8
passenger2662,1,17,888,1470,1500,582,30,612,13
passenger2663,1,14,888,1470,1493,582,23,605,13
passenger2664,1,6,888,1470,1479,582,9,591,13
passenger2665,1,11,888,1470,1488,582,18,600,13
passenger2666,1,22,888,1470,1507,582,37,619,13
passenger2667,1,11,889,1470,1488,581,18,599,13
passenger2668,1,3,889,1470,1474,581,4,585,13
passenger2669,1,7,889,1470,1482,581,12,593,13
passenger2670,1,16,889,1470,1497,581,27,608,13
passenger2671,1,17,889,1470,1500,581,30,611,13
passenger2672,1,25,889,1530,1568,641,38,679,13
passenger2673,1,24,890,1530,1565,640,35,675,13
passenger2674,1,14,890,1530,1547,640,17,657,13
passenger2675,1,15,890,1530,1550,640,20,660,13
passenger2676,1,21,890,1530,1560,640,30,670,13
passenger2677,1,3,890,1530,1534,640,4,644,13
passenger2678,1,16,890,1530,1553,640,23,663,13
passenger2679,1,13,891,1346,1364,455,18,473,5
passenger2680,1,20,891,1346,1381,455,35,490,5
passenger2681,1,21,892,1346,1384,454,38,492,5
passenger2682,1,17,892,1346,1374,454,28,482,5
passenger2683,1,17,893,1346,1374,453,28,481,5
passenger2684,1,18,893,1346,1377,453,31,484,5
passenger2685,1,15,893,1346,1368,453,22,475,5
passenger2686,1,7,893,1346,1356,453,10,463,5
passenger2687,1,8,894,1406,1417,512,11,523,5
passenger2688,1,19,894,1406,1434,512,28,540,5
passenger2689,1,16,894,1406,1427,512,21,533,5
passenger2690,1,7,894,1406,1414,512,8,520,5
passenger2691,1,23,894,1406,1440,512,34,546,5
passenger2692,1,25,894,1406,1446,512,40,552,5
passenger2693,1,17,894,1406,1430,512,24,536,5
passenger2694,1,7,895,1406,1414,511,8,519,5
passenger2695,1,24,895,1406,1443,511,37,548,5
passenger2696,1,7,895,1406,1414,511,8,519,5
passenger2697,1,12,895,1472,1493,577,21,598,5
passenger2698,1,22,896,1472,1511,576,39,615,5
passenger2699,1,14,897,1472,1497,575,25,600,5
passenger2700,1,7,897,1472,1484,575,12,587,5
passenger2701,1,3,897,1472,1476,575,4,579,5
passenger2702,1,10,897,1472,1489,575,17,592,5
passenger2703,1,18,897,1472,1503,575,31,606,5
passenger2704,1,19,897,1472,1506,575,34,609,5
passenger2705,1,7,898,1472,1484,574,12,586,5
passenger2706,1,5,898,1472,1480,574,8,582,5
passenger2707,1,18,898,1534,1553,636,19,655,5
passenger2708,1,5,899,1088,1094,189,6,195,14
