id,source,dest,submit_tick,pickup_tick,dropoff_tick,wait_time,travel_time,total_time,elevator
passenger1,16,1,0,88,123,88,35,123,0
passenger2,6,1,0,7,62,7,55,62,0
passenger3,8,1,0,13,62,13,49,62,0
passenger4,7,1,0,10,62,10,52,62,0
passenger5,10,1,1,16,61,15,45,60,1
passenger6,17,1,1,142,184,141,42,183,1
passenger7,11,1,1,19,61,18,42,60,1
passenger8,9,1,1,13,61,12,48,60,1
passenger9,14,1,2,80,123,78,43,121,0
passenger10,16,1,2,88,123,86,35,121,0
passenger11,2,1,2,3,6,1,3,4,2
passenger12,23,1,2,334,362,332,28,360,0
passenger13,23,1,2,334,362,332,28,360,0
passenger14,16,1,3,140,181,137,41,178,0
passenger15,15,1,4,83,123,79,40,119,0
passenger16,18,1,4,146,181,142,35,177,0
passenger17,12,1,4,25,62,21,37,58,0
passenger18,10,1,4,19,62,15,43,58,0
passenger19,10,1,4,19,62,15,43,58,0
passenger20,5,1,4,4,62,0,58,58,0
passenger21,22,1,4,275,304,271,29,300,0
passenger22,9,1,5,13,61,8,48,56,1
passenger23,8,1,6,10,61,4,51,55,1
passenger24,25,1,6,1121,1147,1115,26,1141,1
passenger25,14,1,6,76,120,70,44,114,1
passenger26,16,1,6,85,120,79,35,114,1
passenger27,7,1,7,7,61,0,54,54,1
passenger28,8,1,7,10,61,3,51,54,1
passenger29,19,1,8,150,184,142,34,176,1
passenger30,12,1,8,22,61,14,39,53,1
passenger31,5,1,9,15,52,6,37,43,2
passenger32,22,1,9,455,486,446,31,477,1
passenger33,11,1,9,19,61,10,42,52,1
passenger34,18,1,9,147,184,138,37,175,1
passenger35,10,1,9,16,61,7,45,52,1
passenger36,15,1,10,81,120,71,39,110,1
passenger37,20,1,10,209,244,199,35,234,1
passenger38,23,1,10,458,486,448,28,476,1
passenger39,6,1,10,18,52,8,34,42,2
passenger40,18,1,11,147,184,136,37,173,1
passenger41,23,1,12,334,362,322,28,350,0
passenger42,17,1,12,143,181,131,38,169,0
passenger43,5,1,12,15,52,3,37,40,2
passenger44,6,1,12,18,52,6,34,40,2
passenger45,6,1,12,18,52,6,34,40,2
passenger46,4,1,12,12,52,0,40,40,2
passenger47,20,1,13,209,244,196,35,231,1
passenger48,25,1,13,1121,1147,1108,26,1134,1
passenger49,14,1,14,80,123,66,43,109,0
passenger50,16,1,14,140,181,126,41,167,0
passenger51,20,1,14,206,239,192,33,225,0
passenger52,11,1,14,22,62,8,40,48,0
passenger53,13,1,14,76,123,62,47,109,0
passenger54,16,1,16,85,120,69,35,104,1
passenger55,9,1,16,16,62,0,46,46,0
passenger56,3,1,17,19,25,2,6,8,3
passenger57,15,1,17,81,120,64,39,103,1
passenger58,21,1,18,214,244,196,30,226,1
passenger59,3,1,18,19,25,1,6,7,3
passenger60,7,1,18,21,52,3,31,34,2
passenger61,8,1,19,24,52,5,28,33,2
passenger62,21,1,19,214,244,195,30,225,1
passenger63,14,1,19,76,120,57,44,101,1
passenger64,14,1,19,76,120,57,44,101,1
passenger65,17,1,21,80,112,59,32,91,2
passenger66,8,1,21,24,52,3,28,31,2
passenger67,19,1,22,149,181,127,32,159,0
passenger68,2,1,22,22,25,0,3,3,3
passenger69,4,1,23,28,81,5,53,58,4
passenger70,21,1,23,209,239,186,30,216,0
passenger71,17,1,23,143,181,120,38,158,0
passenger72,6,1,24,32,81,8,49,57,4
passenger73,12,1,24,69,112,45,43,88,2
passenger74,3,1,25,25,81,0,56,56,4
passenger75,18,1,25,146,181,121,35,156,0
passenger76,20,1,25,206,239,181,33,214,0
passenger77,8,1,25,25,52,0,27,27,2
passenger78,10,1,26,98,139,72,41,113,4
passenger79,7,1,26,35,81,9,46,55,4
passenger80,11,1,26,101,139,75,38,113,4
passenger81,8,1,26,40,81,14,41,55,4
passenger82,7,1,26,35,81,9,46,55,4
passenger83,12,1,27,27,62,0,35,35,0
passenger84,22,1,27,301,330,274,29,303,3
passenger85,20,1,27,235,268,208,33,241,3
passenger86,9,1,28,95,139,67,44,111,4
passenger87,24,1,28,978,1005,950,27,977,4
passenger88,7,1,28,35,81,7,46,53,4
passenger89,23,1,28,975,1005,947,30,977,4
passenger90,9,1,29,39,87,10,48,58,3
passenger91,14,1,29,104,151,75,47,122,3
passenger92,6,1,29,32,87,3,55,58,3
passenger93,20,1,29,235,268,206,33,239,3
passenger94,9,1,30,39,87,9,48,57,3
passenger95,22,1,31,301,330,270,29,299,3
passenger96,3,1,31,33,92,2,59,61,5
passenger97,14,1,32,104,151,72,47,119,3
passenger98,5,1,32,38,92,6,54,60,5
passenger99,23,1,33,362,390,329,28,357,3
passenger100,12,1,33,46,87,13,41,54,3
passenger101,18,1,33,179,212,146,33,179,3
passenger102,23,1,33,534,562,501,28,529,3
passenger103,14,1,34,215,257,181,42,223,4
passenger104,3,1,34,34,92,0,58,58,5
passenger105,7,1,34,35,81,1,46,47,4
passenger106,7,1,35,35,87,0,52,52,3
passenger107,23,1,35,534,562,499,28,527,3
passenger108,23,1,35,534,562,499,28,527,3
passenger109,13,1,35,49,87,14,38,52,3
passenger110,23,1,35,534,562,499,28,527,3
passenger111,7,1,36,36,81,0,45,45,4
passenger112,18,1,36,535,568,499,33,532,4
passenger113,11,1,36,101,139,65,38,103,4
passenger114,7,1,37,37,81,0,44,44,4
passenger115,8,1,37,92,139,55,47,102,4
passenger116,12,1,37,46,87,9,41,50,3
passenger117,10,1,37,42,87,5,45,50,3
passenger118,7,1,38,42,92,4,50,54,5
passenger119,10,1,38,51,92,13,41,54,5
passenger120,5,1,38,38,92,0,54,54,5
passenger121,25,1,38,970,996,932,26,958,5
passenger122,11,1,38,112,156,74,44,118,5
passenger123,4,1,39,42,49,3,7,10,6
passenger124,15,1,39,109,151,70,42,112,3
passenger125,23,1,40,586,616,546,30,576,3
passenger126,10,1,40,42,87,2,45,47,3
passenger127,22,1,40,301,330,261,29,290,3
passenger128,16,1,40,112,151,72,39,111,3
passenger129,19,1,41,242,276,201,34,235,5
passenger130,9,1,41,48,92,7,44,51,5
passenger131,2,1,41,42,45,1,3,4,7
passenger132,10,1,42,42,87,0,45,45,3
passenger133,24,1,42,589,616,547,27,574,3
passenger134,20,1,43,245,276,202,31,233,5
passenger135,20,1,43,245,276,202,31,233,5
passenger136,23,1,43,729,757,686,28,714,5
passenger137,10,1,43,109,156,66,47,113,5
passenger138,9,1,43,48,92,5,44,49,5
passenger139,24,1,43,589,616,546,27,573,3
passenger140,15,1,43,109,151,66,42,108,3
passenger141,9,1,44,48,92,4,44,48,5
passenger142,8,1,44,45,92,1,47,48,5
passenger143,23,1,44,586,616,542,30,572,3
passenger144,3,1,45,45,49,0,4,4,6
passenger145,3,1,45,45,49,0,4,4,6
passenger146,19,1,45,232,268,187,36,223,3
passenger147,2,1,46,48,111,2,63,65,7
passenger148,6,1,46,54,111,8,57,65,7
passenger149,25,1,47,1021,1047,974,26,1000,3
passenger150,12,1,47,115,156,68,41,109,5
passenger151,19,1,47,242,276,195,34,229,5
passenger152,13,1,48,101,151,53,50,103,3
passenger153,4,1,48,51,112,3,61,64,8
passenger154,6,1,48,55,112,7,57,64,8
passenger155,20,1,48,303,336,255,33,288,5
passenger156,4,1,50,51,112,1,61,62,8
passenger157,16,1,51,181,218,130,37,167,5
passenger158,10,1,51,67,112,16,45,61,8
passenger159,10,1,52,62,111,10,49,59,7
passenger160,24,1,52,398,425,346,27,373,7
passenger161,16,1,52,140,175,88,35,123,7
passenger162,16,1,52,140,175,88,35,123,7
passenger163,10,1,53,62,111,9,49,58,7
passenger164,11,1,53,65,111,12,46,58,7
passenger165,18,1,54,204,237,150,33,183,7
passenger166,2,1,54,55,78,1,23,24,6
passenger167,7,1,54,57,111,3,54,57,7
passenger168,16,1,54,140,175,86,35,121,7
passenger169,16,1,55,77,112,22,35,57,8
passenger170,4,1,55,61,78,6,17,23,6
passenger171,20,1,55,141,172,86,31,117,8
passenger172,15,1,56,74,112,18,38,56,8
passenger173,7,1,56,58,112,2,54,56,8
passenger174,20,1,57,388,425,331,37,368,7
passenger175,25,1,57,852,878,795,26,821,7
passenger176,12,1,57,68,111,11,43,54,7
passenger177,8,1,58,61,112,3,51,54,8
passenger178,9,1,58,64,112,6,48,54,8
passenger179,16,1,58,131,172,73,41,114,8
passenger180,3,1,58,58,78,0,20,20,6
passenger181,13,1,59,72,112,13,40,53,2
passenger182,2,1,59,60,63,1,3,4,9
passenger183,2,1,59,60,63,1,3,4,9
passenger184,12,1,60,69,112,9,43,52,2
passenger185,19,1,60,140,172,80,32,112,2
passenger186,23,1,60,336,364,276,28,304,2
passenger187,4,1,60,61,78,1,17,18,6
passenger188,7,1,60,60,112,0,52,52,2
passenger189,12,1,61,68,111,7,43,50,7
passenger190,15,1,61,75,111,14,36,50,7
passenger191,25,1,61,852,878,791,26,817,7
passenger192,18,1,61,204,237,143,33,176,7
passenger193,14,1,62,72,111,10,39,49,7
passenger194,3,1,62,64,68,2,4,6,10
passenger195,3,1,62,64,68,2,4,6,10
passenger196,5,1,63,64,78,1,14,15,6
passenger197,17,1,64,80,112,16,32,48,2
passenger198,9,1,64,64,112,0,48,48,2
passenger199,7,1,65,68,78,3,10,13,6
passenger200,18,1,65,137,172,72,35,107,2
passenger201,21,1,66,391,425,325,34,359,7
passenger202,12,1,67,69,112,2,43,45,2
passenger203,23,1,68,336,364,268,28,296,2
passenger204,19,1,69,140,172,71,32,103,2
passenger205,19,1,70,140,172,70,32,102,2
passenger206,22,1,70,270,299,200,29,229,2
passenger207,6,1,70,71,78,1,7,8,6
passenger208,20,1,71,141,172,70,31,101,8
passenger209,24,1,71,269,296,198,27,225,8
passenger210,25,1,72,521,547,449,26,475,8
passenger211,15,1,73,74,112,1,38,39,8
passenger212,20,1,73,141,172,68,31,99,8
passenger213,23,1,73,200,228,127,28,155,8
passenger214,22,1,74,197,228,123,31,154,8
passenger215,23,1,74,200,228,126,28,154,8
passenger216,21,1,75,194,228,119,34,153,8
passenger217,11,1,76,90,130,14,40,54,9
passenger218,19,1,76,194,234,118,40,158,2
passenger219,11,1,76,90,130,14,40,54,9
passenger220,21,1,76,204,234,128,30,158,2
passenger221,21,1,76,204,234,128,30,158,2
passenger222,24,1,76,981,1010,905,29,934,2
passenger223,16,1,77,77,112,0,35,35,2
passenger224,13,1,77,77,123,0,46,46,0
passenger225,5,1,77,81,103,4,22,26,10
passenger226,17,1,78,80,112,2,32,34,2
passenger227,15,1,78,81,120,3,39,42,1
passenger228,14,1,78,78,120,0,42,42,1
passenger229,18,1,78,137,172,59,35,94,2
passenger230,22,1,78,270,299,192,29,221,2
passenger231,5,1,79,80,130,1,50,51,9
passenger232,12,1,79,93,130,14,37,51,9
passenger233,19,1,80,194,234,114,40,154,2
passenger234,21,1,80,204,234,124,30,154,2
passenger235,20,1,81,209,244,128,35,163,1
passenger236,21,1,81,400,430,319,30,349,1
passenger237,22,1,81,455,486,374,31,405,1
passenger238,25,1,82,1121,1147,1039,26,1065,1
passenger239,16,1,82,139,184,57,45,102,1
passenger240,7,1,82,85,103,3,18,21,10
passenger241,15,1,82,82,120,0,38,38,1
passenger242,19,1,82,149,181,67,32,99,0
passenger243,4,1,82,98,103,16,5,21,10
passenger244,20,1,83,206,239,123,33,156,0
passenger245,15,1,83,83,123,0,40,40,0
passenger246,24,1,83,530,557,447,27,474,0
passenger247,7,1,83,84,130,1,46,47,9
passenger248,23,1,83,334,362,251,28,279,0
passenger249,12,1,84,93,130,9,37,46,9
passenger250,15,1,84,84,123,0,39,39,0
passenger251,17,1,84,143,181,59,38,97,0
passenger252,15,1,85,85,123,0,38,38,0
passenger253,23,1,85,458,486,373,28,401,1
passenger254,6,1,86,93,103,7,10,17,10
passenger255,19,1,86,203,239,117,36,153,0
passenger256,25,1,86,851,877,765,26,791,0
passenger257,7,1,86,86,103,0,17,17,10
passenger258,8,1,86,89,103,3,14,17,10
passenger259,13,1,87,96,130,9,34,43,9
passenger260,19,1,87,203,239,116,36,152,0
passenger261,25,1,87,973,999,886,26,912,0
passenger262,21,1,87,536,566,449,30,479,9
passenger263,21,1,88,209,239,121,30,151,0
passenger264,12,1,88,93,130,5,37,42,9
passenger265,17,1,88,143,181,55,38,93,0
passenger266,7,1,89,89,139,0,50,50,4
passenger267,13,1,89,96,130,7,34,41,9
passenger268,6,1,89,93,103,4,10,14,10
passenger269,2,1,89,90,100,1,10,11,6
passenger270,22,1,89,663,692,574,29,603,9
passenger271,21,1,90,536,566,446,30,476,9
passenger272,14,1,90,147,191,57,44,101,9
passenger273,2,1,91,91,100,0,9,9,6
passenger274,4,1,91,95,100,4,5,9,6
passenger275,4,1,92,95,128,3,33,36,11
passenger276,19,1,92,343,379,251,36,287,9
passenger277,6,1,92,93,103,1,10,11,10
passenger278,8,1,92,92,139,0,47,47,4
passenger279,22,1,92,663,692,571,29,600,9
passenger280,23,1,93,720,748,627,28,655,9
passenger281,20,1,93,348,379,255,31,286,9
passenger282,9,1,94,95,139,1,44,45,4
passenger283,15,1,94,150,191,56,41,97,9
passenger284,6,1,94,94,103,0,9,9,10
passenger285,22,1,95,715,748,620,33,653,9
passenger286,4,1,95,95,128,0,33,33,11
passenger287,19,1,95,343,379,248,36,284,9
passenger288,14,1,95,147,191,52,44,96,9
passenger289,20,1,95,725,756,630,31,661,4
passenger290,12,1,95,160,197,65,37,102,4
passenger291,5,1,95,98,128,3,30,33,11
passenger292,20,1,96,348,379,252,31,283,9
passenger293,17,1,96,157,191,61,34,95,9
passenger294,13,1,96,96,130,0,34,34,9
passenger295,10,1,96,98,139,2,41,43,4
passenger296,10,1,97,98,139,1,41,42,4
passenger297,13,1,97,211,257,114,46,160,4
passenger298,8,1,98,105,128,7,23,30,11
passenger299,8,1,98,105,128,7,23,30,11
passenger300,8,1,98,105,128,7,23,30,11
passenger301,2,1,98,99,102,1,3,4,12
passenger302,24,1,99,1030,1059,931,29,960,4
passenger303,7,1,99,100,156,1,56,57,5
passenger304,5,1,99,99,128,0,29,29,11
passenger305,5,1,100,100,128,0,28,28,11
passenger306,25,1,100,1021,1047,921,26,947,3
passenger307,13,1,100,101,151,1,50,51,3
passenger308,9,1,100,106,156,6,50,56,5
passenger309,11,1,101,157,197,56,40,96,4
passenger310,4,1,101,107,167,6,60,66,6
passenger311,9,1,101,106,156,5,50,55,5
passenger312,7,1,102,102,156,0,54,54,5
passenger313,21,1,103,238,268,135,30,165,3
passenger314,3,1,104,104,167,0,63,63,6
passenger315,12,1,104,147,169,43,22,65,11
passenger316,20,1,104,235,268,131,33,164,3
passenger317,22,1,104,301,330,197,29,226,3
passenger318,14,1,106,106,151,0,45,45,3
passenger319,7,1,107,112,167,5,55,60,6
passenger320,10,1,107,111,128,4,17,21,11
passenger321,7,1,107,112,167,5,55,60,6
passenger322,17,1,108,117,151,9,34,43,3
passenger323,9,1,108,108,128,0,20,20,11
passenger324,17,1,108,175,212,67,37,104,3
passenger325,17,1,108,175,212,67,37,104,3
passenger326,24,1,108,589,616,481,27,508,3
passenger327,10,1,109,109,156,0,47,47,5
passenger328,25,1,110,1021,1047,911,26,937,3
passenger329,11,1,110,112,156,2,44,46,5
passenger330,18,1,110,179,212,69,33,102,3
passenger331,17,1,110,175,212,65,37,102,3
passenger332,21,1,111,238,268,127,30,157,3
passenger333,13,1,111,150,169,39,19,58,11
passenger334,21,1,112,238,268,126,30,156,3
passenger335,10,1,112,117,167,5,50,55,6
passenger336,13,1,112,118,156,6,38,44,5
passenger337,13,1,113,174,218,61,44,105,5
passenger338,18,1,114,179,212,65,33,98,3
passenger339,16,1,114,114,151,0,37,37,3
passenger340,3,1,114,116,145,2,29,31,10
passenger341,21,1,115,306,336,191,30,221,5
passenger342,20,1,115,303,336,188,33,221,5
passenger343,4,1,115,119,145,4,26,30,10
passenger344,25,1,115,1021,1047,906,26,932,3
passenger345,17,1,116,191,231,75,40,115,6
passenger346,4,1,116,119,145,3,26,29,10
passenger347,13,1,116,125,167,9,42,51,6
passenger348,22,1,117,301,330,184,29,213,3
passenger349,8,1,117,122,175,5,53,58,7
passenger350,24,1,117,459,486,342,27,369,6
passenger351,12,1,117,122,167,5,45,50,6
passenger352,7,1,118,119,175,1,56,57,7
passenger353,10,1,118,118,167,0,49,49,6
passenger354,14,1,118,177,218,59,41,100,5
passenger355,18,1,119,194,231,75,37,112,6
passenger356,24,1,120,459,486,339,27,366,6
passenger357,6,1,120,125,145,5,20,25,10
passenger358,25,1,120,721,747,601,26,627,6
passenger359,14,1,120,128,167,8,39,47,6
passenger360,5,1,121,122,145,1,23,24,10
passenger361,24,1,121,527,554,406,27,433,6
passenger362,10,1,121,123,172,2,49,51,8
passenger363,16,1,123,132,167,9,35,44,6
passenger364,18,1,123,194,231,71,37,108,6
passenger365,2,1,124,125,128,1,3,4,12
passenger366,7,1,124,128,145,4,17,21,10
passenger367,18,1,124,194,231,70,37,107,6
passenger368,9,1,124,125,175,1,50,51,7
passenger369,2,1,124,125,128,1,3,4,12
passenger370,2,1,125,126,139,1,13,14,13
passenger371,21,1,125,201,231,76,30,106,6
passenger372,5,1,125,133,139,8,6,14,13
passenger373,4,1,125,130,139,5,9,14,13
passenger374,15,1,126,130,172,4,42,46,2
passenger375,4,1,126,129,144,3,15,18,14
passenger376,17,1,126,134,172,8,38,46,2
passenger377,15,1,126,130,172,4,42,46,2
passenger378,17,1,126,134,172,8,38,46,2
passenger379,13,1,126,126,172,0,46,46,2
passenger380,20,1,126,201,234,75,33,108,2
passenger381,17,1,127,134,172,7,38,45,8
passenger382,11,1,127,129,175,2,46,48,7
passenger383,2,1,128,129,132,1,3,4,15
passenger384,8,1,128,131,145,3,14,17,10
passenger385,5,1,129,132,144,3,12,15,14
passenger386,2,1,129,131,138,2,7,9,12
passenger387,8,1,130,131,145,1,14,15,10
passenger388,6,1,130,135,144,5,9,14,14
passenger389,3,1,131,134,138,3,4,7,12
passenger390,9,1,131,135,145,4,10,14,10
passenger391,14,1,131,134,175,3,41,44,7
passenger392,6,1,132,135,144,3,9,12,14
passenger393,8,1,132,132,145,0,13,13,10
passenger394,2,1,133,135,142,2,7,9,15
passenger395,3,1,133,138,142,5,4,9,15
passenger396,5,1,133,133,139,0,6,6,13
passenger397,12,1,133,133,184,0,51,51,1
passenger398,17,1,133,134,172,1,38,39,8
passenger399,20,1,133,141,172,8,31,39,8
passenger400,17,1,134,134,172,0,38,38,8
passenger401,16,1,135,200,237,65,37,102,7
passenger402,24,1,135,269,296,134,27,161,8
passenger403,8,1,136,137,169,1,32,33,11
passenger404,21,1,136,194,228,58,34,92,8
passenger405,24,1,136,399,426,263,27,290,8
passenger406,15,1,136,137,175,1,38,39,7
passenger407,22,1,136,197,228,61,31,92,8
passenger408,5,1,136,138,144,2,6,8,14
passenger409,23,1,137,200,228,63,28,91,8
passenger410,15,1,137,137,175,0,38,38,7
passenger411,7,1,138,138,191,0,53,53,9
passenger412,3,1,138,138,142,0,4,4,15
passenger413,19,1,138,138,172,0,34,34,8
passenger414,12,1,139,147,169,8,22,30,11
passenger415,9,1,139,140,169,1,29,30,11
passenger416,11,1,140,144,169,4,25,29,11
passenger417,25,1,140,984,1010,844,26,870,2
passenger418,12,1,141,147,169,6,22,28,11
passenger419,3,1,141,143,199,2,56,58,12
passenger420,8,1,142,154,199,12,45,57,12
passenger421,5,1,142,149,199,7,50,57,12
passenger422,18,1,142,147,184,5,37,42,1
passenger423,21,1,142,452,486,310,34,344,1
passenger424,22,1,142,455,486,313,31,344,1
passenger425,17,1,143,143,184,0,41,41,1
passenger426,20,1,144,209,244,65,35,100,1
passenger427,12,1,144,147,169,3,22,25,11
passenger428,17,1,144,144,184,0,40,40,1
passenger429,4,1,144,146,199,2,53,55,12
passenger430,14,1,144,197,216,53,19,72,11
passenger431,15,1,145,293,309,148,16,164,11
passenger432,2,1,145,146,149,1,3,4,13
passenger433,15,1,145,508,549,363,41,404,11
passenger434,19,1,145,203,239,58,36,94,0
passenger435,10,1,145,187,216,42,29,71,11
passenger436,15,1,146,150,191,4,41,45,9
passenger437,8,1,146,148,197,2,49,51,4
passenger438,8,1,147,148,197,1,49,50,4
passenger439,5,1,147,149,199,2,50,52,12
passenger440,9,1,147,151,197,4,46,50,4
passenger441,21,1,148,452,486,304,34,338,1
passenger442,24,1,149,530,557,381,27,408,0
passenger443,17,1,149,223,259,74,36,110,9
passenger444,16,1,149,154,191,5,37,42,9
passenger445,16,1,149,154,191,5,37,42,9
passenger446,13,1,150,150,169,0,19,19,11
passenger447,12,1,150,191,216,41,25,66,11
passenger448,16,1,150,154,191,4,37,41,9
passenger449,20,1,150,209,244,59,35,94,1
passenger450,11,1,150,157,197,7,40,47,4
passenger451,15,1,151,151,191,0,40,40,9
passenger452,13,1,151,151,169,0,18,18,11
passenger453,8,1,151,154,199,3,45,48,12
passenger454,8,1,151,154,199,3,45,48,12
passenger455,3,1,151,155,160,4,5,9,10
passenger456,12,1,151,160,197,9,37,46,4
passenger457,19,1,152,152,184,0,32,32,1
passenger458,18,1,152,226,259,74,33,107,9
passenger459,25,1,152,851,877,699,26,725,9
passenger460,2,1,152,152,160,0,8,8,10
passenger461,20,1,152,408,439,256,31,287,9
passenger462,21,1,152,536,566,384,30,414,9
passenger463,12,1,153,160,197,7,37,44,4
passenger464,8,1,153,154,199,1,45,46,12
passenger465,10,1,153,154,197,1,43,44,4
passenger466,18,1,155,286,319,131,33,164,9
passenger467,22,1,155,972,1005,817,33,850,4
passenger468,17,1,155,284,316,129,32,161,4
passenger469,14,1,155,215,257,60,42,102,4
passenger470,17,1,155,284,316,129,32,161,4
passenger471,3,1,155,155,160,0,5,5,10
passenger472,16,1,155,224,257,69,33,102,4
passenger473,3,1,156,156,160,0,4,4,10
passenger474,25,1,156,851,877,695,26,721,9
passenger475,23,1,156,972,1004,816,32,848,12
passenger476,14,1,156,164,199,8,35,43,12
passenger477,10,1,157,158,199,1,41,42,12
passenger478,19,1,158,854,886,696,32,728,12
passenger479,17,1,158,292,326,134,34,168,12
passenger480,18,1,158,593,628,435,35,470,4
passenger481,14,1,159,226,263,67,37,104,12
passenger482,7,1,159,169,185,10,16,26,13
passenger483,3,1,159,161,185,2,24,26,13
passenger484,8,1,160,169,202,9,33,42,14
passenger485,14,1,160,215,257,55,42,97,4
passenger486,12,1,160,160,197,0,37,37,4
passenger487,14,1,161,226,263,65,37,102,12
passenger488,8,1,161,174,185,13,11,24,13
passenger489,24,1,162,975,1004,813,29,842,12
passenger490,10,1,162,162,212,0,50,50,3
passenger491,22,1,162,359,390,197,31,228,3
passenger492,11,1,162,165,212,3,47,50,3
passenger493,12,1,163,181,202,18,21,39,14
passenger494,16,1,163,230,263,67,33,100,12
passenger495,8,1,163,169,202,6,33,39,14
passenger496,7,1,163,166,202,3,36,39,14
passenger497,11,1,164,168,218,4,50,54,5
passenger498,21,1,164,914,944,750,30,780,12
passenger499,5,1,165,165,185,0,20,20,13
passenger500,12,1,166,171,218,5,47,52,5
passenger501,18,1,166,185,218,19,33,52,5
passenger502,18,1,166,239,276,73,37,110,5
passenger503,12,1,166,171,218,5,47,52,5
passenger504,3,1,166,170,174,4,4,8,10
passenger505,2,1,167,167,174,0,7,7,10
passenger506,13,1,167,174,218,7,44,51,5
passenger507,21,1,167,306,336,139,30,169,5
passenger508,2,1,167,167,174,0,7,7,10
passenger509,23,1,167,785,813,618,28,646,5
passenger510,18,1,167,239,276,72,37,109,5
passenger511,2,1,168,169,172,1,3,4,15
passenger512,10,1,169,175,202,6,27,33,14
passenger513,7,1,171,171,185,0,14,14,13
passenger514,24,1,171,589,616,418,27,445,3
passenger515,15,1,171,171,212,0,41,41,3
passenger516,9,1,172,172,202,0,30,30,14
passenger517,8,1,172,174,185,2,11,13,13
passenger518,15,1,172,236,260,64,24,88,14
passenger519,2,1,172,175,181,3,6,9,15
passenger520,8,1,172,174,185,2,11,13,13
passenger521,5,1,173,173,231,0,58,58,6
passenger522,16,1,173,181,218,8,37,45,5
passenger523,18,1,173,239,276,66,37,103,5
passenger524,13,1,173,174,218,1,44,45,5
passenger525,5,1,173,173,231,0,58,58,6
passenger526,10,1,174,175,202,1,27,28,14
passenger527,22,1,174,359,390,185,31,216,3
passenger528,6,1,175,181,216,6,35,41,11
passenger529,5,1,175,175,216,0,41,41,11
passenger530,4,1,176,179,184,3,5,8,10
passenger531,21,1,176,294,330,118,36,154,3
passenger532,4,1,176,179,184,3,5,8,10
passenger533,15,1,176,288,324,112,36,148,14
passenger534,25,1,176,1021,1047,845,26,871,3
passenger535,17,1,176,176,212,0,36,36,3
passenger536,11,1,177,178,202,1,24,25,14
passenger537,6,1,177,178,185,1,7,8,13
passenger538,2,1,177,177,181,0,4,4,15
passenger539,5,1,177,177,216,0,39,39,11
passenger540,24,1,177,849,876,672,27,699,5
passenger541,5,1,178,178,216,0,38,38,11
passenger542,2,1,178,178,181,0,3,3,15
passenger543,21,1,178,306,336,128,30,158,5
passenger544,12,1,178,181,202,3,21,24,14
passenger545,10,1,179,180,231,1,51,52,6
passenger546,19,1,179,232,268,53,36,89,3
passenger547,14,1,180,233,260,53,27,80,14
passenger548,23,1,181,785,813,604,28,632,5
passenger549,13,1,181,184,202,3,18,21,14
passenger550,19,1,181,242,276,61,34,95,5
passenger551,23,1,182,785,813,603,28,631,5
passenger552,13,1,183,230,260,47,30,77,14
passenger553,8,1,184,184,237,0,53,53,7
passenger554,25,1,184,970,996,786,26,812,5
passenger555,7,1,185,196,231,11,35,46,10
passenger556,2,1,186,188,191,2,3,5,13
passenger557,15,1,186,187,231,1,44,45,6
passenger558,25,1,187,721,747,534,26,560,6
passenger559,4,1,187,189,231,2,42,44,10
passenger560,22,1,187,264,294,77,30,107,6
passenger561,21,1,188,194,228,6,34,40,8
passenger562,24,1,188,399,426,211,27,238,8
passenger563,12,1,188,190,237,2,47,49,7
passenger564,8,1,188,190,239,2,49,51,0
passenger565,14,1,189,194,237,5,43,48,7
passenger566,5,1,189,192,231,3,39,42,10
passenger567,22,1,189,333,364,144,31,175,2
passenger568,17,1,190,190,234,0,44,44,2
passenger569,13,1,191,194,216,3,22,25,11
passenger570,14,1,191,197,216,6,19,25,11
passenger571,19,1,193,194,234,1,40,41,2
passenger572,14,1,193,194,237,1,43,44,7
passenger573,22,1,194,197,228,3,31,34,8
passenger574,24,1,195,399,426,204,27,231,8
passenger575,24,1,195,399,426,204,27,231,8
passenger576,16,1,196,200,237,4,37,41,7
passenger577,19,1,196,196,234,0,38,38,2
passenger578,9,1,196,200,231,4,31,35,10
passenger579,2,1,197,198,213,1,15,16,13
passenger580,11,1,197,206,231,9,25,34,10
passenger581,22,1,197,197,228,0,31,31,8
passenger582,5,1,197,203,213,6,10,16,13
passenger583,15,1,197,197,237,0,40,40,7
passenger584,6,1,198,198,259,0,61,61,9
passenger585,12,1,198,286,309,88,23,111,11
passenger586,5,1,198,206,212,8,6,14,15
passenger587,19,1,198,198,234,0,36,36,2
passenger588,21,1,198,261,294,63,33,96,6
passenger589,20,1,198,198,231,0,33,33,6
passenger590,18,1,199,204,237,5,33,38,7
passenger591,7,1,199,201,259,2,58,60,9
passenger592,14,1,199,199,216,0,17,17,11
passenger593,4,1,200,201,212,1,11,12,15
passenger594,10,1,202,203,231,1,28,29,10
passenger595,14,1,203,252,289,49,37,86,10
passenger596,18,1,203,203,244,0,41,41,1
passenger597,4,1,203,203,212,0,9,9,15
passenger598,21,1,203,266,299,63,33,96,2
passenger599,13,1,204,248,289,44,41,85,10
passenger600,23,1,204,336,364,132,28,160,2
passenger601,14,1,204,252,289,48,37,85,10
passenger602,15,1,205,490,526,285,36,321,10
passenger603,18,1,205,205,244,0,39,39,1
passenger604,21,1,205,209,239,4,30,34,0
passenger605,5,1,205,205,213,0,8,8,13
passenger606,14,1,207,252,289,45,37,82,10
passenger607,2,1,207,210,213,3,3,6,13
passenger608,13,1,207,248,289,41,41,82,10
passenger609,21,1,207,272,304,65,32,97,0
passenger610,22,1,207,275,304,68,29,97,0
passenger611,8,1,208,208,263,0,55,55,12
passenger612,11,1,208,208,231,0,23,23,10
passenger613,15,1,209,213,259,4,46,50,9
passenger614,11,1,209,209,231,0,22,22,10
passenger615,6,1,209,209,260,0,51,51,14
passenger616,9,1,209,211,263,2,52,54,12
passenger617,11,1,210,210,231,0,21,21,10
passenger618,14,1,210,210,259,0,49,49,9
passenger619,24,1,210,1066,1093,856,27,883,1
passenger620,15,1,211,221,257,10,36,46,4
passenger621,11,1,211,211,231,0,20,20,10
passenger622,17,1,211,284,316,73,32,105,4
passenger623,20,1,211,211,244,0,33,33,1
passenger624,12,1,211,218,263,7,45,52,12
passenger625,13,1,212,212,257,0,45,45,4
passenger626,7,1,212,212,260,0,48,48,14
passenger627,22,1,212,455,486,243,31,274,1
passenger628,22,1,212,455,486,243,31,274,1
passenger629,6,1,213,223,244,10,21,31,15
passenger630,10,1,213,214,263,1,49,50,12
passenger631,8,1,213,215,260,2,45,47,14
passenger632,24,1,214,1066,1093,852,27,879,1
passenger633,3,1,214,217,257,3,40,43,13
passenger634,6,1,214,222,257,8,35,43,13
passenger635,9,1,215,218,260,3,42,45,14
passenger636,15,1,215,215,259,0,44,44,9
passenger637,7,1,216,226,244,10,18,28,15
passenger638,14,1,216,216,257,0,41,41,4
passenger639,19,1,216,596,628,380,32,412,4
passenger640,21,1,216,917,947,701,30,731,4
passenger641,4,1,216,217,244,1,27,28,15
passenger642,5,1,216,220,244,4,24,28,15
passenger643,4,1,217,217,244,0,27,27,15
passenger644,23,1,217,720,748,503,28,531,9
passenger645,17,1,217,223,259,6,36,42,9
passenger646,14,1,217,217,257,0,40,40,4
passenger647,20,1,217,408,439,191,31,222,9
passenger648,16,1,218,218,259,0,41,41,9
passenger649,7,1,218,226,244,8,18,26,15
passenger650,14,1,218,218,257,0,39,39,4
passenger651,18,1,218,340,379,122,39,161,9
passenger652,2,1,219,219,263,0,44,44,11
passenger653,16,1,220,220,259,0,39,39,9
passenger654,13,1,220,223,263,3,40,43,12
passenger655,3,1,220,222,263,2,41,43,11
passenger656,8,1,220,231,244,11,13,24,15
passenger657,12,1,220,220,263,0,43,43,12
passenger658,10,1,221,221,260,0,39,39,14
passenger659,8,1,221,230,257,9,27,36,13
passenger660,17,1,221,345,379,124,34,158,4
passenger661,11,1,221,226,260,5,34,39,14
passenger662,13,1,221,223,263,2,40,42,12
passenger663,21,1,222,917,947,695,30,725,4
passenger664,4,1,222,227,263,5,36,41,11
passenger665,10,1,223,223,260,0,37,37,14
passenger666,3,1,224,224,263,0,39,39,11
passenger667,24,1,224,785,812,561,27,588,9
passenger668,6,1,224,224,257,0,33,33,13
passenger669,21,1,224,917,947,693,30,723,4
passenger670,6,1,225,225,257,0,32,32,13
passenger671,9,1,225,233,257,8,24,32,13
passenger672,16,1,225,289,326,64,37,101,12
passenger673,21,1,226,536,566,310,30,340,9
passenger674,6,1,226,226,257,0,31,31,13
passenger675,7,1,227,227,244,0,17,17,15
passenger676,23,1,228,972,1004,744,32,776,12
passenger677,9,1,228,234,244,6,10,16,15
passenger678,7,1,228,228,244,0,16,16,15
passenger679,19,1,228,714,748,486,34,520,14
passenger680,4,1,229,229,263,0,34,34,11
passenger681,22,1,229,969,1004,740,35,775,12
passenger682,23,1,229,586,616,357,30,387,3
passenger683,22,1,229,359,390,130,31,161,3
passenger684,9,1,230,233,257,3,24,27,13
passenger685,4,1,230,230,263,0,33,33,11
passenger686,12,1,230,231,276,1,45,46,5
passenger687,10,1,230,236,257,6,21,27,13
passenger688,25,1,231,1021,1047,790,26,816,3
passenger689,17,1,231,644,683,413,39,452,14
passenger690,24,1,232,653,680,421,27,448,3
passenger691,20,1,232,235,268,3,33,36,3
passenger692,19,1,232,232,268,0,36,36,3
passenger693,4,1,233,233,296,0,63,63,8
passenger694,3,1,234,235,289,1,54,55,10
passenger695,3,1,234,235,289,1,54,55,10
passenger696,16,1,234,291,324,57,33,90,14
passenger697,6,1,234,234,263,0,29,29,11
passenger698,25,1,235,1021,1047,786,26,812,3
passenger699,5,1,235,236,296,1,60,61,8
passenger700,24,1,235,713,740,478,27,505,3
passenger701,18,1,236,647,683,411,36,447,14
passenger702,4,1,236,236,294,0,58,58,6
passenger703,3,1,236,236,289,0,53,53,10
passenger704,11,1,237,239,257,2,18,20,13
passenger705,10,1,237,242,263,5,21,26,11
passenger706,9,1,238,239,263,1,24,25,11
passenger707,14,1,238,287,312,49,25,74,13
passenger708,5,1,239,239,294,0,55,55,6
passenger709,5,1,239,239,294,0,55,55,6
passenger710,18,1,239,239,276,0,37,37,5
passenger711,25,1,239,970,996,731,26,757,5
passenger712,8,1,239,241,296,2,55,57,8
passenger713,24,1,240,849,876,609,27,636,5
passenger714,10,1,241,242,263,1,21,22,11
passenger715,10,1,241,278,309,37,31,68,11
passenger716,4,1,241,242,297,1,55,56,7
passenger717,12,1,241,247,296,6,49,55,8
passenger718,13,1,241,250,296,9,46,55,8
passenger719,17,1,241,256,296,15,40,55,8
passenger720,5,1,242,245,297,3,52,55,7
passenger721,6,1,242,242,294,0,52,52,6
passenger722,12,1,243,247,299,4,52,56,2
passenger723,3,1,243,243,304,0,61,61,0
passenger724,5,1,243,245,297,2,52,54,7
passenger725,17,1,243,258,299,15,41,56,2
passenger726,24,1,244,849,876,605,27,632,5
passenger727,15,1,244,490,526,246,36,282,10
passenger728,5,1,245,245,297,0,52,52,7
passenger729,25,1,245,970,996,725,26,751,5
passenger730,14,1,246,252,289,6,37,43,10
passenger731,19,1,246,1101,1135,855,34,889,10
passenger732,6,1,246,248,297,2,49,51,7
passenger733,15,1,246,490,526,244,36,280,10
passenger734,3,1,247,249,273,2,24,26,15
passenger735,17,1,247,258,299,11,41,52,2
passenger736,6,1,247,248,297,1,49,50,7
passenger737,23,1,247,398,426,151,28,179,2
passenger738,3,1,248,249,273,1,24,25,15
passenger739,17,1,248,991,1025,743,34,777,10
passenger740,5,1,249,260,273,11,13,24,15
passenger741,18,1,249,1046,1079,797,33,830,10
passenger742,13,1,249,249,289,0,40,40,10
passenger743,25,1,249,1273,1299,1024,26,1050,10
passenger744,17,1,249,1043,1079,794,36,830,10
passenger745,10,1,250,252,304,2,52,54,0
passenger746,4,1,250,257,273,7,16,23,15
passenger747,16,1,250,255,299,5,44,49,2
passenger748,12,1,251,257,304,6,47,53,0
passenger749,3,1,251,251,273,0,22,22,15
passenger750,15,1,252,252,299,0,47,47,2
passenger751,7,1,252,252,309,0,57,57,1
passenger752,7,1,253,253,309,0,56,56,1
passenger753,2,1,253,276,302,23,26,49,15
passenger754,10,1,253,253,304,0,51,51,0
passenger755,7,1,253,253,309,0,56,56,1
passenger756,3,1,253,253,273,0,20,20,15
passenger757,12,1,254,256,297,2,41,43,7
passenger758,7,1,254,254,309,0,55,55,1
passenger759,5,1,254,260,273,6,13,19,15
passenger760,13,1,254,259,297,5,38,43,7
passenger761,3,1,254,254,273,0,19,19,15
passenger762,25,1,255,721,747,466,26,492,6
passenger763,13,1,255,259,297,4,38,42,7
passenger764,25,1,256,846,872,590,26,616,6
passenger765,23,1,256,394,422,138,28,166,6
passenger766,25,1,256,846,872,590,26,616,6
passenger767,15,1,256,321,363,65,42,107,7
passenger768,12,1,256,256,297,0,41,41,7
passenger769,19,1,256,257,294,1,37,38,6
passenger770,3,1,257,279,302,22,23,45,15
passenger771,22,1,257,264,294,7,30,37,6
passenger772,9,1,257,258,309,1,51,52,1
passenger773,2,1,257,276,302,19,26,45,15
passenger774,7,1,257,289,302,32,13,45,15
passenger775,7,1,258,272,312,14,40,54,13
passenger776,2,1,258,260,312,2,52,54,13
passenger777,18,1,258,259,296,1,37,38,8
passenger778,4,1,258,264,312,6,48,54,13
passenger779,22,1,259,264,294,5,30,35,6
passenger780,12,1,259,259,304,0,45,45,0
passenger781,19,1,260,262,296,2,34,36,8
passenger782,10,1,260,261,309,1,48,49,1
passenger783,5,1,261,261,273,0,12,12,15
passenger784,6,1,262,264,273,2,9,11,15
passenger785,17,1,262,266,304,4,38,42,0
passenger786,19,1,262,262,299,0,37,37,2
passenger787,8,1,263,275,312,12,37,49,13
passenger788,10,1,263,263,309,0,46,46,1
passenger789,24,1,264,593,620,329,27,356,6
passenger790,22,1,265,265,294,0,29,29,6
passenger791,11,1,265,266,309,1,43,44,1
passenger792,7,1,265,265,316,0,51,51,4
passenger793,9,1,266,276,324,10,48,58,14
passenger794,14,1,266,328,369,62,41,103,1
passenger795,15,1,266,331,369,65,38,103,1
passenger796,6,1,266,267,324,1,57,58,14
passenger797,3,1,266,267,309,1,42,43,11
passenger798,13,1,267,325,369,58,44,102,1
passenger799,21,1,267,267,299,0,32,32,2
passenger800,5,1,267,267,312,0,45,45,13
passenger801,11,1,267,267,309,0,42,42,1
passenger802,5,1,268,268,312,0,44,44,13
passenger803,7,1,268,272,324,4,52,56,14
passenger804,16,1,268,334,369,66,35,101,1
passenger805,8,1,268,268,316,0,48,48,4
passenger806,8,1,268,268,316,0,48,48,4
passenger807,25,1,268,521,547,253,26,279,8
passenger808,6,1,269,269,324,0,55,55,14
passenger809,6,1,269,269,324,0,55,55,14
passenger810,24,1,269,518,547,249,29,278,8
passenger811,15,1,269,331,369,62,38,100,1
passenger812,3,1,270,272,330,2,58,60,3
passenger813,12,1,270,270,309,0,39,39,1
passenger814,15,1,270,277,319,7,42,49,9
passenger815,8,1,270,270,316,0,46,46,4
passenger816,15,1,270,277,319,7,42,49,9
passenger817,17,1,270,283,319,13,36,49,9
passenger818,8,1,270,270,316,0,46,46,4
passenger819,21,1,270,272,304,2,32,34,0
passenger820,12,1,270,272,319,2,47,49,9
passenger821,25,1,271,973,999,702,26,728,0
passenger822,4,1,271,275,330,4,55,59,3
passenger823,9,1,272,273,326,1,53,54,12
passenger824,19,1,272,328,362,56,34,90,0
passenger825,23,1,272,334,362,62,28,90,0
passenger826,7,1,273,273,309,0,36,36,11
passenger827,25,1,273,973,999,700,26,726,0
passenger828,6,1,274,286,302,12,16,28,15
passenger829,11,1,274,278,326,4,48,52,12
passenger830,9,1,274,274,326,0,52,52,12
passenger831,12,1,275,276,316,1,40,41,4
passenger832,23,1,275,334,362,59,28,87,0
passenger833,19,1,276,343,379,67,36,103,9
passenger834,21,1,276,536,566,260,30,290,9
passenger835,8,1,277,277,312,0,35,35,13
passenger836,24,1,277,785,812,508,27,535,9
passenger837,12,1,277,277,316,0,39,39,4
passenger838,17,1,277,283,319,6,36,42,9
passenger839,18,1,278,340,379,62,39,101,9
passenger840,17,1,278,283,319,5,36,41,9
passenger841,16,1,279,280,319,1,39,40,9
passenger842,13,1,279,289,309,10,20,30,11
passenger843,17,1,279,283,319,4,36,40,9
passenger844,23,1,279,720,748,441,28,469,9
passenger845,11,1,280,280,324,0,44,44,14
passenger846,14,1,280,285,324,5,39,44,14
passenger847,6,1,280,286,302,6,16,22,15
passenger848,10,1,280,280,309,0,29,29,11
passenger849,20,1,280,408,439,128,31,159,9
passenger850,17,1,280,283,319,3,36,39,9
passenger851,7,1,280,289,302,9,13,22,15
passenger852,15,1,281,286,326,5,40,45,12
passenger853,21,1,281,914,944,633,30,663,12
passenger854,4,1,281,282,302,1,20,21,15
passenger855,3,1,282,306,331,24,25,49,15
passenger856,11,1,282,282,312,0,30,30,13
passenger857,17,1,283,345,379,62,34,96,4
passenger858,9,1,283,286,336,3,50,53,5
passenger859,21,1,283,917,947,634,30,664,4
passenger860,22,1,283,972,1005,689,33,722,4
passenger861,14,1,283,283,326,0,43,43,12
passenger862,11,1,283,283,309,0,26,26,11
passenger863,3,1,284,306,331,22,25,47,15
passenger864,21,1,284,917,947,633,30,663,4
passenger865,23,1,284,975,1005,691,30,721,4
passenger866,12,1,284,286,309,2,23,25,11
passenger867,14,1,285,285,324,0,39,39,14
passenger868,20,1,285,717,748,432,31,463,14
passenger869,18,1,286,295,326,9,31,40,12
passenger870,5,1,287,310,331,23,21,44,15
passenger871,18,1,288,983,1016,695,33,728,13
passenger872,24,1,288,968,997,680,29,709,14
passenger873,20,1,289,911,944,622,33,655,12
passenger874,13,1,289,289,309,0,20,20,11
passenger875,14,1,289,289,312,0,23,23,13
passenger876,8,1,290,293,302,3,9,12,15
passenger877,17,1,290,292,326,2,34,36,12
passenger878,7,1,290,290,302,0,12,12,15
passenger879,10,1,290,332,353,42,21,63,11
passenger880,8,1,291,318,331,27,13,40,15
passenger881,10,1,291,377,418,86,41,127,11
passenger882,10,1,291,306,349,15,43,58,10
passenger883,3,1,291,293,349,2,56,58,10
passenger884,19,1,292,854,886,562,32,594,12
passenger885,12,1,292,439,480,147,41,188,11
passenger886,24,1,292,975,1004,683,29,712,12
passenger887,6,1,293,313,331,20,18,38,15
passenger888,18,1,293,295,326,2,31,33,12
passenger889,6,1,294,298,349,4,51,55,10
passenger890,15,1,295,490,526,195,36,231,10
passenger891,13,1,295,429,469,134,40,174,10
passenger892,12,1,295,372,411,77,39,116,10
passenger893,17,1,295,296,336,1,40,41,5
passenger894,21,1,296,296,330,0,34,34,3
passenger895,9,1,296,303,349,7,46,53,10
passenger896,22,1,296,359,390,63,31,94,3
passenger897,6,1,296,298,349,2,51,53,10
passenger898,9,1,296,303,349,7,46,53,10
passenger899,9,1,296,303,349,7,46,53,10
passenger900,24,1,297,713,740,416,27,443,3
passenger901,4,1,297,301,364,4,63,67,8
passenger902,11,1,298,309,349,11,40,51,10
passenger903,12,1,298,426,469,128,43,171,10
passenger904,21,1,298,298,330,0,32,32,3
passenger905,13,1,298,429,469,131,40,171,10
passenger906,25,1,298,1021,1047,723,26,749,3
passenger907,19,1,300,300,336,0,36,36,5
passenger908,18,1,300,662,697,362,35,397,5
passenger909,20,1,300,303,336,3,33,36,5
passenger910,5,1,301,304,364,3,60,63,8
passenger911,12,1,301,311,360,10,49,59,6
passenger912,16,1,301,317,360,16,43,59,6
passenger913,7,1,301,302,360,1,58,59,6
passenger914,4,1,302,302,363,0,61,61,7
passenger915,5,1,302,305,363,3,58,61,7
passenger916,20,1,302,303,336,1,33,34,5
passenger917,17,1,302,322,360,20,38,58,6
passenger918,8,1,304,305,360,1,55,56,6
passenger919,19,1,304,717,757,413,40,453,5
passenger920,18,1,304,662,697,358,35,393,5
passenger921,21,1,305,723,757,418,34,452,5
passenger922,23,1,305,785,813,480,28,508,5
passenger923,23,1,305,785,813,480,28,508,5
passenger924,6,1,305,306,364,1,58,59,2
passenger925,20,1,306,720,757,414,37,451,5
passenger926,11,1,306,309,349,3,40,43,10
passenger927,11,1,307,309,349,2,40,42,10
passenger928,17,1,307,1043,1079,736,36,772,10
passenger929,16,1,308,317,360,9,43,52,6
passenger930,12,1,308,311,360,3,49,52,6
passenger931,25,1,309,846,872,537,26,563,6
passenger932,6,1,309,313,331,4,18,22,15
passenger933,4,1,310,316,353,6,37,43,11
passenger934,2,1,311,312,353,1,41,42,11
passenger935,21,1,311,330,360,19,30,49,6
passenger936,11,1,311,312,364,1,52,53,8
passenger937,12,1,312,315,364,3,49,52,8
passenger938,17,1,312,322,364,10,42,52,8
passenger939,12,1,312,315,364,3,49,52,8
passenger940,15,1,313,320,364,7,44,51,2
passenger941,3,1,313,316,362,3,46,49,13
passenger942,5,1,314,320,362,6,42,48,13
passenger943,24,1,314,398,425,84,27,111,7
passenger944,12,1,314,314,363,0,49,49,7
passenger945,6,1,314,314,331,0,17,17,15
passenger946,10,1,314,315,362,1,47,48,0
passenger947,10,1,315,315,362,0,47,47,0
passenger948,8,1,315,318,331,3,13,16,15
passenger949,9,1,315,321,331,6,10,16,15
passenger950,19,1,315,328,364,13,36,49,2
passenger951,4,1,315,316,353,1,37,38,11
passenger952,9,1,316,321,331,5,10,15,15
passenger953,13,1,316,317,363,1,46,47,7
passenger954,14,1,316,316,364,0,48,48,2
passenger955,23,1,316,398,426,82,28,110,2
passenger956,24,1,316,981,1010,665,29,694,2
passenger957,9,1,317,343,362,26,19,45,15
passenger958,14,1,317,317,364,0,47,47,2
passenger959,2,1,318,319,379,1,60,61,4
passenger960,16,1,319,319,360,0,41,41,6
passenger961,5,1,319,319,353,0,34,34,11
passenger962,3,1,319,322,379,3,57,60,4
passenger963,18,1,319,325,360,6,35,41,6
passenger964,6,1,320,327,362,7,35,42,13
passenger965,13,1,320,320,362,0,42,42,0
passenger966,4,1,320,325,379,5,54,59,4
passenger967,19,1,320,326,364,6,38,44,8
passenger968,20,1,320,329,364,9,35,44,8
passenger969,15,1,321,321,363,0,42,42,7
passenger970,22,1,321,333,364,12,31,43,8
passenger971,12,1,321,322,369,1,47,48,1
passenger972,6,1,321,327,362,6,35,41,13
passenger973,5,1,322,322,362,0,40,40,13
passenger974,7,1,322,323,353,1,30,31,11
passenger975,6,1,323,327,362,4,35,39,13
passenger976,9,1,323,328,353,5,25,30,11
passenger977,7,1,324,324,353,0,29,29,11
passenger978,16,1,324,324,363,0,39,39,7
passenger979,5,1,324,324,362,0,38,38,13
passenger980,16,1,325,325,363,0,38,38,7
passenger981,10,1,325,433,480,108,47,155,11
passenger982,18,1,325,325,364,0,39,39,2
passenger983,14,1,325,328,369,3,41,44,1
passenger984,23,1,326,336,364,10,28,38,8
passenger985,12,1,326,439,480,113,41,154,11
passenger986,9,1,326,328,353,2,25,27,11
passenger987,16,1,326,326,363,0,37,37,7
passenger988,17,1,328,329,363,1,34,35,7
passenger989,12,1,328,439,480,111,41,152,11
passenger990,15,1,329,331,369,2,38,40,1
passenger991,13,1,329,442,480,113,38,151,11
passenger992,9,1,329,329,353,0,24,24,11
passenger993,9,1,329,332,362,3,30,33,13
passenger994,23,1,330,394,422,64,28,92,6
passenger995,18,1,330,390,430,60,40,100,1
passenger996,4,1,330,331,387,1,56,57,12
passenger997,25,1,330,521,547,191,26,217,8
passenger998,19,1,331,393,430,62,37,99,1
passenger999,3,1,332,335,362,3,27,30,15
passenger1000,19,1,332,393,430,61,37,98,1
passenger1001,16,1,332,334,369,2,35,37,1
passenger1002,23,1,332,398,426,66,28,94,2
passenger1003,13,1,332,338,362,6,24,30,13
passenger1004,14,1,332,387,412,55,25,80,13
passenger1005,9,1,333,334,383,1,49,50,14
passenger1006,9,1,333,334,383,1,49,50,14
passenger1007,16,1,333,334,369,1,35,36,1
passenger1008,21,1,334,459,494,125,35,160,0
passenger1009,23,1,334,466,494,132,28,160,0
passenger1010,20,1,334,456,494,122,38,160,0
passenger1011,16,1,334,386,430,52,44,96,1
passenger1012,14,1,334,334,379,0,45,45,9
passenger1013,10,1,334,340,383,6,43,49,14
passenger1014,20,1,335,389,426,54,37,91,2
passenger1015,9,1,336,336,383,0,47,47,14
passenger1016,8,1,336,337,387,1,50,51,12
passenger1017,22,1,336,395,426,59,31,90,2
passenger1018,16,1,336,339,379,3,40,43,4
passenger1019,10,1,336,340,383,4,43,47,14
passenger1020,22,1,337,972,1005,635,33,668,4
passenger1021,25,1,337,1033,1059,696,26,722,4
passenger1022,9,1,337,337,383,0,46,46,14
passenger1023,14,1,338,387,412,49,25,74,13
passenger1024,13,1,338,338,362,0,24,24,13
passenger1025,18,1,338,340,379,2,39,41,9
passenger1026,24,1,339,785,812,446,27,473,9
passenger1027,15,1,339,584,618,245,34,279,14
passenger1028,21,1,339,660,692,321,32,353,9
passenger1029,16,1,340,340,379,0,39,39,4
passenger1030,23,1,340,720,748,380,28,408,9
passenger1031,11,1,341,342,387,1,45,46,12
passenger1032,11,1,341,342,387,1,45,46,12
passenger1033,12,1,341,345,387,4,42,46,12
passenger1034,25,1,341,917,943,576,26,602,9
passenger1035,16,1,342,342,379,0,37,37,4
passenger1036,5,1,342,342,398,0,56,56,5
passenger1037,2,1,342,359,362,17,3,20,15
passenger1038,14,1,342,350,387,8,37,45,12
passenger1039,21,1,342,660,692,318,32,350,9
passenger1040,13,1,343,345,383,2,38,40,14
passenger1041,15,1,343,584,618,241,34,275,14
passenger1042,21,1,343,660,692,317,32,349,9
passenger1043,14,1,344,348,383,4,35,39,14
passenger1044,23,1,344,720,748,376,28,404,9
passenger1045,17,1,344,345,379,1,34,35,4
passenger1046,19,1,345,345,379,0,34,34,9
passenger1047,20,1,345,408,439,63,31,94,9
passenger1048,17,1,345,345,379,0,34,34,4
passenger1049,3,1,346,355,362,9,7,16,15
passenger1050,12,1,346,346,387,0,41,41,12
passenger1051,5,1,346,349,362,3,13,16,15
passenger1052,14,1,346,348,383,2,35,37,14
passenger1053,5,1,347,349,362,2,13,15,15
passenger1054,14,1,347,348,383,1,35,36,14
passenger1055,10,1,348,349,398,1,49,50,5
passenger1056,2,1,348,365,401,17,36,53,15
passenger1057,4,1,348,352,362,4,10,14,15
passenger1058,14,1,349,350,387,1,37,38,12
passenger1059,3,1,349,355,362,6,7,13,15
passenger1060,22,1,349,359,390,10,31,41,3
passenger1061,20,1,349,353,390,4,37,41,3
passenger1062,19,1,350,350,390,0,40,40,3
passenger1063,6,1,350,379,401,29,22,51,15
passenger1064,21,1,350,356,390,6,34,40,3
passenger1065,17,1,350,790,824,440,34,474,12
passenger1066,11,1,350,352,398,2,46,48,5
passenger1067,2,1,351,352,411,1,59,60,10
passenger1068,14,1,351,351,387,0,36,36,12
passenger1069,21,1,351,356,390,5,34,39,3
passenger1070,2,1,351,352,411,1,59,60,10
passenger1071,3,1,351,355,362,4,7,11,15
passenger1072,11,1,351,352,398,1,46,47,5
passenger1073,14,1,352,352,387,0,35,35,12
passenger1074,13,1,352,359,398,7,39,46,5
passenger1075,12,1,353,355,398,2,43,45,5
passenger1076,8,1,353,386,401,33,15,48,15
passenger1077,3,1,354,359,418,5,59,64,11
passenger1078,2,1,354,356,418,2,62,64,11
passenger1079,4,1,355,365,418,10,53,63,11
passenger1080,18,1,356,662,697,306,35,341,5
passenger1081,20,1,356,475,508,119,33,152,3
passenger1082,12,1,356,356,398,0,42,42,5
passenger1083,3,1,356,356,362,0,6,6,15
passenger1084,11,1,356,367,411,11,44,55,10
passenger1085,25,1,358,1073,1099,715,26,741,3
passenger1086,7,1,359,359,411,0,52,52,10
passenger1087,13,1,359,359,398,0,39,39,5
passenger1088,14,1,359,425,462,66,37,103,5
passenger1089,9,1,359,363,411,4,48,52,10
passenger1090,12,1,360,426,469,66,43,109,10
passenger1091,13,1,360,360,398,0,38,38,5
passenger1092,13,1,360,360,398,0,38,38,5
passenger1093,19,1,360,420,452,60,32,92,3
passenger1094,15,1,360,490,526,130,36,166,10
passenger1095,3,1,361,361,418,0,57,57,11
passenger1096,2,1,362,363,422,1,59,60,6
passenger1097,11,1,362,367,411,5,44,49,10
passenger1098,23,1,362,586,616,224,30,254,3
passenger1099,2,1,362,363,422,1,59,60,6
passenger1100,3,1,362,362,418,0,56,56,11
passenger1101,18,1,363,1046,1079,683,33,716,10
passenger1102,12,1,363,426,469,63,43,106,10
passenger1103,7,1,363,374,412,11,38,49,13
passenger1104,6,1,363,371,412,8,41,49,13
passenger1105,17,1,364,1043,1079,679,36,715,10
passenger1106,14,1,364,432,469,68,37,105,10
passenger1107,17,1,364,1043,1079,679,36,715,10
passenger1108,8,1,365,371,418,6,47,53,11
passenger1109,14,1,365,432,469,67,37,104,10
passenger1110,22,1,366,1162,1191,796,29,825,10
passenger1111,9,1,366,378,412,12,34,46,13
passenger1112,11,1,366,367,411,1,44,45,10
passenger1113,5,1,366,368,412,2,44,46,13
passenger1114,17,1,366,1043,1079,677,36,713,10
passenger1115,2,1,367,367,401,0,34,34,15
passenger1116,7,1,368,374,412,6,38,44,13
passenger1117,19,1,368,1101,1135,733,34,767,10
passenger1118,2,1,369,369,401,0,32,32,15
passenger1119,25,1,369,1273,1299,904,26,930,10
passenger1120,11,1,369,369,411,0,42,42,10
passenger1121,11,1,369,369,411,0,42,42,10
passenger1122,14,1,370,381,427,11,46,57,0
passenger1123,17,1,370,391,427,21,36,57,0
passenger1124,13,1,370,378,427,8,49,57,0
passenger1125,23,1,370,526,557,156,31,187,0
passenger1126,25,1,370,973,999,603,26,629,0
passenger1127,6,1,370,370,425,0,55,55,7
passenger1128,18,1,370,394,427,24,33,57,0
passenger1129,9,1,371,374,418,3,44,47,11
passenger1130,25,1,371,967,993,596,26,622,11
passenger1131,8,1,371,371,418,0,47,47,11
passenger1132,9,1,371,374,418,3,44,47,11
passenger1133,19,1,371,514,549,143,35,178,11
passenger1134,20,1,371,389,422,18,33,51,6
passenger1135,5,1,372,374,401,2,27,29,15
passenger1136,15,1,372,384,427,12,43,55,0
passenger1137,10,1,372,373,427,1,54,55,0
passenger1138,16,1,372,388,427,16,39,55,0
passenger1139,15,1,373,378,422,5,44,49,6
passenger1140,25,1,373,846,872,473,26,499,6
passenger1141,24,1,373,593,620,220,27,247,6
passenger1142,17,1,373,382,422,9,40,49,6
passenger1143,18,1,374,385,426,11,41,52,2
passenger1144,23,1,374,398,426,24,28,52,2
passenger1145,6,1,375,379,401,4,22,26,15
passenger1146,19,1,375,386,426,11,40,51,8
passenger1147,20,1,376,389,422,13,33,46,6
passenger1148,5,1,376,376,401,0,25,25,15
passenger1149,23,1,376,394,422,18,28,46,6
passenger1150,18,1,376,385,422,9,37,46,6
passenger1151,10,1,377,433,480,56,47,103,11
passenger1152,13,1,377,378,426,1,48,49,8
passenger1153,13,1,378,378,426,0,48,48,2
passenger1154,24,1,379,595,622,216,27,243,7
passenger1155,25,1,379,918,944,539,26,565,7
passenger1156,21,1,380,391,425,11,34,45,7
passenger1157,17,1,380,383,425,3,42,45,7
passenger1158,4,1,380,386,444,6,58,64,4
passenger1159,23,1,380,395,425,15,30,45,7
passenger1160,5,1,380,409,433,29,24,53,15
passenger1161,6,1,380,380,401,0,21,21,15
passenger1162,3,1,381,383,444,2,61,63,4
passenger1163,24,1,381,595,622,214,27,241,7
passenger1164,13,1,382,384,412,2,28,30,13
passenger1165,7,1,382,383,401,1,18,19,15
passenger1166,3,1,382,383,444,1,61,62,4
passenger1167,11,1,383,1019,1061,636,42,678,15
passenger1168,19,1,384,386,426,2,40,42,8
passenger1169,25,1,384,521,547,137,26,163,8
passenger1170,15,1,385,385,427,0,42,42,0
passenger1171,16,1,385,388,427,3,39,42,0
passenger1172,22,1,385,395,426,10,31,41,2
passenger1173,23,1,385,978,1010,593,32,625,2
passenger1174,8,1,385,418,433,33,15,48,15
passenger1175,25,1,386,521,547,135,26,161,8
passenger1176,14,1,386,387,412,1,25,26,13
passenger1177,24,1,386,518,547,132,29,161,8
passenger1178,4,1,386,388,440,2,52,54,14
passenger1179,4,1,386,388,440,2,52,54,14
passenger1180,23,1,386,396,426,10,30,40,8
passenger1181,18,1,388,390,430,2,40,42,1
passenger1182,6,1,388,394,440,6,46,52,14
passenger1183,23,1,388,395,425,7,30,37,7
passenger1184,4,1,388,388,440,0,52,52,14
passenger1185,18,1,389,390,430,1,40,41,1
passenger1186,6,1,389,394,440,5,46,51,14
passenger1187,3,1,390,393,451,3,58,61,12
passenger1188,21,1,390,390,426,0,36,36,8
passenger1189,22,1,390,393,426,3,33,36,8
passenger1190,4,1,390,390,440,0,50,50,14
passenger1191,4,1,390,390,440,0,50,50,14
passenger1192,16,1,390,391,412,1,21,22,13
passenger1193,2,1,390,390,451,0,61,61,12
passenger1194,19,1,391,393,430,2,37,39,1
passenger1195,23,1,391,395,425,4,30,34,7
passenger1196,20,1,391,391,426,0,35,35,2
passenger1197,7,1,391,391,444,0,53,53,4
passenger1198,6,1,392,394,440,2,46,48,14
passenger1199,18,1,393,394,427,1,33,34,0
passenger1200,3,1,393,393,451,0,58,58,12
passenger1201,14,1,394,394,439,0,45,45,9
passenger1202,12,1,394,400,444,6,44,50,4
passenger1203,19,1,394,394,430,0,36,36,1
passenger1204,6,1,395,395,440,0,45,45,14
passenger1205,20,1,395,397,430,2,33,35,1
passenger1206,18,1,395,400,439,5,39,44,9
passenger1207,7,1,396,398,440,2,42,44,14
passenger1208,10,1,396,396,444,0,48,48,4
passenger1209,3,1,396,430,493,34,63,97,2
passenger1210,12,1,397,400,444,3,44,47,4
passenger1211,8,1,397,459,500,62,41,103,14
passenger1212,4,1,397,430,492,33,62,95,7
passenger1213,15,1,398,408,444,10,36,46,4
passenger1214,15,1,398,470,506,72,36,108,4
passenger1215,4,1,398,433,493,35,60,95,2
passenger1216,6,1,398,398,451,0,53,53,12
passenger1217,3,1,399,402,462,3,60,63,5
passenger1218,18,1,400,400,439,0,39,39,9
passenger1219,10,1,400,401,452,1,51,52,3
passenger1220,3,1,401,402,462,1,60,61,5
passenger1221,6,1,401,407,462,6,55,61,5
passenger1222,25,1,401,969,995,568,26,594,9
passenger1223,8,1,402,402,451,0,49,49,12
passenger1224,18,1,402,402,439,0,37,37,9
passenger1225,13,1,402,403,444,1,41,42,4
passenger1226,6,1,403,412,433,9,21,30,15
passenger1227,9,1,403,405,451,2,46,48,12
passenger1228,2,1,404,404,433,0,29,29,15
passenger1229,19,1,404,405,439,1,34,35,9
passenger1230,10,1,404,408,451,4,43,47,12
passenger1231,13,1,404,404,444,0,40,40,4
passenger1232,5,1,404,409,433,5,24,29,15
passenger1233,21,1,404,660,692,256,32,288,9
passenger1234,7,1,404,415,433,11,18,29,15
passenger1235,15,1,405,470,506,65,36,101,4
passenger1236,22,1,405,715,748,310,33,343,9
passenger1237,19,1,405,405,439,0,34,34,9
passenger1238,16,1,406,411,452,5,41,46,3
passenger1239,23,1,407,782,812,375,30,405,9
passenger1240,6,1,407,412,433,5,21,26,15
passenger1241,25,1,407,969,995,562,26,588,9
passenger1242,15,1,407,408,452,1,44,45,3
passenger1243,11,1,407,411,451,4,40,44,12
passenger1244,8,1,408,418,433,10,15,25,15
passenger1245,19,1,408,420,452,12,32,44,3
passenger1246,25,1,409,1073,1099,664,26,690,3
passenger1247,18,1,409,417,452,8,35,43,3
passenger1248,2,1,409,436,470,27,34,61,15
passenger1249,13,1,409,415,451,6,36,42,12
passenger1250,19,1,411,472,508,61,36,97,3
passenger1251,11,1,411,411,451,0,40,40,12
passenger1252,20,1,411,475,508,64,33,97,3
passenger1253,18,1,412,417,452,5,35,40,3
passenger1254,3,1,412,415,469,3,54,57,10
passenger1255,15,1,412,667,701,255,34,289,12
passenger1256,6,1,412,412,433,0,21,21,15
passenger1257,13,1,413,542,578,129,36,165,12
passenger1258,11,1,413,414,462,1,48,49,5
passenger1259,21,1,413,478,508,65,30,95,3
passenger1260,22,1,413,531,562,118,31,149,3
passenger1261,13,1,414,542,578,128,36,164,12
passenger1262,14,1,414,483,520,69,37,106,5
passenger1263,17,1,414,414,452,0,38,38,3
passenger1264,17,1,414,414,452,0,38,38,3
passenger1265,17,1,414,414,452,0,38,38,3
passenger1266,20,1,414,475,508,61,33,94,3
passenger1267,25,1,414,1073,1099,659,26,685,3
passenger1268,21,1,414,478,508,64,30,94,3
passenger1269,5,1,414,418,471,4,53,57,13
passenger1270,13,1,415,600,638,185,38,223,12
passenger1271,13,1,416,422,462,6,40,46,5
passenger1272,14,1,416,483,520,67,37,104,5
passenger1273,14,1,416,483,520,67,37,104,5
passenger1274,19,1,416,472,508,56,36,92,3
passenger1275,12,1,417,417,462,0,45,45,5
passenger1276,8,1,417,418,433,1,15,16,15
passenger1277,12,1,417,417,462,0,45,45,5
passenger1278,22,1,417,531,562,114,31,145,3
passenger1279,9,1,417,493,535,76,42,118,15
passenger1280,2,1,418,436,470,18,34,52,15
passenger1281,25,1,418,1073,1099,655,26,681,3
passenger1282,6,1,418,422,471,4,49,53,13
passenger1283,16,1,418,542,577,124,35,159,5
passenger1284,21,1,418,478,508,60,30,90,3
passenger1285,8,1,418,490,535,72,45,117,15
passenger1286,10,1,418,966,1007,548,41,589,15
passenger1287,8,1,418,426,471,8,45,53,13
passenger1288,5,1,418,418,471,0,53,53,13
passenger1289,5,1,419,419,471,0,52,52,13
passenger1290,6,1,419,422,471,3,49,52,13
passenger1291,12,1,419,419,462,0,43,43,5
passenger1292,14,1,419,483,520,64,37,101,5
passenger1293,2,1,420,421,480,1,59,60,11
passenger1294,22,1,420,531,562,111,31,142,3
passenger1295,18,1,420,662,697,242,35,277,5
passenger1296,3,1,420,424,480,4,56,60,11
passenger1297,22,1,420,531,562,111,31,142,3
passenger1298,2,1,421,421,480,0,59,59,11
passenger1299,15,1,421,539,577,118,38,156,5
passenger1300,13,1,422,422,462,0,40,40,5
passenger1301,14,1,422,483,520,61,37,98,5
passenger1302,24,1,422,915,942,493,27,520,5
passenger1303,24,1,423,915,942,492,27,519,5
passenger1304,8,1,424,426,471,2,45,47,13
passenger1305,15,1,425,539,577,114,38,152,5
passenger1306,25,1,425,1273,1299,848,26,874,10
passenger1307,19,1,426,1101,1135,675,34,709,10
passenger1308,23,1,426,1217,1247,791,30,821,10
passenger1309,12,1,426,426,469,0,43,43,10
passenger1310,8,1,426,426,471,0,45,45,13
passenger1311,14,1,426,487,526,61,39,100,10
passenger1312,21,1,427,1148,1178,721,30,751,13
passenger1313,24,1,427,1259,1288,832,29,861,13
passenger1314,18,1,427,1046,1079,619,33,652,10
passenger1315,18,1,429,1046,1079,617,33,650,10
passenger1316,14,1,429,487,526,58,39,97,10
passenger1317,9,1,429,429,471,0,42,42,13
passenger1318,12,1,429,434,471,5,37,42,13
passenger1319,13,1,429,429,469,0,40,40,10
passenger1320,21,1,429,1159,1191,730,32,762,10
passenger1321,15,1,430,500,536,70,36,106,13
passenger1322,21,1,430,1159,1191,729,32,761,10
passenger1323,2,1,430,430,494,0,64,64,0
passenger1324,20,1,430,1104,1135,674,31,705,10
passenger1325,14,1,431,497,536,66,39,105,13
passenger1326,25,1,431,972,998,541,26,567,6
passenger1327,13,1,431,436,486,5,50,55,6
passenger1328,13,1,431,436,486,5,50,55,6
passenger1329,5,1,431,433,492,2,59,61,7
passenger1330,21,1,432,1148,1178,716,30,746,13
passenger1331,18,1,433,983,1016,550,33,583,13
passenger1332,22,1,434,1201,1232,767,31,798,13
passenger1333,4,1,434,434,493,0,59,59,2
passenger1334,7,1,435,437,492,2,55,57,7
passenger1335,23,1,435,456,486,21,30,51,6
passenger1336,3,1,435,443,470,8,27,35,15
passenger1337,14,1,436,439,486,3,47,50,6
passenger1338,11,1,436,436,480,0,44,44,11
passenger1339,24,1,436,656,685,220,29,249,6
passenger1340,22,1,436,453,486,17,33,50,6
passenger1341,23,1,436,456,486,20,30,50,6
passenger1342,8,1,436,440,492,4,52,56,7
passenger1343,16,1,437,443,486,6,43,49,6
passenger1344,18,1,437,447,486,10,39,49,6
passenger1345,25,1,437,972,998,535,26,561,6
passenger1346,2,1,438,438,470,0,32,32,15
passenger1347,25,1,439,1023,1049,584,26,610,8
passenger1348,10,1,439,440,494,1,54,55,0
passenger1349,5,1,439,450,470,11,20,31,15
passenger1350,16,1,439,443,489,4,46,50,8
passenger1351,20,1,440,454,489,14,35,49,8
passenger1352,5,1,440,450,470,10,20,30,15
passenger1353,2,1,440,440,470,0,30,30,15
passenger1354,23,1,441,459,489,18,30,48,8
passenger1355,24,1,441,518,547,77,29,106,8
passenger1356,5,1,441,448,500,7,52,59,14
passenger1357,23,1,442,459,489,17,30,47,8
passenger1358,23,1,442,459,489,17,30,47,8
passenger1359,25,1,442,1023,1049,581,26,607,8
passenger1360,7,1,442,454,500,12,46,58,14
passenger1361,15,1,443,449,493,6,44,50,2
passenger1362,25,1,443,1023,1049,580,26,606,8
passenger1363,23,1,443,459,489,16,30,46,8
passenger1364,16,1,444,444,489,0,45,45,8
passenger1365,6,1,444,451,500,7,49,56,14
passenger1366,4,1,445,445,500,0,55,55,14
passenger1367,8,1,445,521,562,76,41,117,14
passenger1368,3,1,445,445,470,0,25,25,15
passenger1369,6,1,446,451,500,5,49,54,14
passenger1370,3,1,446,446,470,0,24,24,15
passenger1371,20,1,446,460,493,14,33,47,2
passenger1372,16,1,446,452,493,6,41,47,2
passenger1373,14,1,446,446,493,0,47,47,2
passenger1374,21,1,446,463,493,17,30,47,2
passenger1375,11,1,447,455,505,8,50,58,9
passenger1376,11,1,447,455,505,8,50,58,9
passenger1377,6,1,447,451,500,4,49,53,14
passenger1378,12,1,447,458,505,11,47,58,9
passenger1379,6,1,448,451,500,3,49,52,14
passenger1380,16,1,448,448,494,0,46,46,0
passenger1381,25,1,448,1075,1101,627,26,653,8
passenger1382,14,1,448,448,492,0,44,44,7
passenger1383,9,1,448,449,505,1,56,57,9
passenger1384,18,1,448,448,489,0,41,41,8
passenger1385,21,1,449,452,486,3,34,37,1
passenger1386,13,1,450,461,505,11,44,55,9
passenger1387,8,1,451,571,618,120,47,167,14
passenger1388,19,1,451,451,489,0,38,38,8
passenger1389,6,1,451,451,500,0,49,49,14
passenger1390,25,1,452,1121,1147,669,26,695,1
passenger1391,9,1,452,454,506,2,52,54,4
passenger1392,10,1,452,452,505,0,53,53,9
passenger1393,19,1,453,453,494,0,41,41,0
passenger1394,2,1,453,454,514,1,60,61,12
passenger1395,6,1,453,453,470,0,17,17,15
passenger1396,5,1,453,468,514,15,46,61,12
passenger1397,11,1,454,460,506,6,46,52,4
passenger1398,15,1,454,470,506,16,36,52,4
passenger1399,6,1,454,471,514,17,43,60,12
passenger1400,10,1,454,457,506,3,49,52,4
passenger1401,20,1,454,456,494,2,38,40,0
passenger1402,24,1,454,1066,1093,612,27,639,1
passenger1403,2,1,455,455,514,0,59,59,12
passenger1404,17,1,455,455,493,0,38,38,2
passenger1405,2,1,456,456,514,0,58,58,12
passenger1406,14,1,456,467,506,11,39,50,4
passenger1407,23,1,456,518,546,62,28,90,1
passenger1408,21,1,456,462,492,6,30,36,7
passenger1409,7,1,456,456,500,0,44,44,14
passenger1410,8,1,456,571,618,115,47,162,14
passenger1411,20,1,456,456,492,0,36,36,7
passenger1412,21,1,457,462,492,5,30,35,7
passenger1413,8,1,457,571,618,114,47,161,14
passenger1414,2,1,457,457,514,0,57,57,12
passenger1415,12,1,457,463,506,6,43,49,4
passenger1416,16,1,457,529,568,72,39,111,4
passenger1417,12,1,457,463,506,6,43,49,4
passenger1418,24,1,457,1066,1093,609,27,636,1
passenger1419,21,1,458,587,622,129,35,164,7
passenger1420,20,1,458,458,492,0,34,34,7
passenger1421,2,1,459,459,514,0,55,55,12
passenger1422,22,1,459,463,494,4,31,35,0
passenger1423,20,1,459,459,492,0,33,33,7
passenger1424,11,1,459,460,506,1,46,47,4
passenger1425,16,1,459,468,505,9,37,46,9
passenger1426,21,1,460,460,494,0,34,34,0
passenger1427,23,1,461,461,489,0,28,28,8
passenger1428,15,1,461,465,505,4,40,44,9
passenger1429,2,1,461,461,514,0,53,53,12
passenger1430,16,1,462,468,505,6,37,43,9
passenger1431,18,1,462,524,557,62,33,95,2
passenger1432,3,1,463,464,514,1,50,51,12
passenger1433,21,1,463,463,493,0,30,30,2
passenger1434,6,1,464,471,514,7,43,50,12
passenger1435,23,1,465,526,557,61,31,92,0
passenger1436,15,1,467,526,568,59,42,101,4
passenger1437,9,1,467,530,578,63,48,111,12
passenger1438,3,1,467,510,568,43,58,101,4
passenger1439,2,1,468,517,578,49,61,110,12
passenger1440,19,1,469,532,566,63,34,97,9
passenger1441,11,1,469,476,520,7,44,51,5
passenger1442,22,1,470,531,562,61,31,92,3
passenger1443,7,1,470,470,520,0,50,50,5
passenger1444,24,1,470,713,740,243,27,270,3
passenger1445,24,1,471,713,740,242,27,269,3
passenger1446,4,1,471,478,535,7,57,64,15
passenger1447,17,1,471,471,505,0,34,34,9
passenger1448,24,1,471,713,740,242,27,269,3
passenger1449,9,1,471,911,953,440,42,482,15
passenger1450,3,1,472,474,535,2,61,63,15
passenger1451,23,1,472,586,616,114,30,144,3
passenger1452,13,1,472,480,520,8,40,48,5
passenger1453,2,1,474,474,536,0,62,62,13
passenger1454,22,1,474,531,562,57,31,88,3
passenger1455,18,1,475,662,697,187,35,222,5
passenger1456,3,1,475,475,535,0,60,60,15
passenger1457,8,1,475,490,535,15,45,60,15
passenger1458,2,1,475,475,536,0,61,61,13
passenger1459,24,1,475,966,993,491,27,518,3
passenger1460,2,1,475,475,536,0,61,61,13
passenger1461,21,1,476,478,508,2,30,32,3
passenger1462,14,1,476,483,520,7,37,44,5
passenger1463,15,1,476,539,577,63,38,101,5
passenger1464,21,1,477,478,508,1,30,31,3
passenger1465,23,1,477,586,616,109,30,139,3
passenger1466,5,1,478,483,535,5,52,57,15
passenger1467,2,1,478,538,597,60,59,119,15
passenger1468,4,1,478,478,535,0,57,57,15
passenger1469,18,1,479,662,697,183,35,218,5
passenger1470,15,1,480,539,577,59,38,97,5
passenger1471,4,1,480,480,535,0,55,55,15
passenger1472,7,1,481,482,536,1,54,55,13
passenger1473,14,1,481,483,520,2,37,39,5
passenger1474,19,1,481,717,757,236,40,276,5
passenger1475,10,1,481,487,536,6,49,55,13
passenger1476,24,1,481,967,996,486,29,515,5
passenger1477,25,1,482,1273,1299,791,26,817,10
passenger1478,20,1,482,1104,1135,622,31,653,10
passenger1479,12,1,482,482,526,0,44,44,10
passenger1480,23,1,482,1217,1247,735,30,765,10
passenger1481,19,1,482,1101,1135,619,34,653,10
passenger1482,14,1,483,535,577,52,42,94,5
passenger1483,12,1,483,483,526,0,43,43,10
passenger1484,21,1,484,1159,1191,675,32,707,10
passenger1485,15,1,484,552,588,68,36,104,10
passenger1486,6,1,484,491,549,7,58,65,11
passenger1487,25,1,484,1273,1299,789,26,815,10
passenger1488,3,1,484,484,549,0,65,65,11
passenger1489,18,1,485,983,1016,498,33,531,13
passenger1490,17,1,485,810,844,325,34,359,13
passenger1491,16,1,486,624,659,138,35,173,13
passenger1492,3,1,486,486,549,0,63,63,11
passenger1493,13,1,486,492,536,6,44,50,13
passenger1494,23,1,486,1204,1232,718,28,746,13
passenger1495,7,1,486,487,535,1,48,49,15
passenger1496,18,1,487,1046,1079,559,33,592,10
passenger1497,22,1,487,1162,1191,675,29,704,10
passenger1498,24,1,487,1220,1247,733,27,760,10
passenger1499,14,1,487,487,526,0,39,39,10
passenger1500,9,1,488,911,953,423,42,465,15
passenger1501,18,1,488,983,1016,495,33,528,13
passenger1502,13,1,488,492,536,4,44,48,13
passenger1503,17,1,489,810,844,321,34,355,13
passenger1504,19,1,489,1038,1070,549,32,581,13
passenger1505,19,1,490,1101,1135,611,34,645,10
passenger1506,7,1,490,494,549,4,55,59,11
passenger1507,20,1,490,1104,1135,614,31,645,10
passenger1508,15,1,491,561,597,70,36,106,13
passenger1509,24,1,491,1259,1288,768,29,797,13
passenger1510,17,1,491,810,844,319,34,353,13
passenger1511,23,1,491,1204,1232,713,28,741,13
passenger1512,25,1,491,1262,1288,771,26,797,13
passenger1513,25,1,491,1147,1173,656,26,682,15
passenger1514,19,1,492,1038,1070,546,32,578,13
passenger1515,16,1,492,624,659,132,35,167,13
passenger1516,4,1,492,494,547,2,53,55,8
passenger1517,11,1,493,1019,1061,526,42,568,15
passenger1518,13,1,494,494,536,0,42,42,13
passenger1519,20,1,495,1093,1124,598,31,629,13
passenger1520,16,1,495,624,659,129,35,164,13
passenger1521,12,1,495,499,546,4,47,51,1
passenger1522,5,1,497,498,555,1,57,58,7
passenger1523,19,1,497,508,546,11,38,49,1
passenger1524,12,1,497,499,546,2,47,49,1
passenger1525,2,1,499,552,613,53,61,114,11
passenger1526,8,1,499,500,547,1,47,48,8
passenger1527,23,1,500,524,554,24,30,54,6
passenger1528,4,1,500,558,613,58,55,113,11
passenger1529,11,1,500,500,549,0,49,49,11
passenger1530,14,1,500,501,554,1,53,54,6
passenger1531,4,1,501,505,562,4,57,61,14
passenger1532,5,1,501,508,562,7,54,61,14
passenger1533,24,1,501,656,685,155,29,184,6
passenger1534,16,1,502,505,554,3,49,52,6
passenger1535,7,1,502,502,555,0,53,53,7
passenger1536,6,1,503,513,562,10,49,59,14
passenger1537,12,1,503,503,549,0,46,46,11
passenger1538,19,1,503,508,546,5,38,43,1
passenger1539,19,1,503,508,546,5,38,43,1
passenger1540,6,1,503,513,562,10,49,59,14
passenger1541,19,1,503,508,546,5,38,43,1
passenger1542,23,1,503,518,546,15,28,43,1
passenger1543,7,1,504,504,555,0,51,51,7
passenger1544,2,1,504,560,623,56,63,119,2
passenger1545,25,1,505,1121,1147,616,26,642,1
passenger1546,14,1,505,510,557,5,47,52,2
passenger1547,20,1,506,511,546,5,35,40,1
passenger1548,9,1,506,510,555,4,45,49,7
passenger1549,9,1,506,510,555,4,45,49,7
passenger1550,7,1,506,506,555,0,49,49,7
passenger1551,7,1,506,506,555,0,49,49,7
passenger1552,13,1,507,507,557,0,50,50,2
passenger1553,4,1,508,513,568,5,55,60,4
passenger1554,22,1,508,515,546,7,31,38,1
passenger1555,14,1,508,510,557,2,47,49,2
passenger1556,23,1,509,1011,1039,502,28,530,1
passenger1557,14,1,509,509,557,0,48,48,0
passenger1558,9,1,509,510,555,1,45,46,7
passenger1559,14,1,509,509,557,0,48,48,0
passenger1560,5,1,510,510,562,0,52,52,14
passenger1561,21,1,510,516,554,6,38,44,6
passenger1562,19,1,510,510,554,0,44,44,6
passenger1563,5,1,510,510,562,0,52,52,14
passenger1564,15,1,511,516,557,5,41,46,2
passenger1565,14,1,511,511,557,0,46,46,2
passenger1566,6,1,511,513,562,2,49,51,14
passenger1567,4,1,512,513,568,1,55,56,4
passenger1568,20,1,513,513,554,0,41,41,6
passenger1569,8,1,513,571,618,58,47,105,14
passenger1570,14,1,513,513,557,0,44,44,2
passenger1571,7,1,514,518,562,4,44,48,14
passenger1572,17,1,514,514,557,0,43,43,0
passenger1573,3,1,514,555,613,41,58,99,11
passenger1574,10,1,515,516,566,1,50,51,9
passenger1575,15,1,515,516,557,1,41,42,2
passenger1576,12,1,515,515,555,0,40,40,7
passenger1577,16,1,515,519,557,4,38,42,2
passenger1578,6,1,515,515,562,0,47,47,14
passenger1579,12,1,516,516,555,0,39,39,7
passenger1580,20,1,516,517,549,1,32,33,11
passenger1581,10,1,517,517,566,0,49,49,9
passenger1582,5,1,517,524,578,7,54,61,12
passenger1583,22,1,518,521,554,3,33,36,6
passenger1584,20,1,518,518,549,0,31,31,11
passenger1585,18,1,518,588,623,70,35,105,2
passenger1586,21,1,518,518,554,0,36,36,6
passenger1587,20,1,519,519,557,0,38,38,0
passenger1588,19,1,519,591,623,72,32,104,2
passenger1589,14,1,519,525,566,6,41,47,9
passenger1590,2,1,519,519,578,0,59,59,12
passenger1591,16,1,520,520,557,0,37,37,2
passenger1592,8,1,520,571,618,51,47,98,14
passenger1593,20,1,521,521,557,0,36,36,0
passenger1594,13,1,522,522,566,0,44,44,9
passenger1595,23,1,522,524,554,2,30,32,6
passenger1596,16,1,523,529,568,6,39,45,4
passenger1597,15,1,524,526,568,2,42,44,4
passenger1598,24,1,525,656,683,131,27,158,0
passenger1599,13,1,525,600,638,75,38,113,12
passenger1600,11,1,526,536,578,10,42,52,12
passenger1601,10,1,526,533,578,7,45,52,12
passenger1602,23,1,527,527,557,0,30,30,0
passenger1603,20,1,528,584,619,56,35,91,0
passenger1604,5,1,528,534,588,6,54,60,10
passenger1605,13,1,528,600,638,72,38,110,12
passenger1606,10,1,528,533,578,5,45,50,12
passenger1607,17,1,528,532,568,4,36,40,4
passenger1608,3,1,529,530,588,1,58,59,10
passenger1609,19,1,529,596,628,67,32,99,4
passenger1610,19,1,529,596,628,67,32,99,4
passenger1611,7,1,529,538,588,9,50,59,10
passenger1612,5,1,529,534,588,5,54,59,10
passenger1613,17,1,529,532,568,3,36,39,4
passenger1614,8,1,530,541,588,11,47,58,10
passenger1615,24,1,530,656,683,126,27,153,0
passenger1616,20,1,530,584,619,54,35,89,0
passenger1617,24,1,531,966,993,435,27,462,3
passenger1618,14,1,531,603,638,72,35,107,12
passenger1619,24,1,531,966,993,435,27,462,3
passenger1620,2,1,533,581,638,48,57,105,12
passenger1621,8,1,533,541,588,8,47,55,10
passenger1622,2,1,533,581,638,48,57,105,12
passenger1623,18,1,533,593,628,60,35,95,4
passenger1624,14,1,534,535,577,1,42,43,5
passenger1625,8,1,534,541,588,7,47,54,10
passenger1626,9,1,535,544,588,9,44,53,10
passenger1627,17,1,535,605,640,70,35,105,5
passenger1628,6,1,536,550,597,14,47,61,15
passenger1629,14,1,536,536,577,0,41,41,5
passenger1630,16,1,536,602,640,66,38,104,5
passenger1631,7,1,536,553,597,17,44,61,15
passenger1632,7,1,537,553,597,16,44,60,15
passenger1633,10,1,537,966,1007,429,41,470,15
passenger1634,16,1,537,602,640,65,38,103,5
passenger1635,8,1,538,616,659,78,43,121,15
passenger1636,11,1,538,538,578,0,40,40,12
passenger1637,15,1,539,539,577,0,38,38,5
passenger1638,6,1,539,550,597,11,47,58,15
passenger1639,15,1,539,539,577,0,38,38,5
passenger1640,5,1,540,547,597,7,50,57,15
passenger1641,5,1,540,547,597,7,50,57,15
passenger1642,7,1,540,553,597,13,44,57,15
passenger1643,8,1,540,735,778,195,43,238,15
passenger1644,2,1,540,540,597,0,57,57,15
passenger1645,25,1,541,970,996,429,26,455,5
passenger1646,9,1,541,544,588,3,44,47,10
passenger1647,21,1,541,914,944,373,30,403,12
passenger1648,23,1,542,785,813,243,28,271,5
passenger1649,21,1,542,914,944,372,30,402,12
passenger1650,21,1,542,914,944,372,30,402,12
passenger1651,4,1,543,544,597,1,53,54,15
passenger1652,10,1,544,547,597,3,50,53,13
passenger1653,19,1,544,1038,1070,494,32,526,13
passenger1654,15,1,545,561,597,16,36,52,13
passenger1655,2,1,545,600,659,55,59,114,15
passenger1656,15,1,546,561,597,15,36,51,13
passenger1657,21,1,546,1148,1178,602,30,632,13
passenger1658,21,1,546,1148,1178,602,30,632,13
passenger1659,11,1,546,551,597,5,46,51,13
passenger1660,7,1,547,613,659,66,46,112,15
passenger1661,9,1,547,911,953,364,42,406,15
passenger1662,9,1,548,559,611,11,52,63,8
passenger1663,10,1,548,548,597,0,49,49,13
passenger1664,9,1,549,559,611,10,52,62,8
passenger1665,12,1,549,554,597,5,43,48,13
passenger1666,2,1,549,550,611,1,61,62,8
passenger1667,8,1,550,735,778,185,43,228,15
passenger1668,9,1,550,911,953,361,42,403,15
passenger1669,5,1,550,552,611,2,59,61,1
passenger1670,23,1,551,1217,1247,666,30,696,10
passenger1671,18,1,551,983,1016,432,33,465,13
passenger1672,23,1,551,1204,1232,653,28,681,13
passenger1673,15,1,552,985,1025,433,40,473,10
passenger1674,4,1,552,558,613,6,55,61,11
passenger1675,23,1,552,1256,1288,704,32,736,13
passenger1676,12,1,554,554,597,0,43,43,13
passenger1677,18,1,554,983,1016,429,33,462,13
passenger1678,11,1,554,562,611,8,49,57,1
passenger1679,13,1,555,557,597,2,40,42,13
passenger1680,13,1,555,557,597,2,40,42,13
passenger1681,8,1,555,557,611,2,54,56,1
passenger1682,15,1,555,621,659,66,38,104,13
passenger1683,19,1,556,955,993,399,38,437,8
passenger1684,2,1,556,558,622,2,64,66,7
passenger1685,5,1,556,561,613,5,52,57,11
passenger1686,22,1,557,956,985,399,29,428,1
passenger1687,15,1,557,571,611,14,40,54,1
passenger1688,25,1,558,1075,1101,517,26,543,8
passenger1689,16,1,558,576,611,18,35,53,8
passenger1690,17,1,559,639,675,80,36,116,8
passenger1691,23,1,559,1017,1049,458,32,490,8
passenger1692,17,1,559,639,675,80,36,116,8
passenger1693,9,1,559,559,611,0,52,52,8
passenger1694,14,1,560,572,611,12,39,51,8
passenger1695,7,1,560,565,613,5,48,53,11
passenger1696,10,1,560,564,611,4,47,51,8
passenger1697,18,1,560,642,675,82,33,115,8
passenger1698,5,1,560,561,613,1,52,53,11
passenger1699,18,1,561,983,1016,422,33,455,13
passenger1700,16,1,561,688,723,127,35,162,13
passenger1701,9,1,561,561,611,0,50,50,8
passenger1702,3,1,561,561,622,0,61,61,7
passenger1703,18,1,562,578,611,16,33,49,1
passenger1704,21,1,562,774,804,212,30,242,1
passenger1705,19,1,562,644,676,82,32,114,1
passenger1706,12,1,563,566,611,3,45,48,1
passenger1707,17,1,563,575,611,12,36,48,1
passenger1708,11,1,563,563,611,0,48,48,1
passenger1709,10,1,563,567,620,4,53,57,6
passenger1710,9,1,563,564,620,1,56,57,6
passenger1711,7,1,563,565,613,2,48,50,11
passenger1712,25,1,563,1121,1147,558,26,584,1
passenger1713,17,1,564,575,611,11,36,47,1
passenger1714,6,1,564,564,619,0,55,55,0
passenger1715,22,1,564,956,985,392,29,421,1
passenger1716,5,1,564,565,623,1,58,59,2
passenger1717,16,1,565,576,611,11,35,46,8
passenger1718,5,1,565,565,623,0,58,58,2
passenger1719,10,1,566,566,611,0,45,45,8
passenger1720,17,1,567,575,611,8,36,44,1
passenger1721,25,1,567,1121,1147,554,26,580,1
passenger1722,25,1,567,1173,1199,606,26,632,1
passenger1723,23,1,568,590,620,22,30,52,6
passenger1724,7,1,568,569,623,1,54,55,2
passenger1725,4,1,568,571,632,3,61,64,9
passenger1726,23,1,568,590,620,22,30,52,6
passenger1727,24,1,570,1066,1093,496,27,523,1
passenger1728,8,1,572,572,623,0,51,51,2
passenger1729,2,1,572,625,684,53,59,112,7
passenger1730,17,1,572,577,622,5,45,50,7
passenger1731,3,1,572,572,628,0,56,56,4
passenger1732,2,1,572,625,684,53,59,112,7
passenger1733,24,1,572,849,878,277,29,306,7
passenger1734,13,1,573,573,613,0,40,40,11
passenger1735,4,1,573,573,632,0,59,59,9
passenger1736,17,1,573,579,613,6,34,40,11
passenger1737,10,1,573,576,623,3,47,50,2
passenger1738,14,1,573,574,619,1,45,46,0
passenger1739,23,1,574,591,619,17,28,45,0
passenger1740,7,1,574,578,632,4,54,58,9
passenger1741,17,1,575,576,620,1,44,45,6
passenger1742,21,1,575,584,620,9,36,45,6
passenger1743,12,1,576,577,618,1,41,42,14
passenger1744,25,1,576,970,996,394,26,420,7
passenger1745,12,1,577,577,618,0,41,41,14
passenger1746,13,1,578,580,618,2,38,40,14
passenger1747,23,1,579,911,939,332,28,360,11
passenger1748,17,1,579,579,619,0,40,40,0
passenger1749,22,1,580,590,622,10,32,42,7
passenger1750,20,1,580,584,622,4,38,42,7
passenger1751,19,1,580,581,622,1,41,42,7
passenger1752,7,1,580,580,632,0,52,52,9
passenger1753,11,1,580,582,628,2,46,48,4
passenger1754,22,1,581,587,620,6,33,39,6
passenger1755,16,1,581,584,623,3,39,42,2
passenger1756,8,1,581,583,632,2,49,51,9
passenger1757,9,1,581,586,632,5,46,51,9
passenger1758,20,1,581,581,620,0,39,39,6
passenger1759,6,1,582,584,640,2,56,58,5
passenger1760,4,1,583,585,638,2,53,55,12
passenger1761,20,1,583,584,619,1,35,36,0
passenger1762,8,1,583,583,632,0,49,49,9
passenger1763,20,1,584,584,619,0,35,35,0
passenger1764,14,1,584,587,628,3,41,44,4
passenger1765,25,1,584,973,999,389,26,415,0
passenger1766,14,1,585,587,628,2,41,43,4
passenger1767,22,1,586,588,619,2,31,33,0
passenger1768,22,1,586,588,619,2,31,33,0
passenger1769,7,1,586,587,640,1,53,54,5
passenger1770,25,1,587,1024,1050,437,26,463,6
passenger1771,19,1,587,591,623,4,32,36,2
passenger1772,4,1,587,587,638,0,51,51,12
passenger1773,2,1,588,625,684,37,59,96,7
passenger1774,8,1,589,590,640,1,50,51,5
passenger1775,2,1,589,591,653,2,62,64,10
passenger1776,10,1,589,589,632,0,43,43,9
passenger1777,25,1,589,973,999,384,26,410,0
passenger1778,13,1,589,646,692,57,46,103,9
passenger1779,2,1,590,591,653,1,62,63,10
passenger1780,13,1,590,646,692,56,46,102,9
passenger1781,7,1,590,592,638,2,46,48,12
passenger1782,22,1,591,591,622,0,31,31,7
passenger1783,4,1,591,596,653,5,57,62,10
passenger1784,20,1,592,725,756,133,31,164,4
passenger1785,12,1,592,593,632,1,39,40,9
passenger1786,2,1,592,592,653,0,61,61,10
passenger1787,18,1,593,593,628,0,35,35,4
passenger1788,12,1,593,593,632,0,39,39,9
passenger1789,20,1,593,725,756,132,31,163,4
passenger1790,16,1,596,602,640,6,38,44,5
passenger1791,20,1,596,725,756,129,31,160,4
passenger1792,13,1,597,597,640,0,43,43,5
passenger1793,2,1,597,641,701,44,60,104,12
passenger1794,5,1,598,607,659,9,52,61,15
passenger1795,13,1,598,600,638,2,38,40,12
passenger1796,11,1,599,1019,1061,420,42,462,15
passenger1797,21,1,599,914,944,315,30,345,12
passenger1798,11,1,599,1019,1061,420,42,462,15
passenger1799,22,1,600,969,1004,369,35,404,12
passenger1800,6,1,600,610,659,10,49,59,15
passenger1801,11,1,601,609,653,8,44,52,10
passenger1802,20,1,601,720,757,119,37,156,5
passenger1803,4,1,601,604,659,3,55,58,15
passenger1804,9,1,601,603,653,2,50,52,10
passenger1805,20,1,601,720,757,119,37,156,5
passenger1806,16,1,601,602,640,1,38,39,5
passenger1807,20,1,602,720,757,118,37,155,5
passenger1808,14,1,602,664,701,62,37,99,12
passenger1809,22,1,602,726,757,124,31,155,5
passenger1810,23,1,602,785,813,183,28,211,5
passenger1811,25,1,602,970,996,368,26,394,5
passenger1812,4,1,603,604,659,1,55,56,15
passenger1813,16,1,603,787,824,184,37,221,12
passenger1814,4,1,604,604,659,0,55,55,15
passenger1815,7,1,605,605,659,0,54,54,13
passenger1816,9,1,605,605,653,0,48,48,10
passenger1817,17,1,606,606,640,0,34,34,5
passenger1818,12,1,606,612,653,6,41,47,10
passenger1819,22,1,606,1214,1247,608,33,641,10
passenger1820,9,1,607,911,953,304,42,346,15
passenger1821,16,1,608,746,781,138,35,173,13
passenger1822,20,1,608,1093,1124,485,31,516,13
passenger1823,25,1,608,1314,1340,706,26,732,13
passenger1824,7,1,608,613,659,5,46,51,15
passenger1825,19,1,608,1038,1070,430,32,462,13
passenger1826,4,1,608,668,722,60,54,114,15
passenger1827,15,1,609,985,1025,376,40,416,10
passenger1828,11,1,609,609,653,0,44,44,10
passenger1829,25,1,609,1273,1299,664,26,690,10
passenger1830,20,1,609,1156,1191,547,35,582,10
passenger1831,24,1,609,1259,1288,650,29,679,13
passenger1832,22,1,609,1201,1232,592,31,623,13
passenger1833,11,1,610,611,659,1,48,49,13
passenger1834,19,1,610,1038,1070,428,32,460,13
passenger1835,2,1,610,662,722,52,60,112,15
passenger1836,15,1,612,621,659,9,38,47,13
passenger1837,3,1,612,615,675,3,60,63,8
passenger1838,19,1,612,1038,1070,426,32,458,13
passenger1839,25,1,612,1314,1340,702,26,728,13
passenger1840,18,1,612,983,1016,371,33,404,13
passenger1841,22,1,613,1214,1247,601,33,634,10
passenger1842,7,1,613,613,659,0,46,46,15
passenger1843,25,1,613,1314,1340,701,26,727,13
passenger1844,15,1,613,621,659,8,38,46,13
passenger1845,18,1,614,983,1016,369,33,402,13
passenger1846,20,1,614,1093,1124,479,31,510,13
passenger1847,17,1,614,872,906,258,34,292,13
passenger1848,9,1,614,963,1007,349,44,393,15
passenger1849,16,1,615,988,1025,373,37,410,10
passenger1850,17,1,615,872,906,257,34,291,13
passenger1851,22,1,615,1201,1232,586,31,617,13
passenger1852,13,1,615,615,659,0,44,44,13
passenger1853,14,1,616,616,653,0,37,37,10
passenger1854,14,1,616,618,659,2,41,43,13
passenger1855,4,1,616,620,677,4,57,61,11
passenger1856,4,1,616,620,677,4,57,61,11
passenger1857,2,1,616,616,677,0,61,61,11
passenger1858,17,1,617,930,964,313,34,347,13
passenger1859,12,1,618,629,676,11,47,58,1
passenger1860,22,1,619,956,985,337,29,366,1
passenger1861,18,1,619,641,676,22,35,57,1
passenger1862,5,1,619,619,675,0,56,56,8
passenger1863,4,1,620,620,677,0,57,57,11
passenger1864,10,1,621,622,676,1,54,55,1
passenger1865,24,1,621,1066,1093,445,27,472,1
passenger1866,3,1,621,622,683,1,61,62,14
passenger1867,6,1,621,626,677,5,51,56,11
passenger1868,2,1,622,622,683,0,61,61,0
passenger1869,11,1,622,626,676,4,50,54,1
passenger1870,25,1,622,1173,1199,551,26,577,1
passenger1871,18,1,623,641,676,18,35,53,1
passenger1872,13,1,623,632,676,9,44,53,1
passenger1873,5,1,623,623,677,0,54,54,11
passenger1874,10,1,623,623,676,0,53,53,1
passenger1875,14,1,623,635,676,12,41,53,1
passenger1876,8,1,624,624,675,0,51,51,8
passenger1877,18,1,625,706,739,81,33,114,8
passenger1878,25,1,625,1075,1101,450,26,476,8
passenger1879,6,1,625,626,677,1,51,52,11
passenger1880,8,1,625,625,675,0,50,50,8
passenger1881,5,1,626,626,683,0,57,57,14
passenger1882,19,1,626,768,804,142,36,178,1
passenger1883,13,1,626,632,676,6,44,50,1
passenger1884,8,1,626,626,675,0,49,49,8
passenger1885,7,1,626,629,677,3,48,51,11
passenger1886,3,1,626,627,693,1,66,67,2
passenger1887,13,1,627,630,680,3,50,53,3
passenger1888,18,1,628,639,680,11,41,52,3
passenger1889,7,1,628,628,685,0,57,57,6
passenger1890,2,1,629,631,696,2,65,67,4
passenger1891,13,1,629,630,680,1,50,51,3
passenger1892,18,1,630,639,680,9,41,50,3
passenger1893,10,1,630,630,675,0,45,45,8
passenger1894,8,1,630,630,683,0,53,53,0
passenger1895,5,1,630,630,684,0,54,54,7
passenger1896,19,1,631,642,680,11,38,49,3
passenger1897,22,1,631,649,680,18,31,49,3
passenger1898,20,1,631,645,680,14,35,49,3
passenger1899,14,1,631,633,680,2,47,49,3
passenger1900,19,1,631,642,680,11,38,49,3
passenger1901,11,1,631,636,683,5,47,52,14
passenger1902,2,1,631,631,696,0,65,65,4
passenger1903,10,1,632,633,683,1,50,51,14
passenger1904,18,1,632,647,683,15,36,51,14
passenger1905,17,1,632,644,683,12,39,51,14
passenger1906,25,1,632,971,997,339,26,365,14
passenger1907,25,1,633,1073,1099,440,26,466,3
passenger1908,7,1,633,633,693,0,60,60,2
passenger1909,2,1,633,633,696,0,63,63,4
passenger1910,8,1,634,636,693,2,57,59,2
passenger1911,23,1,634,653,685,19,32,51,6
passenger1912,21,1,635,961,993,326,32,358,8
passenger1913,4,1,635,637,696,2,59,61,4
passenger1914,5,1,635,640,696,5,56,61,4
passenger1915,15,1,636,638,685,2,47,49,6
passenger1916,17,1,636,642,685,6,43,49,6
passenger1917,25,1,636,1024,1050,388,26,414,6
passenger1918,20,1,636,647,685,11,38,49,6
passenger1919,7,1,637,648,696,11,48,59,4
passenger1920,2,1,638,680,741,42,61,103,11
passenger1921,17,1,638,639,675,1,36,37,8
passenger1922,15,1,639,639,683,0,44,44,0
passenger1923,24,1,639,1020,1049,381,29,410,8
passenger1924,15,1,639,639,683,0,44,44,0
passenger1925,14,1,639,641,684,2,43,45,7
passenger1926,9,1,639,639,693,0,54,54,2
passenger1927,4,1,641,645,701,4,56,60,12
passenger1928,23,1,641,963,993,322,30,352,11
passenger1929,21,1,641,647,677,6,30,36,11
passenger1930,5,1,642,642,696,0,54,54,4
passenger1931,18,1,642,642,677,0,35,35,11
passenger1932,10,1,642,642,693,0,51,51,2
passenger1933,12,1,642,646,693,4,47,51,2
passenger1934,22,1,642,845,874,203,29,232,11
passenger1935,22,1,642,964,993,322,29,351,8
passenger1936,6,1,642,645,696,3,51,54,4
passenger1937,9,1,643,652,696,9,44,53,4
passenger1938,21,1,644,647,683,3,36,39,0
passenger1939,24,1,644,784,811,140,27,167,0
passenger1940,3,1,646,688,746,42,58,100,7
passenger1941,22,1,646,650,683,4,33,37,0
passenger1942,13,1,647,649,693,2,44,46,2
passenger1943,16,1,647,658,693,11,35,46,2
passenger1944,3,1,647,688,746,41,58,99,7
passenger1945,18,1,647,647,684,0,37,37,7
passenger1946,18,1,647,647,684,0,37,37,7
passenger1947,17,1,648,970,1010,322,40,362,2
passenger1948,20,1,648,648,685,0,37,37,6
passenger1949,24,1,649,784,811,135,27,162,0
passenger1950,22,1,649,650,683,1,33,34,0
passenger1951,19,1,649,714,748,65,34,99,14
passenger1952,25,1,649,973,999,324,26,350,0
passenger1953,18,1,649,649,683,0,34,34,14
passenger1954,18,1,650,650,683,0,33,33,14
passenger1955,15,1,651,655,693,4,38,42,2
passenger1956,20,1,651,651,684,0,33,33,7
passenger1957,3,1,652,688,746,36,58,94,7
passenger1958,14,1,652,652,693,0,41,41,2
passenger1959,12,1,652,657,701,5,44,49,12
passenger1960,23,1,652,653,683,1,30,31,0
passenger1961,3,1,652,688,746,36,58,94,7
passenger1962,17,1,652,652,692,0,40,40,9
passenger1963,6,1,653,692,747,39,55,94,6
passenger1964,23,1,653,653,685,0,32,32,6
passenger1965,22,1,653,655,684,2,29,31,7
passenger1966,7,1,653,695,747,42,52,94,6
passenger1967,22,1,653,655,684,2,29,31,7
passenger1968,13,1,653,661,701,8,40,48,12
passenger1969,25,1,653,1024,1050,371,26,397,6
passenger1970,19,1,654,656,692,2,36,38,9
passenger1971,2,1,654,656,717,2,61,63,10
passenger1972,6,1,654,666,717,12,51,63,10
passenger1973,11,1,654,654,701,0,47,47,12
passenger1974,7,1,655,669,717,14,48,62,10
passenger1975,5,1,655,663,717,8,54,62,10
passenger1976,25,1,656,973,999,317,26,343,0
passenger1977,22,1,656,716,745,60,29,89,0
passenger1978,12,1,656,657,701,1,44,45,12
passenger1979,7,1,656,669,717,13,48,61,10
passenger1980,6,1,656,666,717,10,51,61,10
passenger1981,23,1,657,717,747,60,30,90,6
passenger1982,9,1,657,673,717,16,44,60,10
passenger1983,2,1,658,658,717,0,59,59,10
passenger1984,11,1,658,795,839,137,44,181,10
passenger1985,12,1,658,658,701,0,43,43,12
passenger1986,16,1,658,967,1010,309,43,352,2
passenger1987,10,1,658,736,779,78,43,121,10
passenger1988,24,1,658,658,685,0,27,27,6
passenger1989,17,1,658,658,697,0,39,39,5
passenger1990,25,1,659,969,995,310,26,336,9
passenger1991,10,1,659,736,779,77,43,120,10
passenger1992,17,1,659,659,697,0,38,38,5
passenger1993,10,1,659,736,779,77,43,120,10
passenger1994,18,1,659,662,697,3,35,38,5
passenger1995,19,1,659,717,757,58,40,98,5
passenger1996,9,1,659,673,717,14,44,58,10
passenger1997,24,1,659,848,877,189,29,218,9
passenger1998,22,1,660,715,748,55,33,88,9
passenger1999,23,1,660,782,812,122,30,152,9
passenger2000,7,1,661,732,778,71,46,117,15
passenger2001,19,1,661,664,696,3,32,35,4
passenger2002,4,1,661,668,722,7,54,61,15
passenger2003,4,1,662,668,722,6,54,60,15
passenger2004,25,1,662,969,995,307,26,333,9
passenger2005,5,1,662,673,722,11,49,60,15
passenger2006,22,1,663,715,748,52,33,85,9
passenger2007,12,1,663,1022,1061,359,39,398,15
passenger2008,9,1,663,963,1007,300,44,344,15
passenger2009,3,1,663,665,722,2,57,59,15
passenger2010,18,1,664,664,697,0,33,33,5
passenger2011,19,1,664,718,756,54,38,92,4
passenger2012,13,1,664,1077,1119,413,42,455,15
passenger2013,21,1,664,966,1004,302,38,340,12
passenger2014,9,1,664,963,1007,299,44,343,15
passenger2015,15,1,665,667,701,2,34,36,12
passenger2016,8,1,665,735,778,70,43,113,15
passenger2017,15,1,665,784,824,119,40,159,12
passenger2018,5,1,666,673,722,7,49,56,15
passenger2019,13,1,666,1077,1119,411,42,453,15
passenger2020,15,1,666,784,824,118,40,158,12
passenger2021,15,1,667,784,824,117,40,157,12
passenger2022,12,1,667,676,723,9,47,56,13
passenger2023,17,1,667,790,824,123,34,157,12
passenger2024,14,1,667,682,723,15,41,56,13
passenger2025,8,1,668,668,723,0,55,55,13
passenger2026,7,1,668,732,778,64,46,110,15
passenger2027,17,1,668,930,964,262,34,296,13
passenger2028,24,1,668,1259,1288,591,29,620,13
passenger2029,20,1,668,1145,1178,477,33,510,13
passenger2030,17,1,669,930,964,261,34,295,13
passenger2031,24,1,669,1259,1288,590,29,619,13
passenger2032,23,1,669,1256,1288,587,32,619,13
passenger2033,14,1,669,682,723,13,41,54,13
passenger2034,4,1,670,670,722,0,52,52,15
passenger2035,17,1,670,1085,1119,415,34,449,15
passenger2036,16,1,670,1082,1119,412,37,449,15
passenger2037,8,1,670,735,778,65,43,108,15
passenger2038,22,1,670,1142,1173,472,31,503,15
passenger2039,22,1,671,1201,1232,530,31,561,13
passenger2040,9,1,671,671,723,0,52,52,13
passenger2041,13,1,671,679,723,8,44,52,13
passenger2042,6,1,672,677,722,5,45,50,15
passenger2043,6,1,672,729,778,57,49,106,15
passenger2044,8,1,673,735,778,62,43,105,15
passenger2045,10,1,673,736,779,63,43,106,10
passenger2046,8,1,674,908,953,234,45,279,15
passenger2047,5,1,674,674,722,0,48,48,15
passenger2048,12,1,674,676,723,2,47,49,13
passenger2049,16,1,674,746,781,72,35,107,13
passenger2050,9,1,675,675,717,0,42,42,10
passenger2051,14,1,675,682,723,7,41,48,13
passenger2052,8,1,675,908,953,233,45,278,15
passenger2053,18,1,676,983,1016,307,33,340,13
passenger2054,17,1,676,930,964,254,34,288,13
passenger2055,25,1,677,1314,1340,637,26,663,13
passenger2056,3,1,677,679,739,2,60,62,8
passenger2057,22,1,677,1201,1232,524,31,555,13
passenger2058,10,1,678,696,741,18,45,63,11
passenger2059,3,1,678,683,741,5,58,63,11
passenger2060,18,1,679,706,739,27,33,60,8
passenger2061,6,1,679,686,739,7,53,60,8
passenger2062,6,1,680,688,741,8,53,61,11
passenger2063,25,1,680,967,993,287,26,313,11
passenger2064,7,1,680,691,741,11,50,61,11
passenger2065,15,1,681,685,723,4,38,42,13
passenger2066,6,1,681,686,739,5,53,58,8
passenger2067,4,1,682,682,739,0,57,57,8
passenger2068,2,1,683,683,740,0,57,57,3
passenger2069,2,1,683,683,740,0,57,57,3
passenger2070,13,1,683,696,740,13,44,57,1
passenger2071,12,1,684,693,740,9,47,56,1
passenger2072,2,1,684,686,748,2,62,64,14
passenger2073,10,1,684,689,740,5,51,56,1
passenger2074,8,1,684,685,740,1,55,56,1
passenger2075,15,1,684,700,740,16,40,56,1
passenger2076,25,1,684,1173,1199,489,26,515,1
passenger2077,18,1,684,707,740,23,33,56,1
passenger2078,24,1,684,1066,1093,382,27,409,1
passenger2079,6,1,685,686,739,1,53,54,8
passenger2080,7,1,686,689,739,3,50,53,8
passenger2081,20,1,686,958,993,272,35,307,8
passenger2082,9,1,686,693,739,7,46,53,8
passenger2083,22,1,686,964,993,278,29,307,8
passenger2084,13,1,686,699,739,13,40,53,8
passenger2085,6,1,687,688,741,1,53,54,11
passenger2086,22,1,687,908,939,221,31,252,11
passenger2087,15,1,688,830,874,142,44,186,11
passenger2088,21,1,688,842,874,154,32,186,11
passenger2089,12,1,688,702,741,14,39,53,11
passenger2090,5,1,688,689,745,1,56,57,0
passenger2091,18,1,689,707,740,18,33,51,1
passenger2092,4,1,690,690,748,0,58,58,14
passenger2093,17,1,690,704,740,14,36,50,1
passenger2094,12,1,691,702,741,11,39,50,11
passenger2095,20,1,691,839,874,148,35,183,11
passenger2096,22,1,691,908,939,217,31,248,11
passenger2097,11,1,691,699,741,8,42,50,11
passenger2098,23,1,691,963,993,272,30,302,11
passenger2099,4,1,692,692,748,0,56,56,14
passenger2100,4,1,692,692,748,0,56,56,14
passenger2101,25,1,693,1173,1199,480,26,506,1
passenger2102,15,1,693,700,740,7,40,47,1
passenger2103,12,1,693,693,740,0,47,47,1
passenger2104,5,1,693,695,748,2,53,55,14
passenger2105,8,1,693,694,745,1,51,52,0
passenger2106,18,1,693,765,804,72,39,111,1
passenger2107,21,1,693,834,864,141,30,171,1
passenger2108,23,1,693,1011,1039,318,28,346,1
passenger2109,11,1,694,694,740,0,46,46,3
passenger2110,12,1,695,697,740,2,43,45,3
passenger2111,5,1,696,696,748,0,52,52,14
passenger2112,3,1,696,697,759,1,62,63,2
passenger2113,12,1,697,699,746,2,47,49,7
passenger2114,15,1,698,704,746,6,42,48,7
passenger2115,4,1,698,700,759,2,59,61,2
passenger2116,11,1,700,701,747,1,46,47,6
passenger2117,17,1,700,708,746,8,38,46,7
passenger2118,21,1,700,716,746,16,30,46,7
passenger2119,24,1,701,848,877,147,29,176,0
passenger2120,10,1,701,703,748,2,45,47,14
passenger2121,11,1,701,701,747,0,46,46,6
passenger2122,22,1,702,716,745,14,29,43,0
passenger2123,18,1,702,706,745,4,39,43,0
passenger2124,8,1,702,708,759,6,51,57,2
passenger2125,18,1,702,706,745,4,39,43,0
passenger2126,5,1,702,703,759,1,56,57,2
passenger2127,12,1,702,702,741,0,39,39,11
passenger2128,9,1,703,711,759,8,48,56,2
passenger2129,25,1,703,973,999,270,26,296,0
passenger2130,2,1,704,704,762,0,58,58,12
passenger2131,22,1,704,782,812,78,30,108,7
passenger2132,8,1,704,705,756,1,51,52,4
passenger2133,2,1,704,704,762,0,58,58,12
passenger2134,17,1,704,708,746,4,38,42,7
passenger2135,18,1,706,706,745,0,39,39,0
passenger2136,5,1,706,716,762,10,46,56,12
passenger2137,2,1,706,706,762,0,56,56,12
passenger2138,4,1,707,713,762,6,49,55,12
passenger2139,11,1,707,719,759,12,40,52,2
passenger2140,5,1,708,716,762,8,46,54,12
passenger2141,18,1,709,711,746,2,35,37,7
passenger2142,3,1,709,709,762,0,53,53,12
passenger2143,20,1,709,710,745,1,35,36,0
passenger2144,22,1,709,709,740,0,31,31,3
passenger2145,19,1,710,711,747,1,36,37,6
passenger2146,24,1,710,1018,1047,308,29,337,3
passenger2147,24,1,710,1018,1047,308,29,337,3
passenger2148,3,1,710,710,762,0,52,52,12
passenger2149,10,1,710,716,759,6,43,49,2
passenger2150,20,1,710,710,745,0,35,35,0
passenger2151,10,1,711,716,759,5,43,48,2
passenger2152,19,1,711,711,747,0,36,36,6
passenger2153,20,1,712,712,745,0,33,33,0
passenger2154,25,1,712,1073,1099,361,26,387,3
passenger2155,9,1,713,713,759,0,46,46,2
passenger2156,10,1,713,716,759,3,43,46,2
passenger2157,2,1,714,751,814,37,63,100,14
passenger2158,8,1,714,721,762,7,41,48,12
passenger2159,8,1,715,721,762,6,41,47,12
passenger2160,12,1,716,909,948,193,39,232,2
passenger2161,12,1,716,909,948,193,39,232,2
passenger2162,22,1,717,717,748,0,31,31,9
passenger2163,20,1,718,725,756,7,31,38,4
passenger2164,19,1,719,719,756,0,37,37,4
passenger2165,2,1,719,720,779,1,59,60,10
passenger2166,13,1,719,962,1010,243,48,291,2
passenger2167,19,1,721,721,756,0,35,35,4
passenger2168,7,1,721,727,779,6,52,58,10
passenger2169,12,1,722,771,822,49,51,100,4
passenger2170,19,1,722,722,756,0,34,34,4
passenger2171,21,1,722,969,1005,247,36,283,4
passenger2172,22,1,722,972,1005,250,33,283,4
passenger2173,12,1,722,771,822,49,51,100,4
passenger2174,11,1,723,1019,1061,296,42,338,15
passenger2175,11,1,723,1019,1061,296,42,338,15
passenger2176,18,1,723,851,887,128,36,164,4
passenger2177,12,1,723,1022,1061,299,39,338,15
passenger2178,11,1,724,1019,1061,295,42,337,15
passenger2179,6,1,724,729,778,5,49,54,15
passenger2180,13,1,724,1077,1119,353,42,395,15
passenger2181,7,1,724,732,778,8,46,54,15
passenger2182,14,1,725,781,822,56,41,97,4
passenger2183,23,1,725,785,813,60,28,88,5
passenger2184,20,1,725,914,947,189,33,222,4
passenger2185,13,1,726,801,839,75,38,113,10
passenger2186,25,1,726,970,996,244,26,270,5
passenger2187,25,1,726,970,996,244,26,270,5
passenger2188,12,1,727,798,839,71,41,112,10
passenger2189,20,1,727,780,813,53,33,86,5
passenger2190,10,1,728,966,1007,238,41,279,15
passenger2191,23,1,729,846,876,117,30,147,5
passenger2192,10,1,729,966,1007,237,41,278,15
passenger2193,8,1,730,730,779,0,49,49,10
passenger2194,5,1,730,788,838,58,50,108,15
passenger2195,22,1,731,1214,1247,483,33,516,10
passenger2196,9,1,731,733,779,2,46,48,10
passenger2197,21,1,731,1159,1191,428,32,460,10
passenger2198,4,1,731,785,838,54,53,107,15
passenger2199,14,1,731,930,967,199,37,236,10
passenger2200,12,1,732,1074,1119,342,45,387,15
passenger2201,12,1,732,1074,1119,342,45,387,15
passenger2202,6,1,732,791,838,59,47,106,15
passenger2203,3,1,732,782,838,50,56,106,15
passenger2204,10,1,733,736,779,3,43,46,10
passenger2205,13,1,734,737,781,3,44,47,13
passenger2206,21,1,735,1148,1178,413,30,443,13
passenger2207,13,1,735,737,781,2,44,46,13
passenger2208,7,1,735,794,838,59,44,103,15
passenger2209,8,1,736,788,839,52,51,103,10
passenger2210,16,1,736,746,781,10,35,45,13
passenger2211,12,1,737,798,839,61,41,102,10
passenger2212,23,1,737,1256,1288,519,32,551,13
passenger2213,12,1,737,798,844,61,46,107,13
passenger2214,15,1,737,743,781,6,38,44,13
passenger2215,3,1,737,785,844,48,59,107,13
passenger2216,6,1,738,790,844,52,54,106,13
passenger2217,22,1,738,1201,1232,463,31,494,13
passenger2218,10,1,738,738,779,0,41,41,10
passenger2219,12,1,740,763,802,23,39,62,8
passenger2220,16,1,740,746,781,6,35,41,13
passenger2221,3,1,740,743,802,3,59,62,8
passenger2222,14,1,740,740,781,0,41,41,13
passenger2223,10,1,741,759,802,18,43,61,8
passenger2224,5,1,741,748,802,7,54,61,8
passenger2225,12,1,741,822,867,81,45,126,8
passenger2226,12,1,742,764,807,22,43,65,11
passenger2227,6,1,742,748,807,6,59,65,11
passenger2228,15,1,743,743,781,0,38,38,13
passenger2229,19,1,743,1090,1124,347,34,381,13
passenger2230,8,1,744,753,802,9,49,58,8
passenger2231,25,1,744,1314,1340,570,26,596,13
passenger2232,16,1,744,746,781,2,35,37,13
passenger2233,20,1,744,1145,1178,401,33,434,13
passenger2234,3,1,744,744,802,0,58,58,8
passenger2235,20,1,744,1145,1178,401,33,434,13
passenger2236,10,1,744,759,802,15,43,58,8
passenger2237,19,1,744,1090,1124,346,34,380,13
passenger2238,21,1,745,842,874,97,32,129,11
passenger2239,8,1,745,754,807,9,53,62,11
passenger2240,8,1,746,749,801,3,52,55,3
passenger2241,3,1,747,750,812,3,62,65,7
passenger2242,16,1,747,766,801,19,35,54,3
passenger2243,20,1,747,956,993,209,37,246,3
passenger2244,11,1,748,761,807,13,46,59,11
passenger2245,5,1,748,748,802,0,54,54,8
passenger2246,9,1,748,757,807,9,50,59,11
passenger2247,11,1,748,761,807,13,46,59,11
passenger2248,23,1,749,963,993,214,30,244,3
passenger2249,4,1,749,755,814,6,59,65,14
passenger2250,10,1,749,753,801,4,48,52,3
passenger2251,17,1,750,762,804,12,42,54,1
passenger2252,7,1,750,751,807,1,56,57,11
passenger2253,23,1,750,1011,1039,261,28,289,1
passenger2254,23,1,750,1011,1039,261,28,289,1
passenger2255,11,1,751,752,804,1,52,53,1
passenger2256,19,1,751,768,804,17,36,53,1
passenger2257,20,1,751,771,804,20,33,53,1
passenger2258,18,1,752,765,804,13,39,52,1
passenger2259,6,1,752,752,811,0,59,59,0
passenger2260,3,1,752,752,812,0,60,60,7
passenger2261,10,1,752,753,801,1,48,49,3
passenger2262,5,1,752,753,812,1,59,60,6
passenger2263,9,1,753,756,802,3,46,49,8
passenger2264,17,1,753,899,933,146,34,180,3
passenger2265,16,1,753,766,801,13,35,48,3
passenger2266,7,1,754,755,811,1,56,57,0
passenger2267,2,1,754,817,877,63,60,123,14
passenger2268,7,1,754,755,811,1,56,57,0
passenger2269,12,1,755,755,804,0,49,49,1
passenger2270,20,1,755,771,804,16,33,49,1
passenger2271,10,1,756,759,802,3,43,46,8
passenger2272,8,1,756,757,812,1,55,56,9
passenger2273,15,1,756,763,801,7,38,45,3
passenger2274,3,1,756,822,877,66,55,121,14
passenger2275,7,1,757,757,812,0,55,55,6
passenger2276,2,1,758,759,822,1,63,64,4
passenger2277,14,1,758,759,801,1,42,43,3
passenger2278,12,1,758,768,812,10,44,54,7
passenger2279,15,1,758,763,801,5,38,43,3
passenger2280,16,1,759,766,801,7,35,42,3
passenger2281,11,1,759,764,812,5,48,53,7
passenger2282,22,1,760,1008,1039,248,31,279,1
passenger2283,24,1,760,1066,1093,306,27,333,1
passenger2284,4,1,760,768,825,8,57,65,2
passenger2285,24,1,760,1066,1093,306,27,333,1
passenger2286,6,1,760,776,825,16,49,65,2
passenger2287,7,1,760,760,814,0,54,54,14
passenger2288,14,1,760,760,801,0,41,41,3
passenger2289,2,1,760,762,825,2,63,65,2
passenger2290,10,1,761,761,812,0,51,51,7
passenger2291,6,1,761,776,825,15,49,64,2
passenger2292,13,1,761,771,812,10,41,51,7
passenger2293,21,1,762,834,864,72,30,102,1
passenger2294,24,1,762,1118,1147,356,29,385,1
passenger2295,7,1,762,762,814,0,52,52,14
passenger2296,15,1,763,767,811,4,44,48,0
passenger2297,13,1,763,763,811,0,48,48,0
passenger2298,11,1,764,764,812,0,48,48,7
passenger2299,17,1,764,768,812,4,44,48,9
passenger2300,25,1,764,969,995,205,26,231,9
passenger2301,11,1,765,765,812,0,47,47,7
passenger2302,3,1,765,765,825,0,60,60,2
passenger2303,23,1,766,782,812,16,30,46,6
passenger2304,24,1,766,785,812,19,27,46,6
passenger2305,9,1,767,767,813,0,46,46,5
passenger2306,14,1,767,770,807,3,37,40,11
passenger2307,22,1,767,779,812,12,33,45,9
passenger2308,14,1,767,770,807,3,37,40,11
passenger2309,13,1,767,767,807,0,40,40,11
passenger2310,24,1,767,848,877,81,29,110,9
passenger2311,21,1,767,776,812,9,36,45,9
passenger2312,14,1,767,773,814,6,41,47,14
passenger2313,5,1,768,773,825,5,52,57,2
passenger2314,12,1,769,769,814,0,45,45,14
passenger2315,18,1,769,770,812,1,42,43,6
passenger2316,8,1,769,773,824,4,51,55,12
passenger2317,14,1,769,773,814,4,41,45,14
passenger2318,17,1,770,770,812,0,42,42,9
passenger2319,4,1,770,770,825,0,55,55,2
passenger2320,15,1,770,776,814,6,38,44,14
passenger2321,19,1,770,773,812,3,39,42,6
passenger2322,7,1,770,770,824,0,54,54,12
passenger2323,15,1,770,776,814,6,38,44,14
passenger2324,19,1,770,773,812,3,39,42,6
passenger2325,3,1,770,818,872,48,54,102,6
passenger2326,17,1,771,771,811,0,40,40,0
passenger2327,8,1,772,773,824,1,51,52,12
passenger2328,11,1,773,778,824,5,46,51,12
passenger2329,17,1,773,773,811,0,38,38,0
passenger2330,2,1,773,815,872,42,57,99,6
passenger2331,2,1,773,815,872,42,57,99,6
passenger2332,12,1,773,773,822,0,49,49,4
passenger2333,24,1,773,843,872,70,29,99,6
passenger2334,2,1,774,817,877,43,60,103,14
passenger2335,20,1,774,776,812,2,36,38,6
passenger2336,3,1,774,822,877,48,55,103,14
passenger2337,13,1,775,778,822,3,44,47,4
passenger2338,12,1,775,775,822,0,47,47,4
passenger2339,13,1,775,778,822,3,44,47,4
passenger2340,3,1,775,816,878,41,62,103,7
passenger2341,20,1,776,776,812,0,36,36,6
passenger2342,8,1,776,780,825,4,45,49,2
passenger2343,20,1,777,777,812,0,35,35,6
passenger2344,17,1,778,780,814,2,34,36,14
passenger2345,15,1,778,784,822,6,38,44,4
passenger2346,9,1,778,783,825,5,42,47,2
passenger2347,17,1,779,901,935,122,34,156,14
passenger2348,25,1,779,969,995,190,26,216,9
passenger2349,24,1,780,848,877,68,29,97,0
passenger2350,23,1,780,781,811,1,30,31,0
passenger2351,7,1,780,851,895,71,44,115,15
passenger2352,16,1,780,787,822,7,35,42,4
passenger2353,11,1,782,906,948,124,42,166,2
passenger2354,25,1,782,970,996,188,26,214,7
passenger2355,24,1,782,849,878,67,29,96,7
passenger2356,22,1,783,783,812,0,29,29,7
passenger2357,5,1,783,788,838,5,50,55,15
passenger2358,9,1,783,783,825,0,42,42,2
passenger2359,19,1,784,854,886,70,32,102,12
passenger2360,19,1,784,908,944,124,36,160,12
passenger2361,10,1,784,966,1007,182,41,223,15
passenger2362,5,1,785,788,838,3,50,53,15
passenger2363,5,1,785,788,838,3,50,53,15
passenger2364,18,1,785,851,887,66,36,102,4
passenger2365,12,1,785,1074,1119,289,45,334,15
passenger2366,13,1,786,927,967,141,40,181,10
passenger2367,21,1,786,969,1005,183,36,219,4
passenger2368,2,1,787,827,886,40,59,99,12
passenger2369,20,1,787,911,944,124,33,157,12
passenger2370,8,1,788,788,839,0,51,51,10
passenger2371,24,1,788,975,1004,187,29,216,12
passenger2372,24,1,789,975,1004,186,29,215,12
passenger2373,14,1,789,982,1025,193,43,236,10
passenger2374,9,1,789,791,839,2,48,50,10
passenger2375,7,1,789,851,895,62,44,106,15
passenger2376,6,1,789,791,838,2,47,49,15
passenger2377,25,1,790,978,1004,188,26,214,12
passenger2378,6,1,791,791,838,0,47,47,15
passenger2379,12,1,792,798,839,6,41,47,10
passenger2380,13,1,792,927,967,135,40,175,10
passenger2381,18,1,792,1098,1135,306,37,343,10
passenger2382,22,1,792,1214,1247,422,33,455,10
passenger2383,15,1,792,985,1025,193,40,233,10
passenger2384,20,1,793,1156,1191,363,35,398,10
passenger2385,15,1,793,985,1025,192,40,232,10
passenger2386,12,1,794,798,839,4,41,45,10
passenger2387,5,1,794,847,903,53,56,109,10
passenger2388,7,1,794,851,895,57,44,101,15
passenger2389,12,1,794,798,839,4,41,45,10
passenger2390,3,1,795,843,903,48,60,108,10
passenger2391,9,1,796,855,903,59,48,107,10
passenger2392,13,1,796,927,967,131,40,171,10
passenger2393,13,1,796,927,967,131,40,171,10
passenger2394,21,1,797,1148,1178,351,30,381,13
passenger2395,25,1,798,1314,1340,516,26,542,13
passenger2396,19,1,798,1090,1124,292,34,326,13
passenger2397,3,1,798,848,906,50,58,108,13
passenger2398,11,1,798,860,906,62,46,108,13
passenger2399,19,1,798,1090,1124,292,34,326,13
passenger2400,16,1,799,988,1025,189,37,226,10
passenger2401,12,1,799,799,844,0,45,45,13
passenger2402,12,1,799,799,844,0,45,45,13
passenger2403,11,1,799,860,906,61,46,107,13
passenger2404,15,1,799,806,844,7,38,45,13
passenger2405,6,1,799,853,906,54,53,107,13
passenger2406,14,1,799,803,844,4,41,45,13
passenger2407,6,1,801,850,903,49,53,102,10
passenger2408,18,1,802,1035,1070,233,35,268,13
passenger2409,22,1,803,964,993,161,29,190,8
passenger2410,14,1,803,828,867,25,39,64,8
passenger2411,11,1,803,819,867,16,48,64,8
passenger2412,24,1,804,1259,1288,455,29,484,13
passenger2413,17,1,804,930,964,126,34,160,13
passenger2414,12,1,805,822,865,17,43,60,3
passenger2415,2,1,805,805,867,0,62,62,8
passenger2416,2,1,806,806,867,0,61,61,8
passenger2417,7,1,806,809,865,3,56,59,3
passenger2418,7,1,806,809,865,3,56,59,3
passenger2419,19,1,806,953,993,147,40,187,3
passenger2420,14,1,807,826,865,19,39,58,3
passenger2421,25,1,807,1073,1099,266,26,292,3
passenger2422,14,1,807,826,865,19,39,58,3
passenger2423,23,1,808,963,993,155,30,185,3
passenger2424,15,1,809,829,865,20,36,56,3
passenger2425,10,1,809,816,865,7,49,56,3
passenger2426,19,1,810,1090,1124,280,34,314,13
passenger2427,12,1,810,822,865,12,43,55,3
passenger2428,8,1,811,814,867,3,53,56,8
passenger2429,13,1,811,825,867,14,42,56,8
passenger2430,17,1,811,833,867,22,34,56,8
passenger2431,11,1,811,819,867,8,48,56,8
passenger2432,18,1,811,952,993,141,41,182,8
passenger2433,25,1,812,967,993,155,26,181,11
passenger2434,11,1,812,824,874,12,50,62,11
passenger2435,9,1,813,813,865,0,52,52,3
passenger2436,11,1,813,819,865,6,46,52,3
passenger2437,22,1,813,960,993,147,33,180,3
passenger2438,6,1,813,814,874,1,60,61,11
passenger2439,25,1,813,1073,1099,260,26,286,3
passenger2440,11,1,814,819,867,5,48,53,8
passenger2441,22,1,815,1008,1039,193,31,224,1
passenger2442,20,1,815,831,864,16,33,49,1
passenger2443,20,1,816,831,864,15,33,48,1
passenger2444,23,1,817,1011,1039,194,28,222,1
passenger2445,6,1,817,818,877,1,59,60,0
passenger2446,16,1,818,821,864,3,43,46,1
passenger2447,4,1,818,819,878,1,59,60,7
passenger2448,9,1,819,819,874,0,55,55,11
passenger2449,2,1,819,819,877,0,58,58,14
passenger2450,18,1,819,825,864,6,39,45,1
passenger2451,16,1,820,821,864,1,43,44,1
passenger2452,19,1,820,828,864,8,36,44,1
passenger2453,6,1,820,820,877,0,57,57,0
passenger2454,9,1,820,820,874,0,54,54,11
passenger2455,18,1,820,825,864,5,39,44,1
passenger2456,21,1,820,834,864,14,30,44,1
passenger2457,23,1,820,1011,1039,191,28,219,1
passenger2458,3,1,821,822,877,1,55,56,14
passenger2459,11,1,822,824,877,2,53,55,9
passenger2460,2,1,823,825,887,2,62,64,4
passenger2461,21,1,824,953,985,129,32,161,1
passenger2462,4,1,824,825,877,1,52,53,14
passenger2463,21,1,824,953,985,129,32,161,1
passenger2464,5,1,825,828,877,3,49,52,14
passenger2465,2,1,826,828,887,2,59,61,2
passenger2466,23,1,826,1011,1039,185,28,213,1
passenger2467,12,1,826,826,876,0,50,50,5
passenger2468,12,1,826,826,876,0,50,50,5
passenger2469,17,1,827,834,877,7,43,50,9
passenger2470,8,1,827,886,935,59,49,108,14
passenger2471,18,1,827,837,877,10,40,50,9
passenger2472,12,1,827,827,877,0,50,50,9
passenger2473,8,1,828,886,935,58,49,107,14
passenger2474,11,1,828,828,878,0,50,50,7
passenger2475,2,1,828,828,887,0,59,59,2
passenger2476,9,1,828,889,935,61,46,107,14
passenger2477,16,1,828,833,874,5,41,46,11
passenger2478,5,1,829,829,877,0,48,48,14
passenger2479,4,1,830,832,887,2,55,57,2
passenger2480,17,1,831,833,877,2,44,46,0
passenger2481,12,1,831,831,878,0,47,47,7
passenger2482,5,1,831,831,877,0,46,46,14
passenger2483,19,1,831,837,877,6,40,46,0
passenger2484,20,1,831,840,877,9,37,46,0
passenger2485,2,1,832,875,934,43,59,102,6
passenger2486,6,1,832,838,887,6,49,55,2
passenger2487,10,1,833,837,887,4,50,54,4
passenger2488,19,1,834,835,876,1,41,42,5
passenger2489,3,1,834,878,934,44,56,100,6
passenger2490,21,1,834,839,876,5,37,42,5
passenger2491,9,1,834,834,887,0,53,53,4
passenger2492,5,1,834,835,887,1,52,53,2
passenger2493,22,1,834,843,876,9,33,42,5
passenger2494,4,1,835,881,934,46,53,99,6
passenger2495,5,1,835,835,887,0,52,52,2
passenger2496,24,1,835,967,996,132,29,161,5
passenger2497,14,1,837,845,887,8,42,50,4
passenger2498,13,1,837,842,887,5,45,50,4
passenger2499,18,1,838,838,877,0,39,39,9
passenger2500,17,1,838,838,878,0,40,40,7
passenger2501,16,1,838,847,886,9,39,48,12
passenger2502,2,1,838,881,944,43,63,106,7
passenger2503,15,1,839,844,886,5,42,47,12
passenger2504,8,1,839,842,887,3,45,48,2
passenger2505,21,1,840,840,876,0,36,36,5
passenger2506,14,1,840,841,886,1,45,46,12
passenger2507,4,1,840,843,895,3,52,55,15
passenger2508,23,1,840,840,872,0,32,32,6
passenger2509,8,1,840,842,887,2,45,47,2
passenger2510,8,1,842,842,887,0,45,45,2
passenger2511,24,1,843,843,872,0,29,29,6
passenger2512,20,1,843,843,878,0,35,35,7
passenger2513,22,1,843,844,877,1,33,34,9
passenger2514,17,1,844,850,886,6,36,42,12
passenger2515,23,1,844,845,877,1,32,33,0
passenger2516,4,1,844,844,895,0,51,51,15
passenger2517,16,1,844,847,886,3,39,42,12
passenger2518,9,1,845,845,887,0,42,42,2
passenger2519,11,1,845,1019,1061,174,42,216,15
passenger2520,7,1,845,851,895,6,44,50,15
passenger2521,6,1,846,848,895,2,47,49,15
passenger2522,12,1,846,1074,1119,228,45,273,15
passenger2523,24,1,846,848,877,2,29,31,0
passenger2524,17,1,847,850,886,3,36,39,12
passenger2525,10,1,848,966,1007,118,41,159,15
passenger2526,12,1,848,1074,1119,226,45,271,15
passenger2527,14,1,848,899,944,51,45,96,7
passenger2528,7,1,850,851,895,1,44,45,15
passenger2529,14,1,850,899,944,49,45,94,7
passenger2530,18,1,850,851,887,1,36,37,4
passenger2531,7,1,850,851,895,1,44,45,15
passenger2532,16,1,850,905,944,55,39,94,7
passenger2533,19,1,850,855,887,5,32,37,4
passenger2534,14,1,850,898,943,48,45,93,9
passenger2535,9,1,851,963,1007,112,44,156,15
passenger2536,15,1,851,902,944,51,42,93,7
passenger2537,21,1,851,912,944,61,32,93,7
passenger2538,7,1,851,851,895,0,44,44,15
passenger2539,15,1,852,902,944,50,42,92,7
passenger2540,18,1,852,852,887,0,35,35,4
passenger2541,9,1,852,855,903,3,48,51,10
passenger2542,11,1,853,861,903,8,42,50,10
passenger2543,23,1,853,975,1005,122,30,152,4
passenger2544,10,1,853,858,903,5,45,50,10
passenger2545,16,1,854,908,947,54,39,93,4
passenger2546,5,1,854,892,944,38,52,90,12
passenger2547,24,1,855,1030,1059,175,29,204,4
passenger2548,16,1,855,988,1025,133,37,170,10
passenger2549,20,1,855,1156,1191,301,35,336,10
passenger2550,16,1,855,988,1025,133,37,170,10
passenger2551,10,1,855,858,903,3,45,48,10
passenger2552,10,1,855,858,903,3,45,48,10
passenger2553,18,1,856,1098,1135,242,37,279,10
passenger2554,22,1,856,1214,1247,358,33,391,10
passenger2555,5,1,857,913,967,56,54,110,10
passenger2556,22,1,857,1214,1247,357,33,390,10
passenger2557,21,1,858,1159,1191,301,32,333,10
passenger2558,4,1,858,910,967,52,57,109,10
passenger2559,4,1,859,911,964,52,53,105,13
passenger2560,18,1,860,1035,1070,175,35,210,13
passenger2561,22,1,860,1201,1232,341,31,372,13
passenger2562,11,1,860,860,906,0,46,46,13
passenger2563,17,1,860,930,964,70,34,104,13
passenger2564,25,1,860,1314,1340,454,26,480,13
passenger2565,9,1,861,921,967,60,46,106,10
passenger2566,7,1,862,917,967,55,50,105,10
passenger2567,25,1,862,1314,1340,452,26,478,13
passenger2568,8,1,862,919,964,57,45,102,13
passenger2569,13,1,862,864,906,2,42,44,13
passenger2570,12,1,862,864,903,2,39,41,10
passenger2571,14,1,862,867,906,5,39,44,13
passenger2572,8,1,862,919,964,57,45,102,13
passenger2573,18,1,863,1035,1070,172,35,207,13
passenger2574,18,1,863,1035,1070,172,35,207,13
passenger2575,6,1,863,915,964,52,49,101,13
passenger2576,13,1,864,864,906,0,42,42,13
passenger2577,3,1,864,907,967,43,60,103,10
passenger2578,7,1,866,875,933,9,58,67,3
passenger2579,25,1,866,1073,1099,207,26,233,3
passenger2580,14,1,866,890,933,24,43,67,3
passenger2581,16,1,866,896,933,30,37,67,3
passenger2582,23,1,866,963,993,97,30,127,3
passenger2583,19,1,867,1090,1124,223,34,257,13
passenger2584,21,1,867,1148,1178,281,30,311,13
passenger2585,19,1,867,1090,1124,223,34,257,13
passenger2586,13,1,869,891,931,22,40,62,8
passenger2587,17,1,869,949,993,80,44,124,8
passenger2588,8,1,869,882,931,13,49,62,8
passenger2589,23,1,869,1017,1049,148,32,180,8
passenger2590,6,1,870,876,931,6,55,61,8
passenger2591,23,1,870,1017,1049,147,32,179,8
passenger2592,23,1,870,1017,1049,147,32,179,8
passenger2593,5,1,871,871,933,0,62,62,3
passenger2594,19,1,871,949,985,78,36,114,1
passenger2595,25,1,871,1173,1199,302,26,328,1
passenger2596,15,1,871,887,929,16,42,58,1
passenger2597,10,1,872,886,931,14,45,59,8
passenger2598,23,1,872,1017,1049,145,32,177,8
passenger2599,14,1,872,894,931,22,37,59,8
passenger2600,4,1,872,872,931,0,59,59,8
passenger2601,7,1,873,886,934,13,48,61,6
passenger2602,18,1,873,896,929,23,33,56,1
passenger2603,12,1,873,880,929,7,49,56,1
passenger2604,7,1,873,886,934,13,48,61,6
passenger2605,21,1,873,953,985,80,32,112,1
passenger2606,4,1,873,881,934,8,53,61,6
passenger2607,7,1,874,886,934,12,48,60,6
passenger2608,13,1,874,883,929,9,46,55,1
passenger2609,2,1,874,875,934,1,59,60,6
passenger2610,11,1,874,876,929,2,53,55,1
passenger2611,23,1,874,1063,1093,189,30,219,1
passenger2612,24,1,874,1118,1147,244,29,273,1
passenger2613,22,1,874,1008,1039,134,31,165,1
passenger2614,9,1,875,881,933,6,52,58,3
passenger2615,3,1,875,878,939,3,61,64,11
passenger2616,21,1,875,953,985,78,32,110,1
passenger2617,10,1,876,886,931,10,45,55,8
passenger2618,19,1,876,949,985,73,36,109,1
passenger2619,4,1,876,881,939,5,58,63,11
passenger2620,18,1,876,896,929,20,33,53,1
passenger2621,16,1,877,890,929,13,39,52,1
passenger2622,24,1,877,1118,1147,241,29,270,1
passenger2623,4,1,877,881,939,4,58,62,11
passenger2624,11,1,877,877,929,0,52,52,1
passenger2625,25,1,877,1173,1199,296,26,322,1
passenger2626,11,1,878,885,933,7,48,55,3
passenger2627,17,1,878,899,933,21,34,55,3
passenger2628,5,1,878,884,939,6,55,61,11
passenger2629,19,1,878,953,993,75,40,115,3
passenger2630,8,1,878,878,933,0,55,55,3
passenger2631,15,1,878,893,933,15,40,55,3
passenger2632,23,1,879,1017,1049,138,32,170,8
passenger2633,17,1,879,949,993,70,44,114,8
passenger2634,13,1,879,891,931,12,40,52,8
passenger2635,6,1,879,887,939,8,52,60,11
passenger2636,10,1,879,886,931,7,45,52,8
passenger2637,22,1,879,964,993,85,29,114,8
passenger2638,7,1,879,879,931,0,52,52,8
passenger2639,17,1,880,893,929,13,36,49,1
passenger2640,13,1,880,883,929,3,46,49,1
passenger2641,9,1,880,889,935,9,46,55,14
passenger2642,19,1,880,949,985,69,36,105,1
passenger2643,10,1,881,889,942,8,53,61,5
passenger2644,8,1,881,885,942,4,57,61,5
passenger2645,14,1,881,899,942,18,43,61,5
passenger2646,20,1,882,958,997,76,39,115,14
passenger2647,22,1,882,962,997,80,35,115,14
passenger2648,17,1,882,901,935,19,34,53,14
passenger2649,17,1,884,905,943,21,38,59,9
passenger2650,20,1,884,910,943,26,33,59,9
passenger2651,8,1,884,886,943,2,57,59,9
passenger2652,8,1,885,886,947,1,61,62,0
passenger2653,13,1,885,895,947,10,52,62,0
passenger2654,17,1,886,901,935,15,34,49,14
passenger2655,17,1,886,901,935,15,34,49,14
passenger2656,5,1,886,886,944,0,58,58,7
passenger2657,20,1,886,958,997,72,39,111,14
passenger2658,10,1,887,890,947,3,57,60,0
passenger2659,23,1,887,917,947,30,30,60,0
passenger2660,19,1,887,909,947,22,38,60,0
passenger2661,25,1,887,973,999,86,26,112,0
passenger2662,17,1,888,904,942,16,38,54,5
passenger2663,14,1,888,899,942,11,43,54,5
passenger2664,6,1,888,888,939,0,51,51,11
passenger2665,11,1,888,892,942,4,50,54,5
passenger2666,22,1,888,911,942,23,31,54,5
passenger2667,11,1,889,891,943,2,52,54,9
passenger2668,3,1,889,891,948,2,57,59,2
passenger2669,7,1,889,890,944,1,54,55,7
passenger2670,16,1,889,902,943,13,41,54,9
passenger2671,17,1,889,905,943,16,38,54,9
passenger2672,25,1,889,969,995,80,26,106,9
passenger2673,24,1,890,920,947,30,27,57,0
passenger2674,14,1,890,898,947,8,49,57,0
passenger2675,15,1,890,901,947,11,46,57,0
passenger2676,21,1,890,913,947,23,34,57,0
passenger2677,3,1,890,891,948,1,57,58,2
passenger2678,16,1,890,904,947,14,43,57,0
passenger2679,13,1,891,895,943,4,48,52,9
passenger2680,20,1,891,910,943,19,33,52,9
passenger2681,21,1,892,962,998,70,36,106,6
passenger2682,17,1,892,900,934,8,34,42,6
passenger2683,17,1,893,952,998,59,46,105,6
passenger2684,18,1,893,955,998,62,43,105,6
passenger2685,15,1,893,897,935,4,38,42,14
passenger2686,7,1,893,895,947,2,52,54,4
passenger2687,8,1,894,898,947,4,49,53,4
passenger2688,19,1,894,958,998,64,40,104,6
passenger2689,16,1,894,897,934,3,37,40,6
passenger2690,7,1,894,895,947,1,52,53,4
passenger2691,23,1,894,965,997,71,32,103,14
passenger2692,25,1,894,971,997,77,26,103,14
passenger2693,17,1,894,901,935,7,34,41,14
passenger2694,7,1,895,897,948,2,51,53,2
passenger2695,24,1,895,969,998,74,29,103,6
passenger2696,7,1,895,897,948,2,51,53,2
passenger2697,12,1,895,895,942,0,47,47,5
passenger2698,22,1,896,965,998,69,33,102,6
passenger2699,14,1,897,898,939,1,41,42,11
passenger2700,7,1,897,897,948,0,51,51,2
passenger2701,3,1,897,899,953,2,54,56,15
passenger2702,10,1,897,903,948,6,45,51,2
passenger2703,18,1,897,955,998,58,43,101,6
passenger2704,19,1,897,958,998,61,40,101,6
passenger2705,7,1,898,898,948,0,50,50,2
passenger2706,5,1,898,903,953,5,50,55,15
passenger2707,18,1,898,954,997,56,43,99,14
passenger2708,5,1,899,903,953,4,50,54,15
