id,source,dest,submit_tick,pickup_tick,dropoff_tick,wait_time,travel_time,total_time,elevator
passenger1,16,5,0,15,30,15,15,30,0
passenger2,7,6,0,6,9,6,3,9,1
passenger3,9,17,0,8,18,8,10,18,2
passenger4,10,9,0,9,12,9,3,12,3
passenger5,13,16,1,13,18,12,5,17,4
passenger6,1,23,1,1,31,0,30,30,5
passenger7,23,16,1,23,34,22,11,33,6
passenger8,15,18,1,15,22,14,7,21,7
passenger9,12,10,2,13,17,11,4,15,8
passenger10,9,4,2,10,17,8,7,15,9
passenger11,22,9,2,25,46,23,21,44,10
passenger12,8,25,2,9,28,7,19,26,11
passenger13,13,16,2,14,19,12,5,17,12
passenger14,7,19,3,11,25,8,14,22,13
passenger15,12,4,4,15,27,11,12,23,14
passenger16,21,11,4,30,46,26,16,42,15
passenger17,17,9,4,48,58,44,10,54,0
passenger18,15,20,4,22,31,18,9,27,1
passenger19,23,6,4,32,62,28,30,58,2
passenger20,17,23,4,22,32,18,10,28,3
passenger21,17,4,4,21,40,17,19,36,4
passenger22,5,6,5,7,10,2,3,5,5
passenger23,3,19,6,59,85,53,26,79,6
passenger24,25,13,6,31,49,25,18,43,7
passenger25,15,20,6,24,31,18,7,25,8
passenger26,11,12,6,28,31,22,3,25,9
passenger27,15,8,7,16,49,9,33,42,10
passenger28,2,15,7,65,88,58,23,81,11
passenger29,21,2,8,28,57,20,29,49,12
passenger30,6,7,8,8,11,0,3,3,13
passenger31,21,13,9,52,64,43,12,55,14
passenger32,14,17,9,17,22,8,5,13,15
passenger33,7,18,9,26,71,17,45,62,0
passenger34,1,3,9,58,62,49,4,53,1
passenger35,21,17,9,26,45,17,19,36,2
passenger36,5,11,10,60,70,50,10,60,3
passenger37,2,17,10,44,67,34,23,57,4
passenger38,19,7,10,25,57,15,32,47,5
passenger39,9,6,10,45,54,35,9,44,6
passenger40,10,7,11,54,59,43,5,48,7
passenger41,7,11,12,48,54,36,6,42,8
passenger42,22,20,12,45,49,33,4,37,9
passenger43,8,24,12,49,75,37,26,63,10
passenger44,6,23,12,55,106,43,51,94,11
passenger45,8,14,12,47,75,35,28,63,12
passenger46,6,20,12,48,72,36,24,60,13
passenger47,8,22,13,21,75,8,54,62,14
passenger48,3,13,13,60,72,47,12,59,15
passenger49,4,23,14,97,134,83,37,120,0
passenger50,11,17,14,16,26,2,10,12,1
passenger51,22,14,14,29,52,15,23,38,2
passenger52,2,6,14,85,91,71,6,77,3
passenger53,6,23,14,34,77,20,43,63,4
passenger54,23,12,16,31,46,15,15,30,5
passenger55,23,7,16,23,51,7,28,35,6
passenger56,17,10,17,19,54,2,35,37,7
passenger57,7,11,17,48,54,31,6,37,8
passenger58,9,6,18,24,75,6,51,57,9
passenger59,9,4,18,46,111,28,65,93,10
passenger60,25,10,18,28,47,10,19,29,11
passenger61,3,15,19,54,78,35,24,59,12
passenger62,23,9,19,81,103,62,22,84,13
passenger63,22,16,19,75,83,56,8,64,14
passenger64,19,8,19,26,53,7,27,34,15
passenger65,1,9,21,177,191,156,14,170,0
passenger66,24,20,21,101,109,80,8,88,1
passenger67,20,22,22,23,29,1,6,7,2
passenger68,10,9,22,51,54,29,3,32,3
passenger69,24,15,23,80,93,57,13,70,4
passenger70,8,7,23,54,57,31,3,34,5
passenger71,22,2,23,26,111,3,85,88,6
passenger72,2,19,24,66,93,42,27,69,7
passenger73,1,5,24,68,74,44,6,50,8
passenger74,25,11,25,116,140,91,24,115,9
passenger75,19,13,25,30,38,5,8,13,10
passenger76,3,5,25,62,70,37,8,45,11
passenger77,20,3,25,25,54,0,29,29,12
passenger78,15,9,26,31,41,5,10,15,13
passenger79,10,24,26,35,95,9,60,69,14
passenger80,16,9,26,39,50,13,11,24,15
passenger81,10,18,26,39,71,13,32,45,0
passenger82,1,6,26,58,67,32,9,41,1
passenger83,16,3,27,48,67,21,19,40,2
passenger84,20,14,27,27,45,0,18,18,3
passenger85,6,19,27,34,71,7,37,44,4
passenger86,25,11,28,87,113,59,26,85,5
passenger87,8,15,28,48,77,20,29,49,6
passenger88,2,13,28,66,81,38,15,53,7
passenger89,1,11,28,68,82,40,14,54,8
passenger90,19,23,29,40,108,11,68,79,9
passenger91,3,7,29,114,122,85,8,93,10
passenger92,11,15,29,44,88,15,44,59,11
passenger93,25,18,29,96,105,67,9,76,12
passenger94,14,2,30,34,118,4,84,88,13
passenger95,3,4,31,138,141,107,3,110,14
passenger96,17,9,31,36,50,5,14,19,15
passenger97,7,17,32,34,48,2,14,16,0
passenger98,21,11,32,94,126,62,32,94,1
passenger99,23,19,33,33,41,0,8,8,2
passenger100,18,22,33,39,123,6,84,90,3
passenger101,5,19,33,37,71,4,34,38,4
passenger102,24,25,33,84,87,51,3,54,5
passenger103,15,19,34,37,85,3,48,51,6
passenger104,23,22,34,35,38,1,3,4,7
passenger105,23,21,34,112,116,78,4,82,8
passenger106,10,19,35,65,96,30,31,61,9
passenger107,11,21,35,42,68,7,26,33,10
passenger108,21,24,35,100,109,65,9,74,11
passenger109,15,12,35,36,41,1,5,6,12
passenger110,5,16,35,111,142,76,31,107,13
passenger111,15,13,36,42,64,6,22,28,14
passenger112,17,22,36,36,85,0,49,49,15
passenger113,4,11,36,97,114,61,17,78,0
passenger114,19,21,37,88,94,51,6,57,1
passenger115,20,22,37,38,100,1,62,63,2
passenger116,25,16,37,132,145,95,13,108,3
passenger117,7,15,37,51,61,14,10,24,4
passenger118,18,3,38,38,129,0,91,91,5
passenger119,19,14,38,85,92,47,7,54,6
passenger120,24,6,38,104,140,66,36,102,7
passenger121,23,12,38,112,133,74,21,95,8
passenger122,15,17,38,56,90,18,34,52,9
passenger123,15,23,39,60,72,21,12,33,10
passenger124,5,19,39,58,96,19,38,57,11
passenger125,25,6,40,96,131,56,35,91,12
passenger126,7,12,40,45,56,5,11,16,13
passenger127,19,24,40,48,95,8,47,55,14
passenger128,20,12,40,81,99,41,18,59,15
passenger129,17,6,41,48,91,7,43,50,0
passenger130,12,5,41,41,52,0,11,11,1
passenger131,1,22,41,135,174,94,39,133,2
passenger132,21,13,42,120,152,78,32,110,3
passenger133,1,3,42,125,129,83,4,87,4
passenger134,3,18,43,129,156,86,27,113,5
passenger135,6,7,43,54,65,11,11,22,6
passenger136,22,20,43,100,112,57,12,69,7
passenger137,8,15,43,45,90,2,45,47,8
passenger138,6,22,43,75,105,32,30,62,9
passenger139,3,19,43,114,140,71,26,97,10
passenger140,13,19,43,82,96,39,14,53,11
passenger141,12,4,44,71,137,27,66,93,12
passenger142,19,16,44,69,92,25,23,48,13
passenger143,12,10,44,117,121,73,4,77,14
passenger144,9,13,45,50,72,5,22,27,15
passenger145,7,8,45,88,105,43,17,60,0
passenger146,7,1,45,48,58,3,10,13,1
passenger147,24,6,46,180,214,134,34,168,2
passenger148,5,4,46,60,81,14,21,35,3
passenger149,25,12,47,171,190,124,19,143,4
passenger150,9,11,47,51,63,4,12,16,5
passenger151,3,8,47,59,68,12,9,21,6
passenger152,7,21,48,59,97,11,38,49,7
passenger153,2,11,48,65,82,17,17,34,8
passenger154,20,21,48,49,102,1,53,54,9
passenger155,13,6,48,56,107,8,51,59,10
passenger156,9,6,50,50,55,0,5,5,11
passenger157,17,8,51,82,125,31,43,74,12
passenger158,16,17,51,62,65,11,3,14,13
passenger159,24,10,52,95,121,43,26,69,14
passenger160,25,11,52,116,134,64,18,82,15
passenger161,18,17,52,71,74,19,3,22,0
passenger162,21,12,52,94,123,42,29,71,1
passenger163,20,9,53,96,119,43,23,66,2
passenger164,13,18,53,102,113,49,11,60,3
passenger165,16,2,54,64,122,10,58,68,4
passenger166,21,19,54,77,97,23,20,43,5
passenger167,3,25,54,59,160,5,101,106,6
passenger168,17,3,54,89,147,35,58,93,7
passenger169,13,21,55,86,106,31,20,51,8
passenger170,7,24,55,72,113,17,41,58,9
passenger171,11,6,55,94,107,39,13,52,10
passenger172,9,14,56,76,85,20,9,29,11
passenger173,18,24,56,85,93,29,8,37,12
passenger174,5,25,57,111,163,54,52,106,13
passenger175,14,4,57,61,135,4,74,78,14
passenger176,24,9,57,113,140,56,27,83,15
passenger177,16,18,58,67,71,9,4,13,0
passenger178,1,6,58,58,67,0,9,9,1
passenger179,18,9,58,90,119,32,29,61,2
passenger180,1,21,58,178,216,120,38,158,3
passenger181,4,3,59,116,119,57,3,60,4
passenger182,15,3,59,69,129,10,60,70,5
passenger183,17,14,59,81,92,22,11,33,6
passenger184,17,13,60,89,123,29,34,63,7
passenger185,20,17,60,103,122,43,19,62,8
passenger186,11,1,60,62,165,2,103,105,9
passenger187,7,4,60,104,111,44,7,51,10
passenger188,1,7,60,152,160,92,8,100,11
passenger189,6,2,61,63,143,2,80,82,12
passenger190,8,13,61,106,135,45,29,74,13
passenger191,5,7,61,132,146,71,14,85,14
passenger192,1,2,61,222,225,161,3,164,15
passenger193,4,12,62,97,117,35,20,55,0
passenger194,17,20,62,82,91,20,9,29,1
passenger195,16,24,62,84,180,22,96,118,2
passenger196,7,20,63,64,117,1,53,54,3
passenger197,24,15,64,80,93,16,13,29,4
passenger198,22,4,64,80,126,16,46,62,5
passenger199,22,15,65,151,174,86,23,109,6
passenger200,6,2,65,72,150,7,78,85,7
passenger201,18,11,66,97,136,31,39,70,8
passenger202,8,10,67,69,81,2,12,14,9
passenger203,25,11,68,154,182,86,28,114,10
passenger204,2,7,69,149,160,80,11,91,11
passenger205,4,18,70,137,173,67,36,103,12
passenger206,21,22,70,75,78,5,3,8,13
passenger207,16,20,70,83,89,13,6,19,14
passenger208,11,16,71,134,255,63,121,184,15
passenger209,3,14,71,171,202,100,31,131,0
passenger210,14,1,72,77,148,5,71,76,1
passenger211,14,19,73,80,93,7,13,20,2
passenger212,10,14,73,73,105,0,32,32,3
passenger213,8,7,73,106,109,33,3,36,4
passenger214,4,9,74,126,137,52,11,63,5
passenger215,21,24,74,148,157,74,9,83,6
passenger216,16,12,75,86,126,11,40,51,7
passenger217,11,16,76,82,93,6,11,17,8
passenger218,20,11,76,99,140,23,41,64,9
passenger219,15,12,76,86,91,10,5,15,10
passenger220,8,2,76,135,149,59,14,73,11
passenger221,11,18,76,118,173,42,55,97,12
passenger222,18,25,76,88,163,12,75,87,13
passenger223,1,20,77,156,195,79,39,118,14
passenger224,20,11,77,81,134,4,53,57,15
passenger225,8,9,77,85,108,8,23,31,0
passenger226,18,22,78,85,97,7,12,19,1
passenger227,17,13,78,87,111,9,24,33,2
passenger228,17,2,78,110,175,32,65,97,3
passenger229,16,2,78,90,122,12,32,44,4
passenger230,24,23,78,84,91,6,7,13,5
passenger231,13,10,79,95,101,16,6,22,6
passenger232,19,16,79,93,118,14,25,39,7
passenger233,18,13,80,97,130,17,33,50,8
passenger234,6,2,80,153,161,73,8,81,9
passenger235,8,14,81,101,133,20,32,52,10
passenger236,11,13,81,128,170,47,42,89,11
passenger237,7,24,81,128,185,47,57,104,12
passenger238,10,22,82,100,156,18,56,74,13
passenger239,10,12,82,121,177,39,56,95,14
passenger240,16,7,82,93,144,11,51,62,15
passenger241,6,10,82,91,111,9,20,29,0
passenger242,21,4,82,94,139,12,45,57,1
passenger243,11,17,82,115,163,33,48,81,2
passenger244,18,11,83,113,158,30,45,75,3
passenger245,3,1,83,119,125,36,6,42,4
passenger246,12,21,83,110,163,27,53,80,5
passenger247,1,23,83,206,252,123,46,169,6
passenger248,17,1,83,89,153,6,64,70,7
passenger249,9,6,84,141,148,57,7,64,8
passenger250,24,14,84,113,133,29,20,49,9
passenger251,9,7,84,98,104,14,6,20,10
passenger252,15,1,85,88,152,3,64,67,11
passenger253,7,5,85,128,134,43,6,49,12
passenger254,16,17,86,92,145,6,53,59,13
passenger255,12,4,86,117,135,31,18,49,14
passenger256,10,22,86,137,269,51,132,183,15
passenger257,6,5,86,91,94,5,3,8,0
passenger258,3,21,86,142,188,56,46,102,1
passenger259,3,15,87,129,159,42,30,72,2
passenger260,25,17,87,132,142,45,10,55,3
passenger261,11,6,87,101,112,14,11,25,4
passenger262,1,4,87,203,210,116,7,123,5
passenger263,24,4,88,157,199,69,42,111,6
passenger264,1,21,88,153,187,65,34,99,7
passenger265,11,9,88,136,141,48,5,53,8
passenger266,18,14,89,93,133,4,40,44,9
passenger267,23,12,89,150,179,61,29,90,10
passenger268,18,22,89,93,103,4,10,14,11
passenger269,12,8,89,115,125,26,10,36,12
passenger270,25,6,89,163,194,74,31,105,13
passenger271,1,15,90,156,184,66,28,94,14
passenger272,25,3,90,116,216,26,100,126,15
passenger273,22,21,91,131,138,40,7,47,0
passenger274,24,11,91,101,126,10,25,35,1
passenger275,7,13,92,123,155,31,32,63,2
passenger276,4,22,92,169,219,77,50,127,3
passenger277,17,13,92,153,187,61,34,95,4
passenger278,13,18,92,107,156,15,49,64,5
passenger279,14,21,92,92,148,0,56,56,6
passenger280,24,16,93,104,118,11,14,25,7
passenger281,19,8,93,100,144,7,44,51,8
passenger282,1,11,94,165,181,71,16,87,9
passenger283,22,4,94,147,197,53,50,103,10
passenger284,14,5,94,123,142,29,19,48,11
passenger285,11,4,95,118,137,23,19,42,12
passenger286,19,21,95,149,153,54,4,58,13
passenger287,19,18,95,102,105,7,3,10,14
passenger288,6,14,95,147,197,52,50,102,15
passenger289,3,10,95,171,194,76,23,99,0
passenger290,13,17,95,120,176,25,56,81,1
passenger291,3,21,95,129,171,34,42,76,2
passenger292,12,23,96,99,126,3,27,30,3
passenger293,14,18,96,96,156,0,60,60,4
passenger294,21,4,96,163,194,67,31,98,5
passenger295,13,1,96,96,206,0,110,110,6
passenger296,12,21,97,126,187,29,61,90,7
passenger297,22,8,97,109,144,12,35,47,8
passenger298,10,14,98,143,186,45,43,88,9
passenger299,10,5,98,127,194,29,67,96,10
passenger300,8,11,98,135,166,37,31,68,11
passenger301,13,24,98,112,185,14,73,87,12
passenger302,14,10,99,138,184,39,46,85,13
passenger303,17,20,99,108,195,9,87,96,14
passenger304,11,13,99,134,194,35,60,95,15
passenger305,6,22,100,101,131,1,30,31,0
passenger306,22,5,100,105,136,5,31,36,1
passenger307,9,7,100,119,123,19,4,23,2
passenger308,24,2,100,129,175,29,46,75,3
passenger309,6,8,101,112,138,11,26,37,4
passenger310,15,7,101,103,119,2,16,18,5
passenger311,14,19,101,131,142,30,11,41,6
passenger312,21,3,102,109,147,7,38,45,7
passenger313,4,3,103,154,157,51,3,54,8
passenger314,23,17,104,108,128,4,20,24,9
passenger315,14,20,104,133,143,29,10,39,10
passenger316,15,6,104,120,139,16,19,35,11
passenger317,13,18,104,112,173,8,61,69,12
passenger318,1,16,106,207,232,101,25,126,13
passenger319,13,2,107,114,153,7,39,46,14
passenger320,7,12,107,144,171,37,27,64,15
passenger321,9,8,107,108,162,1,54,55,0
passenger322,17,11,108,114,126,6,12,18,1
passenger323,13,20,108,111,168,3,57,60,2
passenger324,3,9,108,172,190,64,18,82,3
passenger325,2,24,108,122,168,14,46,60,4
passenger326,5,21,108,123,163,15,40,55,5
passenger327,5,9,109,116,122,7,6,13,6
passenger328,16,21,110,118,187,8,69,77,7
passenger329,5,6,110,151,162,41,11,52,8
passenger330,23,9,110,110,146,0,36,36,9
passenger331,6,19,110,119,140,9,21,30,10
passenger332,3,22,111,146,191,35,45,80,11
passenger333,22,8,111,181,213,70,32,102,12
passenger334,3,11,112,115,131,3,16,19,13
passenger335,9,24,112,124,201,12,77,89,14
passenger336,16,24,112,127,275,15,148,163,15
passenger337,19,18,113,126,145,13,19,32,0
passenger338,3,2,114,142,145,28,3,31,1
passenger339,2,15,114,132,159,18,27,45,2
passenger340,6,25,114,165,228,51,63,114,3
passenger341,4,24,115,116,168,1,52,53,4
passenger342,17,3,115,153,197,38,44,82,5
passenger343,2,10,115,203,221,88,18,106,6
passenger344,9,8,115,131,134,16,3,19,7
passenger345,14,4,116,127,154,11,27,38,8
passenger346,4,18,116,157,194,41,37,78,9
passenger347,25,7,116,154,190,38,36,74,10
passenger348,24,9,117,197,218,80,21,101,11
passenger349,9,3,117,122,140,5,18,23,12
passenger350,11,13,117,131,135,14,4,18,13
passenger351,17,4,117,190,243,73,53,126,14
passenger352,5,11,118,150,162,32,12,44,15
passenger353,2,4,118,174,184,56,10,66,0
passenger354,16,24,118,173,197,55,24,79,1
passenger355,15,4,119,159,220,40,61,101,2
passenger356,25,14,120,132,149,12,17,29,3
passenger357,18,5,120,156,209,36,53,89,4
passenger358,15,2,120,149,200,29,51,80,5
passenger359,16,6,120,135,193,15,58,73,6
passenger360,23,2,121,193,232,72,39,111,7
passenger361,17,4,121,122,154,1,32,33,8
passenger362,18,13,121,125,136,4,11,15,9
passenger363,25,17,123,154,166,31,12,43,10
passenger364,10,3,123,131,146,8,15,23,11
passenger365,15,12,124,166,203,42,37,79,12
passenger366,2,15,124,204,229,80,25,105,13
passenger367,6,1,124,129,156,5,27,32,14
passenger368,10,6,124,137,147,13,10,23,15
passenger369,2,11,124,174,197,50,23,73,0
passenger370,6,4,125,133,139,8,6,14,1
passenger371,12,2,125,152,226,27,74,101,2
passenger372,25,12,125,132,155,7,23,30,3
passenger373,25,23,125,171,175,46,4,50,4
passenger374,25,14,126,255,274,129,19,148,5
passenger375,11,18,126,126,139,0,13,13,6
passenger376,3,22,126,147,190,21,43,64,7
passenger377,9,1,126,141,169,15,28,43,8
passenger378,6,7,126,153,173,27,20,47,9
passenger379,1,17,126,202,226,76,24,100,10
passenger380,3,22,126,146,191,20,45,65,11
passenger381,12,18,127,159,173,32,14,46,12
passenger382,9,4,127,127,200,0,73,73,13
passenger383,5,17,128,132,190,4,58,62,14
passenger384,18,7,128,259,314,131,55,186,15
passenger385,9,24,129,158,226,29,68,97,0
passenger386,22,11,129,191,214,62,23,85,1
passenger387,7,8,130,143,146,13,3,16,2
passenger388,14,15,130,149,202,19,53,72,3
passenger389,5,2,131,133,216,2,83,85,4
passenger390,13,20,131,145,160,14,15,29,5
passenger391,4,11,131,199,224,68,25,93,6
passenger392,5,7,132,143,161,11,18,29,7
passenger393,16,8,132,192,202,60,10,70,8
passenger394,7,25,133,150,211,17,61,78,9
passenger395,5,24,133,194,243,61,49,110,10
passenger396,14,2,133,173,239,40,66,106,11
passenger397,11,15,133,156,166,23,10,33,12
passenger398,7,14,133,191,226,58,35,93,13
passenger399,17,7,133,190,236,57,46,103,14
passenger400,21,12,134,266,301,132,35,167,15
passenger401,25,3,135,229,267,94,38,132,0
passenger402,9,19,135,160,182,25,22,47,1
passenger403,23,6,136,177,214,41,37,78,2
passenger404,25,5,136,228,264,92,36,128,3
passenger405,11,8,136,143,202,7,59,66,4
passenger406,11,23,136,141,249,5,108,113,5
passenger407,19,20,136,142,145,6,3,9,6
passenger408,7,24,136,137,276,1,139,140,7
passenger409,11,17,137,137,215,0,78,78,8
passenger410,18,17,137,194,221,57,27,84,9
passenger411,16,13,138,169,176,31,7,38,10
passenger412,17,23,138,180,194,42,14,56,11
passenger413,10,13,138,153,162,15,9,24,12
passenger414,5,9,139,197,217,58,20,78,13
passenger415,20,17,139,195,212,56,17,73,14
passenger416,6,14,140,147,197,7,50,57,15
passenger417,21,4,140,140,168,0,28,28,0
passenger418,2,10,141,145,163,4,18,22,1
passenger419,17,8,141,163,208,22,45,67,2
passenger420,21,22,142,216,219,74,3,77,3
passenger421,14,10,142,148,196,6,48,54,4
passenger422,2,21,142,200,243,58,43,101,5
passenger423,23,12,142,154,181,12,27,39,6
passenger424,13,19,142,171,181,29,10,39,7
passenger425,18,4,143,218,242,75,24,99,8
passenger426,17,24,144,191,208,47,17,64,9
passenger427,19,13,144,162,176,18,14,32,10
passenger428,14,7,144,173,224,29,51,80,11
passenger429,17,7,144,170,216,26,46,72,12
passenger430,9,7,144,187,191,43,4,47,13
passenger431,9,10,145,170,173,25,3,28,14
passenger432,3,18,145,216,259,71,43,114,15
passenger433,12,24,145,153,226,8,73,81,0
passenger434,5,17,145,154,176,9,22,31,1
passenger435,5,14,145,217,242,72,25,97,2
passenger436,13,12,146,152,155,6,3,9,3
passenger437,17,21,146,153,163,7,10,17,4
passenger438,8,22,147,188,246,41,58,99,5
passenger439,5,8,147,196,215,49,19,68,6
passenger440,8,24,147,164,276,17,112,129,7
passenger441,3,10,148,157,180,9,23,32,8
passenger442,11,21,149,181,203,32,22,54,9
passenger443,13,25,149,176,246,27,70,97,10
passenger444,19,18,149,184,205,35,21,56,11
passenger445,19,5,149,176,222,27,46,73,12
passenger446,12,15,150,180,229,30,49,79,13
passenger447,6,3,150,165,246,15,81,96,14
passenger448,4,20,150,153,263,3,110,113,15
passenger449,17,8,150,207,254,57,47,104,0
passenger450,19,18,150,182,205,32,23,55,1
passenger451,21,23,151,171,177,20,6,26,2
passenger452,23,5,151,222,264,71,42,113,3
passenger453,20,10,151,160,196,9,36,45,4
passenger454,11,17,151,179,233,28,54,82,5
passenger455,16,11,151,171,184,20,13,33,6
passenger456,25,5,151,279,311,128,32,160,7
passenger457,3,1,152,157,169,5,12,17,8
passenger458,21,11,152,203,237,51,34,85,9
passenger459,11,17,152,182,226,30,44,74,10
passenger460,11,15,152,166,176,14,10,24,11
passenger461,2,4,152,229,233,77,4,81,12
passenger462,24,12,152,160,180,8,20,28,13
passenger463,5,10,153,162,173,9,11,20,14
passenger464,9,7,153,166,178,13,12,25,15
passenger465,8,19,153,162,213,9,51,60,0
passenger466,3,8,155,230,237,75,7,82,1
passenger467,12,14,155,198,242,43,44,87,2
passenger468,23,24,155,222,225,67,3,70,3
passenger469,8,14,155,202,238,47,36,83,4
passenger470,1,16,155,203,230,48,27,75,5
passenger471,4,2,155,199,203,44,4,48,6
passenger472,17,5,155,177,225,22,48,70,7
passenger473,12,3,156,184,245,28,61,89,8
passenger474,19,20,156,197,200,41,3,44,9
passenger475,15,21,156,172,234,16,62,78,10
passenger476,11,5,156,166,230,10,64,74,11
passenger477,4,6,157,225,237,68,12,80,12
passenger478,6,9,158,194,217,36,23,59,13
passenger479,6,15,158,165,184,7,19,26,14
passenger480,4,16,158,183,255,25,72,97,15
passenger481,9,18,159,159,210,0,51,51,0
passenger482,13,23,159,168,194,9,26,35,1
passenger483,11,8,159,201,208,42,7,49,2
passenger484,15,17,160,202,206,42,4,46,3
passenger485,11,14,160,193,238,33,45,78,4
passenger486,12,8,160,176,188,16,12,28,5
passenger487,8,23,161,189,252,28,63,91,6
passenger488,17,3,161,177,229,16,52,68,7
passenger489,25,18,162,283,292,121,9,130,8
passenger490,2,19,162,162,197,0,35,35,9
passenger491,15,23,162,172,240,10,68,78,10
passenger492,13,8,162,170,221,8,51,59,11
passenger493,9,16,163,210,259,47,49,96,12
passenger494,21,23,163,169,249,6,80,86,13
passenger495,20,16,163,195,215,32,20,52,14
passenger496,13,9,163,194,204,31,10,41,15
passenger497,20,8,164,216,254,52,38,90,0
passenger498,7,22,164,222,263,58,41,99,1
passenger499,15,9,165,193,205,28,12,40,2
passenger500,22,25,166,219,228,53,9,62,3
passenger501,8,14,166,202,238,36,36,72,4
passenger502,13,18,166,173,236,7,63,70,5
passenger503,24,14,166,255,271,89,16,105,6
passenger504,20,15,166,184,207,18,23,41,7
passenger505,23,11,167,277,307,110,30,140,8
passenger506,10,11,167,178,181,11,3,14,9
passenger507,25,16,167,246,261,79,15,94,10
passenger508,4,2,167,233,239,66,6,72,11
passenger509,13,21,167,200,274,33,74,107,12
passenger510,12,15,167,180,229,13,49,62,13
passenger511,20,13,168,195,224,27,29,56,14
passenger512,23,16,169,272,291,103,19,122,15
passenger513,19,20,171,213,216,42,3,45,0
passenger514,16,2,171,173,297,2,124,126,1
passenger515,11,4,171,201,220,30,19,49,2
passenger516,13,4,172,198,267,26,69,95,3
passenger517,13,9,172,187,199,15,12,27,4
passenger518,1,4,172,203,210,31,7,38,5
passenger519,13,2,172,178,203,6,25,31,6
passenger520,22,19,172,190,199,18,9,27,7
passenger521,18,5,173,218,239,45,21,66,8
passenger522,20,16,173,200,224,27,24,51,9
passenger523,10,1,173,185,202,12,17,29,10
passenger524,14,20,173,173,187,0,14,14,11
passenger525,1,2,173,312,315,139,3,142,12
passenger526,10,13,174,184,223,10,39,49,13
passenger527,12,11,174,177,230,3,53,56,14
passenger528,7,2,175,178,219,3,41,44,15
passenger529,1,3,175,177,181,2,4,6,0
passenger530,18,20,176,179,185,3,6,9,1
passenger531,11,2,176,237,260,61,23,84,2
passenger532,11,25,176,194,228,18,34,52,3
passenger533,7,13,176,205,235,29,30,59,4
passenger534,14,9,176,226,285,50,59,109,5
passenger535,11,12,176,184,227,8,43,51,6
passenger536,12,18,177,212,262,35,50,85,7
passenger537,15,2,177,189,330,12,141,153,8
passenger538,1,11,177,261,279,84,18,102,9
passenger539,23,1,177,240,296,63,56,119,10
passenger540,2,17,177,239,260,62,21,83,11
passenger541,12,6,178,203,219,25,16,41,12
passenger542,6,17,178,194,235,16,41,57,13
passenger543,14,16,178,181,187,3,6,9,14
passenger544,8,14,178,207,249,29,42,71,15
passenger545,22,8,179,220,254,41,34,75,0
passenger546,10,5,179,217,226,38,9,47,1
passenger547,16,1,180,190,263,10,73,83,2
passenger548,7,18,181,186,209,5,23,28,3
passenger549,1,25,181,255,305,74,50,124,4
passenger550,11,10,181,181,184,0,3,3,5
passenger551,14,16,182,231,237,49,6,55,6
passenger552,12,23,183,212,273,29,61,90,7
passenger553,25,6,184,371,402,187,31,218,8
passenger554,18,8,184,194,244,10,50,60,9
passenger555,25,7,185,246,282,61,36,97,10
passenger556,8,18,186,221,263,35,42,77,11
passenger557,20,4,186,191,225,5,34,39,12
passenger558,14,9,187,226,275,39,49,88,13
passenger559,16,14,187,187,221,0,34,34,14
passenger560,25,24,187,342,345,155,3,158,15
passenger561,17,23,188,207,223,19,16,35,0
passenger562,5,19,188,226,258,38,32,70,1
passenger563,20,4,188,298,328,110,30,140,2
passenger564,23,18,188,222,239,34,17,51,3
passenger565,9,13,189,199,235,10,36,46,4
passenger566,13,23,189,223,249,34,26,60,5
passenger567,25,21,189,288,296,99,8,107,6
passenger568,17,3,190,203,229,13,26,39,7
passenger569,23,4,191,277,324,86,47,133,8
passenger570,5,2,191,251,258,60,7,67,9
passenger571,24,13,193,243,268,50,25,75,10
passenger572,6,3,193,227,236,34,9,43,11
passenger573,11,19,194,206,268,12,62,74,12
passenger574,25,14,195,323,340,128,17,145,13
passenger575,16,21,195,215,277,20,62,82,14
passenger576,23,7,196,272,314,76,42,118,15
passenger577,25,13,196,229,243,33,14,47,0
passenger578,24,3,196,197,230,1,33,34,1
passenger579,3,23,197,223,363,26,140,166,2
passenger580,17,5,197,206,264,9,58,67,3
passenger581,23,3,197,301,343,104,42,146,4
passenger582,18,6,197,236,292,39,56,95,5
passenger583,2,21,197,203,248,6,45,51,6
passenger584,22,3,198,270,317,72,47,119,7
passenger585,3,16,198,245,262,47,17,64,8
passenger586,1,19,198,261,295,63,34,97,9
passenger587,23,19,198,240,256,42,16,58,10
passenger588,6,5,198,227,230,29,3,32,11
passenger589,18,2,198,265,309,67,44,111,12
passenger590,14,12,199,226,268,27,42,69,13
passenger591,19,6,199,208,239,9,31,40,14
passenger592,20,18,199,263,285,64,22,86,15
passenger593,6,9,200,260,279,60,19,79,0
passenger594,2,12,202,297,313,95,16,111,1
passenger595,7,3,203,211,223,8,12,20,2
passenger596,14,15,203,245,286,42,41,83,3
passenger597,3,5,203,213,221,10,8,18,4
passenger598,3,17,203,207,233,4,26,30,5
passenger599,9,2,204,218,341,14,123,137,6
passenger600,5,25,204,225,279,21,54,75,7
passenger601,7,18,204,235,266,31,31,62,8
passenger602,12,5,205,234,251,29,17,46,9
passenger603,8,1,205,211,296,6,85,91,10
passenger604,19,9,205,266,278,61,12,73,11
passenger605,13,4,205,252,303,47,51,98,12
passenger606,21,6,207,243,356,36,113,149,13
passenger607,15,22,207,218,280,11,62,73,14
passenger608,18,16,207,259,291,52,32,84,15
passenger609,23,5,207,223,263,16,40,56,0
passenger610,25,14,207,346,363,139,17,156,1
passenger611,11,7,208,237,253,29,16,45,2
passenger612,19,25,208,212,228,4,16,20,3
passenger613,18,1,209,286,349,77,63,140,4
passenger614,12,19,209,220,239,11,19,30,5
passenger615,10,20,209,221,245,12,24,36,6
passenger616,18,2,209,262,320,53,58,111,7
passenger617,14,5,210,210,239,0,29,29,8
passenger618,13,10,210,231,240,21,9,30,9
passenger619,21,22,210,234,237,24,3,27,10
passenger620,12,14,211,213,255,2,42,44,11
passenger621,16,17,211,259,262,48,3,51,12
passenger622,16,20,211,232,240,21,8,29,13
passenger623,25,21,211,287,293,76,6,82,14
passenger624,4,12,211,213,243,2,30,32,15
passenger625,12,13,212,246,287,34,41,75,0
passenger626,14,18,212,247,255,35,8,43,1
passenger627,11,7,212,237,253,25,16,41,2
passenger628,12,22,212,249,303,37,54,91,3
passenger629,8,1,213,226,255,13,29,42,4
passenger630,25,5,213,255,295,42,40,82,5
passenger631,16,21,213,237,248,24,11,35,6
passenger632,7,9,214,221,241,7,20,27,7
passenger633,8,4,214,232,242,18,10,28,8
passenger634,4,5,214,254,267,40,13,53,9
passenger635,12,14,215,217,221,2,4,6,10
passenger636,1,22,215,294,329,79,35,114,11
passenger637,17,2,216,262,309,46,47,93,12
passenger638,22,1,216,246,371,30,125,155,13
passenger639,15,12,216,218,227,2,9,11,14
passenger640,13,24,216,246,275,30,29,59,15
passenger641,24,7,216,226,257,10,31,41,0
passenger642,15,24,216,250,343,34,93,127,1
passenger643,19,23,217,295,363,78,68,146,2
passenger644,11,8,217,252,257,35,5,40,3
passenger645,13,21,217,235,295,18,60,78,4
passenger646,24,18,217,252,268,35,16,51,5
passenger647,18,13,217,241,314,24,73,97,6
passenger648,8,11,218,218,245,0,27,27,7
passenger649,13,21,218,225,273,7,48,55,8
passenger650,14,20,218,228,298,10,70,80,9
passenger651,1,19,218,296,328,78,32,110,10
passenger652,13,25,219,252,336,33,84,117,11
passenger653,12,4,220,249,303,29,54,83,12
passenger654,21,18,220,243,256,23,13,36,13
passenger655,22,3,220,280,331,60,51,111,14
passenger656,6,22,220,233,269,13,36,49,15
passenger657,2,13,220,308,331,88,23,111,0
passenger658,11,24,221,242,343,21,101,122,1
passenger659,22,23,221,360,363,139,3,142,2
passenger660,8,15,221,257,286,36,29,65,3
passenger661,18,25,221,286,305,65,19,84,4
passenger662,1,25,221,303,351,82,48,130,5
passenger663,9,4,222,322,335,100,13,113,6
passenger664,16,20,222,256,266,34,10,44,7
passenger665,4,2,223,242,330,19,88,107,8
passenger666,23,24,224,307,310,83,3,86,9
passenger667,4,23,224,291,338,67,47,114,10
passenger668,23,25,224,332,336,108,4,112,11
passenger669,6,15,224,237,256,13,19,32,12
passenger670,25,23,225,427,433,202,6,208,13
passenger671,16,5,225,268,327,43,59,102,14
passenger672,3,7,225,228,236,3,8,11,15
passenger673,2,5,226,308,313,82,5,87,0
passenger674,2,20,226,297,335,71,38,109,1
passenger675,15,13,227,285,309,58,24,82,2
passenger676,21,11,228,234,252,6,18,24,3
passenger677,11,6,228,231,248,3,17,20,4
passenger678,12,5,228,278,295,50,17,67,5
passenger679,15,25,228,234,288,6,54,60,6
passenger680,14,8,229,252,304,23,52,75,7
passenger681,18,21,229,266,273,37,7,44,8
passenger682,12,7,229,234,247,5,13,18,9
passenger683,18,5,229,229,288,0,59,59,10
passenger684,25,8,230,336,375,106,39,145,11
passenger685,9,19,230,242,268,12,26,38,12
passenger686,1,6,230,371,380,141,9,150,13
passenger687,4,10,230,243,255,13,12,25,14
passenger688,14,5,231,249,388,18,139,157,15
passenger689,9,20,231,251,350,20,99,119,0
passenger690,24,1,232,343,392,111,49,160,1
passenger691,16,1,232,288,413,56,125,181,2
passenger692,14,22,232,245,303,13,58,71,3
passenger693,20,6,233,292,336,59,44,103,4
passenger694,7,20,234,289,340,55,51,106,5
passenger695,21,8,234,248,325,14,77,91,6
passenger696,1,12,234,323,340,89,17,106,7
passenger697,16,12,234,262,304,28,42,70,8
passenger698,24,21,235,310,315,75,5,80,9
passenger699,20,1,235,253,296,18,43,61,10
passenger700,22,19,235,329,350,94,21,115,11
passenger701,10,15,236,245,256,9,11,20,12
passenger702,21,23,236,243,249,7,6,13,13
passenger703,14,2,236,264,334,28,70,98,14
passenger704,16,18,237,255,259,18,4,22,15
passenger705,2,21,237,308,353,71,45,116,0
passenger706,6,23,238,285,340,47,55,102,1
passenger707,14,9,238,242,249,4,7,11,2
passenger708,2,1,239,345,348,106,3,109,3
passenger709,19,10,239,289,326,50,37,87,4
passenger710,22,6,239,246,292,7,46,53,5
passenger711,24,3,239,255,338,16,83,99,6
passenger712,17,24,239,259,276,20,17,37,7
passenger713,9,2,240,253,330,13,77,90,8
passenger714,22,12,241,304,338,63,34,97,9
passenger715,1,22,241,296,335,55,39,94,10
passenger716,17,2,241,260,291,19,31,50,11
passenger717,7,1,241,298,312,57,14,71,12
passenger718,24,1,241,300,371,59,71,130,13
passenger719,20,13,241,274,311,33,37,70,14
passenger720,15,21,242,252,266,10,14,24,15
passenger721,23,4,242,363,398,121,35,156,0
passenger722,1,4,243,392,397,149,5,154,1
passenger723,18,15,243,292,305,49,13,62,2
passenger724,3,6,243,342,355,99,13,112,3
passenger725,14,19,243,278,289,35,11,46,4
passenger726,9,24,244,285,348,41,63,104,5
passenger727,25,20,244,288,299,44,11,55,6
passenger728,12,22,245,248,270,3,22,25,7
passenger729,19,13,245,269,301,24,32,56,8
passenger730,12,21,246,282,301,36,19,55,9
passenger731,14,5,246,265,288,19,23,42,10
passenger732,25,2,246,336,395,90,59,149,11
passenger733,18,17,246,265,280,19,15,34,12
passenger734,15,2,247,261,368,14,107,121,13
passenger735,13,23,247,260,283,13,23,36,14
passenger736,6,18,247,385,409,138,24,162,15
passenger737,22,24,247,356,360,109,4,113,0
passenger738,13,8,248,274,281,26,7,33,1
passenger739,18,13,248,292,309,44,17,61,2
passenger740,16,19,249,289,296,40,7,47,3
passenger741,18,7,249,286,333,37,47,84,4
passenger742,19,14,249,263,274,14,11,25,5
passenger743,24,17,249,255,266,6,11,17,6
passenger744,23,25,249,273,279,24,6,30,7
passenger745,25,19,250,371,379,121,8,129,8
passenger746,15,3,250,289,361,39,72,111,9
passenger747,10,12,250,273,311,23,38,61,10
passenger748,20,15,251,323,358,72,35,107,11
passenger749,11,4,251,290,303,39,13,52,12
passenger750,18,11,252,256,271,4,15,19,13
passenger751,1,8,252,337,348,85,11,96,14
passenger752,22,3,253,269,438,16,169,185,15
passenger753,11,13,253,283,287,30,4,34,0
passenger754,3,5,253,294,302,41,8,49,1
passenger755,24,15,253,460,475,207,15,222,2
passenger756,6,5,253,261,264,8,3,11,3
passenger757,11,19,254,271,289,17,18,35,4
passenger758,19,5,254,263,295,9,32,41,5
passenger759,19,23,254,262,284,8,22,30,6
passenger760,6,1,254,308,323,54,15,69,7
passenger761,24,14,254,280,298,26,18,44,8
passenger762,20,9,255,298,345,43,47,90,9
passenger763,8,6,255,279,285,24,6,30,10
passenger764,6,12,256,283,309,27,26,53,11
passenger765,3,22,256,306,353,50,47,97,12
passenger766,13,23,256,265,297,9,32,41,13
passenger767,13,8,256,260,320,4,60,64,14
passenger768,13,4,256,298,435,42,137,179,15
passenger769,21,19,256,353,369,97,16,113,0
passenger770,4,15,257,291,322,34,31,65,1
passenger771,14,6,257,282,324,25,42,67,2
passenger772,4,20,257,267,299,10,32,42,3
passenger773,7,13,257,263,275,6,12,18,4
passenger774,7,17,257,289,329,32,40,72,5
passenger775,2,9,258,341,354,83,13,96,6
passenger776,14,11,258,294,299,36,5,41,7
passenger777,16,5,258,262,321,4,59,63,8
passenger778,12,19,258,282,295,24,13,37,9
passenger779,9,4,259,276,291,17,15,32,10
passenger780,22,20,259,329,347,70,18,88,11
passenger781,18,20,260,265,271,5,6,11,12
passenger782,20,19,260,290,307,30,17,47,13
passenger783,13,1,261,261,337,0,76,76,14
passenger784,15,7,262,294,314,32,20,52,15
passenger785,20,12,262,350,380,88,30,118,0
passenger786,23,15,262,340,360,78,20,98,1
passenger787,14,23,263,282,363,19,81,100,2
passenger788,12,10,263,281,327,18,46,64,3
passenger789,10,22,264,268,298,4,30,34,4
passenger790,19,5,265,265,295,0,30,30,5
passenger791,13,10,265,314,319,49,5,54,6
passenger792,17,2,265,289,320,24,31,55,7
passenger793,18,19,266,266,269,0,3,3,8
passenger794,6,4,266,270,358,4,88,92,9
passenger795,16,7,266,321,366,55,45,100,10
passenger796,24,20,266,339,347,73,8,81,11
passenger797,24,14,266,359,373,93,14,107,12
passenger798,24,1,267,300,371,33,71,104,13
passenger799,8,1,267,320,337,53,17,70,14
passenger800,17,13,267,288,298,21,10,31,15
passenger801,8,17,267,276,343,9,67,76,0
passenger802,5,13,268,288,316,20,28,48,1
passenger803,16,6,268,288,324,20,36,56,2
passenger804,6,9,268,271,276,3,5,8,3
passenger805,15,7,268,281,333,13,52,65,4
passenger806,10,14,268,282,324,14,42,56,5
passenger807,5,15,268,332,370,64,38,102,6
passenger808,4,6,269,314,330,45,16,61,7
passenger809,8,1,269,314,417,45,103,148,8
passenger810,25,8,269,503,536,234,33,267,9
passenger811,21,23,269,332,338,63,6,69,10
passenger812,21,3,270,326,392,56,66,122,11
passenger813,10,19,270,293,346,23,53,76,12
passenger814,15,1,270,283,371,13,88,101,13
passenger815,15,21,270,307,379,37,72,109,14
passenger816,21,10,270,280,307,10,27,37,15
passenger817,6,8,270,272,276,2,4,6,0
passenger818,8,9,270,281,308,11,27,38,1
passenger819,8,12,270,272,278,2,6,8,2
passenger820,2,7,270,345,358,75,13,88,3
passenger821,8,4,271,330,340,59,10,69,4
passenger822,22,17,271,344,367,73,23,96,5
passenger823,23,15,272,284,310,12,26,38,6
passenger824,3,23,272,317,359,45,42,87,7
passenger825,12,18,272,304,356,32,52,84,8
passenger826,10,13,273,276,285,3,9,12,9
passenger827,13,8,273,314,363,41,49,90,10
passenger828,14,19,274,313,320,39,7,46,11
passenger829,1,4,274,312,319,38,7,45,12
passenger830,22,15,274,294,337,20,43,63,13
passenger831,25,16,275,287,304,12,17,29,14
passenger832,17,23,275,288,336,13,48,61,15
passenger833,17,9,276,343,387,67,44,111,0
passenger834,14,6,276,319,379,43,60,103,1
passenger835,9,18,277,317,350,40,33,73,2
passenger836,4,17,277,339,378,62,39,101,3
passenger837,15,8,277,281,330,4,49,53,4
passenger838,2,18,277,300,334,23,34,57,5
passenger839,21,19,278,280,302,2,22,24,6
passenger840,11,17,278,299,347,21,48,69,7
passenger841,11,9,279,307,311,28,4,32,8
passenger842,9,6,279,345,354,66,9,75,9
passenger843,25,17,279,396,406,117,10,127,10
passenger844,5,22,279,286,329,7,43,50,11
passenger845,4,15,280,303,336,23,33,56,12
passenger846,5,10,280,359,388,79,29,108,13
passenger847,17,25,280,301,389,21,88,109,14
passenger848,25,23,280,342,348,62,6,68,15
passenger849,6,3,280,300,305,20,5,25,0
passenger850,23,24,280,350,441,70,91,161,1
passenger851,7,1,280,321,413,41,92,133,2
passenger852,17,2,281,292,345,11,53,64,3
passenger853,2,24,281,346,392,65,46,111,4
passenger854,13,3,281,321,391,40,70,110,5
passenger855,17,10,282,306,319,24,13,37,6
passenger856,14,23,282,294,359,12,65,77,7
passenger857,6,17,283,318,353,35,35,70,8
passenger858,21,11,283,301,341,18,40,58,9
passenger859,25,12,283,396,415,113,19,132,10
passenger860,12,23,283,309,332,26,23,49,11
passenger861,16,22,283,283,353,0,70,70,12
passenger862,20,18,283,290,314,7,24,31,13
passenger863,7,10,284,323,352,39,29,68,14
passenger864,22,16,284,333,363,49,30,79,15
passenger865,8,9,284,294,321,10,27,37,0
passenger866,20,5,284,335,382,51,47,98,1
passenger867,3,20,285,407,452,122,45,167,2
passenger868,8,20,285,333,385,48,52,100,3
passenger869,14,25,286,318,395,32,77,109,4
passenger870,14,22,287,324,344,37,20,57,5
passenger871,22,6,288,293,329,5,36,41,6
passenger872,25,19,288,365,377,77,12,89,7
passenger873,3,1,289,327,417,38,90,128,8
passenger874,7,1,289,351,447,62,96,158,9
passenger875,9,25,289,306,396,17,90,107,10
passenger876,12,1,290,309,398,19,89,108,11
passenger877,13,6,290,330,391,40,61,101,12
passenger878,22,3,290,294,365,4,71,75,13
passenger879,20,12,290,296,314,6,18,24,14
passenger880,1,17,291,444,474,153,30,183,15
passenger881,12,20,291,328,350,37,22,59,0
passenger882,16,20,291,325,335,34,10,44,1
passenger883,12,1,291,312,413,21,101,122,2
passenger884,4,12,292,339,369,47,30,77,3
passenger885,10,20,292,326,380,34,54,88,4
passenger886,11,22,292,317,344,25,27,52,5
passenger887,5,10,293,332,357,39,25,64,6
passenger888,19,4,293,351,408,58,57,115,7
passenger889,9,19,294,311,359,17,48,65,8
passenger890,15,20,295,331,488,36,157,193,9
passenger891,13,22,295,314,335,19,21,40,10
passenger892,22,25,295,329,336,34,7,41,11
passenger893,4,15,295,303,336,8,33,41,12
passenger894,3,6,296,365,380,69,15,84,13
passenger895,8,17,296,320,369,24,49,73,14
passenger896,11,22,296,304,333,8,29,37,15
passenger897,8,16,296,296,340,0,44,44,0
passenger898,20,25,296,335,346,39,11,50,1
passenger899,7,19,296,333,353,37,20,57,2
passenger900,3,14,297,342,373,45,31,76,3
passenger901,11,24,297,323,392,26,69,95,4
passenger902,20,24,298,340,348,42,8,50,5
passenger903,22,11,298,387,406,89,19,108,6
passenger904,19,1,298,351,417,53,66,119,7
passenger905,14,2,298,298,330,0,32,32,8
passenger906,19,25,298,319,503,21,184,205,9
passenger907,18,21,300,325,332,25,7,32,10
passenger908,6,25,300,301,336,1,35,36,11
passenger909,14,17,300,333,340,33,7,40,12
passenger910,20,16,301,310,334,9,24,33,13
passenger911,8,16,301,320,366,19,46,65,14
passenger912,17,22,301,326,333,25,7,32,15
passenger913,13,3,301,331,402,30,71,101,0
passenger914,3,1,302,386,392,84,6,90,1
passenger915,17,11,302,379,389,77,10,87,2
passenger916,22,18,302,303,309,1,6,7,3
passenger917,4,3,302,340,343,38,3,41,4
passenger918,10,24,304,314,348,10,34,44,5
passenger919,2,5,304,341,346,37,5,42,6
passenger920,1,11,304,323,337,19,14,33,7
passenger921,25,18,305,371,382,66,11,77,8
passenger922,13,4,305,335,358,30,23,53,9
passenger923,9,14,305,306,317,1,11,12,10
passenger924,7,18,305,378,433,73,55,128,11
passenger925,25,6,306,424,455,118,31,149,12
passenger926,7,4,306,353,362,47,9,56,13
passenger927,19,12,307,373,406,66,33,99,14
passenger928,8,6,307,311,385,4,74,78,15
passenger929,2,12,308,308,328,0,20,20,0
passenger930,18,6,308,331,379,23,48,71,1
passenger931,1,12,309,413,432,104,19,123,2
passenger932,17,9,309,312,330,3,18,21,3
passenger933,7,4,310,333,340,23,7,30,4
passenger934,19,22,311,337,344,26,7,33,5
passenger935,20,13,311,383,400,72,17,89,6
passenger936,19,10,311,351,392,40,41,81,7
passenger937,1,10,312,417,432,105,15,120,8
passenger938,18,17,312,324,327,12,3,15,9
passenger939,25,7,312,396,424,84,28,112,10
passenger940,1,7,313,398,410,85,12,97,11
passenger941,22,21,313,353,364,40,11,51,12
passenger942,3,5,314,365,377,51,12,63,13
passenger943,15,17,314,363,369,49,6,55,14
passenger944,25,19,314,342,358,28,16,44,15
passenger945,6,1,314,316,408,2,92,94,0
passenger946,16,14,314,325,363,11,38,49,1
passenger947,24,15,315,460,475,145,15,160,2
passenger948,13,8,315,318,333,3,15,18,3
passenger949,3,22,315,343,386,28,43,71,4
passenger950,21,5,315,357,387,42,30,72,5
passenger951,18,10,315,377,409,62,32,94,6
passenger952,11,22,316,337,356,21,19,40,7
passenger953,22,5,316,366,405,50,39,89,8
passenger954,8,21,316,348,491,32,143,175,9
passenger955,23,2,316,338,435,22,97,119,10
passenger956,21,13,316,326,362,10,36,46,11
passenger957,15,2,317,336,465,19,129,148,12
passenger958,18,17,317,406,441,89,35,124,13
passenger959,17,20,318,369,376,51,7,58,14
passenger960,24,22,319,339,351,20,12,32,15
passenger961,19,25,319,347,452,28,105,133,0
passenger962,17,14,319,328,363,9,35,44,1
passenger963,20,2,319,356,410,37,54,91,2
passenger964,13,11,320,320,324,0,4,4,3
passenger965,23,2,320,389,438,69,49,118,4
passenger966,17,5,320,329,387,9,58,67,5
passenger967,23,22,320,432,435,112,3,115,6
passenger968,6,22,320,330,356,10,26,36,7
passenger969,13,25,321,345,371,24,26,50,8
passenger970,19,1,321,321,447,0,126,126,9
passenger971,6,11,321,427,450,106,23,129,10
passenger972,6,4,321,381,389,60,8,68,11
passenger973,25,22,322,424,429,102,5,107,12
passenger974,11,6,322,345,356,23,11,34,13
passenger975,5,23,323,327,383,4,56,60,14
passenger976,9,1,323,378,444,55,66,121,15
passenger977,10,12,324,324,328,0,4,4,0
passenger978,16,9,324,325,372,1,47,48,1
passenger979,24,17,324,460,471,136,11,147,2
passenger980,25,10,325,396,423,71,27,98,3
passenger981,17,10,325,373,420,48,47,95,4
passenger982,18,19,325,334,337,9,3,12,5
passenger983,9,24,325,354,439,29,85,114,6
passenger984,22,23,326,356,359,30,3,33,7
passenger985,6,18,326,336,356,10,20,30,8
passenger986,3,25,326,361,503,35,142,177,9
passenger987,4,22,326,431,481,105,50,155,10
passenger988,11,8,328,368,375,40,7,47,11
passenger989,2,17,328,465,496,137,31,168,12
passenger990,19,12,329,409,450,80,41,121,13
passenger991,21,9,329,379,413,50,34,84,14
passenger992,14,8,329,367,381,38,14,52,15
passenger993,15,4,329,337,398,8,61,69,0
passenger994,12,14,330,367,415,37,48,85,1
passenger995,14,12,330,344,386,14,42,56,2
passenger996,17,13,330,378,418,48,40,88,3
passenger997,8,6,330,330,336,0,6,6,4
passenger998,17,24,331,331,348,0,17,17,5
passenger999,19,16,332,380,395,48,15,63,6
passenger1000,24,23,332,362,369,30,7,37,7
passenger1001,13,3,332,345,411,13,66,79,8
passenger1002,16,7,332,382,413,50,31,81,9
passenger1003,22,9,332,335,360,3,25,28,10
passenger1004,12,5,332,365,384,33,19,52,11
passenger1005,5,7,333,458,476,125,18,143,12
passenger1006,10,7,333,348,353,15,5,20,13
passenger1007,4,12,333,342,356,9,14,23,14
passenger1008,16,9,334,363,378,29,15,44,15
passenger1009,14,7,334,334,391,0,57,57,0
passenger1010,18,17,334,427,454,93,27,120,1
passenger1011,25,2,334,495,540,161,45,206,2
passenger1012,22,9,334,389,426,55,37,92,3
passenger1013,2,18,334,346,376,12,30,42,4
passenger1014,5,25,335,387,433,52,46,98,5
passenger1015,6,14,336,349,367,13,18,31,6
passenger1016,6,4,336,402,408,66,6,72,7
passenger1017,1,12,336,417,438,81,21,102,8
passenger1018,11,1,336,341,447,5,106,111,9
passenger1019,9,7,336,360,366,24,6,30,10
passenger1020,15,25,337,358,450,21,92,113,11
passenger1021,18,23,337,343,356,6,13,19,12
passenger1022,5,6,337,359,380,22,21,43,13
passenger1023,19,8,338,373,416,35,43,78,14
passenger1024,22,12,338,351,371,13,20,33,15
passenger1025,6,22,338,394,443,56,49,105,0
passenger1026,14,21,339,363,436,24,73,97,1
passenger1027,12,4,339,340,404,1,64,65,2
passenger1028,18,4,339,381,441,42,60,102,3
passenger1029,17,11,340,373,417,33,44,77,4
passenger1030,20,22,340,360,428,20,68,88,5
passenger1031,11,23,341,360,432,19,72,91,6
passenger1032,3,25,341,411,469,70,58,128,7
passenger1033,15,12,341,349,390,8,41,49,8
passenger1034,4,8,341,358,368,17,10,27,9
passenger1035,18,21,342,345,390,3,45,48,10
passenger1036,23,11,342,342,368,0,26,26,11
passenger1037,12,5,342,379,458,37,79,116,12
passenger1038,3,11,342,365,391,23,26,49,13
passenger1039,15,3,342,363,429,21,66,87,14
passenger1040,11,17,343,374,406,31,32,63,15
passenger1041,21,24,343,353,360,10,7,17,0
passenger1042,9,10,343,372,407,29,35,64,1
passenger1043,22,18,344,366,376,22,10,32,2
passenger1044,7,18,344,358,381,14,23,37,3
passenger1045,4,12,344,354,366,10,12,22,4
passenger1046,8,25,345,378,433,33,55,88,5
passenger1047,1,22,345,484,529,139,45,184,6
passenger1048,8,1,345,396,417,51,21,72,7
passenger1049,17,4,346,353,408,7,55,62,8
passenger1050,1,3,346,447,451,101,4,105,9
passenger1051,11,4,346,354,431,8,77,85,10
passenger1052,18,2,346,353,395,7,42,49,11
passenger1053,20,22,347,349,353,2,4,6,12
passenger1054,18,24,347,406,424,59,18,77,13
passenger1055,24,2,348,386,432,38,46,84,14
passenger1056,9,20,348,378,481,30,103,133,15
passenger1057,9,19,348,387,438,39,51,90,0
passenger1058,20,25,349,433,468,84,35,119,1
passenger1059,9,1,349,395,413,46,18,64,2
passenger1060,8,12,349,361,369,12,8,20,3
passenger1061,11,22,349,363,386,14,23,37,4
passenger1062,20,19,350,360,363,10,3,13,5
passenger1063,1,12,350,570,589,220,19,239,6
passenger1064,19,7,350,351,399,1,48,49,7
passenger1065,11,19,350,393,455,43,62,105,8
passenger1066,20,22,350,488,494,138,6,144,9
passenger1067,11,10,351,354,357,3,3,6,10
passenger1068,10,17,351,371,430,20,59,79,11
passenger1069,11,5,351,382,458,31,76,107,12
passenger1070,12,6,351,394,466,43,72,115,13
passenger1071,14,23,351,360,383,9,23,32,14
passenger1072,20,12,351,355,371,4,16,20,15
passenger1073,25,12,352,452,479,100,27,127,0
passenger1074,20,9,352,433,502,81,69,150,1
passenger1075,22,10,353,366,392,13,26,39,2
passenger1076,7,4,353,358,441,5,83,88,3
passenger1077,22,8,354,386,426,32,40,72,4
passenger1078,21,3,354,357,391,3,34,37,5
passenger1079,13,11,355,364,406,9,42,51,6
passenger1080,11,5,356,389,405,33,16,49,7
passenger1081,2,9,356,414,429,58,15,73,8
passenger1082,12,20,356,376,488,20,112,132,9
passenger1083,12,7,356,373,424,17,51,68,10
passenger1084,7,16,356,378,427,22,49,71,11
passenger1085,11,23,358,382,418,24,36,60,12
passenger1086,11,15,359,391,399,32,8,40,13
passenger1087,2,5,359,432,437,73,5,78,14
passenger1088,22,9,359,487,510,128,23,151,15
passenger1089,11,15,359,383,428,24,45,69,0
passenger1090,2,13,360,389,412,29,23,52,1
passenger1091,9,4,360,395,404,35,9,44,2
passenger1092,11,12,360,366,369,6,3,9,3
passenger1093,5,14,360,431,456,71,25,96,4
passenger1094,19,7,360,363,381,3,18,21,5
passenger1095,25,16,361,620,637,259,17,276,6
passenger1096,20,2,362,374,414,12,40,52,7
passenger1097,20,9,362,362,397,0,35,35,8
passenger1098,18,21,362,484,491,122,7,129,9
passenger1099,7,2,362,366,435,4,69,73,10
passenger1100,16,20,362,427,437,65,10,75,11
passenger1101,11,5,363,382,458,19,76,95,12
passenger1102,8,11,363,384,391,21,7,28,13
passenger1103,23,4,363,383,426,20,43,63,14
passenger1104,9,16,363,378,403,15,25,40,15
passenger1105,6,23,364,394,446,30,52,82,0
passenger1106,23,10,364,444,499,80,55,135,1
passenger1107,19,18,364,371,376,7,5,12,2
passenger1108,5,2,365,438,445,73,7,80,3
passenger1109,9,4,365,423,434,58,11,69,4
passenger1110,8,16,366,378,414,12,36,48,5
passenger1111,15,6,366,370,471,4,101,105,6
passenger1112,1,6,366,417,426,51,9,60,7
passenger1113,12,20,366,390,458,24,68,92,8
passenger1114,10,8,366,372,392,6,20,26,9
passenger1115,14,2,367,379,435,12,56,68,10
passenger1116,6,1,368,407,494,39,87,126,11
passenger1117,14,12,368,373,379,5,6,11,12
passenger1118,15,16,369,399,402,30,3,33,13
passenger1119,10,22,369,410,470,41,60,101,14
passenger1120,23,3,369,526,560,157,34,191,15
passenger1121,24,5,369,449,492,80,43,123,0
passenger1122,7,14,370,376,415,6,39,45,1
passenger1123,1,10,370,413,428,43,15,58,2
passenger1124,5,13,370,450,466,80,16,96,3
passenger1125,21,24,370,383,392,13,9,22,4
passenger1126,6,14,370,384,410,14,26,40,5
passenger1127,12,11,370,403,406,33,3,36,6
passenger1128,16,25,370,382,469,12,87,99,7
passenger1129,11,2,371,435,492,64,57,121,8
passenger1130,23,24,371,497,500,126,3,129,9
passenger1131,9,13,371,446,456,75,10,85,10
passenger1132,22,13,371,443,468,72,25,97,11
passenger1133,13,24,371,376,421,5,45,50,12
passenger1134,21,13,371,415,447,44,32,76,13
passenger1135,5,11,372,423,447,51,24,75,14
passenger1136,17,7,372,406,430,34,24,58,15
passenger1137,14,17,372,376,432,4,56,60,0
passenger1138,3,15,372,386,418,14,32,46,1
passenger1139,19,6,373,373,400,0,27,27,2
passenger1140,14,18,373,373,381,0,8,8,3
passenger1141,2,17,373,438,465,65,27,92,4
passenger1142,7,10,373,381,400,8,19,27,5
passenger1143,17,1,374,374,484,0,110,110,6
passenger1144,1,12,374,417,436,43,19,62,7
passenger1145,24,1,375,538,583,163,45,208,8
passenger1146,20,2,375,488,548,113,60,173,9
passenger1147,13,11,376,376,418,0,42,42,10
passenger1148,12,3,376,419,488,43,69,112,11
passenger1149,19,7,376,410,452,34,42,76,12
passenger1150,20,17,376,412,441,36,29,65,13
passenger1151,14,8,377,402,416,25,14,39,14
passenger1152,17,25,377,406,613,29,207,236,15
passenger1153,24,23,378,449,456,71,7,78,0
passenger1154,6,15,379,379,418,0,39,39,1
passenger1155,10,25,379,392,495,13,103,116,2
passenger1156,24,22,380,393,401,13,8,21,3
passenger1157,5,8,380,431,448,51,17,68,4
passenger1158,18,19,380,418,421,38,3,41,5
passenger1159,9,4,380,498,565,118,67,185,6
passenger1160,4,18,380,408,452,28,44,72,7
passenger1161,12,13,380,390,441,10,51,61,8
passenger1162,21,1,381,491,551,110,60,170,9
passenger1163,19,7,381,386,424,5,38,43,10
passenger1164,24,13,382,447,468,65,21,86,11
passenger1165,8,6,382,387,391,5,4,9,12
passenger1166,5,25,382,469,513,87,44,131,13
passenger1167,5,12,383,423,450,40,27,67,14
passenger1168,12,17,384,397,406,13,9,22,15
passenger1169,22,14,384,443,473,59,30,89,0
passenger1170,19,15,385,430,488,45,58,103,1
passenger1171,11,4,385,389,404,4,15,19,2
passenger1172,6,11,385,435,460,50,25,75,3
passenger1173,2,8,385,438,448,53,10,63,4
passenger1174,12,21,385,406,425,21,19,40,5
passenger1175,25,19,386,620,630,234,10,244,6
passenger1176,2,11,386,414,433,28,19,47,7
passenger1177,19,15,386,455,465,69,10,79,8
passenger1178,12,11,386,420,423,34,3,37,9
passenger1179,11,15,386,418,462,32,44,76,10
passenger1180,5,13,386,386,422,0,36,36,11
passenger1181,6,18,388,391,407,3,16,19,12
passenger1182,22,13,388,418,447,30,29,59,13
passenger1183,10,24,388,410,476,22,66,88,14
passenger1184,17,11,388,406,422,18,16,34,15
passenger1185,1,6,389,408,415,19,7,26,0
passenger1186,6,19,389,401,430,12,29,41,1
passenger1187,13,25,390,435,495,45,60,105,2
passenger1188,14,23,390,415,488,25,73,98,3
passenger1189,14,9,390,412,423,22,11,33,4
passenger1190,18,12,390,418,454,28,36,64,5
passenger1191,7,12,390,468,505,78,37,115,6
passenger1192,17,10,390,449,498,59,49,108,7
passenger1193,18,25,390,452,625,62,173,235,8
passenger1194,11,8,391,397,402,6,5,11,9
passenger1195,11,21,391,450,476,59,26,85,10
passenger1196,5,25,391,404,450,13,46,59,11
passenger1197,11,22,391,398,415,7,17,24,12
passenger1198,20,23,392,412,421,20,9,29,13
passenger1199,5,15,393,423,457,30,34,64,14
passenger1200,3,8,393,438,455,45,17,62,15
passenger1201,2,18,394,405,435,11,30,41,0
passenger1202,16,19,394,421,430,27,9,36,1
passenger1203,5,9,394,419,425,25,6,31,2
passenger1204,17,21,395,410,482,15,72,87,3
passenger1205,23,2,395,399,438,4,39,43,4
passenger1206,11,1,395,403,479,8,76,84,5
passenger1207,21,4,396,426,477,30,51,81,6
passenger1208,21,4,396,459,518,63,59,122,7
passenger1209,1,22,396,417,532,21,115,136,8
passenger1210,11,17,397,407,481,10,74,84,9
passenger1211,7,18,397,424,469,27,45,72,10
passenger1212,11,7,397,416,480,19,64,83,11
passenger1213,10,1,398,483,524,85,41,126,12
passenger1214,8,15,398,460,487,62,27,89,13
passenger1215,4,3,398,426,429,28,3,31,14
passenger1216,17,11,398,406,422,8,16,24,15
passenger1217,4,19,399,399,438,0,39,39,0
passenger1218,20,1,400,433,520,33,87,120,1
passenger1219,6,10,400,400,428,0,28,28,2
passenger1220,19,2,401,406,445,5,39,44,3
passenger1221,21,8,401,403,426,2,23,25,4
passenger1222,4,22,401,470,514,69,44,113,5
passenger1223,3,4,402,480,489,78,9,87,6
passenger1224,24,13,402,466,489,64,23,87,7
passenger1225,12,18,402,438,452,36,14,50,8
passenger1226,16,1,403,430,447,27,17,44,9
passenger1227,14,7,403,411,424,8,13,21,10
passenger1228,21,13,404,440,468,36,28,64,11
passenger1229,4,23,404,461,564,57,103,160,12
passenger1230,8,7,404,460,463,56,3,59,13
passenger1231,24,20,404,476,482,72,6,78,14
passenger1232,22,17,404,487,494,83,7,90,15
passenger1233,23,3,404,446,496,42,50,92,0
passenger1234,15,8,404,418,505,14,87,101,1
passenger1235,10,6,405,428,528,23,100,123,2
passenger1236,6,12,405,435,463,30,28,58,3
passenger1237,23,16,405,479,490,74,11,85,4
passenger1238,9,11,406,461,491,55,30,85,5
passenger1239,14,7,407,415,468,8,53,61,6
passenger1240,14,18,407,440,452,33,12,45,7
passenger1241,7,15,407,425,445,18,20,38,8
passenger1242,18,13,407,484,523,77,39,116,9
passenger1243,8,14,407,443,459,36,16,52,10
passenger1244,20,6,408,437,483,29,46,75,11
passenger1245,15,18,408,442,555,34,113,147,12
passenger1246,9,10,409,457,476,48,19,67,13
passenger1247,23,10,409,473,500,64,27,91,14
passenger1248,15,4,409,414,435,5,21,26,15
passenger1249,24,15,409,449,470,40,21,61,0
passenger1250,20,16,411,433,485,22,52,74,1
passenger1251,9,18,411,425,446,14,21,35,2
passenger1252,22,4,411,485,523,74,38,112,3
passenger1253,22,21,412,476,483,64,7,71,4
passenger1254,3,18,412,473,506,61,33,94,5
passenger1255,22,10,412,429,463,17,34,51,6
passenger1256,17,25,412,449,469,37,20,57,7
passenger1257,9,6,413,429,482,16,53,69,8
passenger1258,25,8,413,503,536,90,33,123,9
passenger1259,12,14,413,415,459,2,44,46,10
passenger1260,7,17,413,480,526,67,46,113,11
passenger1261,18,6,414,435,455,21,20,41,12
passenger1262,13,2,414,447,556,33,109,142,13
passenger1263,6,25,414,420,531,6,111,117,14
passenger1264,13,16,414,418,471,4,53,57,15
passenger1265,23,18,414,446,465,32,19,51,0
passenger1266,20,18,414,433,451,19,18,37,1
passenger1267,13,16,414,435,440,21,5,26,2
passenger1268,8,23,414,429,488,15,59,74,3
passenger1269,5,23,414,431,479,17,48,65,4
passenger1270,22,4,415,428,470,13,42,55,5
passenger1271,18,25,416,421,620,5,199,204,6
passenger1272,15,9,416,443,503,27,60,87,7
passenger1273,22,13,416,532,553,116,21,137,8
passenger1274,4,7,416,454,461,38,7,45,9
passenger1275,18,12,417,469,499,52,30,82,10
passenger1276,6,20,417,483,535,66,52,118,11
passenger1277,4,6,417,461,473,44,12,56,12
passenger1278,12,1,417,450,559,33,109,142,13
passenger1279,10,23,417,444,473,27,29,56,14
passenger1280,24,22,418,610,620,192,10,202,15
passenger1281,9,2,418,420,499,2,79,81,0
passenger1282,21,10,418,436,499,18,63,81,1
passenger1283,19,3,418,449,537,31,88,119,2
passenger1284,17,15,418,476,500,58,24,82,3
passenger1285,24,3,418,502,539,84,37,121,4
passenger1286,11,25,418,457,523,39,66,105,5
passenger1287,10,17,418,463,518,45,55,100,6
passenger1288,5,19,418,423,455,5,32,37,7
passenger1289,7,15,419,425,445,6,20,26,8
passenger1290,22,17,419,494,513,75,19,94,9
passenger1291,12,5,419,453,518,34,65,99,10
passenger1292,9,22,419,476,541,57,65,122,11
passenger1293,6,17,420,455,496,35,41,76,12
passenger1294,13,9,420,447,457,27,10,37,13
passenger1295,18,10,420,462,500,42,38,80,14
passenger1296,8,14,420,427,465,7,38,45,15
passenger1297,19,22,420,438,443,18,5,23,0
passenger1298,16,17,421,421,424,0,3,3,1
passenger1299,20,7,421,452,525,31,73,104,2
passenger1300,7,13,422,432,466,10,34,44,3
passenger1301,16,17,422,462,465,40,3,43,4
passenger1302,4,20,422,470,510,48,40,88,5
passenger1303,10,22,423,463,529,40,66,106,6
passenger1304,19,25,424,455,469,31,14,45,7
passenger1305,16,14,425,448,468,23,20,43,8
passenger1306,5,10,425,457,466,32,9,41,9
passenger1307,22,10,426,481,505,55,24,79,10
passenger1308,2,7,426,491,504,65,13,78,11
passenger1309,15,16,426,442,493,16,51,67,12
passenger1310,25,24,426,427,430,1,3,4,13
passenger1311,14,21,426,454,467,28,13,41,14
passenger1312,2,15,427,441,468,14,27,41,15
passenger1313,12,20,427,479,529,52,50,102,0
passenger1314,21,17,427,462,482,35,20,55,1
passenger1315,17,18,429,443,446,14,3,17,2
passenger1316,15,6,429,470,519,41,49,90,3
passenger1317,8,19,429,448,469,19,21,40,4
passenger1318,16,6,429,444,466,15,22,37,5
passenger1319,22,25,429,429,620,0,191,191,6
passenger1320,16,6,429,446,512,17,66,83,7
passenger1321,24,6,430,538,570,108,32,140,8
passenger1322,11,22,430,469,494,39,25,64,9
passenger1323,14,7,430,459,512,29,53,82,10
passenger1324,3,10,430,488,511,58,23,81,11
passenger1325,17,18,431,438,555,7,117,124,12
passenger1326,6,4,431,466,550,35,84,119,13
passenger1327,18,4,431,462,568,31,106,137,14
passenger1328,2,13,431,441,462,10,21,31,15
passenger1329,15,7,431,470,486,39,16,55,0
passenger1330,6,9,432,511,534,79,23,102,1
passenger1331,1,10,433,543,560,110,17,127,2
passenger1332,1,8,434,532,545,98,13,111,3
passenger1333,15,1,434,459,543,25,84,109,4
passenger1334,16,15,435,444,447,9,3,12,5
passenger1335,16,21,435,451,526,16,75,91,6
passenger1336,2,5,435,522,527,87,5,92,7
passenger1337,8,18,436,478,520,42,42,84,8
passenger1338,22,23,436,494,497,58,3,61,9
passenger1339,15,11,436,462,502,26,40,66,10
passenger1340,11,2,436,472,491,36,19,55,11
passenger1341,12,13,436,507,544,71,37,108,12
passenger1342,6,20,436,466,500,30,34,64,13
passenger1343,21,8,437,467,560,30,93,123,14
passenger1344,23,3,437,526,560,89,34,123,15
passenger1345,23,20,437,446,461,9,15,24,0
passenger1346,6,17,438,511,552,73,41,114,1
passenger1347,8,20,439,522,580,83,58,141,2
passenger1348,5,7,439,450,454,11,4,15,3
passenger1349,8,5,439,448,535,9,87,96,4
passenger1350,9,16,439,461,500,22,39,61,5
passenger1351,16,14,440,451,455,11,4,15,6
passenger1352,5,6,440,515,530,75,15,90,7
passenger1353,23,7,440,535,567,95,32,127,8
passenger1354,3,12,441,451,472,10,21,31,9
passenger1355,1,9,441,528,542,87,14,101,10
passenger1356,22,7,441,443,480,2,37,39,11
passenger1357,18,13,442,555,576,113,21,134,12
passenger1358,9,17,442,457,493,15,36,51,13
passenger1359,15,8,442,457,560,15,103,118,14
passenger1360,6,23,442,451,526,9,75,84,15
passenger1361,5,24,443,492,537,49,45,94,0
passenger1362,12,25,443,495,572,52,77,129,1
passenger1363,9,15,443,519,571,76,52,128,2
passenger1364,16,9,444,473,512,29,39,68,3
passenger1365,6,14,444,444,456,0,12,12,4
passenger1366,17,7,445,503,555,58,52,110,5
passenger1367,20,16,445,445,451,0,6,6,6
passenger1368,5,24,445,515,566,70,51,121,7
passenger1369,2,17,446,492,517,46,25,71,8
passenger1370,11,17,446,469,481,23,12,35,9
passenger1371,20,18,446,473,487,27,14,41,10
passenger1372,17,22,446,460,541,14,81,95,11
passenger1373,18,21,446,555,560,109,5,114,12
passenger1374,11,6,446,453,466,7,13,20,13
passenger1375,6,16,447,564,584,117,20,137,14
passenger1376,14,2,447,465,664,18,199,217,15
passenger1377,6,25,447,489,540,42,51,93,0
passenger1378,19,5,447,458,514,11,56,67,1
passenger1379,2,8,448,540,554,92,14,106,2
passenger1380,22,13,448,485,504,37,19,56,3
passenger1381,20,13,448,472,517,24,45,69,4
passenger1382,13,16,448,451,500,3,49,52,5
passenger1383,24,11,448,617,648,169,31,200,6
passenger1384,15,23,448,483,563,35,80,115,7
passenger1385,10,21,449,474,529,25,55,80,8
passenger1386,14,22,450,476,494,26,18,44,9
passenger1387,12,16,451,453,465,2,12,14,10
passenger1388,9,16,451,476,521,25,45,70,11
passenger1389,9,16,451,480,493,29,13,42,12
passenger1390,20,11,452,500,535,48,35,83,13
passenger1391,11,9,452,497,557,45,60,105,14
passenger1392,19,15,452,478,498,26,20,46,15
passenger1393,13,1,453,476,580,23,104,127,0
passenger1394,3,1,453,526,618,73,92,165,1
passenger1395,22,2,453,456,540,3,84,87,2
passenger1396,2,20,453,529,571,76,42,118,3
passenger1397,14,8,454,456,530,2,74,76,4
passenger1398,16,6,454,500,558,46,58,104,5
passenger1399,5,10,454,474,501,20,27,47,6
passenger1400,23,20,454,463,476,9,13,22,7
passenger1401,5,15,454,485,513,31,28,59,8
passenger1402,23,24,454,497,500,43,3,46,9
passenger1403,20,4,455,473,521,18,48,66,10
passenger1404,7,6,455,480,483,25,3,28,11
passenger1405,4,5,456,461,470,5,9,14,12
passenger1406,8,14,456,460,482,4,22,26,13
passenger1407,10,11,456,500,503,44,3,47,14
passenger1408,7,4,456,548,557,92,9,101,15
passenger1409,25,15,456,540,556,84,16,100,0
passenger1410,6,21,456,511,560,55,49,104,1
passenger1411,21,25,456,465,495,9,30,39,2
passenger1412,4,16,457,523,563,66,40,106,3
passenger1413,25,21,457,581,587,124,6,130,4
passenger1414,6,23,457,466,517,9,51,60,5
passenger1415,11,13,457,460,508,3,48,51,6
passenger1416,14,20,457,486,558,29,72,101,7
passenger1417,4,14,457,488,510,31,22,53,8
passenger1418,21,14,457,491,520,34,29,63,9
passenger1419,7,2,458,512,525,54,13,67,10
passenger1420,14,18,458,465,529,7,64,71,11
passenger1421,14,25,459,503,594,44,91,135,12
passenger1422,16,13,459,490,531,31,41,72,13
passenger1423,2,14,459,608,626,149,18,167,14
passenger1424,5,19,459,554,596,95,42,137,15
passenger1425,5,23,459,492,534,33,42,75,0
passenger1426,8,11,460,505,538,45,33,78,1
passenger1427,4,6,461,534,550,73,16,89,2
passenger1428,24,8,461,581,607,120,26,146,3
passenger1429,13,25,461,517,581,56,64,120,4
passenger1430,16,2,462,500,566,38,66,104,5
passenger1431,9,10,462,552,583,90,31,121,6
passenger1432,7,13,463,509,541,46,32,78,7
passenger1433,10,8,463,474,478,11,4,15,8
passenger1434,11,9,464,469,533,5,64,69,9
passenger1435,6,12,465,515,547,50,32,82,10
passenger1436,24,13,467,545,560,78,15,93,11
passenger1437,15,25,467,500,594,33,94,127,12
passenger1438,16,6,467,490,546,23,56,79,13
passenger1439,10,13,468,500,507,32,7,39,14
passenger1440,12,4,469,503,557,34,54,88,15
passenger1441,3,9,469,496,510,27,14,41,0
passenger1442,23,18,470,472,479,2,7,9,1
passenger1443,22,5,470,488,531,18,43,61,2
passenger1444,11,15,470,508,560,38,52,90,3
passenger1445,11,9,471,523,527,52,4,56,4
passenger1446,2,22,471,476,514,5,38,43,5
passenger1447,24,3,471,617,666,146,49,195,6
passenger1448,11,13,471,495,541,24,46,70,7
passenger1449,20,25,471,526,625,55,99,154,8
passenger1450,11,19,472,529,579,57,50,107,9
passenger1451,24,21,472,571,576,99,5,104,10
passenger1452,8,21,472,507,538,35,31,66,11
passenger1453,11,1,474,486,524,12,38,50,12
passenger1454,19,21,474,497,503,23,6,29,13
passenger1455,9,12,475,557,578,82,21,103,14
passenger1456,10,3,475,507,560,32,53,85,15
passenger1457,25,1,475,540,580,65,40,105,0
passenger1458,14,1,475,491,520,16,29,45,1
passenger1459,18,23,475,480,491,5,11,16,2
passenger1460,17,16,475,476,497,1,21,22,3
passenger1461,21,25,476,483,581,7,98,105,4
passenger1462,22,6,476,514,558,38,44,82,5
passenger1463,15,21,476,512,526,36,14,50,6
passenger1464,8,17,477,506,551,29,45,74,7
passenger1465,1,22,477,583,620,106,37,143,8
passenger1466,16,19,478,516,579,38,63,101,9
passenger1467,21,6,478,478,515,0,37,37,10
passenger1468,12,22,478,515,541,37,26,63,11
passenger1469,5,21,479,532,560,53,28,81,12
passenger1470,8,15,480,542,585,62,43,105,13
passenger1471,13,18,480,493,520,13,27,40,14
passenger1472,21,9,481,484,510,3,26,29,15
passenger1473,5,11,481,492,514,11,22,33,0
passenger1474,16,19,481,485,556,4,71,75,1
passenger1475,19,9,481,483,519,2,36,38,2
passenger1476,24,3,481,581,618,100,37,137,3
passenger1477,3,1,482,539,543,57,4,61,4
passenger1478,24,5,482,520,561,38,41,79,5
passenger1479,16,21,482,515,526,33,11,44,6
passenger1480,20,24,482,558,566,76,8,84,7
passenger1481,2,11,482,492,505,10,13,23,8
passenger1482,13,18,483,523,576,40,53,93,9
passenger1483,16,14,483,491,495,8,4,12,10
passenger1484,8,3,484,571,584,87,13,100,11
passenger1485,11,7,484,486,514,2,28,30,12
passenger1486,14,20,484,484,500,0,16,16,13
passenger1487,14,15,484,490,513,6,23,29,14
passenger1488,2,17,484,664,691,180,27,207,15
passenger1489,11,4,485,514,573,29,59,88,0
passenger1490,6,20,485,605,655,120,50,170,1
passenger1491,23,13,486,491,511,5,20,25,2
passenger1492,25,5,486,654,694,168,40,208,3
passenger1493,8,24,486,530,578,44,48,92,4
passenger1494,5,17,486,561,591,75,30,105,5
passenger1495,6,9,486,493,498,7,5,12,6
passenger1496,12,9,487,492,503,5,11,16,7
passenger1497,22,25,487,532,625,45,93,138,8
passenger1498,13,14,487,523,568,36,45,81,9
passenger1499,2,6,487,525,535,38,10,48,10
passenger1500,1,22,488,494,541,6,47,53,11
passenger1501,6,9,488,517,538,29,21,50,12
passenger1502,22,18,488,506,522,18,16,34,13
passenger1503,16,1,489,516,647,27,131,158,14
passenger1504,15,8,489,498,545,9,47,56,15
passenger1505,19,24,490,526,537,36,11,47,0
passenger1506,7,9,490,508,534,18,26,44,1
passenger1507,9,21,490,519,583,29,64,93,2
passenger1508,2,23,491,529,578,38,49,87,3
passenger1509,20,13,491,496,517,5,21,26,4
passenger1510,15,23,491,497,517,6,20,26,5
passenger1511,20,7,491,533,556,42,23,65,6
passenger1512,2,17,491,522,551,31,29,60,7
passenger1513,4,3,491,496,577,5,81,86,8
passenger1514,25,12,492,503,526,11,23,34,9
passenger1515,17,6,492,554,606,62,52,114,10
passenger1516,3,2,492,498,587,6,89,95,11
passenger1517,9,1,493,538,642,45,104,149,12
passenger1518,11,9,494,535,539,41,4,45,13
passenger1519,14,15,495,510,513,15,3,18,14
passenger1520,8,12,495,545,577,50,32,82,15
passenger1521,2,8,495,499,507,4,8,12,0
passenger1522,25,13,497,572,590,75,18,93,1
passenger1523,24,13,497,498,511,1,13,14,2
passenger1524,4,22,497,523,575,26,52,78,3
passenger1525,11,16,499,523,564,24,41,65,4
passenger1526,17,8,499,533,552,34,19,53,5
passenger1527,19,13,500,522,544,22,22,44,6
passenger1528,10,8,500,500,506,0,6,6,7
passenger1529,19,7,500,523,567,23,44,67,8
passenger1530,4,23,500,544,591,44,47,91,9
passenger1531,9,17,501,508,554,7,46,53,10
passenger1532,18,21,501,529,538,28,9,37,11
passenger1533,16,18,501,551,555,50,4,54,12
passenger1534,21,24,502,503,510,1,7,8,13
passenger1535,2,19,502,608,683,106,75,181,14
passenger1536,5,23,503,564,607,61,43,104,15
passenger1537,2,7,503,577,592,74,15,89,0
passenger1538,5,16,503,514,547,11,33,44,1
passenger1539,1,13,503,543,567,40,24,64,2
passenger1540,25,14,503,654,675,151,21,172,3
passenger1541,12,17,503,520,567,17,47,64,4
passenger1542,14,10,503,540,548,37,8,45,5
passenger1543,15,1,504,512,570,8,58,66,6
passenger1544,7,17,504,509,551,5,42,47,7
passenger1545,9,2,505,561,580,56,19,75,8
passenger1546,4,22,505,544,588,39,44,83,9
passenger1547,9,1,506,508,528,2,20,22,10
passenger1548,19,14,506,532,557,26,25,51,11
passenger1549,12,23,506,507,564,1,57,58,12
passenger1550,8,15,506,542,585,36,43,79,13
passenger1551,19,16,506,523,544,17,21,38,14
passenger1552,6,18,507,551,593,44,42,86,15
passenger1553,19,4,508,526,573,18,47,65,0
passenger1554,5,17,508,608,648,100,40,140,1
passenger1555,3,23,508,537,589,29,52,81,2
passenger1556,3,25,509,526,654,17,128,145,3
passenger1557,17,12,509,511,520,2,9,11,4
passenger1558,7,9,509,555,575,46,20,66,5
passenger1559,19,6,509,536,559,27,23,50,6
passenger1560,14,25,510,544,569,34,25,59,7
passenger1561,7,18,510,567,608,57,41,98,8
passenger1562,5,21,510,541,585,31,44,75,9
passenger1563,5,8,510,518,539,8,21,29,10
passenger1564,12,10,511,563,567,52,4,56,11
passenger1565,5,17,511,630,674,119,44,163,12
passenger1566,1,25,511,559,609,48,50,98,13
passenger1567,2,9,512,608,617,96,9,105,14
passenger1568,24,4,513,616,658,103,42,145,15
passenger1569,2,19,513,577,612,64,35,99,0
passenger1570,2,23,513,523,566,10,43,53,1
passenger1571,12,22,514,514,586,0,72,72,2
passenger1572,7,4,514,516,523,2,7,9,3
passenger1573,25,20,514,581,590,67,9,76,4
passenger1574,23,8,515,517,552,2,35,37,5
passenger1575,11,15,515,548,596,33,48,81,6
passenger1576,12,7,515,538,599,23,61,84,7
passenger1577,10,16,515,655,663,140,8,148,8
passenger1578,1,9,515,551,561,36,10,46,9
passenger1579,8,2,516,539,618,23,79,102,10
passenger1580,4,13,516,581,608,65,27,92,11
passenger1581,3,9,517,528,538,11,10,21,12
passenger1582,15,22,517,527,604,10,77,87,13
passenger1583,3,11,518,605,621,87,16,103,14
passenger1584,3,11,518,560,574,42,14,56,15
passenger1585,13,20,518,518,529,0,11,11,0
passenger1586,12,24,518,541,569,23,28,51,1
passenger1587,4,2,519,534,540,15,6,21,2
passenger1588,1,9,519,532,548,13,16,29,3
passenger1589,5,3,519,535,539,16,4,20,4
passenger1590,6,25,519,558,611,39,53,92,5
passenger1591,21,1,520,526,570,6,44,50,6
passenger1592,23,6,520,563,602,43,39,82,7
passenger1593,11,9,521,557,561,36,4,40,8
passenger1594,11,20,522,529,582,7,53,60,9
passenger1595,18,15,522,557,586,35,29,64,10
passenger1596,16,19,523,523,532,0,9,9,11
passenger1597,5,10,524,630,657,106,27,133,12
passenger1598,3,18,525,553,592,28,39,67,13
passenger1599,11,16,525,553,584,28,31,59,14
passenger1600,15,7,526,536,548,10,12,22,15
passenger1601,4,25,526,573,626,47,53,100,0
passenger1602,8,3,527,601,614,74,13,87,1
passenger1603,8,23,528,554,589,26,35,61,2
passenger1604,7,25,528,542,654,14,112,126,3
passenger1605,12,22,528,556,574,28,18,46,4
passenger1606,17,2,528,533,566,5,33,38,5
passenger1607,13,11,528,544,548,16,4,20,6
passenger1608,6,14,529,530,544,1,14,15,7
passenger1609,3,18,529,577,608,48,31,79,8
passenger1610,21,3,529,585,631,56,46,102,9
passenger1611,12,17,529,547,554,18,7,25,10
passenger1612,2,10,529,587,599,58,12,70,11
passenger1613,7,1,529,626,642,97,16,113,12
passenger1614,21,12,530,601,630,71,29,100,13
passenger1615,19,15,530,539,547,9,8,17,14
passenger1616,22,25,530,604,613,74,9,83,15
passenger1617,16,9,531,553,564,22,11,33,0
passenger1618,11,21,531,538,560,7,22,29,1
passenger1619,11,13,531,563,567,32,4,36,2
passenger1620,5,25,533,538,654,5,116,121,3
passenger1621,17,9,533,567,613,34,46,80,4
passenger1622,15,11,533,537,545,4,8,12,5
passenger1623,4,22,533,565,613,32,48,80,6
passenger1624,23,21,534,563,575,29,12,41,7
passenger1625,10,7,534,655,682,121,27,148,8
passenger1626,2,19,535,548,579,13,31,44,9
passenger1627,9,23,535,542,566,7,24,31,10
passenger1628,22,4,536,541,581,5,40,45,11
passenger1629,23,4,536,564,633,28,69,97,12
passenger1630,13,12,536,579,630,43,51,94,13
passenger1631,24,17,536,786,803,250,17,267,14
passenger1632,22,15,537,604,633,67,29,96,15
passenger1633,21,22,537,546,619,9,73,82,0
passenger1634,22,11,537,563,594,26,31,57,1
passenger1635,10,25,538,560,593,22,33,55,2
passenger1636,19,23,538,568,578,30,10,40,3
passenger1637,15,24,539,561,578,22,17,39,4
passenger1638,18,19,539,594,597,55,3,58,5
passenger1639,5,15,539,562,596,23,34,57,6
passenger1640,19,20,540,555,558,15,3,18,7
passenger1641,24,9,540,540,561,0,21,21,8
passenger1642,8,25,540,618,669,78,51,129,9
passenger1643,25,5,540,665,705,125,40,165,10
passenger1644,10,24,540,567,629,27,62,89,11
passenger1645,5,20,541,630,681,89,51,140,12
passenger1646,3,5,541,553,565,12,12,24,13
passenger1647,20,16,541,686,692,145,6,151,14
passenger1648,14,22,542,583,604,41,21,62,15
passenger1649,8,13,542,567,602,25,35,60,0
passenger1650,16,19,542,547,556,5,9,14,1
passenger1651,9,16,543,557,574,14,17,31,2
passenger1652,12,14,544,553,557,9,4,13,3
passenger1653,22,10,544,574,610,30,36,66,4
passenger1654,17,24,545,591,608,46,17,63,5
passenger1655,20,25,545,607,620,62,13,75,6
passenger1656,15,8,546,547,596,1,49,50,7
passenger1657,25,17,546,625,639,79,14,93,8
passenger1658,7,8,546,621,638,75,17,92,9
passenger1659,7,21,546,603,655,57,52,109,10
passenger1660,3,19,547,584,620,37,36,73,11
passenger1661,14,2,547,547,639,0,92,92,12
passenger1662,16,19,548,588,595,40,7,47,13
passenger1663,19,14,548,683,710,135,27,162,14
passenger1664,9,5,549,570,655,21,85,106,15
passenger1665,1,9,549,580,596,31,16,47,0
passenger1666,16,1,549,549,618,0,69,69,1
passenger1667,25,15,550,593,605,43,12,55,2
passenger1668,8,25,550,607,654,57,47,104,3
passenger1669,5,24,550,621,650,71,29,100,4
passenger1670,8,10,551,552,578,1,26,27,5
passenger1671,11,25,551,586,620,35,34,69,6
passenger1672,7,25,551,599,633,48,34,82,7
passenger1673,9,8,552,561,564,9,3,12,8
passenger1674,16,18,552,572,576,20,4,24,9
passenger1675,9,4,552,597,612,45,15,60,10
passenger1676,10,14,554,567,611,13,44,57,11
passenger1677,2,23,554,639,688,85,49,134,12
passenger1678,1,11,554,559,575,5,16,21,13
passenger1679,20,9,555,702,721,147,19,166,14
passenger1680,13,3,555,580,661,25,81,106,15
passenger1681,20,16,555,615,641,60,26,86,0
passenger1682,22,9,555,563,598,8,35,43,1
passenger1683,2,9,556,636,647,80,11,91,2
passenger1684,4,14,556,615,631,59,16,75,3
passenger1685,4,24,556,690,730,134,40,174,4
passenger1686,16,7,557,588,647,31,59,90,5
passenger1687,24,20,557,617,627,60,10,70,6
passenger1688,11,4,558,591,668,33,77,110,7
passenger1689,9,15,558,676,696,118,20,138,8
passenger1690,20,7,559,582,621,23,39,62,9
passenger1691,19,8,559,560,600,1,40,41,10
passenger1692,7,12,559,574,605,15,31,46,11
passenger1693,5,11,559,630,660,71,30,101,12
passenger1694,9,8,560,571,638,11,67,78,13
passenger1695,20,9,560,738,759,178,21,199,14
passenger1696,18,19,560,593,596,33,3,36,15
passenger1697,17,7,560,608,658,48,50,98,0
passenger1698,21,6,560,560,605,0,45,45,1
passenger1699,7,22,561,625,677,64,52,116,2
passenger1700,9,18,561,604,641,43,37,80,3
passenger1701,2,16,561,770,792,209,22,231,4
passenger1702,22,18,561,604,622,43,18,61,5
passenger1703,15,22,562,596,613,34,17,51,6
passenger1704,8,10,562,596,608,34,12,46,7
passenger1705,2,18,562,580,608,18,28,46,8
passenger1706,19,4,563,579,628,16,49,65,9
passenger1707,17,20,563,582,652,19,70,89,10
passenger1708,6,12,563,577,605,14,28,42,11
passenger1709,23,11,563,564,616,1,52,53,12
passenger1710,19,14,563,595,626,32,31,63,13
passenger1711,17,16,563,677,692,114,15,129,14
passenger1712,17,20,563,590,600,27,10,37,15
passenger1713,23,8,564,622,655,58,33,91,0
passenger1714,24,16,564,569,585,5,16,21,1
passenger1715,15,9,564,571,619,7,48,55,2
passenger1716,11,17,564,600,638,36,38,74,3
passenger1717,10,8,565,610,616,45,6,51,4
passenger1718,21,11,565,601,637,36,36,72,5
passenger1719,17,1,566,600,672,34,72,106,6
passenger1720,2,22,567,674,706,107,32,139,7
passenger1721,4,20,567,574,614,7,40,47,8
passenger1722,23,13,567,591,605,24,14,38,9
passenger1723,23,11,568,568,593,0,25,25,10
passenger1724,24,6,568,629,657,61,28,89,11
passenger1725,11,10,568,616,619,48,3,51,12
passenger1726,20,2,568,598,656,30,58,88,13
passenger1727,21,1,570,775,841,205,66,271,14
passenger1728,8,15,572,648,685,76,37,113,15
passenger1729,4,13,572,573,602,1,29,30,0
passenger1730,25,21,572,572,578,0,6,6,1
passenger1731,1,15,572,712,738,140,26,166,2
passenger1732,15,2,572,592,699,20,107,127,3
passenger1733,17,14,572,595,602,23,7,30,4
passenger1734,18,8,573,594,644,21,50,71,5
passenger1735,7,19,573,578,604,5,26,31,6
passenger1736,19,5,573,579,665,6,86,92,7
passenger1737,6,15,573,592,603,19,11,30,8
passenger1738,21,6,573,585,624,12,39,51,9
passenger1739,6,21,574,606,655,32,49,81,10
passenger1740,18,23,574,617,626,43,9,52,11
passenger1741,20,24,575,585,591,10,6,16,12
passenger1742,5,7,575,647,665,72,18,90,13
passenger1743,6,2,576,598,608,22,10,32,14
passenger1744,20,17,576,600,627,24,27,51,15
passenger1745,3,5,577,584,588,7,4,11,0
passenger1746,5,11,578,608,632,30,24,54,1
passenger1747,12,8,579,612,622,33,10,43,2
passenger1748,24,6,579,581,611,2,30,32,3
passenger1749,15,11,580,599,607,19,8,27,4
passenger1750,10,21,580,580,601,0,21,21,5
passenger1751,25,1,580,620,672,40,52,92,6
passenger1752,12,3,580,588,671,8,83,91,7
passenger1753,11,16,580,651,663,71,12,83,8
passenger1754,11,8,581,609,618,28,9,37,9
passenger1755,8,9,581,600,629,19,29,48,10
passenger1756,10,18,581,599,617,18,18,36,11
passenger1757,3,2,581,636,639,55,3,58,12
passenger1758,13,18,581,581,592,0,11,11,13
passenger1759,7,6,582,595,598,13,3,16,14
passenger1760,16,10,583,587,642,4,55,59,15
passenger1761,19,4,583,612,665,29,53,82,0
passenger1762,4,14,583,611,641,28,30,58,1
passenger1763,10,19,584,616,672,32,56,88,2
passenger1764,13,9,584,596,604,12,8,20,3
passenger1765,4,5,584,690,693,106,3,109,4
passenger1766,19,6,585,597,650,12,53,65,5
passenger1767,13,21,586,592,610,6,18,24,6
passenger1768,23,7,586,627,661,41,34,75,7
passenger1769,3,20,586,587,614,1,27,28,8
passenger1770,18,9,587,598,613,11,15,26,9
passenger1771,15,5,587,587,609,0,22,22,10
passenger1772,18,19,587,617,620,30,3,33,11
passenger1773,8,12,588,623,663,35,40,75,12
passenger1774,9,1,589,635,677,46,42,88,13
passenger1775,4,24,589,602,786,13,184,197,14
passenger1776,12,4,589,638,658,49,20,69,15
passenger1777,2,9,589,671,684,82,13,95,0
passenger1778,25,10,589,666,693,77,27,104,1
passenger1779,25,13,590,593,609,3,16,19,2
passenger1780,20,1,590,645,702,55,57,112,3
passenger1781,1,24,590,821,862,231,41,272,4
passenger1782,24,4,591,608,654,17,46,63,5
passenger1783,17,24,591,600,617,9,17,26,6
passenger1784,24,8,592,630,658,38,28,66,7
passenger1785,21,17,592,617,639,25,22,47,8
passenger1786,24,4,592,666,704,74,38,112,9
passenger1787,16,1,593,642,715,49,73,122,10
passenger1788,9,1,593,596,670,3,74,77,11
passenger1789,12,21,593,613,684,20,71,91,12
passenger1790,17,8,596,621,638,25,17,42,13
passenger1791,11,10,596,621,634,25,13,38,14
passenger1792,19,7,597,597,651,0,54,54,15
passenger1793,3,13,597,668,694,71,26,97,0
passenger1794,21,12,598,658,687,60,29,89,1
passenger1795,6,2,598,628,636,30,8,38,2
passenger1796,24,20,599,657,663,58,6,64,3
passenger1797,4,2,599,690,770,91,80,171,4
passenger1798,4,10,599,654,664,55,10,65,5
passenger1799,21,4,600,610,663,10,53,63,6
passenger1800,21,1,600,623,741,23,118,141,7
passenger1801,19,8,601,611,679,10,68,78,8
passenger1802,25,12,601,669,690,68,21,89,9
passenger1803,7,21,601,603,655,2,52,54,10
passenger1804,11,9,601,602,648,1,46,47,11
passenger1805,19,14,601,602,609,1,7,8,12
passenger1806,17,12,601,621,630,20,9,29,13
passenger1807,2,1,602,608,647,6,39,45,14
passenger1808,1,15,602,785,805,183,20,203,15
passenger1809,13,19,602,602,612,0,10,10,0
passenger1810,23,5,602,662,706,60,44,104,1
passenger1811,24,16,602,763,775,161,12,173,2
passenger1812,14,5,603,631,694,28,63,91,3
passenger1813,5,1,603,621,821,18,200,218,4
passenger1814,17,11,604,625,637,21,12,33,5
passenger1815,5,4,605,660,663,55,3,58,6
passenger1816,2,17,605,674,699,69,25,94,7
passenger1817,18,16,606,608,642,2,34,36,8
passenger1818,3,2,606,631,710,25,79,104,9
passenger1819,3,19,606,615,649,9,34,43,10
passenger1820,19,8,607,620,651,13,31,44,11
passenger1821,2,8,608,639,653,31,14,45,12
passenger1822,21,4,608,615,650,7,35,42,13
passenger1823,20,12,608,738,748,130,10,140,14
passenger1824,4,24,608,658,738,50,80,130,15
passenger1825,13,17,608,646,704,38,58,96,0
passenger1826,3,10,608,614,629,6,15,21,1
passenger1827,16,17,609,662,665,53,3,56,2
passenger1828,2,16,609,699,725,90,26,116,3
passenger1829,24,20,609,650,656,41,6,47,4
passenger1830,6,23,609,650,691,41,41,82,5
passenger1831,18,2,609,633,669,24,36,60,6
passenger1832,4,24,609,668,786,59,118,177,7
passenger1833,6,3,610,707,714,97,7,104,8
passenger1834,12,14,610,644,648,34,4,38,9
passenger1835,15,17,610,639,645,29,6,35,10
passenger1836,25,19,612,718,726,106,8,114,11
passenger1837,1,3,612,642,646,30,4,34,12
passenger1838,1,10,612,677,692,65,15,80,13
passenger1839,9,24,612,617,786,5,169,174,14
passenger1840,10,1,612,642,785,30,143,173,15
passenger1841,23,7,613,622,658,9,36,45,0
passenger1842,23,20,613,662,675,49,13,62,1
passenger1843,23,21,613,760,768,147,8,155,2
passenger1844,4,16,613,615,635,2,20,22,3
passenger1845,11,16,614,631,638,17,7,24,4
passenger1846,19,13,614,619,631,5,12,17,5
passenger1847,8,23,614,655,712,41,57,98,6
passenger1848,17,23,614,617,627,3,10,13,7
passenger1849,6,21,615,707,746,92,39,131,8
passenger1850,9,12,615,615,644,0,29,29,9
passenger1851,22,9,615,658,695,43,37,80,10
passenger1852,7,23,615,654,712,39,58,97,11
passenger1853,25,8,616,694,729,78,35,113,12
passenger1854,8,6,616,638,644,22,6,28,13
passenger1855,1,14,616,647,668,31,21,52,14
passenger1856,7,22,616,651,720,35,69,104,15
passenger1857,5,16,616,662,701,46,39,85,0
passenger1858,13,16,617,638,645,21,7,28,1
passenger1859,3,12,618,633,654,15,21,36,2
passenger1860,16,9,619,635,686,16,51,67,3
passenger1861,22,14,619,646,666,27,20,47,4
passenger1862,10,1,619,640,739,21,99,120,5
passenger1863,5,12,620,660,689,40,29,69,6
passenger1864,11,22,621,651,706,30,55,85,7
passenger1865,20,4,621,634,711,13,77,90,8
passenger1866,15,12,621,651,690,30,39,69,9
passenger1867,3,17,621,621,645,0,24,24,10
passenger1868,14,3,622,641,664,19,23,42,11
passenger1869,12,19,622,663,678,41,15,56,12
passenger1870,9,3,622,635,653,13,18,31,13
passenger1871,6,25,623,640,885,17,245,262,14
passenger1872,16,5,623,630,655,7,25,32,15
passenger1873,13,5,623,646,662,23,16,39,0
passenger1874,12,4,623,635,709,12,74,86,1
passenger1875,16,15,623,662,686,39,24,63,2
passenger1876,16,12,624,635,681,11,46,57,3
passenger1877,8,7,625,626,681,1,55,56,4
passenger1878,6,11,625,650,667,25,17,42,5
passenger1879,12,17,625,645,698,20,53,73,6
passenger1880,2,8,625,674,682,49,8,57,7
passenger1881,22,23,626,630,752,4,122,126,8
passenger1882,24,8,626,666,698,40,32,72,9
passenger1883,4,5,626,708,721,82,13,95,10
passenger1884,4,24,626,661,715,35,54,89,11
passenger1885,23,21,626,688,700,62,12,74,12
passenger1886,19,9,626,709,727,83,18,101,13
passenger1887,12,22,627,630,778,3,148,151,14
passenger1888,21,13,628,723,759,95,36,131,15
passenger1889,21,9,628,632,652,4,20,24,0
passenger1890,11,21,629,632,658,3,26,29,1
passenger1891,10,19,629,650,672,21,22,43,2
passenger1892,12,8,630,681,689,51,8,59,3
passenger1893,6,16,630,684,712,54,28,82,4
passenger1894,12,10,630,634,640,4,6,10,5
passenger1895,19,1,630,630,672,0,42,42,6
passenger1896,3,25,631,671,789,40,118,158,7
passenger1897,17,14,631,639,646,8,7,15,8
passenger1898,1,15,631,713,735,82,22,104,9
passenger1899,11,15,631,633,639,2,6,8,10
passenger1900,2,14,631,667,689,36,22,58,11
passenger1901,15,8,631,668,729,37,61,98,12
passenger1902,2,25,631,656,759,25,103,128,13
passenger1903,18,16,632,680,692,48,12,60,14
passenger1904,20,17,632,726,751,94,25,119,15
passenger1905,4,12,632,665,691,33,26,59,0
passenger1906,23,8,632,662,699,30,37,67,1
passenger1907,25,2,633,786,829,153,43,196,2
passenger1908,9,16,633,686,725,53,39,92,3
passenger1909,5,6,633,687,696,54,9,63,4
passenger1910,17,8,634,679,722,45,43,88,5
passenger1911,22,8,634,709,735,75,26,101,6
passenger1912,14,9,635,646,655,11,9,20,7
passenger1913,9,17,635,676,734,41,58,99,8
passenger1914,8,4,635,638,704,3,66,69,9
passenger1915,7,24,636,699,763,63,64,127,10
passenger1916,7,10,636,654,683,18,29,47,11
passenger1917,16,3,636,671,738,35,67,102,12
passenger1918,7,5,636,641,647,5,6,11,13
passenger1919,24,19,637,786,797,149,11,160,14
passenger1920,7,16,638,675,688,37,13,50,15
passenger1921,17,22,638,638,719,0,81,81,0
passenger1922,4,19,639,709,736,70,27,97,1
passenger1923,5,15,639,641,659,2,18,20,2
passenger1924,22,2,639,649,699,10,50,60,3
passenger1925,4,21,639,690,725,51,35,86,4
passenger1926,1,18,639,739,758,100,19,119,5
passenger1927,13,9,641,642,652,1,10,11,6
passenger1928,22,9,641,706,725,65,19,84,7
passenger1929,1,4,641,792,799,151,7,158,8
passenger1930,3,25,642,707,761,65,54,119,9
passenger1931,15,17,642,683,744,41,61,102,10
passenger1932,6,22,642,657,709,15,52,67,11
passenger1933,19,12,642,678,717,36,39,75,12
passenger1934,18,14,642,706,716,64,10,74,13
passenger1935,10,15,642,660,671,18,11,29,14
passenger1936,9,24,642,645,738,3,93,96,15
passenger1937,18,19,643,707,710,64,3,67,0
passenger1938,18,12,644,651,687,7,36,43,1
passenger1939,24,6,644,763,817,119,54,173,2
passenger1940,15,2,646,672,699,26,27,53,3
passenger1941,8,15,646,678,709,32,31,63,4
passenger1942,13,24,647,671,776,24,105,129,5
passenger1943,16,11,647,695,730,48,35,83,6
passenger1944,11,16,647,651,696,4,45,49,7
passenger1945,20,7,647,743,780,96,37,133,8
passenger1946,15,1,647,651,713,4,62,66,9
passenger1947,23,15,648,661,683,13,22,35,10
passenger1948,7,16,648,654,695,6,41,47,11
passenger1949,17,23,649,674,688,25,14,39,12
passenger1950,1,11,649,677,695,28,18,46,13
passenger1951,5,15,649,653,671,4,18,22,14
passenger1952,13,12,649,697,700,48,3,51,15
passenger1953,25,14,649,726,743,77,17,94,0
passenger1954,11,2,650,690,763,40,73,113,1
passenger1955,8,23,651,697,760,46,63,109,2
passenger1956,12,23,651,681,742,30,61,91,3
passenger1957,14,11,652,666,673,14,7,21,4
passenger1958,14,2,652,674,736,22,62,84,5
passenger1959,2,12,652,669,689,17,20,37,6
passenger1960,15,14,652,693,716,41,23,64,7
passenger1961,11,8,652,652,679,0,27,27,8
passenger1962,18,16,652,656,682,4,26,30,9
passenger1963,2,12,653,712,735,59,23,82,10
passenger1964,18,20,653,699,705,46,6,52,11
passenger1965,8,24,653,653,691,0,38,38,12
passenger1966,17,11,653,703,723,50,20,70,13
passenger1967,16,22,653,674,778,21,104,125,14
passenger1968,6,4,653,672,778,19,106,125,15
passenger1969,12,3,653,691,768,38,77,115,0
passenger1970,21,25,654,658,666,4,8,12,1
passenger1971,16,25,654,662,786,8,124,132,2
passenger1972,2,16,654,699,725,45,26,71,3
passenger1973,12,7,654,670,681,16,11,27,4
passenger1974,8,14,655,660,674,5,14,19,5
passenger1975,17,5,655,698,740,43,42,85,6
passenger1976,16,24,656,696,786,40,90,130,7
passenger1977,1,22,656,792,837,136,45,181,8
passenger1978,16,9,656,682,695,26,13,39,9
passenger1979,19,16,656,675,680,19,5,24,10
passenger1980,20,3,656,705,762,49,57,106,11
passenger1981,2,17,657,741,768,84,27,111,12
passenger1982,8,6,657,688,794,31,106,137,13
passenger1983,11,19,658,663,683,5,20,25,14
passenger1984,5,25,658,669,831,11,162,173,15
passenger1985,11,4,658,688,765,30,77,107,0
passenger1986,2,22,658,763,791,105,28,133,1
passenger1987,3,11,658,706,730,48,24,72,2
passenger1988,17,13,658,668,678,10,10,20,3
passenger1989,7,3,658,681,767,23,86,109,4
passenger1990,18,13,659,682,711,23,29,52,5
passenger1991,2,5,659,669,678,10,9,19,6
passenger1992,15,5,659,693,735,34,42,76,7
passenger1993,10,4,659,673,711,14,38,52,8
passenger1994,20,16,659,660,682,1,22,23,9
passenger1995,20,2,659,672,712,13,40,53,10
passenger1996,10,7,659,683,754,24,71,95,11
passenger1997,16,21,659,671,684,12,13,25,12
passenger1998,6,20,660,662,746,2,84,86,13
passenger1999,15,21,660,671,775,11,104,115,14
passenger2000,3,25,661,661,831,0,170,170,15
passenger2001,11,8,661,688,757,27,69,96,0
passenger2002,5,25,661,706,800,45,94,139,1
passenger2003,23,4,662,760,823,98,63,161,2
passenger2004,12,19,662,681,732,19,51,70,3
passenger2005,15,5,662,663,687,1,24,25,4
passenger2006,10,8,663,664,722,1,58,59,5
passenger2007,25,6,663,774,811,111,37,148,6
passenger2008,18,23,663,774,783,111,9,120,7
passenger2009,20,4,663,743,785,80,42,122,8
passenger2010,4,20,664,704,748,40,44,84,9
passenger2011,19,11,664,675,691,11,16,27,10
passenger2012,14,1,664,689,768,25,79,104,11
passenger2013,8,14,664,729,761,65,32,97,12
passenger2014,4,2,664,670,674,6,4,10,13
passenger2015,6,25,665,830,885,165,55,220,14
passenger2016,18,24,665,730,738,65,8,73,15
passenger2017,7,15,665,680,698,15,18,33,0
passenger2018,23,9,666,670,696,4,26,30,1
passenger2019,17,18,666,666,669,0,3,3,2
passenger2020,21,25,666,738,748,72,10,82,3
passenger2021,16,15,667,712,747,45,35,80,4
passenger2022,22,18,667,688,700,21,12,33,5
passenger2023,10,16,667,685,695,18,10,28,6
passenger2024,14,6,667,690,732,23,42,65,7
passenger2025,13,16,668,668,731,0,63,63,8
passenger2026,23,15,668,673,685,5,12,17,9
passenger2027,5,25,668,705,766,37,61,98,10
passenger2028,15,8,668,692,751,24,59,83,11
passenger2029,19,10,668,678,723,10,45,55,12
passenger2030,10,21,669,692,749,23,57,80,13
passenger2031,22,14,669,778,812,109,34,143,14
passenger2032,10,22,669,706,720,37,14,51,15
passenger2033,5,19,669,676,710,7,34,41,0
passenger2034,15,22,670,682,791,12,109,121,1
passenger2035,11,21,670,692,754,22,62,84,2
passenger2036,1,19,670,702,732,32,30,62,3
passenger2037,2,17,670,770,843,100,73,173,4
passenger2038,5,25,670,729,779,59,50,109,5
passenger2039,20,3,671,703,820,32,117,149,6
passenger2040,23,7,671,783,821,112,38,150,7
passenger2041,14,3,671,693,714,22,21,43,8
passenger2042,3,7,672,707,721,35,14,49,9
passenger2043,14,22,672,686,757,14,71,85,10
passenger2044,5,19,673,676,702,3,26,29,11
passenger2045,1,8,673,798,809,125,11,136,12
passenger2046,5,4,674,683,800,9,117,126,13
passenger2047,15,23,674,713,783,39,70,109,14
passenger2048,17,22,674,691,720,17,29,46,15
passenger2049,15,2,674,698,771,24,73,97,0
passenger2050,9,21,675,696,788,21,92,113,1
passenger2051,2,3,675,709,716,34,7,41,2
passenger2052,21,2,675,738,793,63,55,118,3
passenger2053,24,19,676,730,737,54,7,61,4
passenger2054,17,14,676,679,708,3,29,32,5
passenger2055,3,11,677,820,838,143,18,161,6
passenger2056,21,23,677,779,783,102,4,106,7
passenger2057,12,21,677,689,746,12,57,69,8
passenger2058,20,2,678,748,811,70,63,133,9
passenger2059,16,14,678,680,686,2,6,8,10
passenger2060,20,23,679,705,712,26,7,33,11
passenger2061,14,9,679,711,726,32,15,47,12
passenger2062,25,18,680,759,768,79,9,88,13
passenger2063,17,3,680,695,837,15,142,157,14
passenger2064,11,5,680,703,775,23,72,95,15
passenger2065,13,21,681,694,716,13,22,35,0
passenger2066,6,25,681,703,800,22,97,119,1
passenger2067,4,3,682,703,706,21,3,24,2
passenger2068,25,3,683,748,790,65,42,107,3
passenger2069,19,20,683,719,722,36,3,39,4
passenger2070,9,2,683,717,736,34,19,53,5
passenger2071,8,2,684,735,851,51,116,167,6
passenger2072,17,23,684,699,783,15,84,99,7
passenger2073,25,21,684,844,850,160,6,166,8
passenger2074,20,23,684,748,757,64,9,73,9
passenger2075,20,17,684,751,776,67,25,92,10
passenger2076,25,9,684,718,748,34,30,64,11
passenger2077,11,23,684,720,842,36,122,158,12
passenger2078,8,4,684,688,800,4,112,116,13
passenger2079,7,15,685,827,865,142,38,180,14
passenger2080,23,4,686,741,778,55,37,92,15
passenger2081,18,20,686,707,713,21,6,27,0
passenger2082,23,19,686,794,812,108,18,126,1
passenger2083,4,13,686,703,734,17,31,48,2
passenger2084,24,23,686,745,752,59,7,66,3
passenger2085,16,25,687,712,865,25,153,178,4
passenger2086,17,2,687,703,736,16,33,49,5
passenger2087,23,5,688,712,740,24,28,52,6
passenger2088,10,6,688,760,824,72,64,136,7
passenger2089,18,1,688,737,792,49,55,104,8
passenger2090,17,22,688,739,754,51,15,66,9
passenger2091,20,8,689,751,797,62,46,108,10
passenger2092,23,10,690,712,745,22,33,55,11
passenger2093,18,13,690,705,714,15,9,24,12
passenger2094,2,1,691,806,809,115,3,118,13
passenger2095,5,24,691,847,882,156,35,191,14
passenger2096,24,11,691,738,763,47,25,72,15
passenger2097,25,2,691,726,771,35,45,80,0
passenger2098,25,6,691,800,843,109,43,152,1
passenger2099,1,19,692,712,748,20,36,56,2
passenger2100,10,8,692,715,779,23,64,87,3
passenger2101,19,9,693,719,757,26,38,64,4
passenger2102,19,5,693,697,729,4,32,36,5
passenger2103,3,9,693,820,832,127,12,139,6
passenger2104,16,6,693,770,824,77,54,131,7
passenger2105,4,19,693,711,740,18,29,47,8
passenger2106,13,11,693,731,788,38,57,95,9
passenger2107,6,1,693,702,715,9,13,22,10
passenger2108,2,18,693,765,801,72,36,108,11
passenger2109,3,7,694,738,750,44,12,56,12
passenger2110,23,9,695,755,785,60,30,90,13
passenger2111,19,9,696,699,721,3,22,25,14
passenger2112,24,21,696,738,745,42,7,49,15
passenger2113,12,18,697,749,797,52,48,100,0
passenger2114,11,24,698,718,797,20,79,99,1
passenger2115,9,21,698,724,754,26,30,56,2
passenger2116,16,17,700,725,728,25,3,28,3
passenger2117,9,21,700,701,725,1,24,25,4
passenger2118,19,21,700,761,767,61,6,67,5
passenger2119,21,4,701,706,817,5,111,116,6
passenger2120,22,7,701,706,729,5,23,28,7
passenger2121,25,14,701,844,865,143,21,164,8
passenger2122,9,6,702,725,801,23,76,99,9
passenger2123,10,1,702,731,812,29,81,110,10
passenger2124,18,17,702,729,732,27,3,30,11
passenger2125,14,10,702,711,723,9,12,21,12
passenger2126,19,22,702,709,752,7,43,50,13
passenger2127,3,10,702,837,854,135,17,152,14
passenger2128,25,22,703,831,836,128,5,133,15
passenger2129,25,5,703,726,762,23,36,59,0
passenger2130,12,4,704,721,759,17,38,55,1
passenger2131,22,13,704,757,804,53,47,100,2
passenger2132,7,3,704,710,790,6,80,86,3
passenger2133,19,21,704,737,855,33,118,151,4
passenger2134,22,25,704,770,779,66,9,75,5
passenger2135,21,20,706,706,717,0,11,11,6
passenger2136,21,25,706,795,859,89,64,153,7
passenger2137,12,19,706,725,740,19,15,34,8
passenger2138,21,3,707,751,808,44,57,101,9
passenger2139,18,9,707,747,794,40,47,87,10
passenger2140,4,5,708,759,774,51,15,66,11
passenger2141,3,23,709,738,842,29,104,133,12
passenger2142,20,3,709,746,803,37,57,94,13
passenger2143,16,17,709,730,733,21,3,24,14
passenger2144,13,16,709,759,808,50,49,99,15
passenger2145,23,13,710,722,746,12,24,36,0
passenger2146,17,15,710,732,742,22,10,32,1
passenger2147,10,23,710,727,760,17,33,50,2
passenger2148,11,20,710,718,735,8,17,25,3
passenger2149,16,18,710,712,716,2,4,6,4
passenger2150,20,19,710,764,789,54,25,79,5
passenger2151,15,16,711,724,757,13,33,46,6
passenger2152,13,9,711,719,725,8,6,14,7
passenger2153,19,22,712,740,749,28,9,37,8
passenger2154,18,20,712,742,748,30,6,36,9
passenger2155,21,10,713,754,791,41,37,78,10
passenger2156,2,9,713,765,782,52,17,69,11
passenger2157,19,21,714,832,836,118,4,122,12
passenger2158,13,20,714,719,746,5,27,32,13
passenger2159,2,17,715,930,953,215,23,238,14
passenger2160,17,13,716,751,759,35,8,43,15
passenger2161,18,13,716,737,746,21,9,30,0
passenger2162,14,16,717,725,729,8,4,12,1
passenger2163,20,7,718,751,814,33,63,96,2
passenger2164,8,11,719,779,808,60,29,89,3
passenger2165,6,9,719,762,781,43,19,62,4
passenger2166,9,8,719,719,722,0,3,3,5
passenger2167,11,13,721,730,750,9,20,29,6
passenger2168,18,8,721,774,818,53,44,97,7
passenger2169,22,12,722,749,773,27,24,51,8
passenger2170,19,3,722,745,808,23,63,86,9
passenger2171,5,12,722,722,735,0,13,13,10
passenger2172,10,13,722,745,788,23,43,66,11
passenger2173,4,12,722,735,757,13,22,35,12
passenger2174,18,19,723,740,743,17,3,20,13
passenger2175,7,9,723,915,941,192,26,218,14
passenger2176,14,13,723,756,759,33,3,36,15
passenger2177,20,10,723,733,753,10,20,30,0
passenger2178,17,23,724,732,794,8,62,70,1
passenger2179,8,21,724,811,864,87,53,140,2
passenger2180,9,17,724,776,824,52,48,100,3
passenger2181,16,14,724,744,750,20,6,26,4
passenger2182,6,3,725,726,733,1,7,8,5
passenger2183,23,22,725,770,779,45,9,54,6
passenger2184,23,13,725,783,807,58,24,82,7
passenger2185,23,12,726,752,773,26,21,47,8
passenger2186,2,5,726,811,816,85,5,90,9
passenger2187,7,10,726,726,731,0,5,5,10
passenger2188,24,9,727,817,845,90,28,118,11
passenger2189,16,7,727,765,786,38,21,59,12
passenger2190,17,15,728,737,775,9,38,47,13
passenger2191,4,12,729,834,858,105,24,129,14
passenger2192,3,23,729,781,827,52,46,98,15
passenger2193,18,24,730,797,813,67,16,83,0
passenger2194,22,6,730,791,843,61,52,113,1
passenger2195,18,3,731,745,826,14,81,95,2
passenger2196,25,20,731,748,757,17,9,26,3
passenger2197,18,25,731,740,865,9,125,134,4
passenger2198,22,3,731,770,821,39,51,90,5
passenger2199,1,25,731,854,903,123,49,172,6
passenger2200,7,11,732,753,763,21,10,31,7
passenger2201,2,16,732,789,821,57,32,89,8
passenger2202,21,22,732,751,754,19,3,22,9
passenger2203,15,17,732,740,744,8,4,12,10
passenger2204,13,12,733,738,741,5,3,8,11
passenger2205,14,24,734,761,845,27,84,111,12
passenger2206,7,12,735,791,826,56,35,91,13
passenger2207,16,15,735,806,809,71,3,74,14
passenger2208,1,8,735,785,794,50,9,59,15
passenger2209,17,18,736,794,797,58,3,61,0
passenger2210,19,25,736,736,800,0,64,64,1
passenger2211,17,15,737,742,800,5,58,63,2
passenger2212,9,10,737,776,805,39,29,68,3
passenger2213,21,12,737,855,892,118,37,155,4
passenger2214,18,4,737,758,818,21,60,81,5
passenger2215,4,6,737,817,825,80,8,88,6
passenger2216,5,16,738,749,770,11,21,32,7
passenger2217,16,14,738,763,767,25,4,29,8
passenger2218,8,15,738,795,832,57,37,94,9
passenger2219,3,12,740,806,829,66,23,89,10
passenger2220,4,2,740,759,765,19,6,25,11
passenger2221,5,3,740,746,794,6,48,54,12
passenger2222,12,14,740,780,832,40,52,92,13
passenger2223,16,11,741,806,819,65,13,78,14
passenger2224,5,1,741,775,785,34,10,44,15
passenger2225,18,25,741,797,816,56,19,75,0
passenger2226,8,6,742,751,755,9,4,13,1
passenger2227,8,6,742,811,817,69,6,75,2
passenger2228,6,13,743,785,814,42,29,71,3
passenger2229,20,18,743,852,878,109,26,135,4
passenger2230,24,9,744,776,807,32,31,63,5
passenger2231,13,10,744,750,799,6,49,55,6
passenger2232,2,10,744,744,760,0,16,16,7
passenger2233,7,12,744,780,813,36,33,69,8
passenger2234,4,19,744,805,840,61,35,96,9
passenger2235,22,25,744,757,766,13,9,22,10
passenger2236,3,25,744,762,869,18,107,125,11
passenger2237,22,15,744,839,858,95,19,114,12
passenger2238,9,13,745,785,829,40,44,84,13
passenger2239,14,22,745,752,778,7,26,33,14
passenger2240,14,1,746,802,875,56,73,129,15
passenger2241,18,20,747,797,803,50,6,56,0
passenger2242,8,3,747,837,852,90,15,105,1
passenger2243,4,22,747,823,867,76,44,120,2
passenger2244,12,14,748,771,817,23,46,69,3
passenger2245,25,2,748,865,918,117,53,170,4
passenger2246,6,21,748,814,847,66,33,99,5
passenger2247,14,1,748,753,854,5,101,106,6
passenger2248,18,4,749,774,894,25,120,145,7
passenger2249,20,21,749,757,834,8,77,85,8
passenger2250,12,7,749,785,798,36,13,49,9
passenger2251,23,14,750,760,783,10,23,33,10
passenger2252,16,4,750,795,914,45,119,164,11
passenger2253,16,15,750,765,772,15,7,22,12
passenger2254,8,20,750,788,842,38,54,92,13
passenger2255,4,18,751,834,872,83,38,121,14
passenger2256,25,15,751,831,847,80,16,96,15
passenger2257,3,14,751,768,789,17,21,38,0
passenger2258,14,7,752,825,840,73,15,88,1
passenger2259,16,7,752,775,814,23,39,62,2
passenger2260,14,15,752,767,820,15,53,68,3
passenger2261,17,20,752,843,852,91,9,100,4
passenger2262,23,20,752,773,786,21,13,34,5
passenger2263,20,22,753,763,767,10,4,14,6
passenger2264,7,8,753,753,756,0,3,3,7
passenger2265,14,12,753,767,773,14,6,20,8
passenger2266,18,1,754,772,872,18,100,118,9
passenger2267,4,19,754,803,846,49,43,92,10
passenger2268,21,8,754,810,902,56,92,148,11
passenger2269,8,15,755,783,822,28,39,67,12
passenger2270,12,5,755,780,797,25,17,42,13
passenger2271,13,21,756,765,775,9,10,19,14
passenger2272,19,21,756,817,821,61,4,65,15
passenger2273,17,22,756,794,807,38,13,51,0
passenger2274,7,2,756,772,855,16,83,99,1
passenger2275,3,25,757,826,874,69,48,117,2
passenger2276,17,7,758,762,782,4,20,24,3
passenger2277,22,8,758,858,900,100,42,142,4
passenger2278,15,7,758,797,811,39,14,53,5
passenger2279,3,7,758,820,828,62,8,70,6
passenger2280,6,14,759,824,840,65,16,81,7
passenger2281,1,6,759,792,803,33,11,44,8
passenger2282,15,10,760,777,791,17,14,31,9
passenger2283,16,17,760,779,840,19,61,80,10
passenger2284,25,21,760,869,875,109,6,115,11
passenger2285,6,18,760,789,829,29,40,69,12
passenger2286,16,15,760,772,775,12,3,15,13
passenger2287,20,4,760,794,834,34,40,74,14
passenger2288,10,21,760,766,821,6,55,61,15
passenger2289,23,1,760,810,854,50,44,94,0
passenger2290,12,7,761,829,840,68,11,79,1
passenger2291,5,2,761,820,829,59,9,68,2
passenger2292,14,17,761,767,824,6,57,63,3
passenger2293,14,10,762,788,802,26,14,40,4
passenger2294,20,17,762,764,793,2,29,31,5
passenger2295,23,9,762,770,802,8,32,40,6
passenger2296,6,12,763,824,834,61,10,71,7
passenger2297,13,12,763,770,773,7,3,10,8
passenger2298,21,2,764,767,811,3,44,47,9
passenger2299,14,11,764,783,788,19,5,24,10
passenger2300,6,17,764,777,798,13,21,34,11
passenger2301,21,14,765,836,861,71,25,96,12
passenger2302,3,2,765,803,806,38,3,41,13
passenger2303,11,17,766,819,869,53,50,103,14
passenger2304,8,22,766,770,824,4,54,58,15
passenger2305,1,2,767,854,857,87,3,90,0
passenger2306,4,25,767,767,800,0,33,33,1
passenger2307,13,4,767,804,823,37,19,56,2
passenger2308,8,25,767,801,842,34,41,75,3
passenger2309,18,6,767,846,906,79,60,139,4
passenger2310,7,2,767,811,874,44,63,107,5
passenger2311,20,4,767,783,817,16,34,50,6
passenger2312,8,9,767,818,829,51,11,62,7
passenger2313,16,20,768,821,831,53,10,63,8
passenger2314,8,10,769,795,823,26,28,54,9
passenger2315,10,2,769,791,809,22,18,40,10
passenger2316,19,14,769,804,833,35,29,64,11
passenger2317,12,25,769,777,876,8,99,107,12
passenger2318,5,25,770,797,857,27,60,87,13
passenger2319,18,6,770,800,830,30,30,60,14
passenger2320,17,19,770,811,817,41,6,47,15
passenger2321,10,9,770,781,838,11,57,68,0
passenger2322,21,5,770,788,846,18,58,76,1
passenger2323,1,17,770,924,952,154,28,182,2
passenger2324,23,13,770,836,862,66,26,92,3
passenger2325,4,14,770,774,788,4,14,18,4
passenger2326,7,21,771,811,847,40,36,76,5
passenger2327,16,9,772,789,802,17,13,30,6
passenger2328,16,17,773,802,845,29,43,72,7
passenger2329,17,10,773,824,879,51,55,106,8
passenger2330,15,2,773,777,811,4,34,38,9
passenger2331,11,10,773,788,791,15,3,18,10
passenger2332,14,24,773,791,817,18,26,44,11
passenger2333,24,13,773,845,892,72,47,119,12
passenger2334,17,3,774,837,903,63,66,129,13
passenger2335,13,18,774,815,872,41,57,98,14
passenger2336,18,25,774,814,831,40,17,57,15
passenger2337,12,23,775,785,810,10,25,35,0
passenger2338,25,15,775,800,822,25,22,47,1
passenger2339,3,10,775,826,839,51,13,64,2
passenger2340,20,15,775,829,856,54,27,81,3
passenger2341,24,21,776,862,873,86,11,97,4
passenger2342,2,22,776,874,905,98,31,129,5
passenger2343,9,21,777,802,893,25,91,116,6
passenger2344,13,12,778,807,810,29,3,32,7
passenger2345,2,3,778,789,796,11,7,18,8
passenger2346,15,14,778,778,781,0,3,3,9
passenger2347,4,13,779,803,832,24,29,53,10
passenger2348,2,4,779,918,922,139,4,143,11
passenger2349,13,16,780,818,825,38,7,45,12
passenger2350,17,25,780,837,857,57,20,77,13
passenger2351,22,10,780,780,822,0,42,42,14
passenger2352,20,3,780,840,869,60,29,89,15
passenger2353,22,10,782,807,835,25,28,53,0
passenger2354,20,25,782,809,904,27,95,122,1
passenger2355,18,24,782,795,871,13,76,89,2
passenger2356,1,5,783,892,898,109,6,115,3
passenger2357,16,14,783,792,796,9,4,13,4
passenger2358,4,18,783,818,842,35,24,59,5
passenger2359,2,25,784,851,903,67,52,119,6
passenger2360,4,12,784,894,910,110,16,126,7
passenger2361,21,13,784,834,868,50,34,84,8
passenger2362,19,18,785,840,843,55,3,58,9
passenger2363,24,12,785,859,875,74,16,90,10
passenger2364,25,13,785,869,893,84,24,108,11
passenger2365,23,19,785,842,852,57,10,67,12
passenger2366,4,17,786,800,837,14,37,51,13
passenger2367,22,4,786,790,834,4,44,48,14
passenger2368,21,3,787,821,869,34,48,82,15
passenger2369,22,20,787,807,823,20,16,36,0
passenger2370,4,19,788,849,888,61,39,100,1
passenger2371,3,15,788,826,848,38,22,60,2
passenger2372,24,6,789,839,879,50,40,90,3
passenger2373,5,11,789,811,833,22,22,44,4
passenger2374,10,2,789,804,874,15,70,85,5
passenger2375,12,7,789,795,808,6,13,19,6
passenger2376,4,7,789,894,901,105,7,112,7
passenger2377,1,23,790,792,840,2,48,50,8
passenger2378,25,10,791,926,949,135,23,158,9
passenger2379,22,12,792,855,875,63,20,83,10
passenger2380,23,5,792,814,911,22,97,119,11
passenger2381,8,19,792,809,832,17,23,40,12
passenger2382,6,21,792,794,845,2,51,53,13
passenger2383,11,12,792,819,858,27,39,66,14
passenger2384,20,1,793,840,875,47,35,82,15
passenger2385,19,20,793,800,803,7,3,10,0
passenger2386,21,25,794,806,904,12,98,110,1
passenger2387,20,14,794,861,891,67,30,97,2
passenger2388,12,10,794,811,871,17,60,77,3
passenger2389,21,10,794,873,896,79,23,102,4
passenger2390,15,3,795,797,821,2,24,26,5
passenger2391,8,7,796,805,808,9,3,12,6
passenger2392,11,13,796,813,837,17,24,41,7
passenger2393,18,11,796,827,876,31,49,80,8
passenger2394,4,14,797,805,829,8,24,32,9
passenger2395,2,22,798,809,855,11,46,57,10
passenger2396,20,6,798,807,908,9,101,110,11
passenger2397,7,1,798,806,920,8,114,122,12
passenger2398,10,1,798,820,909,22,89,111,13
passenger2399,24,4,798,882,924,84,42,126,14
passenger2400,17,15,799,811,847,12,36,48,15
passenger2401,6,21,799,843,897,44,54,98,0
passenger2402,3,23,799,852,898,53,46,99,1
passenger2403,19,16,799,858,885,59,27,86,2
passenger2404,22,11,799,833,868,34,35,69,3
passenger2405,8,4,799,806,814,7,8,15,4
passenger2406,24,11,799,911,932,112,21,133,5
passenger2407,21,9,801,893,931,92,38,130,6
passenger2408,24,22,802,856,864,54,8,62,7
passenger2409,8,13,803,807,816,4,9,13,8
passenger2410,20,6,803,903,957,100,54,154,9
passenger2411,1,8,803,812,823,9,11,20,10
passenger2412,15,4,804,830,914,26,84,110,11
passenger2413,9,23,804,812,842,8,30,38,12
passenger2414,2,11,805,806,823,1,17,18,13
passenger2415,1,5,805,841,847,36,6,42,14
passenger2416,3,21,806,869,915,63,46,109,15
passenger2417,4,14,806,847,877,41,30,71,0
passenger2418,18,16,806,815,819,9,4,13,1
passenger2419,17,9,806,854,904,48,50,98,2
passenger2420,23,2,807,836,889,29,53,82,3
passenger2421,3,22,807,817,858,10,41,51,4
passenger2422,2,5,807,874,880,67,6,73,5
passenger2423,5,1,808,814,854,6,40,46,6
passenger2424,3,15,809,923,937,114,14,128,7
passenger2425,17,3,809,824,894,15,70,85,8
passenger2426,24,3,810,923,964,113,41,154,9
passenger2427,18,21,810,843,852,33,9,42,10
passenger2428,14,13,811,833,836,22,3,25,11
passenger2429,3,7,811,914,932,103,18,121,12
passenger2430,22,9,811,848,887,37,39,76,13
passenger2431,1,19,811,971,993,160,22,182,14
passenger2432,18,2,811,814,872,3,58,61,15
passenger2433,2,3,812,851,860,39,9,48,0
passenger2434,2,16,812,855,881,43,26,69,1
passenger2435,4,16,813,823,851,10,28,38,2
passenger2436,5,25,813,882,946,69,64,133,3
passenger2437,19,10,813,849,896,36,47,83,4
passenger2438,11,2,813,833,874,20,41,61,5
passenger2439,2,14,813,851,880,38,29,67,6
passenger2440,1,16,814,955,972,141,17,158,7
passenger2441,10,4,815,879,891,64,12,76,8
passenger2442,14,19,815,829,840,14,11,25,9
passenger2443,5,14,816,818,835,2,17,19,10
passenger2444,22,7,817,821,905,4,84,88,11
passenger2445,21,19,817,836,852,19,16,35,12
passenger2446,11,23,818,823,851,5,28,33,13
passenger2447,25,6,818,885,918,67,33,100,14
passenger2448,25,1,819,831,875,12,44,56,15
passenger2449,4,2,819,847,851,28,4,32,0
passenger2450,10,24,819,833,901,14,68,82,1
passenger2451,16,3,820,851,918,31,67,98,2
passenger2452,13,10,820,862,871,42,9,51,3
passenger2453,12,7,820,836,903,16,67,83,4
passenger2454,6,24,820,826,911,6,85,91,5
passenger2455,14,11,820,880,925,60,45,105,6
passenger2456,2,20,820,952,980,132,28,160,7
passenger2457,12,10,820,871,879,51,8,59,8
passenger2458,17,4,821,836,867,15,31,46,9
passenger2459,14,22,822,835,855,13,20,33,10
passenger2460,12,1,823,839,927,16,88,104,11
passenger2461,6,2,824,909,917,85,8,93,12
passenger2462,13,10,824,829,884,5,55,60,13
passenger2463,4,18,824,924,990,100,66,166,14
passenger2464,5,9,825,865,891,40,26,66,15
passenger2465,25,2,826,907,948,81,41,122,0
passenger2466,7,8,826,840,865,14,25,39,1
passenger2467,13,7,826,844,908,18,64,82,2
passenger2468,25,1,826,842,892,16,50,66,3
passenger2469,24,14,827,868,888,41,20,61,4
passenger2470,1,3,827,950,954,123,4,127,5
passenger2471,3,8,827,848,868,21,20,41,6
passenger2472,9,17,827,829,845,2,16,18,7
passenger2473,8,19,828,883,920,55,37,92,8
passenger2474,8,7,828,859,862,31,3,34,9
passenger2475,7,9,828,882,886,54,4,58,10
passenger2476,21,7,828,863,905,35,42,77,11
passenger2477,7,24,828,906,965,78,59,137,12
passenger2478,17,5,829,837,897,8,60,68,13
passenger2479,22,5,830,878,921,48,43,91,14
passenger2480,5,12,831,881,898,50,17,67,15
passenger2481,18,5,831,887,943,56,56,112,0
passenger2482,19,4,831,888,945,57,57,114,1
passenger2483,20,3,831,861,918,30,57,87,2
passenger2484,12,17,831,865,926,34,61,95,3
passenger2485,7,16,832,903,938,71,35,106,4
passenger2486,18,17,832,842,853,10,11,21,5
passenger2487,10,20,833,835,890,2,55,57,6
passenger2488,19,9,834,849,883,15,34,49,7
passenger2489,19,23,834,856,930,22,74,96,8
passenger2490,21,19,834,906,914,72,8,80,9
passenger2491,20,21,834,849,852,15,3,18,10
passenger2492,8,19,834,902,951,68,49,117,11
passenger2493,5,9,834,928,936,94,8,102,12
passenger2494,24,8,835,854,890,19,36,55,13
passenger2495,22,11,835,878,907,43,29,72,14
passenger2496,6,3,835,862,869,27,7,34,15
passenger2497,14,12,837,877,928,40,51,91,0
passenger2498,13,2,837,874,951,37,77,114,1
passenger2499,7,1,838,908,924,70,16,86,2
passenger2500,8,24,838,875,943,37,68,105,3
passenger2501,4,18,838,912,942,74,30,104,4
passenger2502,1,15,838,950,968,112,18,130,5
passenger2503,24,9,839,900,931,61,31,92,6
passenger2504,5,15,839,891,937,52,46,98,7
passenger2505,7,23,840,886,930,46,44,90,8
passenger2506,22,17,840,909,936,69,27,96,9
passenger2507,16,19,840,869,902,29,33,62,10
passenger2508,12,25,840,840,869,0,29,29,11
passenger2509,9,1,840,902,920,62,18,80,12
passenger2510,18,17,842,868,871,26,3,29,13
passenger2511,25,10,843,885,910,42,25,67,14
passenger2512,11,15,843,853,903,10,50,60,15
passenger2513,10,20,843,871,893,28,22,50,0
passenger2514,11,20,844,870,891,26,21,47,1
passenger2515,11,6,844,898,911,54,13,67,2
passenger2516,25,14,844,844,859,0,15,15,3
passenger2517,18,15,844,846,885,2,39,41,4
passenger2518,9,25,845,865,980,20,115,135,5
passenger2519,10,25,845,872,903,27,31,58,6
passenger2520,11,1,845,879,955,34,76,110,7
passenger2521,1,25,846,960,986,114,26,140,8
passenger2522,14,10,846,849,855,3,6,9,9
passenger2523,21,16,846,852,869,6,17,23,10
passenger2524,17,18,847,855,858,8,3,11,11
passenger2525,5,3,848,928,990,80,62,142,12
passenger2526,19,1,848,865,909,17,44,61,13
passenger2527,18,4,848,872,924,24,52,76,14
passenger2528,7,18,850,859,910,9,51,60,15
passenger2529,16,20,850,883,893,33,10,43,0
passenger2530,16,2,850,881,951,31,70,101,1
passenger2531,21,6,850,864,911,14,47,61,2
passenger2532,4,22,850,885,939,35,54,89,3
passenger2533,5,14,850,909,932,59,23,82,4
passenger2534,13,20,850,859,901,9,42,51,5
passenger2535,2,3,851,851,859,0,8,8,6
passenger2536,11,12,851,879,910,28,31,59,7
passenger2537,20,16,851,853,861,2,8,10,8
passenger2538,4,25,851,867,926,16,59,75,9
passenger2539,12,25,852,875,916,23,41,64,10
passenger2540,25,2,852,965,996,113,31,144,11
passenger2541,13,11,852,892,896,40,4,44,12
passenger2542,13,8,853,877,890,24,13,37,13
passenger2543,14,13,853,862,901,9,39,48,14
passenger2544,5,8,853,881,888,28,7,35,15
passenger2545,4,22,854,863,900,9,37,46,0
passenger2546,17,10,854,884,931,30,47,77,1
passenger2547,10,2,855,901,921,46,20,66,2
passenger2548,8,24,855,875,943,20,68,88,3
passenger2549,1,4,855,961,966,106,5,111,4
passenger2550,22,14,855,905,923,50,18,68,5
passenger2551,1,13,855,855,877,0,22,22,6
passenger2552,19,9,855,869,883,14,14,28,7
passenger2553,10,16,856,879,911,23,32,55,8
passenger2554,15,23,856,892,920,36,28,64,9
passenger2555,7,4,857,882,945,25,63,88,10
passenger2556,17,14,857,885,890,28,5,33,11
passenger2557,9,18,858,902,951,44,49,93,12
passenger2558,10,5,858,884,897,26,13,39,13
passenger2559,14,11,859,862,907,3,45,48,14
passenger2560,11,12,860,895,898,35,3,38,15
passenger2561,23,6,860,903,940,43,37,80,0
passenger2562,7,15,860,862,878,2,16,18,1
passenger2563,2,4,860,921,929,61,8,69,2
passenger2564,15,13,860,920,964,60,44,104,3
passenger2565,17,3,861,881,915,20,34,54,4
passenger2566,22,13,862,905,926,43,21,64,5
passenger2567,4,8,862,862,868,0,6,6,6
passenger2568,6,12,862,888,910,26,22,48,7
passenger2569,12,11,862,871,876,9,5,14,8
passenger2570,12,23,862,887,920,25,33,58,9
passenger2571,24,13,862,913,930,51,17,68,10
passenger2572,25,21,862,965,973,103,8,111,11
passenger2573,21,6,863,870,909,7,39,46,12
passenger2574,11,9,863,881,887,18,6,24,13
passenger2575,3,2,863,927,930,64,3,67,14
passenger2576,16,11,864,906,927,42,21,63,15
passenger2577,21,17,864,897,917,33,20,53,0
passenger2578,3,21,866,948,976,82,28,110,1
passenger2579,13,15,866,894,948,28,54,82,2
passenger2580,25,17,866,946,956,80,10,90,3
passenger2581,1,5,866,961,969,95,8,103,4
passenger2582,11,1,866,888,950,22,62,84,5
passenger2583,5,20,867,939,960,72,21,93,6
passenger2584,4,5,867,894,897,27,3,30,7
passenger2585,13,3,867,868,894,1,26,27,8
passenger2586,7,24,869,880,923,11,43,54,9
passenger2587,16,25,869,869,916,0,47,47,10
passenger2588,9,16,869,899,946,30,47,77,11
passenger2589,6,10,869,909,939,40,30,70,12
passenger2590,5,21,870,897,939,27,42,69,13
passenger2591,5,6,870,921,936,51,15,66,14
passenger2592,12,11,870,898,927,28,29,57,15
passenger2593,8,9,871,936,957,65,21,86,0
passenger2594,8,23,871,935,980,64,45,109,1
passenger2595,15,23,871,888,962,17,74,91,2
passenger2596,25,17,871,946,956,75,10,85,3
passenger2597,21,3,872,989,1009,117,20,137,4
passenger2598,24,13,872,911,926,39,15,54,5
passenger2599,18,7,872,886,935,14,49,63,6
passenger2600,3,23,872,923,985,51,62,113,7
passenger2601,12,4,873,873,891,0,18,18,8
passenger2602,17,2,873,896,967,23,71,94,9
passenger2603,12,18,873,875,899,2,24,26,10
passenger2604,19,12,873,951,984,78,33,111,11
passenger2605,10,21,873,899,960,26,61,87,12
passenger2606,5,2,873,897,906,24,9,33,13
passenger2607,4,21,874,924,997,50,73,123,14
passenger2608,12,1,874,898,943,24,45,69,15
passenger2609,5,1,874,943,967,69,24,93,0
passenger2610,21,12,874,894,927,20,33,53,1
passenger2611,2,6,874,921,933,47,12,59,2
passenger2612,16,15,874,923,960,49,37,86,3
passenger2613,21,1,874,989,1013,115,24,139,4
passenger2614,2,1,875,875,950,0,75,75,5
passenger2615,10,19,875,928,957,53,29,82,6
passenger2616,17,6,875,975,1004,100,29,129,7
passenger2617,17,5,876,914,954,38,40,78,8
passenger2618,19,11,876,900,946,24,46,70,9
passenger2619,2,10,876,949,959,73,10,83,10
passenger2620,20,18,876,878,882,2,4,6,11
passenger2621,7,19,877,906,954,29,48,77,12
passenger2622,10,12,877,884,924,7,40,47,13
passenger2623,3,25,877,927,1007,50,80,130,14
passenger2624,21,5,877,915,937,38,22,60,15
passenger2625,15,20,877,880,893,3,13,16,0
passenger2626,13,6,878,924,941,46,17,63,1
passenger2627,25,7,878,966,988,88,22,110,2
passenger2628,9,10,878,906,909,28,3,31,3
passenger2629,23,13,878,1039,1051,161,12,173,4
passenger2630,18,23,878,897,908,19,11,30,5
passenger2631,24,22,878,900,908,22,8,30,6
passenger2632,23,24,879,985,1024,106,39,145,7
passenger2633,25,17,879,986,996,107,10,117,8
passenger2634,4,3,879,961,964,82,3,85,9
passenger2635,20,8,879,905,939,26,34,60,10
passenger2636,21,24,879,955,962,76,7,83,11
passenger2637,17,20,879,886,957,7,71,78,12
passenger2638,7,11,879,893,921,14,28,42,13
passenger2639,25,21,880,885,891,5,6,11,14
passenger2640,6,24,880,884,974,4,90,94,15
passenger2641,13,22,880,925,990,45,65,110,0
passenger2642,14,16,880,921,969,41,48,89,1
passenger2643,5,9,881,914,938,33,24,57,2
passenger2644,19,22,881,932,939,51,7,58,3
passenger2645,3,2,881,915,918,34,3,37,4
passenger2646,18,12,882,897,929,15,32,47,5
passenger2647,22,2,882,896,980,14,84,98,6
passenger2648,9,1,882,883,955,1,72,73,7
passenger2649,18,22,884,917,927,33,10,43,8
passenger2650,4,9,884,961,976,77,15,92,9
passenger2651,22,2,884,909,949,25,40,65,10
passenger2652,24,23,885,962,969,77,7,84,11
passenger2653,4,18,885,925,951,40,26,66,12
passenger2654,1,13,886,909,927,23,18,41,13
passenger2655,2,14,886,930,948,44,18,62,14
passenger2656,9,18,886,891,910,5,19,24,15
passenger2657,23,13,886,903,925,17,22,39,0
passenger2658,17,16,887,914,917,27,3,30,1
passenger2659,25,6,887,966,991,79,25,104,2
passenger2660,6,10,887,901,909,14,8,22,3
passenger2661,19,22,887,985,1036,98,51,149,4
passenger2662,7,3,888,940,946,52,6,58,5
passenger2663,16,15,888,916,919,28,3,31,6
passenger2664,10,5,888,906,919,18,13,31,7
passenger2665,22,19,888,927,936,39,9,48,8
passenger2666,15,7,888,892,954,4,62,66,9
passenger2667,11,2,889,890,949,1,59,60,10
passenger2668,7,12,889,905,940,16,35,51,11
passenger2669,11,3,889,896,914,7,18,25,12
passenger2670,24,7,889,944,965,55,21,76,13
passenger2671,13,12,889,901,904,12,3,15,14
passenger2672,12,22,889,898,968,9,70,79,15
passenger2673,19,22,890,890,900,0,10,10,0
passenger2674,10,7,890,931,938,41,7,48,1
passenger2675,11,15,890,898,948,8,50,58,2
passenger2676,9,12,890,906,915,16,9,25,3
passenger2677,4,15,890,912,935,22,23,45,4
passenger2678,18,14,890,897,923,7,26,33,5
passenger2679,22,25,891,896,903,5,7,12,6
passenger2680,23,3,891,985,1047,94,62,156,7
passenger2681,23,9,892,930,948,38,18,56,8
passenger2682,12,11,892,943,946,51,3,54,9
passenger2683,8,22,893,939,973,46,34,80,10
passenger2684,16,25,893,946,965,53,19,72,11
passenger2685,24,11,893,965,980,72,15,87,12
passenger2686,19,13,893,935,957,42,22,64,13
passenger2687,13,19,894,901,993,7,92,99,14
passenger2688,18,23,894,910,971,16,61,77,15
passenger2689,20,16,894,894,920,0,26,26,0
passenger2690,23,3,894,898,948,4,50,54,1
passenger2691,20,10,894,957,983,63,26,89,2
passenger2692,11,20,894,912,935,18,23,41,3
passenger2693,7,23,894,903,1039,9,136,145,4
passenger2694,13,9,895,926,936,31,10,41,5
passenger2695,9,11,895,931,947,36,16,52,6
passenger2696,24,3,895,1024,1047,129,23,152,7
passenger2697,13,21,895,906,924,11,18,29,8
passenger2698,12,15,896,943,984,47,41,88,9
passenger2699,9,4,897,936,945,39,9,48,10
passenger2700,16,23,897,946,959,49,13,62,11
passenger2701,14,11,897,945,980,48,35,83,12
passenger2702,4,24,897,900,944,3,44,47,13
passenger2703,22,23,897,1000,1003,103,3,106,14
passenger2704,9,16,897,931,960,34,29,63,15
passenger2705,11,6,898,931,940,33,9,42,0
passenger2706,6,10,898,941,961,43,20,63,1
passenger2707,14,4,898,945,995,47,50,97,2
passenger2708,18,12,899,929,967,30,38,68,3
