id,source,dest,submit_tick,pickup_tick,dropoff_tick,wait_time,travel_time,total_time,elevator
passenger1,1,16,0,0,17,0,17,17,0
passenger2,1,6,0,0,7,0,7,7,1
passenger3,1,8,0,0,9,0,9,9,2
passenger4,1,7,0,0,8,0,8,8,3
passenger5,1,10,1,1,12,0,11,11,4
passenger6,1,17,1,1,19,0,18,18,5
passenger7,1,11,1,1,13,0,12,12,6
passenger8,1,9,1,1,11,0,10,10,7
passenger9,1,14,2,2,17,0,15,15,8
passenger10,1,16,2,2,19,0,17,17,9
passenger11,1,2,2,2,5,0,3,3,10
passenger12,1,23,2,2,26,0,24,24,11
passenger13,1,23,2,2,26,0,24,24,12
passenger14,1,16,3,3,20,0,17,17,13
passenger15,1,15,4,4,20,0,16,16,14
passenger16,1,18,4,4,23,0,19,19,15
passenger17,1,12,4,34,53,30,19,49,0
passenger18,1,10,4,14,25,10,11,21,1
passenger19,1,10,4,18,29,14,11,25,2
passenger20,1,5,4,16,22,12,6,18,3
passenger21,1,22,4,23,52,19,29,48,4
passenger22,1,9,5,37,50,32,13,45,5
passenger23,1,8,6,25,36,19,11,30,6
passenger24,1,25,6,21,51,15,30,45,7
passenger25,1,14,6,32,53,26,21,47,8
passenger26,1,16,6,36,63,30,27,57,9
passenger27,1,7,7,8,16,1,8,9,10
passenger28,1,8,7,50,65,43,15,58,11
passenger29,1,19,8,50,81,42,31,73,12
passenger30,1,12,8,37,56,29,19,48,13
passenger31,1,5,9,36,42,27,6,33,14
passenger32,1,22,9,42,75,33,33,66,15
passenger33,1,11,9,34,50,25,16,41,0
passenger34,1,18,9,14,37,5,23,28,1
passenger35,1,10,9,18,29,9,11,20,2
passenger36,1,15,10,16,36,6,20,26,3
passenger37,1,20,10,23,48,13,25,38,4
passenger38,1,23,10,37,70,27,33,60,5
passenger39,1,6,10,25,32,15,7,22,6
passenger40,1,18,11,21,42,10,21,31,7
passenger41,1,23,12,32,66,20,34,54,8
passenger42,1,17,12,36,66,24,30,54,9
passenger43,1,5,12,24,33,12,9,21,10
passenger44,1,6,12,50,59,38,9,47,11
passenger45,1,6,12,50,58,38,8,46,12
passenger46,1,4,12,37,42,25,5,30,13
passenger47,1,20,13,36,63,23,27,50,14
passenger48,1,25,13,42,80,29,38,67,15
passenger49,1,14,14,34,57,20,23,43,0
passenger50,1,16,14,14,33,0,19,19,1
passenger51,1,20,14,18,41,4,23,27,2
passenger52,1,11,14,16,30,2,14,16,3
passenger53,1,13,14,23,39,9,16,25,4
passenger54,1,16,16,37,59,21,22,43,5
passenger55,1,9,16,25,39,9,14,23,6
passenger56,1,3,17,21,25,4,4,8,7
passenger57,1,15,17,32,56,15,24,39,8
passenger58,1,21,18,36,72,18,36,54,9
passenger59,1,3,18,24,29,6,5,11,10
passenger60,1,7,18,50,62,32,12,44,11
passenger61,1,8,19,50,62,31,12,43,12
passenger62,1,21,19,37,67,18,30,48,13
passenger63,1,14,19,36,55,17,19,36,14
passenger64,1,14,19,42,61,23,19,42,15
passenger65,1,17,21,34,62,13,28,41,0
passenger66,1,8,21,56,71,35,15,50,1
passenger67,1,19,22,62,94,40,32,72,2
passenger68,1,2,22,52,56,30,4,34,3
passenger69,1,4,23,23,28,0,5,5,4
passenger70,1,21,23,37,66,14,29,43,5
passenger71,1,17,23,25,49,2,24,26,6
passenger72,1,6,24,77,88,53,11,64,7
passenger73,1,12,24,32,49,8,17,25,8
passenger74,1,3,25,36,42,11,6,17,9
passenger75,1,18,25,25,48,0,23,23,10
passenger76,1,20,25,50,81,25,31,56,11
passenger77,1,8,25,50,62,25,12,37,12
passenger78,1,10,26,37,52,11,15,26,13
passenger79,1,7,26,36,46,10,10,20,14
passenger80,1,11,26,42,56,16,14,30,15
passenger81,1,8,26,34,45,8,11,19,0
passenger82,1,7,26,56,68,30,12,42,1
passenger83,1,12,27,62,83,35,21,56,2
passenger84,1,22,27,52,86,25,34,59,3
passenger85,1,20,27,75,104,48,29,77,4
passenger86,1,9,28,37,50,9,13,22,5
passenger87,1,24,28,67,104,39,37,76,6
passenger88,1,7,28,77,91,49,14,63,7
passenger89,1,23,28,32,66,4,34,38,8
passenger90,1,9,29,36,52,7,16,23,9
passenger91,1,14,29,67,85,38,18,56,10
passenger92,1,6,29,50,59,21,9,30,11
passenger93,1,20,29,50,84,21,34,55,12
passenger94,1,9,30,37,49,7,12,19,13
passenger95,1,22,31,36,67,5,31,36,14
passenger96,1,3,31,42,46,11,4,15,15
passenger97,1,14,32,34,57,2,23,25,0
passenger98,1,5,32,56,64,24,8,32,1
passenger99,1,23,33,62,100,29,38,67,2
passenger100,1,12,33,52,74,19,22,41,3
passenger101,1,18,33,75,100,42,25,67,4
passenger102,1,23,33,37,70,4,33,37,5
passenger103,1,14,34,67,88,33,21,54,6
passenger104,1,3,34,77,81,43,4,47,7
passenger105,1,7,34,34,42,0,8,8,8
passenger106,1,7,35,36,48,1,12,13,9
passenger107,1,23,35,67,98,32,31,63,10
passenger108,1,23,35,50,86,15,36,51,11
passenger109,1,13,35,50,71,15,21,36,12
passenger110,1,23,35,37,71,2,34,36,13
passenger111,1,7,36,36,46,0,10,10,14
passenger112,1,18,36,42,69,6,27,33,15
passenger113,1,11,36,36,50,0,14,14,0
passenger114,1,7,37,56,68,19,12,31,1
passenger115,1,8,37,62,75,25,13,38,2
passenger116,1,12,37,52,74,15,22,37,3
passenger117,1,10,37,75,86,38,11,49,4
passenger118,1,7,38,38,46,0,8,8,5
passenger119,1,10,38,67,82,29,15,44,6
passenger120,1,5,38,77,85,39,8,47,7
passenger121,1,25,38,90,132,52,42,94,8
passenger122,1,11,38,38,56,0,18,18,9
passenger123,1,4,39,67,73,28,6,34,10
passenger124,1,15,39,50,74,11,24,35,11
passenger125,1,23,40,50,89,10,39,49,12
passenger126,1,10,40,95,110,55,15,70,13
passenger127,1,22,40,90,123,50,33,83,14
passenger128,1,16,40,42,65,2,23,25,15
passenger129,1,19,41,80,114,39,34,73,0
passenger130,1,9,41,56,74,15,18,33,1
passenger131,1,2,41,62,65,21,3,24,2
passenger132,1,10,42,52,68,10,16,26,3
passenger133,1,24,42,75,112,33,37,70,4
passenger134,1,20,43,94,123,51,29,80,5
passenger135,1,20,43,67,98,24,31,55,6
passenger136,1,23,43,77,119,34,42,76,7
passenger137,1,10,43,90,103,47,13,60,8
passenger138,1,9,43,94,110,51,16,67,9
passenger139,1,24,43,67,101,24,34,58,10
passenger140,1,15,43,50,74,7,24,31,11
passenger141,1,9,44,50,65,6,15,21,12
passenger142,1,8,44,95,106,51,11,62,13
passenger143,1,23,44,90,126,46,36,82,14
passenger144,1,3,45,106,110,61,4,65,15
passenger145,1,3,45,80,86,35,6,41,0
passenger146,1,19,45,56,88,11,32,43,1
passenger147,1,2,46,62,65,16,3,19,2
passenger148,1,6,46,52,62,6,10,16,3
passenger149,1,25,47,75,115,28,40,68,4
passenger150,1,12,47,94,113,47,19,66,5
passenger151,1,19,47,67,95,20,28,48,6
passenger152,1,13,48,77,101,29,24,53,7
passenger153,1,4,48,90,95,42,5,47,8
passenger154,1,6,48,94,103,46,9,55,9
passenger155,1,20,48,67,93,19,26,45,10
passenger156,1,4,50,50,55,0,5,5,11
passenger157,1,16,51,51,76,0,25,25,12
passenger158,1,10,51,95,110,44,15,59,13
passenger159,1,10,52,90,103,38,13,51,14
passenger160,1,24,52,106,145,54,39,93,15
passenger161,1,16,52,80,109,28,29,57,0
passenger162,1,16,52,56,83,4,27,31,1
passenger163,1,10,53,62,79,9,17,26,2
passenger164,1,11,53,53,71,0,18,18,3
passenger165,1,18,54,75,100,21,25,46,4
passenger166,1,2,54,94,97,40,3,43,5
passenger167,1,7,54,67,77,13,10,23,6
passenger168,1,16,54,77,106,23,29,52,7
passenger169,1,16,55,90,115,35,25,60,8
passenger170,1,4,55,94,99,39,5,44,9
passenger171,1,20,55,67,93,12,26,38,10
passenger172,1,15,56,110,132,54,22,76,11
passenger173,1,7,56,113,123,57,10,67,12
passenger174,1,20,57,95,124,38,29,67,13
passenger175,1,25,57,90,130,33,40,73,14
passenger176,1,12,57,106,123,49,17,66,15
passenger177,1,8,58,80,95,22,15,37,0
passenger178,1,9,58,58,74,0,16,16,1
passenger179,1,16,58,62,89,4,27,31,2
passenger180,1,3,58,109,113,51,4,55,3
passenger181,1,13,59,75,91,16,16,32,4
passenger182,1,2,59,94,97,35,3,38,5
passenger183,1,2,59,67,70,8,3,11,6
passenger184,1,12,60,77,98,17,21,38,7
passenger185,1,19,60,90,122,30,32,62,8
passenger186,1,23,60,94,134,34,40,74,9
passenger187,1,4,60,67,73,7,6,13,10
passenger188,1,7,60,110,120,50,10,60,11
passenger189,1,12,61,113,130,52,17,69,12
passenger190,1,15,61,95,117,34,22,56,13
passenger191,1,25,61,90,130,29,40,69,14
passenger192,1,18,61,106,135,45,29,74,15
passenger193,1,14,62,80,103,18,23,41,0
passenger194,1,3,62,108,112,46,4,50,1
passenger195,1,3,62,62,68,0,6,6,2
passenger196,1,5,63,109,117,46,8,54,3
passenger197,1,17,64,75,97,11,22,33,4
passenger198,1,9,64,94,108,30,14,44,5
passenger199,1,7,65,67,77,2,10,12,6
passenger200,1,18,65,77,110,12,33,45,7
passenger201,1,21,66,90,126,24,36,60,8
passenger202,1,12,67,94,115,27,21,48,9
passenger203,1,23,68,68,98,0,30,30,10
passenger204,1,19,69,110,138,41,28,69,11
passenger205,1,19,70,113,139,43,26,69,12
passenger206,1,22,70,95,128,25,33,58,13
passenger207,1,6,70,90,97,20,7,27,14
passenger208,1,20,71,106,139,35,33,68,15
passenger209,1,24,71,80,121,9,41,50,0
passenger210,1,25,72,108,146,36,38,74,1
passenger211,1,15,73,124,148,51,24,75,2
passenger212,1,20,73,109,142,36,33,69,3
passenger213,1,23,73,75,109,2,34,36,4
passenger214,1,22,74,94,129,20,35,55,5
passenger215,1,23,74,129,169,55,40,95,6
passenger216,1,21,75,77,115,2,38,40,7
passenger217,1,11,76,90,106,14,16,30,8
passenger218,1,19,76,94,126,18,32,50,9
passenger219,1,11,76,126,140,50,14,64,10
passenger220,1,21,76,110,144,34,34,68,11
passenger221,1,21,76,113,143,37,30,67,12
passenger222,1,24,76,95,132,19,37,56,13
passenger223,1,16,77,90,111,13,21,34,14
passenger224,1,13,77,106,126,29,20,49,15
passenger225,1,5,77,80,90,3,10,13,0
passenger226,1,17,78,108,134,30,26,56,1
passenger227,1,15,78,124,148,46,24,70,2
passenger228,1,14,78,109,130,31,21,52,3
passenger229,1,18,78,141,170,63,29,92,4
passenger230,1,22,78,94,129,16,35,51,5
passenger231,1,5,79,129,137,50,8,58,6
passenger232,1,12,79,143,162,64,19,83,7
passenger233,1,19,80,90,122,10,32,42,8
passenger234,1,21,80,94,130,14,36,50,9
passenger235,1,20,81,126,161,45,35,80,10
passenger236,1,21,81,110,144,29,34,63,11
passenger237,1,22,81,113,146,32,33,65,12
passenger238,1,25,82,95,135,13,40,53,13
passenger239,1,16,82,90,111,8,21,29,14
passenger240,1,7,82,106,116,24,10,34,15
passenger241,1,15,82,82,106,0,24,24,0
passenger242,1,19,82,108,138,26,30,56,1
passenger243,1,4,82,124,129,42,5,47,2
passenger244,1,20,83,109,142,26,33,59,3
passenger245,1,15,83,141,163,58,22,80,4
passenger246,1,24,83,94,133,11,39,50,5
passenger247,1,7,83,129,141,46,12,58,6
passenger248,1,23,83,143,177,60,34,94,7
passenger249,1,12,84,90,109,6,19,25,8
passenger250,1,15,84,94,120,10,26,36,9
passenger251,1,17,84,126,156,42,30,72,10
passenger252,1,15,85,110,132,25,22,47,11
passenger253,1,23,85,113,149,28,36,64,12
passenger254,1,6,86,95,102,9,7,16,13
passenger255,1,19,86,90,116,4,26,30,14
passenger256,1,25,86,106,148,20,42,62,15
passenger257,1,7,86,146,158,60,12,72,0
passenger258,1,8,86,108,121,22,13,35,1
passenger259,1,13,87,124,144,37,20,57,2
passenger260,1,19,87,109,139,22,30,52,3
passenger261,1,25,87,141,181,54,40,94,4
passenger262,1,21,87,94,126,7,32,39,5
passenger263,1,21,88,129,163,41,34,75,6
passenger264,1,12,88,143,162,55,19,74,7
passenger265,1,17,88,90,118,2,28,30,8
passenger266,1,7,89,94,106,5,12,17,9
passenger267,1,13,89,126,146,37,20,57,10
passenger268,1,6,89,110,117,21,7,28,11
passenger269,1,2,89,113,116,24,3,27,12
passenger270,1,22,89,95,128,6,33,39,13
passenger271,1,21,90,90,120,0,30,30,14
passenger272,1,14,90,106,129,16,23,39,15
passenger273,1,2,91,146,149,55,3,58,0
passenger274,1,4,91,108,115,17,7,24,1
passenger275,1,4,92,124,129,32,5,37,2
passenger276,1,19,92,109,139,17,30,47,3
passenger277,1,6,92,141,150,49,9,58,4
passenger278,1,8,92,94,105,2,11,13,5
passenger279,1,22,92,129,166,37,37,74,6
passenger280,1,23,93,143,177,50,34,84,7
passenger281,1,20,93,158,189,65,31,96,8
passenger282,1,9,94,94,110,0,16,16,9
passenger283,1,15,94,126,150,32,24,56,10
passenger284,1,6,94,110,117,16,7,23,11
passenger285,1,22,95,113,146,18,33,51,12
passenger286,1,4,95,161,166,66,5,71,13
passenger287,1,19,95,156,190,61,34,95,14
passenger288,1,14,95,106,129,11,23,34,15
passenger289,1,20,95,146,179,51,33,84,0
passenger290,1,12,95,108,127,13,19,32,1
passenger291,1,5,95,124,132,29,8,37,2
passenger292,1,20,96,109,142,13,33,46,3
passenger293,1,17,96,141,167,45,26,71,4
passenger294,1,13,96,158,178,62,20,82,5
passenger295,1,10,96,129,148,33,19,52,6
passenger296,1,10,97,143,158,46,15,61,7
passenger297,1,13,97,158,176,61,18,79,8
passenger298,1,8,98,158,173,60,15,75,9
passenger299,1,8,98,126,135,28,9,37,10
passenger300,1,8,98,110,123,12,13,25,11
passenger301,1,2,98,113,116,15,3,18,12
passenger302,1,24,99,161,200,62,39,101,13
passenger303,1,7,99,156,166,57,10,67,14
passenger304,1,5,99,174,182,75,8,83,15
passenger305,1,5,100,146,154,46,8,54,0
passenger306,1,25,100,108,146,8,38,46,1
passenger307,1,13,100,124,144,24,20,44,2
passenger308,1,9,100,109,123,9,14,23,3
passenger309,1,11,101,141,157,40,16,56,4
passenger310,1,4,101,158,163,57,5,62,5
passenger311,1,9,101,129,145,28,16,44,6
passenger312,1,7,102,143,153,41,10,51,7
passenger313,1,21,103,158,192,55,34,89,8
passenger314,1,3,104,158,164,54,6,60,9
passenger315,1,12,104,126,143,22,17,39,10
passenger316,1,20,104,110,141,6,31,37,11
passenger317,1,22,104,113,146,9,33,42,12
passenger318,1,14,106,161,184,55,23,78,13
passenger319,1,7,107,156,166,49,10,59,14
passenger320,1,10,107,174,195,67,21,88,15
passenger321,1,7,107,146,158,39,12,51,0
passenger322,1,17,108,108,134,0,26,26,1
passenger323,1,9,108,124,138,16,14,30,2
passenger324,1,17,108,109,135,1,26,27,3
passenger325,1,17,108,141,167,33,26,59,4
passenger326,1,24,108,158,197,50,39,89,5
passenger327,1,10,109,129,148,20,19,39,6
passenger328,1,25,110,143,181,33,38,71,7
passenger329,1,11,110,158,172,48,14,62,8
passenger330,1,18,110,158,191,48,33,81,9
passenger331,1,17,110,126,156,16,30,46,10
passenger332,1,21,111,166,204,55,38,93,11
passenger333,1,13,111,173,197,62,24,86,12
passenger334,1,21,112,161,195,49,34,83,13
passenger335,1,10,112,156,173,44,17,61,14
passenger336,1,13,112,174,202,62,28,90,15
passenger337,1,13,113,146,168,33,22,55,0
passenger338,1,18,114,172,201,58,29,87,1
passenger339,1,16,114,124,151,10,27,37,2
passenger340,1,3,114,163,167,49,4,53,3
passenger341,1,21,115,141,175,26,34,60,4
passenger342,1,20,115,158,191,43,33,76,5
passenger343,1,4,115,129,134,14,5,19,6
passenger344,1,25,115,143,181,28,38,66,7
passenger345,1,17,116,158,184,42,26,68,8
passenger346,1,4,116,158,167,42,9,51,9
passenger347,1,13,116,126,146,10,20,30,10
passenger348,1,22,117,166,207,49,41,90,11
passenger349,1,8,117,173,186,56,13,69,12
passenger350,1,24,117,161,200,44,39,83,13
passenger351,1,12,117,156,177,39,21,60,14
passenger352,1,7,118,174,186,56,12,68,15
passenger353,1,10,118,146,163,28,17,45,0
passenger354,1,14,118,172,195,54,23,77,1
passenger355,1,18,119,124,155,5,31,36,2
passenger356,1,24,120,163,204,43,41,84,3
passenger357,1,6,120,141,150,21,9,30,4
passenger358,1,25,120,158,200,38,42,80,5
passenger359,1,14,120,129,154,9,25,34,6
passenger360,1,5,121,143,149,22,6,28,7
passenger361,1,24,121,158,199,37,41,78,8
passenger362,1,10,121,158,177,37,19,56,9
passenger363,1,16,123,126,153,3,27,30,10
passenger364,1,18,123,166,197,43,31,74,11
passenger365,1,2,124,173,176,49,3,52,12
passenger366,1,7,124,161,171,37,10,47,13
passenger367,1,18,124,156,187,32,31,63,14
passenger368,1,9,124,174,192,50,18,68,15
passenger369,1,2,124,146,149,22,3,25,0
passenger370,1,2,125,172,175,47,3,50,1
passenger371,1,21,125,174,206,49,32,81,2
passenger372,1,5,125,163,171,38,8,46,3
passenger373,1,4,125,141,146,16,5,21,4
passenger374,1,15,126,158,182,32,24,56,5
passenger375,1,4,126,193,202,67,9,76,6
passenger376,1,17,126,143,169,17,26,43,7
passenger377,1,15,126,158,180,32,22,54,8
passenger378,1,17,126,158,188,32,30,62,9
passenger379,1,13,126,182,202,56,20,76,10
passenger380,1,20,126,166,201,40,35,75,11
passenger381,1,17,127,173,205,46,32,78,12
passenger382,1,11,127,161,177,34,16,50,13
passenger383,1,2,128,156,159,28,3,31,14
passenger384,1,8,128,174,189,46,15,61,15
passenger385,1,5,129,146,154,17,8,25,0
passenger386,1,2,129,172,175,43,3,46,1
passenger387,1,8,130,174,187,44,13,57,2
passenger388,1,6,130,163,174,33,11,44,3
passenger389,1,3,131,207,211,76,4,80,4
passenger390,1,9,131,158,172,27,14,41,5
passenger391,1,14,131,193,218,62,25,87,6
passenger392,1,6,132,207,218,75,11,86,7
passenger393,1,8,132,158,167,26,9,35,8
passenger394,1,2,133,158,161,25,3,28,9
passenger395,1,3,133,182,186,49,4,53,10
passenger396,1,5,133,166,176,33,10,43,11
passenger397,1,12,133,173,194,40,21,61,12
passenger398,1,17,133,161,189,28,28,56,13
passenger399,1,20,133,156,193,23,37,60,14
passenger400,1,17,134,174,210,40,36,76,15
passenger401,1,16,135,146,173,11,27,38,0
passenger402,1,24,135,172,211,37,39,76,1
passenger403,1,8,136,174,187,38,13,51,2
passenger404,1,21,136,163,199,27,36,63,3
passenger405,1,24,136,207,244,71,37,108,4
passenger406,1,15,136,158,182,22,24,46,5
passenger407,1,22,136,193,230,57,37,94,6
passenger408,1,5,136,207,215,71,8,79,7
passenger409,1,23,137,158,196,21,38,59,8
passenger410,1,15,137,158,184,21,26,47,9
passenger411,1,7,138,182,192,44,10,54,10
passenger412,1,3,138,166,172,28,6,34,11
passenger413,1,19,138,173,209,35,36,71,12
passenger414,1,12,139,161,180,22,19,41,13
passenger415,1,9,139,156,170,17,14,31,14
passenger416,1,11,140,174,198,34,24,58,15
passenger417,1,25,140,200,242,60,42,102,0
passenger418,1,12,141,172,191,31,19,50,1
passenger419,1,3,141,174,178,33,4,37,2
passenger420,1,8,142,163,178,21,15,36,3
passenger421,1,5,142,207,215,65,8,73,4
passenger422,1,18,142,158,187,16,29,45,5
passenger423,1,21,142,193,227,51,34,85,6
passenger424,1,22,142,207,246,65,39,104,7
passenger425,1,17,143,158,184,15,26,41,8
passenger426,1,20,144,158,195,14,37,51,9
passenger427,1,12,144,182,199,38,17,55,10
passenger428,1,17,144,166,194,22,28,50,11
passenger429,1,4,144,173,180,29,7,36,12
passenger430,1,14,144,161,184,17,23,40,13
passenger431,1,15,145,156,182,11,26,37,14
passenger432,1,2,145,174,177,29,3,32,15
passenger433,1,15,145,200,226,55,26,81,0
passenger434,1,19,145,172,204,27,32,59,1
passenger435,1,10,145,174,191,29,17,46,2
passenger436,1,15,146,163,189,17,26,43,3
passenger437,1,8,146,207,220,61,13,74,4
passenger438,1,8,147,158,169,11,11,22,5
passenger439,1,5,147,193,205,46,12,58,6
passenger440,1,9,147,207,225,60,18,78,7
passenger441,1,21,148,224,262,76,38,114,8
passenger442,1,24,149,158,201,9,43,52,9
passenger443,1,17,149,182,208,33,26,59,10
passenger444,1,16,149,166,191,17,25,42,11
passenger445,1,16,149,173,202,24,29,53,12
passenger446,1,13,150,225,243,75,18,93,13
passenger447,1,12,150,214,235,64,21,85,14
passenger448,1,16,150,174,207,24,33,57,15
passenger449,1,20,150,200,233,50,33,83,0
passenger450,1,11,150,172,188,22,16,38,1
passenger451,1,15,151,174,198,23,24,47,2
passenger452,1,13,151,163,185,12,22,34,3
passenger453,1,8,151,207,220,56,13,69,4
passenger454,1,8,151,226,237,75,11,86,5
passenger455,1,3,151,193,199,42,6,48,6
passenger456,1,12,151,207,232,56,25,81,7
passenger457,1,19,152,224,258,72,34,106,8
passenger458,1,18,152,226,259,74,33,107,9
passenger459,1,25,152,182,226,30,44,74,10
passenger460,1,2,152,166,169,14,3,17,11
passenger461,1,20,152,173,212,21,39,60,12
passenger462,1,21,152,225,259,73,34,107,13
passenger463,1,12,153,214,235,61,21,82,14
passenger464,1,8,153,228,241,75,13,88,15
passenger465,1,10,153,200,215,47,15,62,0
passenger466,1,18,155,172,201,17,29,46,1
passenger467,1,22,155,174,209,19,35,54,2
passenger468,1,17,155,163,193,8,30,38,3
passenger469,1,14,155,207,228,52,21,73,4
passenger470,1,17,155,226,252,71,26,97,5
passenger471,1,3,155,193,199,38,6,44,6
passenger472,1,16,155,207,238,52,31,83,7
passenger473,1,3,156,224,230,68,6,74,8
passenger474,1,25,156,226,268,70,42,112,9
passenger475,1,23,156,182,222,26,40,66,10
passenger476,1,14,156,166,187,10,21,31,11
passenger477,1,10,157,173,190,16,17,33,12
passenger478,1,19,158,225,255,67,30,97,13
passenger479,1,17,158,214,242,56,28,84,14
passenger480,1,18,158,228,263,70,35,105,15
passenger481,1,14,159,200,223,41,23,64,0
passenger482,1,7,159,172,182,13,10,23,1
passenger483,1,3,159,174,178,15,4,19,2
passenger484,1,8,160,163,178,3,15,18,3
passenger485,1,14,160,207,228,47,21,68,4
passenger486,1,12,160,226,243,66,17,83,5
passenger487,1,14,161,193,218,32,25,57,6
passenger488,1,8,161,207,222,46,15,61,7
passenger489,1,24,162,224,267,62,43,105,8
passenger490,1,10,162,226,241,64,15,79,9
passenger491,1,22,162,182,219,20,37,57,10
passenger492,1,11,162,230,244,68,14,82,11
passenger493,1,12,163,233,252,70,19,89,12
passenger494,1,16,163,225,248,62,23,85,13
passenger495,1,8,163,214,229,51,15,66,14
passenger496,1,7,163,228,238,65,10,75,15
passenger497,1,11,164,200,218,36,18,54,0
passenger498,1,21,164,236,270,72,34,106,1
passenger499,1,5,165,174,182,9,8,17,2
passenger500,1,12,166,229,250,63,21,84,3
passenger501,1,18,166,207,236,41,29,70,4
passenger502,1,18,166,226,255,60,29,89,5
passenger503,1,12,166,193,214,27,21,48,6
passenger504,1,3,166,207,211,41,4,45,7
passenger505,1,2,167,224,227,57,3,60,8
passenger506,1,13,167,226,246,59,20,79,9
passenger507,1,21,167,182,216,15,34,49,10
passenger508,1,2,167,230,233,63,3,66,11
passenger509,1,23,167,233,271,66,38,104,12
passenger510,1,18,167,225,252,58,27,85,13
passenger511,1,2,168,214,217,46,3,49,14
passenger512,1,10,169,228,245,59,17,76,15
passenger513,1,7,171,200,210,29,10,39,0
passenger514,1,24,171,236,277,65,41,106,1
passenger515,1,15,171,174,198,3,24,27,2
passenger516,1,9,172,229,243,57,14,71,3
passenger517,1,8,172,207,220,35,13,48,4
passenger518,1,15,172,226,248,54,22,76,5
passenger519,1,2,172,193,196,21,3,24,6
passenger520,1,8,172,207,222,35,15,50,7
passenger521,1,5,173,224,234,51,10,61,8
passenger522,1,16,173,226,255,53,29,82,9
passenger523,1,18,173,182,211,9,29,38,10
passenger524,1,13,173,230,248,57,18,75,11
passenger525,1,5,173,233,239,60,6,66,12
passenger526,1,10,174,225,238,51,13,64,13
passenger527,1,22,174,214,251,40,37,77,14
passenger528,1,6,175,228,235,53,7,60,15
passenger529,1,5,175,200,206,25,6,31,0
passenger530,1,4,176,236,241,60,5,65,1
passenger531,1,21,176,232,266,56,34,90,2
passenger532,1,4,176,229,234,53,5,58,3
passenger533,1,15,176,207,231,31,24,55,4
passenger534,1,25,176,226,268,50,42,92,5
passenger535,1,17,176,253,279,77,26,103,6
passenger536,1,11,177,207,229,30,22,52,7
passenger537,1,6,177,224,237,47,13,60,8
passenger538,1,2,177,226,229,49,3,52,9
passenger539,1,5,177,252,258,75,6,81,10
passenger540,1,24,177,230,267,53,37,90,11
passenger541,1,5,178,233,239,55,6,61,12
passenger542,1,2,178,225,228,47,3,50,13
passenger543,1,21,178,214,248,36,34,70,14
passenger544,1,12,178,228,249,50,21,71,15
passenger545,1,10,179,200,215,21,15,36,0
passenger546,1,19,179,236,266,57,30,87,1
passenger547,1,14,180,232,257,52,25,77,2
passenger548,1,23,181,229,267,48,38,86,3
passenger549,1,13,181,269,291,88,22,110,4
passenger550,1,19,181,226,258,45,32,77,5
passenger551,1,23,182,253,295,71,42,113,6
passenger552,1,13,183,269,289,86,20,106,7
passenger553,1,8,184,224,241,40,17,57,8
passenger554,1,25,184,226,268,42,42,84,9
passenger555,1,7,185,252,262,67,10,77,10
passenger556,1,2,186,230,233,44,3,47,11
passenger557,1,15,186,233,257,47,24,71,12
passenger558,1,25,187,225,267,38,42,80,13
passenger559,1,4,187,214,221,27,7,34,14
passenger560,1,22,187,228,269,41,41,82,15
passenger561,1,21,188,200,236,12,36,48,0
passenger562,1,24,188,236,277,48,41,89,1
passenger563,1,12,188,232,253,44,21,65,2
passenger564,1,8,188,229,240,41,11,52,3
passenger565,1,14,189,269,294,80,25,105,4
passenger566,1,5,189,226,232,37,6,43,5
passenger567,1,22,189,253,292,64,39,103,6
passenger568,1,17,190,269,297,79,28,107,7
passenger569,1,13,191,224,250,33,26,59,8
passenger570,1,14,191,226,249,35,23,58,9
passenger571,1,19,193,252,280,59,28,87,10
passenger572,1,14,193,230,251,37,21,58,11
passenger573,1,22,194,233,268,39,35,74,12
passenger574,1,24,195,225,264,30,39,69,13
passenger575,1,24,195,214,255,19,41,60,14
passenger576,1,16,196,228,259,32,31,63,15
passenger577,1,19,196,268,300,72,32,104,0
passenger578,1,9,196,236,252,40,16,56,1
passenger579,1,2,197,232,235,35,3,38,2
passenger580,1,11,197,229,247,32,18,50,3
passenger581,1,22,197,269,308,72,39,111,4
passenger582,1,5,197,226,232,29,6,35,5
passenger583,1,15,197,253,275,56,22,78,6
passenger584,1,6,198,269,278,71,9,80,7
passenger585,1,12,198,224,247,26,23,49,8
passenger586,1,5,198,226,234,28,8,36,9
passenger587,1,19,198,252,280,54,28,82,10
passenger588,1,21,198,230,262,32,32,64,11
passenger589,1,20,198,233,264,35,31,66,12
passenger590,1,18,199,225,252,26,27,53,13
passenger591,1,7,199,214,226,15,12,27,14
passenger592,1,14,199,228,255,29,27,56,15
passenger593,1,4,200,268,273,68,5,73,0
passenger594,1,10,202,236,255,34,19,53,1
passenger595,1,14,203,232,257,29,25,54,2
passenger596,1,18,203,229,258,26,29,55,3
passenger597,1,4,203,269,274,66,5,71,4
passenger598,1,21,203,226,262,23,36,59,5
passenger599,1,13,204,253,271,49,18,67,6
passenger600,1,23,204,269,305,65,36,101,7
passenger601,1,14,204,292,317,88,25,113,8
passenger602,1,15,205,226,252,21,26,47,9
passenger603,1,18,205,252,277,47,25,72,10
passenger604,1,21,205,230,262,25,32,57,11
passenger605,1,5,205,233,239,28,6,34,12
passenger606,1,14,207,293,318,86,25,111,13
passenger607,1,2,207,280,283,73,3,76,14
passenger608,1,13,207,228,252,21,24,45,15
passenger609,1,21,207,268,304,61,36,97,0
passenger610,1,22,207,236,273,29,37,66,1
passenger611,1,8,208,232,247,24,15,39,2
passenger612,1,11,208,229,247,21,18,39,3
passenger613,1,15,209,269,297,60,28,88,4
passenger614,1,11,209,294,312,85,18,103,5
passenger615,1,6,209,253,260,44,7,51,6
passenger616,1,9,209,269,283,60,14,74,7
passenger617,1,11,210,292,312,82,20,102,8
passenger618,1,14,210,294,317,84,23,107,9
passenger619,1,24,210,252,289,42,37,79,10
passenger620,1,15,211,230,254,19,24,43,11
passenger621,1,11,211,233,249,22,16,38,12
passenger622,1,17,211,293,325,82,32,114,13
passenger623,1,20,211,280,315,69,35,104,14
passenger624,1,12,211,292,315,81,23,104,15
passenger625,1,13,212,268,290,56,22,78,0
passenger626,1,7,212,236,248,24,12,36,1
passenger627,1,22,212,232,269,20,37,57,2
passenger628,1,22,212,229,264,17,35,52,3
passenger629,1,6,213,269,278,56,9,65,4
passenger630,1,10,213,294,309,81,15,96,5
passenger631,1,8,213,253,264,40,11,51,6
passenger632,1,24,214,269,308,55,39,94,7
passenger633,1,3,214,292,296,78,4,82,8
passenger634,1,6,214,294,305,80,11,91,9
passenger635,1,9,215,252,266,37,14,51,10
passenger636,1,15,215,230,254,15,24,39,11
passenger637,1,7,216,233,243,17,10,27,12
passenger638,1,14,216,293,318,77,25,102,13
passenger639,1,19,216,280,312,64,32,96,14
passenger640,1,21,216,292,328,76,36,112,15
passenger641,1,4,216,268,273,52,5,57,0
passenger642,1,5,216,236,244,20,8,28,1
passenger643,1,4,217,232,239,15,7,22,2
passenger644,1,23,217,229,267,12,38,50,3
passenger645,1,17,217,269,301,52,32,84,4
passenger646,1,14,217,294,319,77,25,102,5
passenger647,1,20,217,253,286,36,33,69,6
passenger648,1,16,218,269,294,51,25,76,7
passenger649,1,7,218,292,304,74,12,86,8
passenger650,1,14,218,294,317,76,23,99,9
passenger651,1,18,218,252,277,34,25,59,10
passenger652,1,2,219,292,295,73,3,76,11
passenger653,1,16,220,295,320,75,25,100,12
passenger654,1,13,220,293,315,73,22,95,13
passenger655,1,3,220,280,286,60,6,66,14
passenger656,1,8,220,292,307,72,15,87,15
passenger657,1,12,220,268,287,48,19,67,0
passenger658,1,10,221,302,321,81,19,100,1
passenger659,1,8,221,232,247,11,15,26,2
passenger660,1,17,221,291,319,70,28,98,3
passenger661,1,11,221,269,287,48,18,66,4
passenger662,1,13,221,294,316,73,22,95,5
passenger663,1,21,222,253,289,31,36,67,6
passenger664,1,4,222,269,274,47,5,52,7
passenger665,1,10,223,292,309,69,17,86,8
passenger666,1,3,224,294,298,70,4,74,9
passenger667,1,24,224,252,289,28,37,65,10
passenger668,1,6,224,292,303,68,11,79,11
passenger669,1,21,224,295,331,71,36,107,12
passenger670,1,6,225,293,304,68,11,79,13
passenger671,1,9,225,280,296,55,16,71,14
passenger672,1,16,225,292,321,67,29,96,15
passenger673,1,21,226,268,304,42,36,78,0
passenger674,1,6,226,302,313,76,11,87,1
passenger675,1,7,227,232,244,5,12,17,2
passenger676,1,23,228,291,329,63,38,101,3
passenger677,1,9,228,269,283,41,14,55,4
passenger678,1,7,228,294,304,66,10,76,5
passenger679,1,19,228,253,283,25,30,55,6
passenger680,1,4,229,269,274,40,5,45,7
passenger681,1,22,229,292,327,63,35,98,8
passenger682,1,23,229,294,328,65,34,99,9
passenger683,1,22,229,252,285,23,33,56,10
passenger684,1,9,230,292,308,62,16,78,11
passenger685,1,4,230,295,302,65,7,72,12
passenger686,1,12,230,293,312,63,19,82,13
passenger687,1,10,230,280,299,50,19,69,14
passenger688,1,25,231,292,334,61,42,103,15
passenger689,1,17,231,268,296,37,28,65,0
passenger690,1,24,232,302,341,70,39,109,1
passenger691,1,20,232,292,323,60,31,91,2
passenger692,1,19,232,291,323,59,32,91,3
passenger693,1,4,233,269,274,36,5,41,4
passenger694,1,3,234,294,298,60,4,64,5
passenger695,1,3,234,319,323,85,4,89,6
passenger696,1,16,234,269,294,35,25,60,7
passenger697,1,6,234,292,301,58,9,67,8
passenger698,1,25,235,294,332,59,38,97,9
passenger699,1,5,235,314,320,79,6,85,10
passenger700,1,24,235,292,327,57,35,92,11
passenger701,1,18,236,295,324,59,29,88,12
passenger702,1,4,236,293,300,57,7,64,13
passenger703,1,3,236,280,286,44,6,50,14
passenger704,1,11,237,292,312,55,20,75,15
passenger705,1,10,237,268,283,31,15,46,0
passenger706,1,9,238,302,318,64,16,80,1
passenger707,1,14,238,292,313,54,21,75,2
passenger708,1,5,239,291,299,52,8,60,3
passenger709,1,5,239,331,339,92,8,100,4
passenger710,1,18,239,294,325,55,31,86,5
passenger711,1,25,239,319,359,80,40,120,6
passenger712,1,8,239,333,350,94,17,111,7
passenger713,1,24,240,292,331,52,39,91,8
passenger714,1,10,241,294,311,53,17,70,9
passenger715,1,10,241,314,327,73,13,86,10
passenger716,1,4,241,292,299,51,7,58,11
passenger717,1,12,241,295,312,54,17,71,12
passenger718,1,13,241,293,315,52,22,74,13
passenger719,1,17,241,280,308,39,28,67,14
passenger720,1,5,242,292,298,50,6,56,15
passenger721,1,6,242,268,277,26,9,35,0
passenger722,1,12,243,302,325,59,23,82,1
passenger723,1,3,243,292,296,49,4,53,2
passenger724,1,5,243,291,299,48,8,56,3
passenger725,1,17,243,331,357,88,26,114,4
passenger726,1,24,244,294,333,50,39,89,5
passenger727,1,15,244,319,345,75,26,101,6
passenger728,1,5,245,333,341,88,8,96,7
passenger729,1,25,245,292,334,47,42,89,8
passenger730,1,14,246,294,317,48,23,71,9
passenger731,1,19,246,314,346,68,32,100,10
passenger732,1,6,246,292,303,46,11,57,11
passenger733,1,15,246,295,317,49,22,71,12
passenger734,1,3,247,293,297,46,4,50,13
passenger735,1,17,247,280,308,33,28,61,14
passenger736,1,6,247,292,301,45,9,54,15
passenger737,1,23,247,326,362,79,36,115,0
passenger738,1,3,248,302,306,54,4,58,1
passenger739,1,17,248,292,318,44,26,70,2
passenger740,1,5,249,291,299,42,8,50,3
passenger741,1,18,249,331,360,82,29,111,4
passenger742,1,13,249,294,316,45,22,67,5
passenger743,1,25,249,319,359,70,40,110,6
passenger744,1,17,249,333,365,84,32,116,7
passenger745,1,10,250,292,309,42,17,59,8
passenger746,1,4,250,294,301,44,7,51,9
passenger747,1,16,250,314,339,64,25,89,10
passenger748,1,12,251,292,313,41,21,62,11
passenger749,1,3,251,295,299,44,4,48,12
passenger750,1,15,252,293,321,41,28,69,13
passenger751,1,7,252,280,292,28,12,40,14
passenger752,1,7,253,292,304,39,12,51,15
passenger753,1,2,253,326,329,73,3,76,0
passenger754,1,10,253,302,321,49,19,68,1
passenger755,1,7,253,292,302,39,10,49,2
passenger756,1,3,253,291,295,38,4,42,3
passenger757,1,12,254,331,350,77,19,96,4
passenger758,1,7,254,294,304,40,10,50,5
passenger759,1,5,254,319,327,65,8,73,6
passenger760,1,13,254,333,359,79,26,105,7
passenger761,1,3,254,360,364,106,4,110,8
passenger762,1,25,255,294,332,39,38,77,9
passenger763,1,13,255,314,332,59,18,77,10
passenger764,1,25,256,292,330,36,38,74,11
passenger765,1,23,256,295,335,39,40,79,12
passenger766,1,25,256,343,387,87,44,131,13
passenger767,1,15,256,336,366,80,30,110,14
passenger768,1,12,256,292,315,36,23,59,15
passenger769,1,19,256,326,354,70,28,98,0
passenger770,1,3,257,302,306,45,4,49,1
passenger771,1,22,257,292,329,35,37,72,2
passenger772,1,9,257,291,305,34,14,48,3
passenger773,1,2,257,331,334,74,3,77,4
passenger774,1,7,257,358,370,101,12,113,5
passenger775,1,7,258,319,331,61,12,73,6
passenger776,1,2,258,333,336,75,3,78,7
passenger777,1,18,258,360,391,102,31,133,8
passenger778,1,4,258,358,363,100,5,105,9
passenger779,1,22,259,314,351,55,37,92,10
passenger780,1,12,259,292,313,33,21,54,11
passenger781,1,19,260,295,327,35,32,67,12
passenger782,1,10,260,343,360,83,17,100,13
passenger783,1,5,261,336,344,75,8,83,14
passenger784,1,6,262,360,369,98,9,107,15
passenger785,1,17,262,326,350,64,24,88,0
passenger786,1,19,262,302,334,40,32,72,1
passenger787,1,8,263,292,305,29,13,42,2
passenger788,1,10,263,291,308,28,17,45,3
passenger789,1,24,264,331,370,67,39,106,4
passenger790,1,22,265,358,393,93,35,128,5
passenger791,1,11,265,319,339,54,20,74,6
passenger792,1,7,265,333,347,68,14,82,7
passenger793,1,9,266,360,374,94,14,108,8
passenger794,1,14,266,358,381,92,23,115,9
passenger795,1,15,266,314,336,48,22,70,10
passenger796,1,6,266,292,303,26,11,37,11
passenger797,1,3,266,295,299,29,4,33,12
passenger798,1,13,267,343,367,76,24,100,13
passenger799,1,21,267,336,374,69,38,107,14
passenger800,1,5,267,360,366,93,6,99,15
passenger801,1,11,267,326,342,59,16,75,0
passenger802,1,5,268,302,310,34,8,42,1
passenger803,1,7,268,292,302,24,10,34,2
passenger804,1,16,268,291,316,23,25,48,3
passenger805,1,8,268,331,344,63,13,76,4
passenger806,1,8,268,358,373,90,15,105,5
passenger807,1,25,268,319,359,51,40,91,6
passenger808,1,6,269,333,344,64,11,75,7
passenger809,1,6,269,360,369,91,9,100,8
passenger810,1,24,269,358,397,89,39,128,9
passenger811,1,15,269,314,336,45,22,67,10
passenger812,1,3,270,356,360,86,4,90,11
passenger813,1,12,270,359,378,89,19,108,12
passenger814,1,15,270,343,373,73,30,103,13
passenger815,1,8,270,336,351,66,15,81,14
passenger816,1,15,270,360,384,90,24,114,15
passenger817,1,17,270,326,350,56,24,80,0
passenger818,1,8,270,366,379,96,13,109,1
passenger819,1,21,270,292,326,22,34,56,2
passenger820,1,12,270,353,370,83,17,100,3
passenger821,1,25,271,331,373,60,42,102,4
passenger822,1,4,271,358,363,87,5,92,5
passenger823,1,9,272,319,335,47,16,63,6
passenger824,1,19,272,333,369,61,36,97,7
passenger825,1,23,272,360,400,88,40,128,8
passenger826,1,7,273,358,368,85,10,95,9
passenger827,1,25,273,314,356,41,42,83,10
passenger828,1,6,274,356,365,82,9,91,11
passenger829,1,11,274,359,375,85,16,101,12
passenger830,1,9,274,343,357,69,14,83,13
passenger831,1,12,275,336,361,61,25,86,14
passenger832,1,23,275,360,402,85,42,127,15
passenger833,1,19,276,326,354,50,28,78,0
passenger834,1,21,276,366,402,90,36,126,1
passenger835,1,8,277,292,305,15,13,28,2
passenger836,1,24,277,353,390,76,37,113,3
passenger837,1,12,277,331,350,54,19,73,4
passenger838,1,17,277,358,386,81,28,109,5
passenger839,1,18,278,319,350,41,31,72,6
passenger840,1,17,278,333,365,55,32,87,7
passenger841,1,16,279,360,385,81,25,106,8
passenger842,1,13,279,358,378,79,20,99,9
passenger843,1,17,279,314,342,35,28,63,10
passenger844,1,23,279,356,394,77,38,115,11
passenger845,1,11,280,359,375,79,16,95,12
passenger846,1,14,280,343,370,63,27,90,13
passenger847,1,6,280,336,347,56,11,67,14
passenger848,1,10,280,360,377,80,17,97,15
passenger849,1,20,280,326,357,46,31,77,0
passenger850,1,17,280,366,396,86,30,116,1
passenger851,1,7,280,352,364,72,12,84,2
passenger852,1,15,281,353,375,72,22,94,3
passenger853,1,21,281,331,365,50,34,84,4
passenger854,1,4,281,358,363,77,5,82,5
passenger855,1,3,282,385,389,103,4,107,6
passenger856,1,11,282,333,355,51,22,73,7
passenger857,1,17,283,360,388,77,28,105,8
passenger858,1,9,283,358,372,75,14,89,9
passenger859,1,21,283,382,414,99,32,131,10
passenger860,1,22,283,356,391,73,35,108,11
passenger861,1,14,283,359,382,76,23,99,12
passenger862,1,11,283,343,363,60,20,80,13
passenger863,1,3,284,336,340,52,4,56,14
passenger864,1,21,284,360,396,76,36,112,15
passenger865,1,23,284,326,362,42,36,78,0
passenger866,1,12,284,366,389,82,23,105,1
passenger867,1,14,285,352,377,67,25,92,2
passenger868,1,20,285,353,384,68,31,99,3
passenger869,1,18,286,399,430,113,31,144,4
passenger870,1,5,287,358,366,71,8,79,5
passenger871,1,18,288,385,414,97,29,126,6
passenger872,1,24,288,389,430,101,41,142,7
passenger873,1,20,289,360,395,71,35,106,8
passenger874,1,13,289,358,378,69,20,89,9
passenger875,1,14,289,382,401,93,19,112,10
passenger876,1,8,290,356,369,66,13,79,11
passenger877,1,17,290,359,387,69,28,97,12
passenger878,1,7,290,343,353,53,10,63,13
passenger879,1,10,290,336,357,46,21,67,14
passenger880,1,8,291,360,373,69,13,82,15
passenger881,1,10,291,326,339,35,13,48,0
passenger882,1,10,291,366,385,75,19,94,1
passenger883,1,3,291,352,356,61,4,65,2
passenger884,1,19,292,353,381,61,28,89,3
passenger885,1,12,292,399,418,107,19,126,4
passenger886,1,24,292,358,397,66,39,105,5
passenger887,1,6,293,385,396,92,11,103,6
passenger888,1,18,293,389,414,96,25,121,7
passenger889,1,6,294,360,369,66,9,75,8
passenger890,1,15,295,358,384,63,26,89,9
passenger891,1,13,295,382,398,87,16,103,10
passenger892,1,12,295,356,375,61,19,80,11
passenger893,1,17,295,359,387,64,28,92,12
passenger894,1,21,296,343,381,47,38,85,13
passenger895,1,9,296,336,354,40,18,58,14
passenger896,1,22,296,360,399,64,39,103,15
passenger897,1,6,296,386,395,90,9,99,0
passenger898,1,9,296,366,382,70,16,86,1
passenger899,1,9,296,352,368,56,16,72,2
passenger900,1,24,297,353,390,56,37,93,3
passenger901,1,4,297,399,404,102,5,107,4
passenger902,1,11,298,358,378,60,20,80,5
passenger903,1,12,298,385,404,87,19,106,6
passenger904,1,21,298,389,423,91,34,125,7
passenger905,1,13,298,360,380,62,20,82,8
passenger906,1,25,298,358,400,60,42,102,9
passenger907,1,19,300,382,410,82,28,110,10
passenger908,1,18,300,356,385,56,29,85,11
passenger909,1,20,300,359,392,59,33,92,12
passenger910,1,5,301,343,349,42,6,48,13
passenger911,1,12,301,336,361,35,25,60,14
passenger912,1,16,301,360,387,59,27,86,15
passenger913,1,7,301,386,398,85,12,97,0
passenger914,1,4,302,366,373,64,7,71,1
passenger915,1,5,302,352,360,50,8,58,2
passenger916,1,20,302,353,384,51,31,82,3
passenger917,1,17,302,399,427,97,28,125,4
passenger918,1,8,304,358,373,54,15,69,5
passenger919,1,19,304,385,417,81,32,113,6
passenger920,1,18,304,389,414,85,25,110,7
passenger921,1,21,305,424,458,119,34,153,8
passenger922,1,23,305,358,394,53,36,89,9
passenger923,1,23,305,382,418,77,36,113,10
passenger924,1,6,305,356,365,51,9,60,11
passenger925,1,20,306,359,392,53,33,86,12
passenger926,1,11,306,413,433,107,20,127,13
passenger927,1,11,307,396,416,89,20,109,14
passenger928,1,17,307,360,390,53,30,83,15
passenger929,1,16,308,386,413,78,27,105,0
passenger930,1,12,308,366,389,58,23,81,1
passenger931,1,25,309,352,392,43,40,83,2
passenger932,1,6,309,353,360,44,7,51,3
passenger933,1,4,310,399,404,89,5,94,4
passenger934,1,2,311,422,425,111,3,114,5
passenger935,1,21,311,385,421,74,36,110,6
passenger936,1,11,311,389,405,78,16,94,7
passenger937,1,12,312,424,439,112,15,127,8
passenger938,1,17,312,426,454,114,28,142,9
passenger939,1,12,312,382,395,70,13,83,10
passenger940,1,15,313,356,380,43,24,67,11
passenger941,1,3,313,359,363,46,4,50,12
passenger942,1,5,314,413,421,99,8,107,13
passenger943,1,24,314,396,439,82,43,125,14
passenger944,1,12,314,426,445,112,19,131,15
passenger945,1,6,314,386,395,72,9,81,0
passenger946,1,10,314,366,385,52,19,71,1
passenger947,1,10,315,352,371,37,19,56,2
passenger948,1,8,315,353,364,38,11,49,3
passenger949,1,9,315,399,411,84,12,96,4
passenger950,1,19,315,422,448,107,26,133,5
passenger951,1,4,315,385,392,70,7,77,6
passenger952,1,9,316,389,401,73,12,85,7
passenger953,1,13,316,424,442,108,18,126,8
passenger954,1,14,316,426,447,110,21,131,9
passenger955,1,23,316,382,418,66,36,102,10
passenger956,1,24,316,356,397,40,41,81,11
passenger957,1,9,317,359,371,42,12,54,12
passenger958,1,14,317,413,438,96,25,121,13
passenger959,1,2,318,396,399,78,3,81,14
passenger960,1,16,319,426,455,107,29,136,15
passenger961,1,5,319,386,392,67,6,73,0
passenger962,1,3,319,366,370,47,4,51,1
passenger963,1,18,319,352,383,33,31,64,2
passenger964,1,6,320,353,360,33,7,40,3
passenger965,1,13,320,399,421,79,22,101,4
passenger966,1,4,320,422,429,102,7,109,5
passenger967,1,19,320,385,417,65,32,97,6
passenger968,1,20,320,389,420,69,31,100,7
passenger969,1,15,321,424,446,103,22,125,8
passenger970,1,22,321,426,461,105,35,140,9
passenger971,1,12,321,382,395,61,13,74,10
passenger972,1,6,321,422,433,101,11,112,11
passenger973,1,5,322,413,421,91,8,99,12
passenger974,1,7,322,413,425,91,12,103,13
passenger975,1,6,323,396,407,73,11,84,14
passenger976,1,9,323,426,438,103,12,115,15
passenger977,1,7,324,386,398,62,12,74,0
passenger978,1,16,324,424,447,100,23,123,1
passenger979,1,5,324,352,360,28,8,36,2
passenger980,1,16,325,415,440,90,25,115,3
passenger981,1,10,325,399,414,74,15,89,4
passenger982,1,18,325,422,445,97,23,120,5
passenger983,1,14,325,385,408,60,23,83,6
passenger984,1,23,326,389,427,63,38,101,7
passenger985,1,12,326,424,439,98,15,113,8
passenger986,1,9,326,426,436,100,10,110,9
passenger987,1,16,326,382,405,56,23,79,10
passenger988,1,17,328,422,452,94,30,124,11
passenger989,1,12,328,413,432,85,19,104,12
passenger990,1,15,329,413,441,84,28,112,13
passenger991,1,13,329,396,420,67,24,91,14
passenger992,1,9,329,426,438,97,12,109,15
passenger993,1,9,329,386,402,57,16,73,0
passenger994,1,23,330,424,460,94,36,130,1
passenger995,1,18,330,352,383,22,31,53,2
passenger996,1,4,330,415,420,85,5,90,3
passenger997,1,25,330,399,439,69,40,109,4
passenger998,1,19,331,422,448,91,26,117,5
passenger999,1,3,332,385,389,53,4,57,6
passenger1000,1,19,332,389,417,57,28,85,7
passenger1001,1,16,332,424,449,92,25,117,8
passenger1002,1,23,332,426,464,94,38,132,9
passenger1003,1,13,332,382,398,50,16,66,10
passenger1004,1,14,332,422,447,90,25,115,11
passenger1005,1,9,333,413,427,80,14,94,12
passenger1006,1,9,333,413,429,80,16,96,13
passenger1007,1,16,333,396,427,63,31,94,14
passenger1008,1,21,334,426,462,92,36,128,15
passenger1009,1,23,334,386,424,52,38,90,0
passenger1010,1,20,334,424,453,90,29,119,1
passenger1011,1,16,334,418,445,84,27,111,2
passenger1012,1,14,334,415,436,81,21,102,3
passenger1013,1,10,334,399,414,65,15,80,4
passenger1014,1,20,335,422,451,87,29,116,5
passenger1015,1,9,336,443,459,107,16,123,6
passenger1016,1,8,336,389,398,53,9,62,7
passenger1017,1,22,336,424,461,88,37,125,8
passenger1018,1,16,336,426,451,90,25,115,9
passenger1019,1,10,336,442,461,106,19,125,10
passenger1020,1,22,337,422,459,85,37,122,11
passenger1021,1,25,337,413,453,76,40,116,12
passenger1022,1,9,337,413,429,76,16,92,13
passenger1023,1,14,338,396,423,58,27,85,14
passenger1024,1,13,338,426,448,88,22,110,15
passenger1025,1,18,338,386,417,48,31,79,0
passenger1026,1,24,339,424,463,85,39,124,1
passenger1027,1,15,339,418,442,79,24,103,2
passenger1028,1,21,339,415,447,76,32,108,3
passenger1029,1,16,340,465,486,125,21,146,4
passenger1030,1,23,340,422,456,82,34,116,5
passenger1031,1,11,341,443,463,102,20,122,6
passenger1032,1,11,341,455,471,114,16,130,7
passenger1033,1,12,341,424,439,83,15,98,8
passenger1034,1,25,341,426,468,85,42,127,9
passenger1035,1,16,342,442,469,100,27,127,10
passenger1036,1,5,342,422,430,80,8,88,11
passenger1037,1,2,342,413,416,71,3,74,12
passenger1038,1,14,342,413,438,71,25,96,13
passenger1039,1,21,342,396,434,54,38,92,14
passenger1040,1,13,343,426,448,83,22,105,15
passenger1041,1,15,343,386,410,43,24,67,0
passenger1042,1,21,343,424,456,81,32,113,1
passenger1043,1,14,344,418,439,74,21,95,2
passenger1044,1,23,344,415,453,71,38,109,3
passenger1045,1,17,344,465,489,121,24,145,4
passenger1046,1,19,345,422,448,77,26,103,5
passenger1047,1,20,345,443,476,98,33,131,6
passenger1048,1,17,345,455,481,110,26,136,7
passenger1049,1,3,346,424,428,78,4,82,8
passenger1050,1,12,346,426,443,80,17,97,9
passenger1051,1,5,346,442,452,96,10,106,10
passenger1052,1,14,346,422,447,76,25,101,11
passenger1053,1,5,347,413,421,66,8,74,12
passenger1054,1,14,347,413,438,66,25,91,13
passenger1055,1,10,348,396,413,48,17,65,14
passenger1056,1,2,348,426,429,78,3,81,15
passenger1057,1,4,348,448,453,100,5,105,0
passenger1058,1,14,349,424,443,75,19,94,1
passenger1059,1,3,349,418,422,69,4,73,2
passenger1060,1,22,349,415,450,66,35,101,3
passenger1061,1,20,349,465,496,116,31,147,4
passenger1062,1,19,350,422,448,72,26,98,5
passenger1063,1,6,350,443,454,93,11,104,6
passenger1064,1,21,350,455,489,105,34,139,7
passenger1065,1,17,350,424,452,74,28,102,8
passenger1066,1,11,350,426,440,76,14,90,9
passenger1067,1,2,351,442,445,91,3,94,10
passenger1068,1,14,351,422,447,71,25,96,11
passenger1069,1,21,351,413,447,62,34,96,12
passenger1070,1,2,351,413,416,62,3,65,13
passenger1071,1,3,351,396,402,45,6,51,14
passenger1072,1,11,351,426,442,75,16,91,15
passenger1073,1,14,352,448,473,96,25,121,0
passenger1074,1,13,352,424,440,72,16,88,1
passenger1075,1,12,353,418,433,65,15,80,2
passenger1076,1,8,353,415,426,62,11,73,3
passenger1077,1,3,354,465,469,111,4,115,4
passenger1078,1,2,354,422,425,68,3,71,5
passenger1079,1,4,355,443,450,88,7,95,6
passenger1080,1,18,356,455,484,99,29,128,7
passenger1081,1,20,356,484,519,128,35,163,8
passenger1082,1,12,356,426,443,70,17,87,9
passenger1083,1,3,356,442,448,86,6,92,10
passenger1084,1,11,356,422,442,66,20,86,11
passenger1085,1,25,358,413,453,55,40,95,12
passenger1086,1,7,359,457,471,98,14,112,13
passenger1087,1,13,359,464,488,105,24,129,14
passenger1088,1,14,359,426,451,67,25,92,15
passenger1089,1,9,359,448,460,89,12,101,0
passenger1090,1,12,360,424,437,64,13,77,1
passenger1091,1,13,360,418,436,58,18,76,2
passenger1092,1,13,360,415,433,55,18,73,3
passenger1093,1,19,360,465,493,105,28,133,4
passenger1094,1,15,360,480,500,120,20,140,5
passenger1095,1,3,361,443,447,82,4,86,6
passenger1096,1,2,362,455,458,93,3,96,7
passenger1097,1,11,362,484,506,122,22,144,8
passenger1098,1,23,362,494,532,132,38,170,9
passenger1099,1,2,362,442,445,80,3,83,10
passenger1100,1,3,362,422,426,60,4,64,11
passenger1101,1,18,363,413,440,50,27,77,12
passenger1102,1,12,363,457,480,94,23,117,13
passenger1103,1,7,363,464,476,101,12,113,14
passenger1104,1,6,363,484,499,121,15,136,15
passenger1105,1,17,364,448,478,84,30,114,0
passenger1106,1,14,364,424,443,60,19,79,1
passenger1107,1,17,364,418,448,54,30,84,2
passenger1108,1,8,365,415,426,50,11,61,3
passenger1109,1,14,365,465,482,100,17,117,4
passenger1110,1,22,366,480,515,114,35,149,5
passenger1111,1,9,366,443,459,77,16,93,6
passenger1112,1,11,366,455,471,89,16,105,7
passenger1113,1,5,366,484,494,118,10,128,8
passenger1114,1,17,366,494,522,128,28,156,9
passenger1115,1,2,367,442,445,75,3,78,10
passenger1116,1,7,368,422,436,54,14,68,11
passenger1117,1,19,368,413,443,45,30,75,12
passenger1118,1,2,369,457,460,88,3,91,13
passenger1119,1,25,369,464,506,95,42,137,14
passenger1120,1,11,369,484,506,115,22,137,15
passenger1121,1,11,369,448,466,79,18,97,0
passenger1122,1,14,370,424,443,54,19,73,1
passenger1123,1,17,370,418,448,48,30,78,2
passenger1124,1,13,370,415,433,45,18,63,3
passenger1125,1,23,370,465,501,95,36,131,4
passenger1126,1,25,370,480,520,110,40,150,5
passenger1127,1,6,370,443,454,73,11,84,6
passenger1128,1,18,370,455,484,85,29,114,7
passenger1129,1,9,371,484,502,113,18,131,8
passenger1130,1,25,371,494,536,123,42,165,9
passenger1131,1,8,371,442,457,71,15,86,10
passenger1132,1,9,371,482,500,111,18,129,11
passenger1133,1,19,371,479,509,108,30,138,12
passenger1134,1,20,371,457,494,86,37,123,13
passenger1135,1,5,372,464,472,92,8,100,14
passenger1136,1,15,372,484,514,112,30,142,15
passenger1137,1,10,372,448,463,76,15,91,0
passenger1138,1,16,372,488,513,116,25,141,1
passenger1139,1,15,373,418,442,45,24,69,2
passenger1140,1,25,373,477,513,104,36,140,3
passenger1141,1,24,373,465,504,92,39,131,4
passenger1142,1,17,373,480,506,107,26,133,5
passenger1143,1,18,374,443,472,69,29,98,6
passenger1144,1,23,374,455,493,81,38,119,7
passenger1145,1,6,375,484,497,109,13,122,8
passenger1146,1,19,375,494,526,119,32,151,9
passenger1147,1,20,376,442,475,66,33,99,10
passenger1148,1,5,376,482,492,106,10,116,11
passenger1149,1,23,376,479,515,103,36,139,12
passenger1150,1,18,376,457,490,81,33,114,13
passenger1151,1,10,377,464,481,87,17,104,14
passenger1152,1,13,377,484,510,107,26,133,15
passenger1153,1,13,378,448,470,70,22,92,0
passenger1154,1,24,379,488,529,109,41,150,1
passenger1155,1,25,379,418,458,39,40,79,2
passenger1156,1,21,380,477,505,97,28,125,3
passenger1157,1,17,380,465,489,85,24,109,4
passenger1158,1,4,380,480,485,100,5,105,5
passenger1159,1,23,380,443,481,63,38,101,6
passenger1160,1,5,380,455,463,75,8,83,7
passenger1161,1,6,380,484,497,104,13,117,8
passenger1162,1,3,381,494,498,113,4,117,9
passenger1163,1,24,381,442,481,61,39,100,10
passenger1164,1,13,382,482,506,100,24,124,11
passenger1165,1,7,382,479,487,97,8,105,12
passenger1166,1,3,382,457,463,75,6,81,13
passenger1167,1,11,383,464,484,81,20,101,14
passenger1168,1,19,384,484,520,100,36,136,15
passenger1169,1,25,384,448,490,64,42,106,0
passenger1170,1,15,385,488,510,103,22,125,1
passenger1171,1,16,385,484,509,99,25,124,2
passenger1172,1,22,385,477,508,92,31,123,3
passenger1173,1,23,385,465,501,80,36,116,4
passenger1174,1,8,385,480,491,95,11,106,5
passenger1175,1,25,386,505,545,119,40,159,6
passenger1176,1,14,386,455,476,69,21,90,7
passenger1177,1,24,386,484,525,98,41,139,8
passenger1178,1,4,386,494,501,108,7,115,9
passenger1179,1,4,386,506,513,120,7,127,10
passenger1180,1,23,386,482,522,96,40,136,11
passenger1181,1,18,388,479,506,91,27,118,12
passenger1182,1,6,388,457,468,69,11,80,13
passenger1183,1,23,388,464,502,76,38,114,14
passenger1184,1,4,388,484,493,96,9,105,15
passenger1185,1,18,389,448,481,59,33,92,0
passenger1186,1,6,389,488,495,99,7,106,1
passenger1187,1,3,390,484,488,94,4,98,2
passenger1188,1,21,390,477,505,87,28,115,3
passenger1189,1,22,390,529,570,139,41,180,4
passenger1190,1,4,390,480,485,90,5,95,5
passenger1191,1,4,390,505,510,115,5,120,6
passenger1192,1,16,390,517,546,127,29,156,7
passenger1193,1,2,390,484,487,94,3,97,8
passenger1194,1,19,391,494,526,103,32,135,9
passenger1195,1,23,391,506,546,115,40,155,10
passenger1196,1,20,391,482,515,91,33,124,11
passenger1197,1,7,391,479,487,88,8,96,12
passenger1198,1,6,392,457,468,65,11,76,13
passenger1199,1,18,393,464,495,71,31,102,14
passenger1200,1,3,393,484,490,91,6,97,15
passenger1201,1,14,394,448,473,54,25,79,0
passenger1202,1,12,394,488,505,94,17,111,1
passenger1203,1,19,394,484,516,90,32,122,2
passenger1204,1,6,395,477,486,82,9,91,3
passenger1205,1,20,395,529,566,134,37,171,4
passenger1206,1,18,395,480,509,85,29,114,5
passenger1207,1,7,396,505,515,109,10,119,6
passenger1208,1,10,396,517,536,121,19,140,7
passenger1209,1,3,396,484,490,88,6,94,8
passenger1210,1,12,397,494,513,97,19,116,9
passenger1211,1,8,397,506,519,109,13,122,10
passenger1212,1,4,397,482,489,85,7,92,11
passenger1213,1,15,398,479,501,81,22,103,12
passenger1214,1,15,398,457,485,59,28,87,13
passenger1215,1,4,398,464,469,66,5,71,14
passenger1216,1,6,398,484,499,86,15,101,15
passenger1217,1,3,399,516,520,117,4,121,0
passenger1218,1,18,400,488,517,88,29,117,1
passenger1219,1,10,400,484,497,84,13,97,2
passenger1220,1,3,401,477,481,76,4,80,3
passenger1221,1,6,401,529,540,128,11,139,4
passenger1222,1,25,401,480,520,79,40,119,5
passenger1223,1,8,402,505,518,103,13,116,6
passenger1224,1,18,402,517,550,115,33,148,7
passenger1225,1,13,402,484,510,82,26,108,8
passenger1226,1,6,403,494,505,91,11,102,9
passenger1227,1,9,403,506,522,103,16,119,10
passenger1228,1,2,404,482,485,78,3,81,11
passenger1229,1,19,404,479,509,75,30,105,12
passenger1230,1,10,404,457,476,53,19,72,13
passenger1231,1,13,404,464,488,60,24,84,14
passenger1232,1,5,404,484,496,80,12,92,15
passenger1233,1,21,404,516,548,112,32,144,0
passenger1234,1,7,404,488,498,84,10,94,1
passenger1235,1,15,405,484,506,79,22,101,2
passenger1236,1,22,405,477,508,72,31,103,3
passenger1237,1,19,405,529,563,124,34,158,4
passenger1238,1,16,406,480,503,74,23,97,5
passenger1239,1,23,407,505,539,98,34,132,6
passenger1240,1,6,407,517,528,110,11,121,7
passenger1241,1,25,407,550,590,143,40,183,8
passenger1242,1,15,407,494,518,87,24,111,9
passenger1243,1,11,407,506,526,99,20,119,10
passenger1244,1,8,408,482,497,74,15,89,11
passenger1245,1,19,408,479,509,71,30,101,12
passenger1246,1,25,409,515,551,106,36,142,13
passenger1247,1,18,409,532,563,123,31,154,14
passenger1248,1,2,409,484,487,75,3,78,15
passenger1249,1,13,409,516,534,107,18,125,0
passenger1250,1,19,411,488,520,77,32,109,1
passenger1251,1,11,411,484,500,73,16,89,2
passenger1252,1,20,411,477,502,66,25,91,3
passenger1253,1,18,412,529,560,117,31,148,4
passenger1254,1,3,412,546,550,134,4,138,5
passenger1255,1,15,412,505,529,93,24,117,6
passenger1256,1,6,412,517,528,105,11,116,7
passenger1257,1,13,413,550,570,137,20,157,8
passenger1258,1,11,413,562,578,149,16,165,9
passenger1259,1,21,413,506,542,93,36,129,10
passenger1260,1,22,413,482,519,69,37,106,11
passenger1261,1,13,414,479,497,65,18,83,12
passenger1262,1,14,414,515,532,101,17,118,13
passenger1263,1,17,414,532,560,118,28,146,14
passenger1264,1,17,414,540,570,126,30,156,15
passenger1265,1,17,414,516,542,102,26,128,0
passenger1266,1,20,414,488,523,74,35,109,1
passenger1267,1,25,414,484,524,70,40,110,2
passenger1268,1,21,414,477,505,63,28,91,3
passenger1269,1,5,414,529,537,115,8,123,4
passenger1270,1,13,415,546,570,131,24,155,5
passenger1271,1,13,416,505,525,89,20,109,6
passenger1272,1,14,416,517,542,101,25,126,7
passenger1273,1,14,416,550,573,134,23,157,8
passenger1274,1,19,416,562,590,146,28,174,9
passenger1275,1,12,417,506,529,89,23,112,10
passenger1276,1,8,417,482,497,65,15,80,11
passenger1277,1,12,417,479,494,62,15,77,12
passenger1278,1,22,417,515,544,98,29,127,13
passenger1279,1,9,417,532,542,115,10,125,14
passenger1280,1,2,418,540,543,122,3,125,15
passenger1281,1,25,418,516,558,98,42,140,0
passenger1282,1,6,418,488,495,70,7,77,1
passenger1283,1,16,418,484,509,66,25,91,2
passenger1284,1,21,418,477,505,59,28,87,3
passenger1285,1,8,418,529,544,111,15,126,4
passenger1286,1,10,418,546,563,128,17,145,5
passenger1287,1,8,418,505,518,87,13,100,6
passenger1288,1,5,418,517,525,99,8,107,7
passenger1289,1,5,419,550,558,131,8,139,8
passenger1290,1,6,419,562,571,143,9,152,9
passenger1291,1,12,419,506,529,87,23,110,10
passenger1292,1,14,419,546,563,127,17,144,11
passenger1293,1,2,420,539,542,119,3,122,12
passenger1294,1,22,420,515,544,95,29,124,13
passenger1295,1,18,420,532,563,112,31,143,14
passenger1296,1,3,420,540,546,120,6,126,15
passenger1297,1,22,420,516,551,96,35,131,0
passenger1298,1,2,421,554,557,133,3,136,1
passenger1299,1,15,421,484,506,63,22,85,2
passenger1300,1,13,422,539,557,117,18,135,3
passenger1301,1,14,422,529,554,107,25,132,4
passenger1302,1,24,422,546,589,124,43,167,5
passenger1303,1,24,423,505,542,82,37,119,6
passenger1304,1,8,424,517,532,93,15,108,7
passenger1305,1,15,425,550,576,125,26,151,8
passenger1306,1,25,425,562,604,137,42,179,9
passenger1307,1,19,426,506,538,80,32,112,10
passenger1308,1,23,426,546,586,120,40,160,11
passenger1309,1,12,426,539,558,113,19,132,12
passenger1310,1,8,426,515,524,89,9,98,13
passenger1311,1,14,426,532,553,106,21,127,14
passenger1312,1,21,427,540,578,113,38,151,15
passenger1313,1,24,427,516,555,89,39,128,0
passenger1314,1,18,427,554,579,127,25,152,1
passenger1315,1,18,429,484,513,55,29,84,2
passenger1316,1,14,429,539,560,110,21,131,3
passenger1317,1,9,429,529,547,100,18,118,4
passenger1318,1,12,429,546,567,117,21,138,5
passenger1319,1,13,429,505,525,76,20,96,6
passenger1320,1,21,429,517,555,88,38,126,7
passenger1321,1,15,430,550,576,120,26,146,8
passenger1322,1,21,430,562,594,132,32,164,9
passenger1323,1,2,430,506,509,76,3,79,10
passenger1324,1,20,430,546,579,116,33,149,11
passenger1325,1,14,431,539,562,108,23,131,12
passenger1326,1,25,431,515,551,84,36,120,13
passenger1327,1,13,431,532,550,101,18,119,14
passenger1328,1,13,431,540,564,109,24,133,15
passenger1329,1,5,431,516,524,85,8,93,0
passenger1330,1,21,432,554,584,122,30,152,1
passenger1331,1,18,433,550,575,117,25,142,2
passenger1332,1,22,434,539,576,105,37,142,3
passenger1333,1,4,434,529,534,95,5,100,4
passenger1334,1,7,435,546,558,111,12,123,5
passenger1335,1,23,435,571,611,136,40,176,6
passenger1336,1,3,435,517,521,82,4,86,7
passenger1337,1,14,436,550,573,114,23,137,8
passenger1338,1,11,436,562,578,126,16,142,9
passenger1339,1,24,436,570,607,134,37,171,10
passenger1340,1,22,436,546,583,110,37,147,11
passenger1341,1,23,436,539,573,103,34,137,12
passenger1342,1,8,436,515,524,79,9,88,13
passenger1343,1,16,437,532,557,95,25,120,14
passenger1344,1,18,437,540,573,103,33,136,15
passenger1345,1,25,437,516,558,79,42,121,0
passenger1346,1,2,438,554,557,116,3,119,1
passenger1347,1,25,439,550,590,111,40,151,2
passenger1348,1,10,439,539,552,100,13,113,3
passenger1349,1,5,439,593,601,154,8,162,4
passenger1350,1,16,439,546,579,107,33,140,5
passenger1351,1,20,440,571,606,131,35,166,6
passenger1352,1,5,440,577,585,137,8,145,7
passenger1353,1,2,440,550,553,110,3,113,8
passenger1354,1,23,441,562,598,121,36,157,9
passenger1355,1,24,441,570,607,129,37,166,10
passenger1356,1,5,441,546,552,105,6,111,11
passenger1357,1,23,442,539,573,97,34,131,12
passenger1358,1,23,442,515,547,73,32,105,13
passenger1359,1,25,442,532,572,90,40,130,14
passenger1360,1,7,442,540,552,98,12,110,15
passenger1361,1,15,443,516,538,73,22,95,0
passenger1362,1,25,443,554,592,111,38,149,1
passenger1363,1,23,443,550,584,107,34,141,2
passenger1364,1,16,444,539,566,95,27,122,3
passenger1365,1,6,444,593,604,149,11,160,4
passenger1366,1,4,445,546,553,101,7,108,5
passenger1367,1,8,445,571,582,126,11,137,6
passenger1368,1,3,445,577,581,132,4,136,7
passenger1369,1,6,446,550,561,104,11,115,8
passenger1370,1,3,446,562,566,116,4,120,9
passenger1371,1,20,446,570,597,124,27,151,10
passenger1372,1,16,446,546,569,100,23,123,11
passenger1373,1,14,446,539,562,93,23,116,12
passenger1374,1,21,446,515,541,69,26,95,13
passenger1375,1,11,447,532,546,85,14,99,14
passenger1376,1,11,447,540,560,93,20,113,15
passenger1377,1,6,447,584,591,137,7,144,0
passenger1378,1,12,447,554,571,107,17,124,1
passenger1379,1,6,448,550,557,102,7,109,2
passenger1380,1,16,448,539,566,91,27,118,3
passenger1381,1,25,448,593,635,145,42,187,4
passenger1382,1,14,448,546,573,98,27,125,5
passenger1383,1,9,448,571,585,123,14,137,6
passenger1384,1,18,448,577,604,129,27,156,7
passenger1385,1,21,449,550,584,101,34,135,8
passenger1386,1,13,450,562,582,112,20,132,9
passenger1387,1,8,451,570,581,119,11,130,10
passenger1388,1,19,451,546,576,95,30,125,11
passenger1389,1,6,451,539,548,88,9,97,12
passenger1390,1,25,452,515,551,63,36,99,13
passenger1391,1,9,452,532,542,80,10,90,14
passenger1392,1,10,452,540,557,88,17,105,15
passenger1393,1,19,453,584,620,131,36,167,0
passenger1394,1,2,453,554,557,101,3,104,1
passenger1395,1,6,453,550,557,97,7,104,2
passenger1396,1,5,453,539,545,86,6,92,3
passenger1397,1,11,454,593,613,139,20,159,4
passenger1398,1,15,454,546,576,92,30,122,5
passenger1399,1,6,454,571,578,117,7,124,6
passenger1400,1,10,454,577,592,123,15,138,7
passenger1401,1,20,454,616,645,162,29,191,8
passenger1402,1,24,454,562,601,108,39,147,9
passenger1403,1,2,455,570,573,115,3,118,10
passenger1404,1,17,455,546,572,91,26,117,11
passenger1405,1,2,456,539,542,83,3,86,12
passenger1406,1,14,456,577,600,121,23,144,13
passenger1407,1,23,456,598,634,142,36,178,14
passenger1408,1,21,456,540,578,84,38,122,15
passenger1409,1,7,456,584,594,128,10,138,0
passenger1410,1,8,456,554,565,98,11,109,1
passenger1411,1,20,456,550,579,94,29,123,2
passenger1412,1,21,457,539,573,82,34,116,3
passenger1413,1,8,457,593,608,136,15,151,4
passenger1414,1,2,457,614,617,157,3,160,5
passenger1415,1,12,457,571,590,114,19,133,6
passenger1416,1,16,457,577,600,120,23,143,7
passenger1417,1,12,457,616,633,159,17,176,8
passenger1418,1,24,457,630,665,173,35,208,9
passenger1419,1,21,458,570,600,112,30,142,10
passenger1420,1,20,458,546,579,88,33,121,11
passenger1421,1,2,459,539,542,80,3,83,12
passenger1422,1,22,459,577,614,118,37,155,13
passenger1423,1,20,459,598,629,139,31,170,14
passenger1424,1,11,459,600,618,141,18,159,15
passenger1425,1,16,459,584,613,125,29,154,0
passenger1426,1,21,460,554,584,94,30,124,1
passenger1427,1,23,461,550,584,89,34,123,2
passenger1428,1,15,461,539,563,78,24,102,3
passenger1429,1,2,461,593,596,132,3,135,4
passenger1430,1,16,462,614,641,152,27,179,5
passenger1431,1,18,462,571,602,109,31,140,6
passenger1432,1,3,463,577,581,114,4,118,7
passenger1433,1,21,463,616,648,153,32,185,8
passenger1434,1,6,464,630,641,166,11,177,9
passenger1435,1,23,465,570,604,105,34,139,10
passenger1436,1,15,467,546,566,79,20,99,11
passenger1437,1,9,467,539,553,72,14,86,12
passenger1438,1,3,467,577,581,110,4,114,13
passenger1439,1,2,468,598,601,130,3,133,14
passenger1440,1,19,469,600,632,131,32,163,15
passenger1441,1,11,469,584,602,115,18,133,0
passenger1442,1,22,470,554,587,84,33,117,1
passenger1443,1,7,470,550,560,80,10,90,2
passenger1444,1,24,470,539,580,69,41,110,3
passenger1445,1,24,471,593,632,122,39,161,4
passenger1446,1,4,471,614,621,143,7,150,5
passenger1447,1,17,471,571,599,100,28,128,6
passenger1448,1,24,471,577,616,106,39,145,7
passenger1449,1,9,471,616,626,145,10,155,8
passenger1450,1,3,472,630,634,158,4,162,9
passenger1451,1,23,472,570,604,98,34,132,10
passenger1452,1,13,472,610,630,138,20,158,11
passenger1453,1,2,474,597,600,123,3,126,12
passenger1454,1,22,474,577,614,103,37,140,13
passenger1455,1,18,475,598,625,123,27,150,14
passenger1456,1,3,475,600,604,125,4,129,15
passenger1457,1,8,475,584,597,109,13,122,0
passenger1458,1,2,475,618,621,143,3,146,1
passenger1459,1,24,475,550,587,75,37,112,2
passenger1460,1,2,475,605,608,130,3,133,3
passenger1461,1,21,476,593,627,117,34,151,4
passenger1462,1,14,476,614,637,138,23,161,5
passenger1463,1,15,476,571,595,95,24,119,6
passenger1464,1,21,477,577,609,100,32,132,7
passenger1465,1,23,477,616,654,139,38,177,8
passenger1466,1,5,478,630,638,152,8,160,9
passenger1467,1,2,478,570,573,92,3,95,10
passenger1468,1,4,478,610,615,132,5,137,11
passenger1469,1,18,479,597,628,118,31,149,12
passenger1470,1,15,480,577,603,97,26,123,13
passenger1471,1,4,480,598,605,118,7,125,14
passenger1472,1,7,481,600,612,119,12,131,15
passenger1473,1,14,481,584,609,103,25,128,0
passenger1474,1,19,481,618,648,137,30,167,1
passenger1475,1,10,481,550,565,69,15,84,2
passenger1476,1,24,481,605,648,124,43,167,3
passenger1477,1,25,482,593,635,111,42,153,4
passenger1478,1,20,482,614,649,132,35,167,5
passenger1479,1,12,482,571,590,89,19,108,6
passenger1480,1,23,482,577,613,95,36,131,7
passenger1481,1,19,482,616,642,134,26,160,8
passenger1482,1,14,483,630,651,147,21,168,9
passenger1483,1,12,483,570,587,87,17,104,10
passenger1484,1,21,484,610,646,126,36,162,11
passenger1485,1,15,484,597,623,113,26,139,12
passenger1486,1,6,484,577,586,93,9,102,13
passenger1487,1,25,484,598,638,114,40,154,14
passenger1488,1,3,484,600,604,116,4,120,15
passenger1489,1,18,485,584,617,99,33,132,0
passenger1490,1,17,485,618,644,133,26,159,1
passenger1491,1,16,486,616,639,130,23,153,2
passenger1492,1,3,486,605,611,119,6,125,3
passenger1493,1,13,486,593,617,107,24,131,4
passenger1494,1,23,486,614,654,128,40,168,5
passenger1495,1,7,486,635,643,149,8,157,6
passenger1496,1,18,487,577,604,90,27,117,7
passenger1497,1,22,487,616,651,129,35,164,8
passenger1498,1,24,487,630,665,143,35,178,9
passenger1499,1,14,487,632,657,145,25,170,10
passenger1500,1,9,488,610,624,122,14,136,11
passenger1501,1,18,488,597,628,109,31,140,12
passenger1502,1,13,488,577,597,89,20,109,13
passenger1503,1,17,489,598,622,109,24,133,14
passenger1504,1,19,489,600,632,111,32,143,15
passenger1505,1,19,490,584,620,94,36,130,0
passenger1506,1,7,490,618,630,128,12,140,1
passenger1507,1,20,490,616,647,126,31,157,2
passenger1508,1,15,491,605,631,114,26,140,3
passenger1509,1,24,491,661,700,170,39,209,4
passenger1510,1,17,491,614,644,123,30,153,5
passenger1511,1,23,491,635,671,144,36,180,6
passenger1512,1,25,491,641,683,150,42,192,7
passenger1513,1,25,491,616,658,125,42,167,8
passenger1514,1,19,492,630,658,138,28,166,9
passenger1515,1,16,492,632,661,140,29,169,10
passenger1516,1,4,492,610,615,118,5,123,11
passenger1517,1,11,493,597,615,104,18,122,12
passenger1518,1,13,494,577,597,83,20,103,13
passenger1519,1,20,495,598,629,103,31,134,14
passenger1520,1,16,495,600,627,105,27,132,15
passenger1521,1,12,495,584,605,89,21,110,0
passenger1522,1,5,497,618,626,121,8,129,1
passenger1523,1,19,497,616,644,119,28,147,2
passenger1524,1,12,497,605,626,108,21,129,3
passenger1525,1,2,499,661,664,162,3,165,4
passenger1526,1,8,499,614,627,115,13,128,5
passenger1527,1,23,500,635,671,135,36,171,6
passenger1528,1,4,500,641,650,141,9,150,7
passenger1529,1,11,500,616,630,116,14,130,8
passenger1530,1,14,500,630,651,130,21,151,9
passenger1531,1,4,501,632,637,131,5,136,10
passenger1532,1,5,501,610,618,109,8,117,11
passenger1533,1,24,501,597,636,96,39,135,12
passenger1534,1,16,502,577,606,75,29,104,13
passenger1535,1,7,502,598,610,96,12,108,14
passenger1536,1,6,503,600,609,97,9,106,15
passenger1537,1,12,503,640,659,137,19,156,0
passenger1538,1,19,503,618,648,115,30,145,1
passenger1539,1,19,503,616,644,113,28,141,2
passenger1540,1,6,503,605,618,102,13,115,3
passenger1541,1,19,503,661,693,158,32,190,4
passenger1542,1,23,503,614,654,111,40,151,5
passenger1543,1,7,504,635,643,131,8,139,6
passenger1544,1,2,504,641,644,137,3,140,7
passenger1545,1,25,505,616,658,111,42,153,8
passenger1546,1,14,505,630,651,125,21,146,9
passenger1547,1,20,506,632,669,126,37,163,10
passenger1548,1,9,506,610,624,104,14,118,11
passenger1549,1,9,506,597,609,91,12,103,12
passenger1550,1,7,506,577,589,71,12,83,13
passenger1551,1,7,506,598,610,92,12,104,14
passenger1552,1,13,507,600,622,93,22,115,15
passenger1553,1,4,508,640,645,132,5,137,0
passenger1554,1,22,508,618,655,110,37,147,1
passenger1555,1,14,508,616,635,108,19,127,2
passenger1556,1,23,509,605,645,96,40,136,3
passenger1557,1,14,509,661,684,152,23,175,4
passenger1558,1,9,509,614,630,105,16,121,5
passenger1559,1,14,509,635,652,126,17,143,6
passenger1560,1,5,510,641,653,131,12,143,7
passenger1561,1,21,510,684,718,174,34,208,8
passenger1562,1,19,510,630,658,120,28,148,9
passenger1563,1,5,510,632,640,122,8,130,10
passenger1564,1,15,511,610,634,99,24,123,11
passenger1565,1,14,511,597,620,86,23,109,12
passenger1566,1,6,511,637,646,126,9,135,13
passenger1567,1,4,512,664,669,152,5,157,14
passenger1568,1,20,513,600,635,87,35,122,15
passenger1569,1,8,513,640,651,127,11,138,0
passenger1570,1,14,513,618,639,105,21,126,1
passenger1571,1,7,514,616,624,102,8,110,2
passenger1572,1,17,514,605,635,91,30,121,3
passenger1573,1,3,514,661,667,147,6,153,4
passenger1574,1,10,515,678,697,163,19,182,5
passenger1575,1,15,515,635,655,120,20,140,6
passenger1576,1,12,515,641,664,126,23,149,7
passenger1577,1,16,515,684,707,169,23,192,8
passenger1578,1,6,515,690,699,175,9,184,9
passenger1579,1,12,516,632,653,116,21,137,10
passenger1580,1,20,516,610,643,94,33,127,11
passenger1581,1,10,517,597,612,80,15,95,12
passenger1582,1,5,517,637,643,120,6,126,13
passenger1583,1,22,518,664,697,146,33,179,14
passenger1584,1,20,518,656,689,138,33,171,15
passenger1585,1,18,518,640,667,122,27,149,0
passenger1586,1,21,518,618,652,100,34,134,1
passenger1587,1,20,519,616,647,97,31,128,2
passenger1588,1,19,519,605,639,86,34,120,3
passenger1589,1,14,519,661,684,142,23,165,4
passenger1590,1,2,519,678,681,159,3,162,5
passenger1591,1,16,520,635,658,115,23,138,6
passenger1592,1,8,520,641,658,121,17,138,7
passenger1593,1,20,521,684,715,163,31,194,8
passenger1594,1,13,522,690,714,168,24,192,9
passenger1595,1,23,522,632,674,110,42,152,10
passenger1596,1,16,523,610,637,87,27,114,11
passenger1597,1,15,524,597,623,73,26,99,12
passenger1598,1,24,525,637,676,112,39,151,13
passenger1599,1,13,525,664,684,139,20,159,14
passenger1600,1,11,526,656,676,130,20,150,15
passenger1601,1,10,526,640,655,114,15,129,0
passenger1602,1,23,527,618,658,91,40,131,1
passenger1603,1,20,528,616,647,88,31,119,2
passenger1604,1,5,528,605,615,77,10,87,3
passenger1605,1,13,528,661,681,133,20,153,4
passenger1606,1,10,528,678,697,150,19,169,5
passenger1607,1,17,528,635,661,107,26,133,6
passenger1608,1,3,529,641,647,112,6,118,7
passenger1609,1,19,529,684,712,155,28,183,8
passenger1610,1,19,529,690,724,161,34,195,9
passenger1611,1,7,529,632,644,103,12,115,10
passenger1612,1,5,529,668,676,139,8,147,11
passenger1613,1,17,529,661,687,132,26,158,12
passenger1614,1,8,530,637,650,107,13,120,13
passenger1615,1,24,530,664,701,134,37,171,14
passenger1616,1,20,530,656,689,126,33,159,15
passenger1617,1,24,531,640,677,109,37,146,0
passenger1618,1,14,531,682,707,151,25,176,1
passenger1619,1,24,531,616,653,85,37,122,2
passenger1620,1,2,533,673,676,140,3,143,3
passenger1621,1,8,533,661,674,128,13,141,4
passenger1622,1,2,533,678,681,145,3,148,5
passenger1623,1,18,533,635,664,102,29,131,6
passenger1624,1,14,534,641,668,107,27,134,7
passenger1625,1,8,534,684,695,150,11,161,8
passenger1626,1,9,535,690,706,155,16,171,9
passenger1627,1,17,535,632,664,97,32,129,10
passenger1628,1,6,536,668,679,132,11,143,11
passenger1629,1,14,536,661,682,125,21,146,12
passenger1630,1,16,536,637,666,101,29,130,13
passenger1631,1,7,536,664,674,128,10,138,14
passenger1632,1,7,537,656,664,119,8,127,15
passenger1633,1,10,537,640,655,103,15,118,0
passenger1634,1,16,537,682,713,145,31,176,1
passenger1635,1,8,538,616,627,78,11,89,2
passenger1636,1,11,538,673,693,135,20,155,3
passenger1637,1,15,539,661,687,122,26,148,4
passenger1638,1,6,539,678,691,139,13,152,5
passenger1639,1,15,539,635,655,96,20,116,6
passenger1640,1,5,540,641,653,101,12,113,7
passenger1641,1,5,540,684,690,144,6,150,8
passenger1642,1,7,540,690,702,150,12,162,9
passenger1643,1,8,540,632,647,92,15,107,10
passenger1644,1,2,540,668,671,128,3,131,11
passenger1645,1,25,541,661,699,120,38,158,12
passenger1646,1,9,541,637,653,96,16,112,13
passenger1647,1,21,541,664,694,123,30,153,14
passenger1648,1,23,542,656,694,114,38,152,15
passenger1649,1,21,542,640,672,98,32,130,0
passenger1650,1,21,542,682,722,140,40,180,1
passenger1651,1,4,543,678,687,135,9,144,2
passenger1652,1,10,544,673,690,129,17,146,3
passenger1653,1,19,544,661,693,117,32,149,4
passenger1654,1,15,545,678,704,133,26,159,5
passenger1655,1,2,545,695,698,150,3,153,6
passenger1656,1,15,546,641,671,95,30,125,7
passenger1657,1,21,546,684,718,138,34,172,8
passenger1658,1,21,546,690,728,144,38,182,9
passenger1659,1,11,546,698,712,152,14,166,10
passenger1660,1,7,547,668,682,121,14,135,11
passenger1661,1,9,547,661,673,114,12,126,12
passenger1662,1,9,548,637,653,89,16,105,13
passenger1663,1,10,548,664,679,116,15,131,14
passenger1664,1,9,549,656,670,107,14,121,15
passenger1665,1,12,549,640,659,91,19,110,0
passenger1666,1,2,549,682,685,133,3,136,1
passenger1667,1,8,550,678,693,128,15,143,2
passenger1668,1,9,550,673,687,123,14,137,3
passenger1669,1,5,550,725,731,175,6,181,4
passenger1670,1,23,551,678,716,127,38,165,5
passenger1671,1,18,551,695,722,144,27,171,6
passenger1672,1,23,551,709,747,158,38,196,7
passenger1673,1,15,552,684,704,132,20,152,8
passenger1674,1,4,552,690,695,138,5,143,9
passenger1675,1,23,552,698,734,146,36,182,10
passenger1676,1,12,554,668,693,114,25,139,11
passenger1677,1,18,554,661,690,107,29,136,12
passenger1678,1,11,554,637,657,83,20,103,13
passenger1679,1,13,555,664,684,109,20,129,14
passenger1680,1,13,555,656,680,101,24,125,15
passenger1681,1,8,555,640,651,85,11,96,0
passenger1682,1,15,555,682,710,127,28,155,1
passenger1683,1,19,556,678,710,122,32,154,2
passenger1684,1,2,556,673,676,117,3,120,3
passenger1685,1,5,556,725,731,169,6,175,4
passenger1686,1,22,557,678,713,121,35,156,5
passenger1687,1,15,557,695,717,138,22,160,6
passenger1688,1,25,558,709,751,151,42,193,7
passenger1689,1,16,558,684,707,126,23,149,8
passenger1690,1,17,559,690,720,131,30,161,9
passenger1691,1,23,559,698,734,139,36,175,10
passenger1692,1,17,559,668,700,109,32,141,11
passenger1693,1,9,559,661,673,102,12,114,12
passenger1694,1,14,560,637,662,77,25,102,13
passenger1695,1,7,560,664,674,104,10,114,14
passenger1696,1,10,560,656,673,96,17,113,15
passenger1697,1,18,560,702,727,142,25,167,0
passenger1698,1,5,560,682,690,122,8,130,1
passenger1699,1,18,561,678,707,117,29,146,2
passenger1700,1,16,561,673,702,112,29,141,3
passenger1701,1,9,561,725,739,164,14,178,4
passenger1702,1,3,561,678,684,117,6,123,5
passenger1703,1,18,562,695,722,133,27,160,6
passenger1704,1,21,562,709,741,147,32,179,7
passenger1705,1,19,562,684,712,122,28,150,8
passenger1706,1,12,563,690,711,127,21,148,9
passenger1707,1,17,563,698,722,135,24,159,10
passenger1708,1,11,563,668,690,105,22,127,11
passenger1709,1,10,563,661,676,98,15,113,12
passenger1710,1,9,563,637,653,74,16,90,13
passenger1711,1,7,563,664,674,101,10,111,14
passenger1712,1,25,563,656,698,93,42,135,15
passenger1713,1,17,564,702,724,138,22,160,0
passenger1714,1,6,564,682,693,118,11,129,1
passenger1715,1,22,564,678,717,114,39,153,2
passenger1716,1,5,564,673,681,109,8,117,3
passenger1717,1,16,565,725,748,160,23,183,4
passenger1718,1,5,565,678,688,113,10,123,5
passenger1719,1,10,566,695,710,129,15,144,6
passenger1720,1,17,567,709,733,142,24,166,7
passenger1721,1,25,567,740,780,173,40,213,8
passenger1722,1,25,567,690,734,123,44,167,9
passenger1723,1,23,568,698,734,130,36,166,10
passenger1724,1,7,568,668,682,100,14,114,11
passenger1725,1,4,568,661,666,93,5,98,12
passenger1726,1,23,568,701,737,133,36,169,13
passenger1727,1,24,570,726,763,156,37,193,14
passenger1728,1,8,572,656,667,84,11,95,15
passenger1729,1,2,572,702,705,130,3,133,0
passenger1730,1,17,572,682,716,110,34,144,1
passenger1731,1,3,572,678,684,106,6,112,2
passenger1732,1,2,572,673,676,101,3,104,3
passenger1733,1,24,572,725,762,153,37,190,4
passenger1734,1,13,573,740,760,167,20,187,5
passenger1735,1,4,573,695,702,122,7,129,6
passenger1736,1,17,573,709,733,136,24,160,7
passenger1737,1,10,573,740,753,167,13,180,8
passenger1738,1,14,573,760,781,187,21,208,9
passenger1739,1,23,574,698,734,124,36,160,10
passenger1740,1,7,574,668,682,94,14,108,11
passenger1741,1,17,575,661,687,86,26,112,12
passenger1742,1,21,575,701,733,126,32,158,13
passenger1743,1,12,576,726,745,150,19,169,14
passenger1744,1,25,576,724,762,148,38,186,15
passenger1745,1,12,577,702,717,125,15,140,0
passenger1746,1,13,578,682,704,104,22,126,1
passenger1747,1,23,579,678,720,99,42,141,2
passenger1748,1,17,579,673,705,94,32,126,3
passenger1749,1,22,580,725,758,145,33,178,4
passenger1750,1,20,580,740,771,160,31,191,5
passenger1751,1,19,580,695,725,115,30,145,6
passenger1752,1,7,580,709,719,129,10,139,7
passenger1753,1,11,580,740,756,160,16,176,8
passenger1754,1,22,581,760,797,179,37,216,9
passenger1755,1,16,581,698,719,117,21,138,10
passenger1756,1,8,581,668,685,87,17,104,11
passenger1757,1,9,581,661,673,80,12,92,12
passenger1758,1,20,581,701,730,120,29,149,13
passenger1759,1,6,582,726,737,144,11,155,14
passenger1760,1,4,583,724,729,141,5,146,15
passenger1761,1,20,583,702,733,119,31,150,0
passenger1762,1,8,583,682,697,99,15,114,1
passenger1763,1,20,584,678,713,94,35,129,2
passenger1764,1,14,584,673,698,89,25,114,3
passenger1765,1,25,584,725,765,141,40,181,4
passenger1766,1,14,585,740,763,155,23,178,5
passenger1767,1,22,586,695,730,109,35,144,6
passenger1768,1,22,586,709,744,123,35,158,7
passenger1769,1,7,586,740,748,154,8,162,8
passenger1770,1,25,587,760,802,173,42,215,9
passenger1771,1,19,587,698,728,111,30,141,10
passenger1772,1,4,587,718,725,131,7,138,11
passenger1773,1,2,588,725,728,137,3,140,12
passenger1774,1,8,589,701,710,112,9,121,13
passenger1775,1,2,589,726,729,137,3,140,14
passenger1776,1,10,589,724,739,135,15,150,15
passenger1777,1,25,589,702,742,113,40,153,0
passenger1778,1,13,589,744,768,155,24,179,1
passenger1779,1,2,590,678,681,88,3,91,2
passenger1780,1,13,590,723,745,133,22,155,3
passenger1781,1,7,590,725,735,135,10,145,4
passenger1782,1,22,591,740,775,149,35,184,5
passenger1783,1,4,591,695,702,104,7,111,6
passenger1784,1,20,592,709,738,117,29,146,7
passenger1785,1,12,592,740,759,148,19,167,8
passenger1786,1,2,592,760,763,168,3,171,9
passenger1787,1,18,593,698,725,105,27,132,10
passenger1788,1,12,593,718,739,125,21,146,11
passenger1789,1,20,593,725,758,132,33,165,12
passenger1790,1,16,596,701,722,105,21,126,13
passenger1791,1,20,596,726,757,130,31,161,14
passenger1792,1,13,597,724,744,127,20,147,15
passenger1793,1,2,597,702,705,105,3,108,0
passenger1794,1,5,598,744,754,146,10,156,1
passenger1795,1,13,598,678,700,80,22,102,2
passenger1796,1,11,599,723,741,124,18,142,3
passenger1797,1,21,599,725,755,126,30,156,4
passenger1798,1,11,599,740,756,141,16,157,5
passenger1799,1,22,600,695,730,95,35,130,6
passenger1800,1,6,600,709,716,109,7,116,7
passenger1801,1,11,601,740,756,139,16,155,8
passenger1802,1,20,601,760,793,159,33,192,9
passenger1803,1,4,601,698,703,97,5,102,10
passenger1804,1,9,601,718,734,117,16,133,11
passenger1805,1,20,601,725,758,124,33,157,12
passenger1806,1,16,601,701,722,100,21,121,13
passenger1807,1,20,602,726,757,124,31,155,14
passenger1808,1,14,602,724,747,122,23,145,15
passenger1809,1,22,602,702,737,100,35,135,0
passenger1810,1,23,602,744,784,142,40,182,1
passenger1811,1,25,602,744,780,142,36,178,2
passenger1812,1,4,603,723,728,120,5,125,3
passenger1813,1,16,603,725,748,122,23,145,4
passenger1814,1,4,604,740,745,136,5,141,5
passenger1815,1,7,605,753,767,148,14,162,6
passenger1816,1,9,605,709,723,104,14,118,7
passenger1817,1,17,606,740,768,134,28,162,8
passenger1818,1,12,606,760,777,154,17,171,9
passenger1819,1,22,606,758,795,152,37,189,10
passenger1820,1,9,607,718,734,111,16,127,11
passenger1821,1,16,608,725,752,117,27,144,12
passenger1822,1,20,608,701,730,93,29,122,13
passenger1823,1,25,608,726,766,118,40,158,14
passenger1824,1,7,608,724,734,116,10,126,15
passenger1825,1,19,608,702,730,94,28,122,0
passenger1826,1,4,608,744,751,136,7,143,1
passenger1827,1,15,609,744,766,135,22,157,2
passenger1828,1,11,609,723,741,114,18,132,3
passenger1829,1,25,609,791,831,182,40,222,4
passenger1830,1,20,609,740,771,131,31,162,5
passenger1831,1,24,609,753,794,144,41,185,6
passenger1832,1,22,609,777,812,168,35,203,7
passenger1833,1,11,610,740,756,130,16,146,8
passenger1834,1,19,610,760,790,150,30,180,9
passenger1835,1,2,610,758,761,148,3,151,10
passenger1836,1,15,612,718,746,106,28,134,11
passenger1837,1,3,612,725,731,113,6,119,12
passenger1838,1,19,612,701,727,89,26,115,13
passenger1839,1,25,612,726,766,114,40,154,14
passenger1840,1,18,612,724,753,112,29,141,15
passenger1841,1,22,613,702,737,89,35,124,0
passenger1842,1,7,613,744,758,131,14,145,1
passenger1843,1,25,613,744,780,131,36,167,2
passenger1844,1,15,613,723,749,110,26,136,3
passenger1845,1,18,614,791,820,177,29,206,4
passenger1846,1,20,614,740,771,126,31,157,5
passenger1847,1,17,614,753,783,139,30,169,6
passenger1848,1,9,614,777,791,163,14,177,7
passenger1849,1,16,615,740,765,125,25,150,8
passenger1850,1,17,615,760,786,145,26,171,9
passenger1851,1,22,615,758,795,143,37,180,10
passenger1852,1,13,615,718,742,103,24,127,11
passenger1853,1,14,616,725,748,109,23,132,12
passenger1854,1,14,616,701,718,85,17,102,13
passenger1855,1,4,616,726,733,110,7,117,14
passenger1856,1,4,616,724,729,108,5,113,15
passenger1857,1,2,616,768,771,152,3,155,0
passenger1858,1,17,617,744,776,127,32,159,1
passenger1859,1,12,618,744,757,126,13,139,2
passenger1860,1,22,619,723,760,104,37,141,3
passenger1861,1,18,619,791,820,172,29,201,4
passenger1862,1,5,619,740,748,121,8,129,5
passenger1863,1,4,620,753,758,133,5,138,6
passenger1864,1,10,621,777,794,156,17,173,7
passenger1865,1,24,621,740,777,119,37,156,8
passenger1866,1,3,621,760,766,139,6,145,9
passenger1867,1,6,621,758,767,137,9,146,10
passenger1868,1,2,622,718,721,96,3,99,11
passenger1869,1,11,622,725,743,103,18,121,12
passenger1870,1,25,622,701,741,79,40,119,13
passenger1871,1,18,623,726,753,103,27,130,14
passenger1872,1,13,623,724,744,101,20,121,15
passenger1873,1,5,623,768,776,145,8,153,0
passenger1874,1,10,623,744,763,121,19,140,1
passenger1875,1,14,623,744,763,121,19,140,2
passenger1876,1,8,624,723,736,99,13,112,3
passenger1877,1,18,625,791,820,166,29,195,4
passenger1878,1,25,625,740,780,115,40,155,5
passenger1879,1,6,625,753,764,128,11,139,6
passenger1880,1,8,625,777,788,152,11,163,7
passenger1881,1,5,626,806,816,180,10,190,8
passenger1882,1,19,626,760,790,134,30,164,9
passenger1883,1,13,626,758,776,132,18,150,10
passenger1884,1,8,626,718,731,92,13,105,11
passenger1885,1,7,626,725,737,99,12,111,12
passenger1886,1,3,626,767,773,141,6,147,13
passenger1887,1,13,627,792,812,165,20,185,14
passenger1888,1,18,628,724,753,96,29,125,15
passenger1889,1,7,628,768,780,140,12,152,0
passenger1890,1,2,629,744,747,115,3,118,1
passenger1891,1,13,629,744,760,115,16,131,2
passenger1892,1,18,630,723,754,93,31,124,3
passenger1893,1,10,630,791,806,161,15,176,4
passenger1894,1,8,630,806,817,176,11,187,5
passenger1895,1,5,630,753,761,123,8,131,6
passenger1896,1,19,631,777,805,146,28,174,7
passenger1897,1,22,631,806,843,175,37,212,8
passenger1898,1,20,631,828,861,197,33,230,9
passenger1899,1,14,631,758,779,127,21,148,10
passenger1900,1,19,631,718,754,87,36,123,11
passenger1901,1,11,631,725,743,94,18,112,12
passenger1902,1,2,631,767,770,136,3,139,13
passenger1903,1,10,632,792,807,160,15,175,14
passenger1904,1,18,632,788,821,156,33,189,15
passenger1905,1,17,632,768,796,136,28,164,0
passenger1906,1,25,632,744,788,112,44,156,1
passenger1907,1,25,633,744,780,111,36,147,2
passenger1908,1,7,633,723,733,90,10,100,3
passenger1909,1,2,633,791,794,158,3,161,4
passenger1910,1,8,634,806,817,172,11,183,5
passenger1911,1,23,634,753,791,119,38,157,6
passenger1912,1,21,635,777,809,142,32,174,7
passenger1913,1,4,635,806,813,171,7,178,8
passenger1914,1,5,635,828,834,193,6,199,9
passenger1915,1,15,636,758,782,122,24,146,10
passenger1916,1,17,636,718,750,82,32,114,11
passenger1917,1,25,636,725,765,89,40,129,12
passenger1918,1,20,636,767,798,131,31,162,13
passenger1919,1,7,637,792,802,155,10,165,14
passenger1920,1,2,638,788,791,150,3,153,15
passenger1921,1,17,638,768,796,130,28,158,0
passenger1922,1,15,639,744,772,105,28,133,1
passenger1923,1,24,639,744,777,105,33,138,2
passenger1924,1,15,639,723,749,84,26,110,3
passenger1925,1,14,639,791,814,152,23,175,4
passenger1926,1,9,639,806,820,167,14,181,5
passenger1927,1,4,641,753,758,112,5,117,6
passenger1928,1,23,641,777,815,136,38,174,7
passenger1929,1,21,641,806,840,165,34,199,8
passenger1930,1,5,642,828,834,186,6,192,9
passenger1931,1,18,642,758,789,116,31,147,10
passenger1932,1,10,642,774,791,132,17,149,11
passenger1933,1,12,642,791,808,149,17,166,12
passenger1934,1,22,642,767,802,125,35,160,13
passenger1935,1,22,642,792,827,150,35,185,14
passenger1936,1,6,642,788,797,146,9,155,15
passenger1937,1,9,643,768,784,125,16,141,0
passenger1938,1,21,644,814,850,170,36,206,1
passenger1939,1,24,644,744,777,100,33,133,2
passenger1940,1,3,646,783,789,137,6,143,3
passenger1941,1,22,646,791,826,145,35,180,4
passenger1942,1,13,647,806,828,159,22,181,5
passenger1943,1,16,647,753,780,106,27,133,6
passenger1944,1,3,647,777,781,130,4,134,7
passenger1945,1,18,647,806,835,159,29,188,8
passenger1946,1,18,647,828,857,181,29,210,9
passenger1947,1,17,648,758,786,110,28,138,10
passenger1948,1,20,648,774,807,126,33,159,11
passenger1949,1,24,649,791,832,142,41,183,12
passenger1950,1,22,649,767,802,118,35,153,13
passenger1951,1,19,649,792,822,143,30,173,14
passenger1952,1,25,649,788,832,139,44,183,15
passenger1953,1,18,649,768,799,119,31,150,0
passenger1954,1,18,650,814,843,164,29,193,1
passenger1955,1,15,651,744,766,93,22,115,2
passenger1956,1,20,651,783,818,132,35,167,3
passenger1957,1,3,652,791,797,139,6,145,4
passenger1958,1,14,652,806,831,154,25,179,5
passenger1959,1,12,652,753,774,101,21,122,6
passenger1960,1,23,652,777,815,125,38,163,7
passenger1961,1,3,652,806,810,154,4,158,8
passenger1962,1,17,652,828,854,176,26,202,9
passenger1963,1,6,653,758,767,105,9,114,10
passenger1964,1,23,653,774,812,121,38,159,11
passenger1965,1,22,653,791,826,138,35,173,12
passenger1966,1,7,653,767,779,114,12,126,13
passenger1967,1,22,653,792,827,139,35,174,14
passenger1968,1,13,653,788,814,135,26,161,15
passenger1969,1,25,653,768,810,115,42,157,0
passenger1970,1,19,654,814,846,160,32,192,1
passenger1971,1,2,654,806,809,152,3,155,2
passenger1972,1,6,654,783,794,129,11,140,3
passenger1973,1,11,654,791,809,137,18,155,4
passenger1974,1,7,655,806,814,151,8,159,5
passenger1975,1,5,655,819,825,164,6,170,6
passenger1976,1,25,656,777,819,121,42,163,7
passenger1977,1,22,656,806,843,150,37,187,8
passenger1978,1,12,656,828,847,172,19,191,9
passenger1979,1,7,656,818,830,162,12,174,10
passenger1980,1,6,656,774,781,118,7,125,11
passenger1981,1,23,657,791,829,134,38,172,12
passenger1982,1,9,657,767,783,110,16,126,13
passenger1983,1,2,658,792,795,134,3,137,14
passenger1984,1,11,658,788,808,130,20,150,15
passenger1985,1,12,658,768,789,110,21,131,0
passenger1986,1,16,658,814,839,156,25,181,1
passenger1987,1,10,658,806,821,148,15,163,2
passenger1988,1,24,658,783,824,125,41,166,3
passenger1989,1,17,658,857,885,199,28,227,4
passenger1990,1,25,659,806,846,147,40,187,5
passenger1991,1,10,659,819,832,160,13,173,6
passenger1992,1,17,659,845,875,186,30,216,7
passenger1993,1,10,659,806,825,147,19,166,8
passenger1994,1,18,659,828,857,169,29,198,9
passenger1995,1,19,659,818,850,159,32,191,10
passenger1996,1,9,659,774,788,115,14,129,11
passenger1997,1,24,659,791,832,132,41,173,12
passenger1998,1,22,660,767,802,107,35,142,13
passenger1999,1,23,660,792,830,132,38,170,14
passenger2000,1,7,661,788,800,127,12,139,15
passenger2001,1,19,661,768,802,107,34,141,0
passenger2002,1,4,661,814,819,153,5,158,1
passenger2003,1,4,662,806,813,144,7,151,2
passenger2004,1,25,662,783,827,121,44,165,3
passenger2005,1,5,662,857,865,195,8,203,4
passenger2006,1,22,663,806,841,143,35,178,5
passenger2007,1,12,663,819,836,156,17,173,6
passenger2008,1,9,663,845,861,182,16,198,7
passenger2009,1,3,663,806,810,143,4,147,8
passenger2010,1,18,664,828,857,164,29,193,9
passenger2011,1,19,664,818,850,154,32,186,10
passenger2012,1,13,664,774,796,110,22,132,11
passenger2013,1,21,664,791,823,127,32,159,12
passenger2014,1,9,664,767,783,103,16,119,13
passenger2015,1,15,665,792,816,127,24,151,14
passenger2016,1,8,665,788,803,123,15,138,15
passenger2017,1,15,665,836,858,171,22,193,0
passenger2018,1,5,666,814,822,148,8,156,1
passenger2019,1,13,666,806,826,140,20,160,2
passenger2020,1,15,666,783,809,117,26,143,3
passenger2021,1,15,667,857,881,190,24,214,4
passenger2022,1,12,667,806,825,139,19,158,5
passenger2023,1,17,667,819,845,152,26,178,6
passenger2024,1,14,667,845,870,178,25,203,7
passenger2025,1,8,668,806,821,138,15,153,8
passenger2026,1,7,668,828,840,160,12,172,9
passenger2027,1,17,668,818,844,150,26,176,10
passenger2028,1,24,668,774,815,106,41,147,11
passenger2029,1,20,668,791,820,123,29,152,12
passenger2030,1,17,669,767,793,98,26,124,13
passenger2031,1,24,669,792,833,123,41,164,14
passenger2032,1,23,669,788,828,119,40,159,15
passenger2033,1,14,669,836,855,167,19,186,0
passenger2034,1,4,670,814,819,144,5,149,1
passenger2035,1,17,670,806,834,136,28,164,2
passenger2036,1,16,670,783,812,113,29,142,3
passenger2037,1,8,670,857,872,187,15,202,4
passenger2038,1,22,670,806,841,136,35,171,5
passenger2039,1,22,671,819,852,148,33,181,6
passenger2040,1,9,671,845,861,174,16,190,7
passenger2041,1,13,671,866,890,195,24,219,8
passenger2042,1,6,672,828,837,156,9,165,9
passenger2043,1,6,672,818,827,146,9,155,10
passenger2044,1,8,673,774,785,101,11,112,11
passenger2045,1,10,673,791,804,118,13,131,12
passenger2046,1,8,674,825,840,151,15,166,13
passenger2047,1,5,674,858,864,184,6,190,14
passenger2048,1,12,674,788,811,114,23,137,15
passenger2049,1,16,674,836,861,162,25,187,0
passenger2050,1,9,675,814,830,139,16,155,1
passenger2051,1,14,675,806,829,131,23,154,2
passenger2052,1,8,675,783,798,108,15,123,3
passenger2053,1,18,676,857,888,181,31,212,4
passenger2054,1,17,676,872,898,196,26,222,5
passenger2055,1,25,677,819,859,142,40,182,6
passenger2056,1,3,677,845,851,168,6,174,7
passenger2057,1,22,677,866,903,189,37,226,8
passenger2058,1,10,678,882,901,204,19,223,9
passenger2059,1,3,678,818,822,140,4,144,10
passenger2060,1,18,679,774,803,95,29,124,11
passenger2061,1,6,679,791,798,112,7,119,12
passenger2062,1,6,680,825,836,145,11,156,13
passenger2063,1,25,680,858,898,178,40,218,14
passenger2064,1,7,680,858,868,178,10,188,15
passenger2065,1,15,681,836,858,155,22,177,0
passenger2066,1,6,681,814,825,133,11,144,1
passenger2067,1,4,682,806,813,124,7,131,2
passenger2068,1,2,683,783,786,100,3,103,3
passenger2069,1,2,683,857,860,174,3,177,4
passenger2070,1,13,683,872,888,189,16,205,5
passenger2071,1,12,684,819,836,135,17,152,6
passenger2072,1,2,684,845,848,161,3,164,7
passenger2073,1,10,684,866,881,182,15,197,8
passenger2074,1,8,684,882,897,198,15,213,9
passenger2075,1,15,684,818,840,134,22,156,10
passenger2076,1,25,684,774,818,90,44,134,11
passenger2077,1,18,684,791,816,107,25,132,12
passenger2078,1,24,684,825,864,141,39,180,13
passenger2079,1,6,685,858,867,173,9,182,14
passenger2080,1,7,686,858,868,172,10,182,15
passenger2081,1,20,686,836,869,150,33,183,0
passenger2082,1,9,686,814,830,128,16,144,1
passenger2083,1,22,686,806,841,120,35,155,2
passenger2084,1,13,686,783,805,97,22,119,3
passenger2085,1,6,687,857,868,170,11,181,4
passenger2086,1,22,687,872,909,185,37,222,5
passenger2087,1,15,688,819,841,131,22,153,6
passenger2088,1,21,688,845,881,157,36,193,7
passenger2089,1,12,688,866,887,178,21,199,8
passenger2090,1,5,688,882,890,194,8,202,9
passenger2091,1,18,689,818,847,129,29,158,10
passenger2092,1,4,690,844,849,154,5,159,11
passenger2093,1,17,690,857,885,167,28,195,12
passenger2094,1,12,691,825,850,134,25,159,13
passenger2095,1,20,691,858,889,167,31,198,14
passenger2096,1,22,691,858,893,167,35,202,15
passenger2097,1,11,691,836,848,145,12,157,0
passenger2098,1,23,691,872,910,181,38,219,1
passenger2099,1,4,692,806,813,114,7,121,2
passenger2100,1,4,692,853,860,161,7,168,3
passenger2101,1,25,693,857,897,164,40,204,4
passenger2102,1,15,693,872,894,179,22,201,5
passenger2103,1,12,693,819,836,126,17,143,6
passenger2104,1,5,693,845,855,152,10,162,7
passenger2105,1,8,693,866,877,173,11,184,8
passenger2106,1,18,693,882,911,189,29,218,9
passenger2107,1,21,693,818,854,125,36,161,10
passenger2108,1,23,693,844,882,151,38,189,11
passenger2109,1,11,694,857,873,163,16,179,12
passenger2110,1,12,695,825,850,130,25,155,13
passenger2111,1,5,696,858,864,162,6,168,14
passenger2112,1,3,696,858,862,162,4,166,15
passenger2113,1,12,697,836,851,139,15,154,0
passenger2114,1,15,698,872,896,174,24,198,1
passenger2115,1,4,698,806,813,108,7,115,2
passenger2116,1,11,700,853,873,153,20,173,3
passenger2117,1,17,700,857,885,157,28,185,4
passenger2118,1,21,700,872,906,172,34,206,5
passenger2119,1,24,701,819,856,118,37,155,6
passenger2120,1,10,701,845,864,144,19,163,7
passenger2121,1,11,701,866,884,165,18,183,8
passenger2122,1,22,702,882,919,180,37,217,9
passenger2123,1,18,702,818,847,116,29,145,10
passenger2124,1,8,702,844,857,142,13,155,11
passenger2125,1,18,702,857,888,155,31,186,12
passenger2126,1,5,702,825,833,123,8,131,13
passenger2127,1,12,702,858,879,156,21,177,14
passenger2128,1,9,703,858,872,155,14,169,15
passenger2129,1,25,703,836,876,133,40,173,0
passenger2130,1,2,704,872,875,168,3,171,1
passenger2131,1,22,704,864,895,160,31,191,2
passenger2132,1,8,704,853,866,149,13,162,3
passenger2133,1,2,704,857,860,153,3,156,4
passenger2134,1,17,704,872,898,168,26,194,5
passenger2135,1,18,706,885,916,179,31,210,6
passenger2136,1,5,706,845,855,139,10,149,7
passenger2137,1,2,706,866,869,160,3,163,8
passenger2138,1,4,707,882,887,175,5,180,9
passenger2139,1,11,707,876,894,169,18,187,10
passenger2140,1,5,708,844,852,136,8,144,11
passenger2141,1,18,709,857,888,148,31,179,12
passenger2142,1,3,709,825,829,116,4,120,13
passenger2143,1,20,709,858,889,149,31,180,14
passenger2144,1,22,709,858,893,149,35,184,15
passenger2145,1,19,710,836,866,126,30,156,0
passenger2146,1,24,710,872,913,162,41,203,1
passenger2147,1,24,710,864,899,154,35,189,2
passenger2148,1,3,710,853,857,143,4,147,3
passenger2149,1,10,710,923,940,213,17,230,4
passenger2150,1,20,710,872,903,162,31,193,5
passenger2151,1,10,711,885,900,174,15,189,6
passenger2152,1,19,711,903,935,192,32,224,7
passenger2153,1,20,712,866,899,154,33,187,8
passenger2154,1,25,712,882,924,170,42,212,9
passenger2155,1,9,713,876,890,163,14,177,10
passenger2156,1,10,713,844,861,131,17,148,11
passenger2157,1,2,714,857,860,143,3,146,12
passenger2158,1,8,714,825,840,111,15,126,13
passenger2159,1,8,715,858,871,143,13,156,14
passenger2160,1,12,716,858,879,142,21,163,15
passenger2161,1,12,716,836,851,120,15,135,0
passenger2162,1,22,717,872,907,155,35,190,1
passenger2163,1,20,718,864,891,146,27,173,2
passenger2164,1,19,719,853,887,134,34,168,3
passenger2165,1,2,719,923,926,204,3,207,4
passenger2166,1,13,719,872,888,153,16,169,5
passenger2167,1,19,721,885,919,164,34,198,6
passenger2168,1,7,721,903,913,182,10,192,7
passenger2169,1,12,722,866,887,144,21,165,8
passenger2170,1,19,722,882,914,160,32,192,9
passenger2171,1,21,722,876,912,154,36,190,10
passenger2172,1,22,722,844,879,122,35,157,11
passenger2173,1,12,722,857,876,135,19,154,12
passenger2174,1,11,723,825,847,102,22,124,13
passenger2175,1,11,723,858,876,135,18,153,14
passenger2176,1,18,723,858,887,135,29,164,15
passenger2177,1,12,723,902,923,179,21,200,0
passenger2178,1,11,724,872,888,148,16,164,1
passenger2179,1,6,724,864,871,140,7,147,2
passenger2180,1,13,724,853,877,129,24,153,3
passenger2181,1,7,724,923,935,199,12,211,4
passenger2182,1,14,725,872,891,147,19,166,5
passenger2183,1,23,725,885,925,160,40,200,6
passenger2184,1,20,725,903,938,178,35,213,7
passenger2185,1,13,726,866,890,140,24,164,8
passenger2186,1,25,726,882,924,156,42,198,9
passenger2187,1,25,726,876,920,150,44,194,10
passenger2188,1,12,727,844,865,117,21,138,11
passenger2189,1,20,727,857,894,130,37,167,12
passenger2190,1,10,728,825,844,97,19,116,13
passenger2191,1,23,729,858,894,129,36,165,14
passenger2192,1,10,729,858,875,129,17,146,15
passenger2193,1,8,730,902,915,172,13,185,0
passenger2194,1,5,730,872,880,142,8,150,1
passenger2195,1,22,731,864,895,133,31,164,2
passenger2196,1,9,731,853,869,122,16,138,3
passenger2197,1,21,731,923,959,192,36,228,4
passenger2198,1,4,731,872,877,141,5,146,5
passenger2199,1,14,731,885,908,154,23,177,6
passenger2200,1,12,732,903,920,171,17,188,7
passenger2201,1,12,732,926,945,194,19,213,8
passenger2202,1,6,732,882,893,150,11,161,9
passenger2203,1,3,732,876,882,144,6,150,10
passenger2204,1,10,733,844,861,111,17,128,11
passenger2205,1,13,734,857,879,123,22,145,12
passenger2206,1,21,735,889,923,154,34,188,13
passenger2207,1,13,735,924,948,189,24,213,14
passenger2208,1,7,735,858,868,123,10,133,15
passenger2209,1,8,736,902,915,166,13,179,0
passenger2210,1,16,736,872,899,136,27,163,1
passenger2211,1,12,737,864,881,127,17,144,2
passenger2212,1,23,737,853,893,116,40,156,3
passenger2213,1,12,737,923,944,186,21,207,4
passenger2214,1,15,737,932,956,195,24,219,5
passenger2215,1,3,737,885,889,148,4,152,6
passenger2216,1,6,738,903,910,165,7,172,7
passenger2217,1,22,738,926,967,188,41,229,8
passenger2218,1,10,738,950,971,212,21,233,9
passenger2219,1,12,740,876,897,136,21,157,10
passenger2220,1,16,740,844,871,104,27,131,11
passenger2221,1,3,740,857,863,117,6,123,12
passenger2222,1,14,740,889,910,149,21,170,13
passenger2223,1,10,741,924,941,183,17,200,14
passenger2224,1,5,741,916,926,175,10,185,15
passenger2225,1,12,741,902,923,161,21,182,0
passenger2226,1,12,742,872,891,130,19,149,1
passenger2227,1,6,742,864,871,122,7,129,2
passenger2228,1,15,743,853,881,110,28,138,3
passenger2229,1,19,743,923,955,180,32,212,4
passenger2230,1,8,744,932,943,188,11,199,5
passenger2231,1,25,744,885,929,141,44,185,6
passenger2232,1,16,744,903,928,159,25,184,7
passenger2233,1,20,744,926,963,182,37,219,8
passenger2234,1,3,744,950,956,206,6,212,9
passenger2235,1,20,744,876,909,132,33,165,10
passenger2236,1,10,744,844,861,100,17,117,11
passenger2237,1,19,744,857,891,113,34,147,12
passenger2238,1,21,745,889,923,144,34,178,13
passenger2239,1,8,745,924,937,179,13,192,14
passenger2240,1,8,746,916,931,170,15,185,15
passenger2241,1,3,747,902,908,155,6,161,0
passenger2242,1,16,747,872,899,125,27,152,1
passenger2243,1,20,747,864,891,117,27,144,2
passenger2244,1,11,748,853,873,105,20,125,3
passenger2245,1,5,748,923,931,175,8,183,4
passenger2246,1,9,748,932,946,184,14,198,5
passenger2247,1,11,748,885,903,137,18,155,6
passenger2248,1,23,749,903,943,154,40,194,7
passenger2249,1,4,749,926,931,177,5,182,8
passenger2250,1,10,749,950,971,201,21,222,9
passenger2251,1,17,750,876,904,126,28,154,10
passenger2252,1,7,750,906,916,156,10,166,11
passenger2253,1,23,750,915,949,165,34,199,12
passenger2254,1,23,750,889,927,139,38,177,13
passenger2255,1,11,751,924,944,173,20,193,14
passenger2256,1,19,751,916,950,165,34,199,15
passenger2257,1,20,751,902,937,151,35,186,0
passenger2258,1,18,752,938,969,186,31,217,1
passenger2259,1,6,752,864,871,112,7,119,2
passenger2260,1,3,752,917,923,165,6,171,3
passenger2261,1,10,752,923,940,171,17,188,4
passenger2262,1,5,752,932,938,180,6,186,5
passenger2263,1,9,753,885,897,132,12,144,6
passenger2264,1,17,753,903,931,150,28,178,7
passenger2265,1,16,753,926,955,173,29,202,8
passenger2266,1,7,754,950,964,196,14,210,9
passenger2267,1,2,754,876,879,122,3,125,10
passenger2268,1,7,754,906,916,152,10,162,11
passenger2269,1,12,755,915,932,160,17,177,12
passenger2270,1,20,755,889,920,134,31,165,13
passenger2271,1,10,756,924,941,168,17,185,14
passenger2272,1,8,756,916,931,160,15,175,15
passenger2273,1,15,756,902,928,146,26,172,0
passenger2274,1,3,756,938,942,182,4,186,1
passenger2275,1,7,757,864,874,107,10,117,2
passenger2276,1,2,758,917,920,159,3,162,3
passenger2277,1,14,758,923,948,165,25,190,4
passenger2278,1,12,758,932,951,174,19,193,5
passenger2279,1,15,758,885,911,127,26,153,6
passenger2280,1,16,759,903,928,144,25,169,7
passenger2281,1,11,759,926,942,167,16,183,8
passenger2282,1,22,760,950,989,190,39,229,9
passenger2283,1,24,760,876,917,116,41,157,10
passenger2284,1,4,760,906,911,146,5,151,11
passenger2285,1,24,760,915,952,155,37,192,12
passenger2286,1,6,760,889,900,129,11,140,13
passenger2287,1,7,760,924,934,164,10,174,14
passenger2288,1,14,760,916,939,156,23,179,15
passenger2289,1,2,760,902,905,142,3,145,0
passenger2290,1,10,761,938,955,177,17,194,1
passenger2291,1,6,761,924,933,163,9,172,2
passenger2292,1,13,761,917,937,156,20,176,3
passenger2293,1,21,762,923,959,161,36,197,4
passenger2294,1,24,762,932,969,170,37,207,5
passenger2295,1,7,762,955,965,193,10,203,6
passenger2296,1,15,763,903,925,140,22,162,7
passenger2297,1,13,763,926,948,163,22,185,8
passenger2298,1,11,764,950,974,186,24,210,9
passenger2299,1,17,764,946,972,182,26,208,10
passenger2300,1,25,764,906,946,142,40,182,11
passenger2301,1,11,765,915,929,150,14,164,12
passenger2302,1,3,765,889,895,124,6,130,13
passenger2303,1,23,766,924,962,158,38,196,14
passenger2304,1,24,766,916,957,150,41,191,15
passenger2305,1,9,767,902,918,135,16,151,0
passenger2306,1,14,767,938,963,171,25,196,1
passenger2307,1,22,767,924,961,157,37,194,2
passenger2308,1,14,767,917,940,150,23,173,3
passenger2309,1,13,767,981,1003,214,22,236,4
passenger2310,1,24,767,932,969,165,37,202,5
passenger2311,1,21,767,955,989,188,34,222,6
passenger2312,1,14,767,967,988,200,21,221,7
passenger2313,1,5,768,926,934,158,8,166,8
passenger2314,1,12,769,950,977,181,27,208,9
passenger2315,1,18,769,946,975,177,29,206,10
passenger2316,1,8,769,906,919,137,13,150,11
passenger2317,1,14,769,915,936,146,21,167,12
passenger2318,1,17,770,889,915,119,26,145,13
passenger2319,1,4,770,924,929,154,5,159,14
passenger2320,1,15,770,916,942,146,26,172,15
passenger2321,1,19,770,902,934,132,32,164,0
passenger2322,1,7,770,938,948,168,10,178,1
passenger2323,1,15,770,924,950,154,26,180,2
passenger2324,1,19,770,917,949,147,32,179,3
passenger2325,1,3,770,981,985,211,4,215,4
passenger2326,1,17,771,932,960,161,28,189,5
passenger2327,1,8,772,955,968,183,13,196,6
passenger2328,1,11,773,967,981,194,14,208,7
passenger2329,1,17,773,926,958,153,32,185,8
passenger2330,1,2,773,950,953,177,3,180,9
passenger2331,1,2,773,946,949,173,3,176,10
passenger2332,1,12,773,906,925,133,19,152,11
passenger2333,1,24,773,915,952,142,37,179,12
passenger2334,1,2,774,889,892,115,3,118,13
passenger2335,1,20,774,924,957,150,33,183,14
passenger2336,1,3,774,916,922,142,6,148,15
passenger2337,1,13,775,958,980,183,22,205,0
passenger2338,1,12,775,938,959,163,21,184,1
passenger2339,1,13,775,924,946,149,22,171,2
passenger2340,1,3,775,917,923,142,6,148,3
passenger2341,1,20,776,981,1014,205,33,238,4
passenger2342,1,8,776,932,943,156,11,167,5
passenger2343,1,20,777,955,986,178,31,209,6
passenger2344,1,17,778,967,995,189,28,217,7
passenger2345,1,15,778,926,952,148,26,174,8
passenger2346,1,9,778,950,968,172,18,190,9
passenger2347,1,17,779,946,972,167,26,193,10
passenger2348,1,25,779,906,946,127,40,167,11
passenger2349,1,24,780,915,952,135,37,172,12
passenger2350,1,23,780,889,927,109,38,147,13
passenger2351,1,7,780,924,934,144,10,154,14
passenger2352,1,16,780,916,945,136,29,165,15
passenger2353,1,11,782,958,974,176,16,192,0
passenger2354,1,25,782,938,978,156,40,196,1
passenger2355,1,24,782,924,965,142,41,183,2
passenger2356,1,22,783,917,954,134,37,171,3
passenger2357,1,5,783,981,989,198,8,206,4
passenger2358,1,9,783,932,946,149,14,163,5
passenger2359,1,19,784,955,983,171,28,199,6
passenger2360,1,19,784,967,1001,183,34,217,7
passenger2361,1,10,784,990,1005,206,15,221,8
passenger2362,1,5,785,950,960,165,10,175,9
passenger2363,1,5,785,946,954,161,8,169,10
passenger2364,1,18,785,906,935,121,29,150,11
passenger2365,1,12,785,915,932,130,17,147,12
passenger2366,1,13,786,951,975,165,24,189,13
passenger2367,1,21,786,986,1020,200,34,234,14
passenger2368,1,2,787,916,919,129,3,132,15
passenger2369,1,20,787,958,991,171,33,204,0
passenger2370,1,8,788,938,951,150,13,163,1
passenger2371,1,24,788,924,965,136,41,177,2
passenger2372,1,24,789,917,958,128,41,169,3
passenger2373,1,14,789,981,1006,192,25,217,4
passenger2374,1,9,789,994,1012,205,18,223,5
passenger2375,1,7,789,955,965,166,10,176,6
passenger2376,1,6,789,967,974,178,7,185,7
passenger2377,1,25,790,990,1030,200,40,240,8
passenger2378,1,6,791,1012,1021,221,9,230,9
passenger2379,1,12,792,946,965,154,19,173,10
passenger2380,1,13,792,906,928,114,22,136,11
passenger2381,1,18,792,915,942,123,27,150,12
passenger2382,1,22,792,951,990,159,39,198,13
passenger2383,1,15,792,986,1010,194,24,218,14
passenger2384,1,20,793,982,1017,189,35,224,15
passenger2385,1,15,793,958,984,165,26,191,0
passenger2386,1,12,794,938,959,144,21,165,1
passenger2387,1,5,794,924,930,130,6,136,2
passenger2388,1,7,794,917,929,123,12,135,3
passenger2389,1,12,794,981,1000,187,19,206,4
passenger2390,1,3,795,994,1000,199,6,205,5
passenger2391,1,9,796,955,971,159,16,175,6
passenger2392,1,13,796,967,985,171,18,189,7
passenger2393,1,13,796,990,1010,194,20,214,8
passenger2394,1,21,797,1012,1048,215,36,251,9
passenger2395,1,25,798,946,986,148,40,188,10
passenger2396,1,19,798,906,938,108,32,140,11
passenger2397,1,3,798,915,919,117,4,121,12
passenger2398,1,11,798,951,969,153,18,171,13
passenger2399,1,19,798,986,1016,188,30,218,14
passenger2400,1,16,799,982,1007,183,25,208,15
passenger2401,1,12,799,958,977,159,19,178,0
passenger2402,1,12,799,938,959,139,21,160,1
passenger2403,1,11,799,924,942,125,18,143,2
passenger2404,1,15,799,917,943,118,26,144,3
passenger2405,1,6,799,981,992,182,11,193,4
passenger2406,1,14,799,994,1019,195,25,220,5
passenger2407,1,6,801,955,962,154,7,161,6
passenger2408,1,18,802,967,998,165,31,196,7
passenger2409,1,22,803,990,1023,187,33,220,8
passenger2410,1,14,803,1012,1035,209,23,232,9
passenger2411,1,11,803,946,962,143,16,159,10
passenger2412,1,24,804,972,1013,168,41,209,11
passenger2413,1,17,804,977,1007,173,30,203,12
passenger2414,1,12,805,951,972,146,21,167,13
passenger2415,1,2,805,986,989,181,3,184,14
passenger2416,1,2,806,982,985,176,3,179,15
passenger2417,1,7,806,958,968,152,10,162,0
passenger2418,1,7,806,1004,1014,198,10,208,1
passenger2419,1,19,806,924,956,118,32,150,2
passenger2420,1,14,807,983,1004,176,21,197,3
passenger2421,1,25,807,981,1023,174,42,216,4
passenger2422,1,14,807,994,1019,187,25,212,5
passenger2423,1,23,808,955,993,147,38,185,6
passenger2424,1,15,809,967,991,158,24,182,7
passenger2425,1,10,809,990,1005,181,15,196,8
passenger2426,1,19,810,1012,1042,202,30,232,9
passenger2427,1,12,810,946,965,136,19,155,10
passenger2428,1,8,811,972,985,161,13,174,11
passenger2429,1,13,811,977,999,166,22,188,12
passenger2430,1,17,811,951,983,140,32,172,13
passenger2431,1,11,811,986,1004,175,18,193,14
passenger2432,1,18,811,982,1013,171,31,202,15
passenger2433,1,25,812,958,998,146,40,186,0
passenger2434,1,11,812,1004,1020,192,16,208,1
passenger2435,1,9,813,924,938,111,14,125,2
passenger2436,1,11,813,983,997,170,14,184,3
passenger2437,1,22,813,981,1018,168,37,205,4
passenger2438,1,6,813,994,1005,181,11,192,5
passenger2439,1,25,813,955,997,142,42,184,6
passenger2440,1,11,814,967,981,153,14,167,7
passenger2441,1,22,815,990,1023,175,33,208,8
passenger2442,1,20,815,1012,1045,197,33,230,9
passenger2443,1,20,816,946,979,130,33,163,10
passenger2444,1,23,817,972,1010,155,38,193,11
passenger2445,1,6,817,977,984,160,7,167,12
passenger2446,1,16,818,951,980,133,29,162,13
passenger2447,1,4,818,986,993,168,7,175,14
passenger2448,1,9,819,982,998,163,16,179,15
passenger2449,1,2,819,958,961,139,3,142,0
passenger2450,1,18,819,1004,1033,185,29,214,1
passenger2451,1,16,820,990,1011,170,21,191,2
passenger2452,1,19,820,983,1015,163,32,195,3
passenger2453,1,6,820,981,992,161,11,172,4
passenger2454,1,9,820,994,1012,174,18,192,5
passenger2455,1,18,820,1023,1052,203,29,232,6
passenger2456,1,21,820,967,1005,147,38,185,7
passenger2457,1,23,820,990,1026,170,36,206,8
passenger2458,1,3,821,1012,1016,191,4,195,9
passenger2459,1,11,822,1012,1032,190,20,210,10
passenger2460,1,2,823,972,975,149,3,152,11
passenger2461,1,21,824,977,1013,153,36,189,12
passenger2462,1,4,824,951,956,127,5,132,13
passenger2463,1,21,824,986,1020,162,34,196,14
passenger2464,1,5,825,982,990,157,8,165,15
passenger2465,1,2,826,958,961,132,3,135,0
passenger2466,1,23,826,1004,1040,178,36,214,1
passenger2467,1,12,826,990,1005,164,15,179,2
passenger2468,1,12,826,983,1000,157,17,174,3
passenger2469,1,17,827,1049,1075,222,26,248,4
passenger2470,1,8,827,994,1009,167,15,182,5
passenger2471,1,18,827,1023,1052,196,29,225,6
passenger2472,1,12,827,1027,1048,200,21,221,7
passenger2473,1,8,828,990,1001,162,11,173,8
passenger2474,1,11,828,1012,1028,184,16,200,9
passenger2475,1,2,828,1012,1015,184,3,187,10
passenger2476,1,9,828,972,988,144,16,160,11
passenger2477,1,16,828,977,1004,149,27,176,12
passenger2478,1,5,829,951,959,122,8,130,13
passenger2479,1,4,830,986,993,156,7,163,14
passenger2480,1,17,831,982,1010,151,28,179,15
passenger2481,1,12,831,958,977,127,19,146,0
passenger2482,1,5,831,1004,1010,173,6,179,1
passenger2483,1,19,831,990,1020,159,30,189,2
passenger2484,1,20,831,983,1018,152,35,187,3
passenger2485,1,2,832,1049,1052,217,3,220,4
passenger2486,1,6,832,994,1005,162,11,173,5
passenger2487,1,10,833,1023,1036,190,13,203,6
passenger2488,1,19,834,1027,1059,193,32,225,7
passenger2489,1,3,834,990,994,156,4,160,8
passenger2490,1,21,834,1012,1048,178,36,214,9
passenger2491,1,9,834,1012,1028,178,16,194,10
passenger2492,1,5,834,972,980,138,8,146,11
passenger2493,1,22,834,977,1016,143,39,182,12
passenger2494,1,4,835,951,956,116,5,121,13
passenger2495,1,5,835,986,996,151,10,161,14
passenger2496,1,24,835,982,1023,147,41,188,15
passenger2497,1,14,837,1024,1047,187,23,210,0
passenger2498,1,13,837,1004,1024,167,20,187,1
passenger2499,1,18,838,990,1017,152,27,179,2
passenger2500,1,17,838,983,1011,145,28,173,3
passenger2501,1,16,838,1049,1072,211,23,234,4
passenger2502,1,2,838,994,997,156,3,159,5
passenger2503,1,15,839,1023,1047,184,24,208,6
passenger2504,1,8,839,1027,1040,188,13,201,7
passenger2505,1,21,840,990,1020,150,30,180,8
passenger2506,1,14,840,1012,1035,172,23,195,9
passenger2507,1,4,840,1012,1019,172,7,179,10
passenger2508,1,23,840,972,1010,132,38,170,11
passenger2509,1,8,840,977,988,137,11,148,12
passenger2510,1,8,842,951,964,109,13,122,13
passenger2511,1,24,843,986,1025,143,39,182,14
passenger2512,1,20,843,982,1017,139,35,174,15
passenger2513,1,22,843,1024,1059,181,35,216,0
passenger2514,1,17,844,1004,1030,160,26,186,1
passenger2515,1,23,844,990,1026,146,36,182,2
passenger2516,1,4,844,983,988,139,5,144,3
passenger2517,1,16,844,1049,1072,205,23,228,4
passenger2518,1,9,845,994,1012,149,18,167,5
passenger2519,1,11,845,1023,1039,178,16,194,6
passenger2520,1,7,845,1027,1037,182,10,192,7
passenger2521,1,6,846,1056,1063,210,7,217,8
passenger2522,1,12,846,1012,1031,166,19,185,9
passenger2523,1,24,846,1012,1055,166,43,209,10
passenger2524,1,17,847,972,998,125,26,151,11
passenger2525,1,10,848,977,994,129,17,146,12
passenger2526,1,12,848,1013,1034,165,21,186,13
passenger2527,1,14,848,1050,1071,202,21,223,14
passenger2528,1,7,850,982,994,132,12,144,15
passenger2529,1,14,850,1024,1047,174,23,197,0
passenger2530,1,18,850,1004,1033,154,29,183,1
passenger2531,1,7,850,990,998,140,8,148,2
passenger2532,1,16,850,983,1008,133,25,158,3
passenger2533,1,19,850,1049,1079,199,30,229,4
passenger2534,1,14,850,1034,1055,184,21,205,5
passenger2535,1,9,851,1023,1033,172,10,182,6
passenger2536,1,15,851,1027,1053,176,26,202,7
passenger2537,1,21,851,1056,1094,205,38,243,8
passenger2538,1,7,851,1070,1078,219,8,227,9
passenger2539,1,15,852,1012,1042,160,30,190,10
passenger2540,1,18,852,972,1001,120,29,149,11
passenger2541,1,9,852,977,991,125,14,139,12
passenger2542,1,11,853,1013,1031,160,18,178,13
passenger2543,1,23,853,1050,1084,197,34,231,14
passenger2544,1,10,853,1048,1061,195,13,208,15
passenger2545,1,16,854,1024,1051,170,27,197,0
passenger2546,1,5,854,1004,1010,150,6,156,1
passenger2547,1,24,855,990,1029,135,39,174,2
passenger2548,1,16,855,983,1008,128,25,153,3
passenger2549,1,20,855,1049,1082,194,33,227,4
passenger2550,1,16,855,1034,1059,179,25,204,5
passenger2551,1,10,855,1023,1036,168,13,181,6
passenger2552,1,10,855,1027,1044,172,17,189,7
passenger2553,1,18,856,1056,1087,200,31,231,8
passenger2554,1,22,856,1070,1107,214,37,251,9
passenger2555,1,5,857,1012,1022,155,10,165,10
passenger2556,1,22,857,972,1007,115,35,150,11
passenger2557,1,21,858,977,1013,119,36,155,12
passenger2558,1,4,858,1013,1018,155,5,160,13
passenger2559,1,4,859,1050,1055,191,5,196,14
passenger2560,1,18,860,1048,1075,188,27,215,15
passenger2561,1,22,860,1024,1059,164,35,199,0
passenger2562,1,11,860,1004,1020,144,16,160,1
passenger2563,1,17,860,990,1014,130,24,154,2
passenger2564,1,25,860,983,1025,123,42,165,3
passenger2565,1,9,861,1049,1061,188,12,200,4
passenger2566,1,7,862,1034,1042,172,8,180,5
passenger2567,1,25,862,1023,1063,161,40,201,6
passenger2568,1,8,862,1027,1040,165,13,178,7
passenger2569,1,13,862,1056,1078,194,22,216,8
passenger2570,1,12,862,1070,1085,208,15,223,9
passenger2571,1,14,862,1012,1039,150,27,177,10
passenger2572,1,8,862,1038,1051,176,13,189,11
passenger2573,1,18,863,1039,1068,176,29,205,12
passenger2574,1,18,863,1013,1046,150,33,183,13
passenger2575,1,6,863,1050,1059,187,9,196,14
passenger2576,1,13,864,1048,1068,184,20,204,15
passenger2577,1,3,864,1024,1030,160,6,166,0
passenger2578,1,7,866,1064,1074,198,10,208,1
passenger2579,1,25,866,990,1032,124,42,166,2
passenger2580,1,14,866,1051,1070,185,19,204,3
passenger2581,1,16,866,1049,1072,183,23,206,4
passenger2582,1,23,866,1034,1072,168,38,206,5
passenger2583,1,19,867,1023,1055,156,32,188,6
passenger2584,1,21,867,1027,1063,160,36,196,7
passenger2585,1,19,867,1056,1090,189,34,223,8
passenger2586,1,13,869,1070,1088,201,18,219,9
passenger2587,1,17,869,1012,1046,143,34,177,10
passenger2588,1,8,869,1038,1051,169,13,182,11
passenger2589,1,23,869,1039,1079,170,40,210,12
passenger2590,1,6,870,1013,1022,143,9,152,13
passenger2591,1,23,870,1050,1084,180,34,214,14
passenger2592,1,23,870,1048,1084,178,36,214,15
passenger2593,1,5,871,1024,1034,153,10,163,0
passenger2594,1,19,871,1064,1094,193,30,223,1
passenger2595,1,25,871,990,1032,119,42,161,2
passenger2596,1,15,871,1051,1073,180,22,202,3
passenger2597,1,10,872,1049,1064,177,15,192,4
passenger2598,1,23,872,1034,1072,162,38,200,5
passenger2599,1,14,872,1023,1044,151,21,172,6
passenger2600,1,4,872,1027,1032,155,5,160,7
passenger2601,1,7,873,1056,1066,183,10,193,8
passenger2602,1,18,873,1070,1097,197,27,224,9
passenger2603,1,12,873,1012,1035,139,23,162,10
passenger2604,1,7,873,1038,1048,165,10,175,11
passenger2605,1,21,873,1039,1073,166,34,200,12
passenger2606,1,4,873,1013,1018,140,5,145,13
passenger2607,1,7,874,1050,1062,176,12,188,14
passenger2608,1,13,874,1048,1068,174,20,194,15
passenger2609,1,2,874,1024,1027,150,3,153,0
passenger2610,1,11,874,1064,1082,190,18,208,1
passenger2611,1,23,874,1058,1090,184,32,216,2
passenger2612,1,24,874,1051,1088,177,37,214,3
passenger2613,1,22,874,1049,1086,175,37,212,4
passenger2614,1,9,875,1034,1048,159,14,173,5
passenger2615,1,3,875,1089,1093,214,4,218,6
passenger2616,1,21,875,1027,1063,152,36,188,7
passenger2617,1,10,876,1056,1071,180,15,195,8
passenger2618,1,19,876,1070,1100,194,30,224,9
passenger2619,1,4,876,1080,1085,204,5,209,10
passenger2620,1,18,876,1038,1065,162,27,189,11
passenger2621,1,16,877,1039,1064,162,25,187,12
passenger2622,1,24,877,1013,1054,136,41,177,13
passenger2623,1,4,877,1050,1055,173,5,178,14
passenger2624,1,11,877,1048,1064,171,16,187,15
passenger2625,1,25,877,1024,1064,147,40,187,0
passenger2626,1,11,878,1064,1082,186,18,204,1
passenger2627,1,17,878,1058,1080,180,22,202,2
passenger2628,1,5,878,1051,1057,173,6,179,3
passenger2629,1,19,878,1109,1135,231,26,257,4
passenger2630,1,8,878,1034,1045,156,11,167,5
passenger2631,1,15,878,1089,1111,211,22,233,6
passenger2632,1,23,879,1085,1117,206,32,238,7
passenger2633,1,17,879,1056,1084,177,28,205,8
passenger2634,1,13,879,1070,1088,191,18,209,9
passenger2635,1,6,879,1080,1089,201,9,210,10
passenger2636,1,10,879,1038,1055,159,17,176,11
passenger2637,1,22,879,1039,1076,160,37,197,12
passenger2638,1,7,879,1013,1025,134,12,146,13
passenger2639,1,17,880,1050,1076,170,26,196,14
passenger2640,1,13,880,1048,1068,168,20,188,15
passenger2641,1,9,880,1024,1040,144,16,160,0
passenger2642,1,19,880,1064,1094,184,30,214,1
passenger2643,1,10,881,1058,1069,177,11,188,2
passenger2644,1,8,881,1051,1062,170,11,181,3
passenger2645,1,14,881,1109,1126,228,17,245,4
passenger2646,1,20,882,1034,1067,152,33,185,5
passenger2647,1,22,882,1089,1120,207,31,238,6
passenger2648,1,17,882,1085,1107,203,22,225,7
passenger2649,1,17,884,1056,1084,172,28,200,8
passenger2650,1,20,884,1070,1103,186,33,219,9
passenger2651,1,8,884,1080,1093,196,13,209,10
passenger2652,1,8,885,1038,1051,153,13,166,11
passenger2653,1,13,885,1039,1057,154,18,172,12
passenger2654,1,17,886,1013,1043,127,30,157,13
passenger2655,1,17,886,1050,1076,164,26,190,14
passenger2656,1,5,886,1048,1054,162,6,168,15
passenger2657,1,20,886,1090,1115,204,25,229,0
passenger2658,1,10,887,1064,1079,177,15,192,1
passenger2659,1,23,887,1058,1090,171,32,203,2
passenger2660,1,19,887,1051,1079,164,28,192,3
passenger2661,1,25,887,1109,1143,222,34,256,4
passenger2662,1,17,888,1034,1062,146,28,174,5
passenger2663,1,14,888,1089,1108,201,19,220,6
passenger2664,1,6,888,1085,1092,197,7,204,7
passenger2665,1,11,888,1056,1074,168,18,186,8
passenger2666,1,22,888,1070,1107,182,37,219,9
passenger2667,1,11,889,1080,1098,191,18,209,10
passenger2668,1,3,889,1038,1042,149,4,153,11
passenger2669,1,7,889,1039,1049,150,10,160,12
passenger2670,1,16,889,1013,1040,124,27,151,13
passenger2671,1,17,889,1050,1076,161,26,187,14
passenger2672,1,25,889,1048,1088,159,40,199,15
passenger2673,1,24,890,1090,1121,200,31,231,0
passenger2674,1,14,890,1064,1087,174,23,197,1
passenger2675,1,15,890,1058,1076,168,18,186,2
passenger2676,1,21,890,1051,1083,161,32,193,3
passenger2677,1,3,890,1109,1113,219,4,223,4
passenger2678,1,16,890,1034,1059,144,25,169,5
passenger2679,1,13,891,1089,1105,198,16,214,6
passenger2680,1,20,891,1085,1112,194,27,221,7
passenger2681,1,21,892,1116,1140,224,24,248,8
passenger2682,1,17,892,1070,1094,178,24,202,9
passenger2683,1,17,893,1080,1108,187,28,215,10
passenger2684,1,18,893,1038,1065,145,27,172,11
passenger2685,1,15,893,1039,1061,146,22,168,12
passenger2686,1,7,893,1079,1087,186,8,194,13
passenger2687,1,8,894,1108,1117,214,9,223,14
passenger2688,1,19,894,1048,1078,154,30,184,15
passenger2689,1,16,894,1090,1109,196,19,215,0
passenger2690,1,7,894,1064,1074,170,10,180,1
passenger2691,1,23,894,1058,1090,164,32,196,2
passenger2692,1,25,894,1051,1091,157,40,197,3
passenger2693,1,17,894,1109,1131,215,22,237,4
passenger2694,1,7,895,1096,1104,201,8,209,5
passenger2695,1,24,895,1089,1124,194,35,229,6
passenger2696,1,7,895,1085,1095,190,10,200,7
passenger2697,1,12,895,1116,1129,221,13,234,8
passenger2698,1,22,896,1130,1153,234,23,257,9
passenger2699,1,14,897,1080,1103,183,23,206,10
passenger2700,1,7,897,1038,1048,141,10,151,11
passenger2701,1,3,897,1039,1043,142,4,146,12
passenger2702,1,10,897,1079,1092,182,13,195,13
passenger2703,1,18,897,1108,1129,211,21,232,14
passenger2704,1,19,897,1114,1134,217,20,237,15
passenger2705,1,7,898,1090,1098,192,8,200,0
passenger2706,1,5,898,1064,1070,166,6,172,1
passenger2707,1,18,898,1058,1083,160,25,185,2
passenger2708,1,5,899,1051,1057,152,6,158,3
