id,source,dest,submit_tick,pickup_tick,dropoff_tick,wait_time,travel_time,total_time,elevator
passenger1,16,1,0,23,63,23,40,63,0
passenger2,6,1,0,5,48,5,43,48,1
passenger3,8,1,0,9,62,9,53,62,2
passenger4,7,1,0,6,62,6,56,62,3
passenger5,10,1,1,12,23,11,11,22,4
passenger6,17,1,1,25,61,24,36,60,5
passenger7,11,1,1,11,65,10,54,64,6
passenger8,9,1,1,9,63,8,54,62,7
passenger9,14,1,2,19,63,17,44,61,0
passenger10,16,1,2,25,48,23,23,46,1
passenger11,2,1,2,3,6,1,3,4,8
passenger12,23,1,2,36,62,34,26,60,2
passenger13,23,1,2,36,62,34,26,60,3
passenger14,16,1,3,23,63,20,40,60,0
passenger15,15,1,4,22,48,18,26,44,1
passenger16,18,1,4,23,62,19,39,58,2
passenger17,12,1,4,15,62,11,47,58,3
passenger18,10,1,4,13,63,9,50,59,0
passenger19,10,1,4,11,48,7,37,44,1
passenger20,5,1,4,4,62,0,58,58,2
passenger21,22,1,4,33,62,29,29,58,3
passenger22,9,1,5,10,63,5,53,58,0
passenger23,8,1,6,9,62,3,53,56,3
passenger24,25,1,6,1307,1333,1301,26,1327,0
passenger25,14,1,6,19,62,13,43,56,3
passenger26,16,1,6,23,63,17,40,57,0
passenger27,7,1,7,7,23,0,16,16,4
passenger28,8,1,7,7,63,0,56,56,0
passenger29,19,1,8,29,61,21,32,53,5
passenger30,12,1,8,14,65,6,51,57,6
passenger31,5,1,9,15,25,6,10,16,8
passenger32,22,1,9,34,63,25,29,54,7
passenger33,11,1,9,11,61,2,50,52,5
passenger34,18,1,9,28,65,19,37,56,6
passenger35,10,1,9,12,63,3,51,54,7
passenger36,15,1,10,19,61,9,42,51,5
passenger37,20,1,10,32,65,22,33,55,6
passenger38,23,1,10,37,61,27,24,51,5
passenger39,6,1,10,15,74,5,59,64,9
passenger40,18,1,11,28,65,17,37,54,6
passenger41,23,1,12,37,61,25,24,49,5
passenger42,17,1,12,25,65,13,40,53,6
passenger43,5,1,12,15,25,3,10,13,8
passenger44,6,1,12,18,25,6,7,13,8
passenger45,6,1,12,18,25,6,7,13,8
passenger46,4,1,12,12,25,0,13,13,8
passenger47,20,1,13,32,61,19,29,48,5
passenger48,25,1,13,39,65,26,26,52,6
passenger49,14,1,14,16,61,2,45,47,5
passenger50,16,1,14,22,65,8,43,51,6
passenger51,20,1,14,32,61,18,29,47,5
passenger52,11,1,14,14,48,0,34,34,1
passenger53,13,1,14,17,65,3,48,51,6
passenger54,16,1,16,22,61,6,39,45,5
passenger55,9,1,16,24,74,8,50,58,9
passenger56,3,1,17,19,25,2,6,8,10
passenger57,15,1,17,18,62,1,44,45,2
passenger58,21,1,18,30,62,12,32,44,2
passenger59,3,1,18,20,24,2,4,6,11
passenger60,7,1,18,18,74,0,56,56,9
passenger61,8,1,19,21,74,2,53,55,9
passenger62,21,1,19,31,63,12,32,44,7
passenger63,14,1,19,19,48,0,29,29,1
passenger64,14,1,19,19,48,0,29,29,1
passenger65,17,1,21,21,63,0,42,42,7
passenger66,8,1,21,21,74,0,53,53,9
passenger67,19,1,22,27,63,5,36,41,7
passenger68,2,1,22,22,25,0,3,3,10
passenger69,4,1,23,28,50,5,22,27,12
passenger70,21,1,23,30,62,7,32,39,2
passenger71,17,1,23,23,63,0,40,40,7
passenger72,6,1,24,29,57,5,28,33,13
passenger73,12,1,24,33,74,9,41,50,9
passenger74,3,1,25,25,50,0,25,25,12
passenger75,18,1,25,25,62,0,37,37,3
passenger76,20,1,25,27,62,2,35,37,2
passenger77,8,1,25,41,50,16,9,25,12
passenger78,10,1,26,27,74,1,47,48,9
passenger79,7,1,26,32,57,6,25,31,13
passenger80,11,1,26,30,74,4,44,48,9
passenger81,8,1,26,35,57,9,22,31,13
passenger82,7,1,26,33,50,7,17,24,12
passenger83,12,1,27,33,74,6,41,47,9
passenger84,22,1,27,33,62,6,29,35,2
passenger85,20,1,27,27,62,0,35,35,2
passenger86,9,1,28,40,57,12,17,29,13
passenger87,24,1,28,1443,1470,1415,27,1442,2
passenger88,7,1,28,32,57,4,25,29,13
passenger89,23,1,28,1388,1416,1360,28,1388,2
passenger90,9,1,29,40,57,11,17,28,13
passenger91,14,1,29,29,48,0,19,19,1
passenger92,6,1,29,29,57,0,28,28,13
passenger93,20,1,29,29,62,0,33,33,3
passenger94,9,1,30,40,57,10,17,27,13
passenger95,22,1,31,31,63,0,32,32,0
passenger96,3,1,31,33,38,2,5,7,4
passenger97,14,1,32,95,134,63,39,102,9
passenger98,5,1,32,36,44,4,8,12,8
passenger99,23,1,33,36,62,3,26,29,3
passenger100,12,1,33,33,48,0,15,15,1
passenger101,18,1,33,964,997,931,33,964,9
passenger102,23,1,33,34,63,1,29,30,0
passenger103,14,1,34,95,134,61,39,100,9
passenger104,3,1,34,34,38,0,4,4,4
passenger105,7,1,34,34,50,0,16,16,12
passenger106,7,1,35,35,50,0,15,15,12
passenger107,23,1,35,35,63,0,28,28,0
passenger108,23,1,35,99,127,64,28,92,0
passenger109,13,1,35,36,74,1,38,39,9
passenger110,23,1,35,99,127,64,28,92,0
passenger111,7,1,36,36,50,0,14,14,12
passenger112,18,1,36,964,997,928,33,961,9
passenger113,11,1,36,36,48,0,12,12,1
passenger114,7,1,37,37,50,0,13,13,12
passenger115,8,1,37,37,57,0,20,20,13
passenger116,12,1,37,78,92,41,14,55,13
passenger117,10,1,37,67,92,30,25,55,1
passenger118,7,1,38,38,50,0,12,12,12
passenger119,10,1,38,67,92,29,25,54,1
passenger120,5,1,38,38,44,0,6,6,8
passenger121,25,1,38,39,65,1,26,27,6
passenger122,11,1,38,70,92,32,22,54,1
passenger123,4,1,39,42,104,3,62,65,10
passenger124,15,1,39,98,134,59,36,95,9
passenger125,23,1,40,1388,1416,1348,28,1376,2
passenger126,10,1,40,74,92,34,18,52,13
passenger127,22,1,40,95,120,55,25,80,5
passenger128,16,1,40,42,63,2,21,23,7
passenger129,19,1,41,42,62,1,20,21,3
passenger130,9,1,41,41,57,0,16,16,13
passenger131,2,1,41,42,45,1,3,4,4
passenger132,10,1,42,74,92,32,18,50,13
passenger133,24,1,42,1344,1373,1302,29,1331,6
passenger134,20,1,43,94,125,51,31,82,2
passenger135,20,1,43,1223,1254,1180,31,1211,2
passenger136,23,1,43,101,127,58,26,84,6
passenger137,10,1,43,74,92,31,18,49,13
passenger138,9,1,43,71,92,28,21,49,13
passenger139,24,1,43,1292,1319,1249,27,1276,9
passenger140,15,1,43,45,63,2,18,20,7
passenger141,9,1,44,55,104,11,49,60,10
passenger142,8,1,44,52,104,8,52,60,10
passenger143,23,1,44,1237,1265,1193,28,1221,9
passenger144,3,1,45,52,92,7,40,47,1
passenger145,3,1,45,52,92,7,40,47,1
passenger146,19,1,45,89,127,44,38,82,0
passenger147,2,1,46,47,50,1,3,4,11
passenger148,6,1,46,46,104,0,58,58,10
passenger149,25,1,47,1345,1371,1298,26,1324,9
passenger150,12,1,47,80,107,33,27,60,7
passenger151,19,1,47,91,127,44,36,80,6
passenger152,13,1,48,49,63,1,14,15,7
passenger153,4,1,48,51,56,3,5,8,4
passenger154,6,1,48,48,104,0,56,56,10
passenger155,20,1,48,1148,1179,1100,31,1131,10
passenger156,4,1,50,51,56,1,5,6,4
passenger157,16,1,51,591,626,540,35,575,9
passenger158,10,1,51,76,120,25,44,69,5
passenger159,10,1,52,76,120,24,44,68,5
passenger160,24,1,52,1576,1603,1524,27,1551,10
passenger161,16,1,52,591,626,539,35,574,9
passenger162,16,1,52,591,626,539,35,574,9
passenger163,10,1,53,75,98,22,23,45,3
passenger164,11,1,53,77,107,24,30,54,7
passenger165,18,1,54,964,997,910,33,943,9
passenger166,2,1,54,55,58,1,3,4,8
passenger167,7,1,54,71,120,17,49,66,5
passenger168,16,1,54,591,626,537,35,572,9
passenger169,16,1,55,655,690,600,35,635,9
passenger170,4,1,55,55,92,0,37,37,1
passenger171,20,1,55,1126,1157,1071,31,1102,9
passenger172,15,1,56,98,134,42,36,78,9
passenger173,7,1,56,70,98,14,28,42,3
passenger174,20,1,57,1148,1179,1091,31,1122,10
passenger175,25,1,57,1683,1709,1626,26,1652,10
passenger176,12,1,57,60,104,3,44,47,10
passenger177,8,1,58,76,127,18,51,69,6
passenger178,9,1,58,64,92,6,28,34,1
passenger179,16,1,58,655,690,597,35,632,9
passenger180,3,1,58,65,120,7,55,62,5
passenger181,13,1,59,64,104,5,40,45,10
passenger182,2,1,59,60,63,1,3,4,4
passenger183,2,1,59,60,63,1,3,4,11
passenger184,12,1,60,60,104,0,44,44,10
passenger185,19,1,60,1093,1125,1033,32,1065,10
passenger186,23,1,60,1469,1497,1409,28,1437,10
passenger187,4,1,60,68,107,8,39,47,7
passenger188,7,1,60,60,92,0,32,32,1
passenger189,12,1,61,61,104,0,43,43,10
passenger190,15,1,61,134,170,73,36,109,10
passenger191,25,1,61,1683,1709,1622,26,1648,10
passenger192,18,1,61,986,1019,925,33,958,10
passenger193,14,1,62,67,104,5,37,42,10
passenger194,3,1,62,69,127,7,58,65,6
passenger195,3,1,62,69,127,7,58,65,6
passenger196,5,1,63,63,92,0,29,29,13
passenger197,17,1,64,681,715,617,34,651,10
passenger198,9,1,64,64,92,0,28,28,1
passenger199,7,1,65,67,92,2,25,27,13
passenger200,18,1,65,986,1019,921,33,954,10
passenger201,21,1,66,1255,1285,1189,30,1219,10
passenger202,12,1,67,73,92,6,19,25,1
passenger203,23,1,68,1469,1497,1401,28,1429,10
passenger204,19,1,69,1093,1125,1024,32,1056,10
passenger205,19,1,70,1093,1125,1023,32,1055,10
passenger206,22,1,70,1362,1391,1292,29,1321,10
passenger207,6,1,70,70,127,0,57,57,0
passenger208,20,1,71,1148,1179,1077,31,1108,10
passenger209,24,1,71,1576,1603,1505,27,1532,10
passenger210,25,1,72,1683,1709,1611,26,1637,10
passenger211,15,1,73,241,277,168,36,204,1
passenger212,20,1,73,1148,1179,1075,31,1106,10
passenger213,23,1,73,1469,1497,1396,28,1424,10
passenger214,22,1,74,1362,1391,1288,29,1317,10
passenger215,23,1,74,1469,1497,1395,28,1423,10
passenger216,21,1,75,1255,1285,1180,30,1210,10
passenger217,11,1,76,78,98,2,20,22,3
passenger218,19,1,76,91,125,15,34,49,2
passenger219,11,1,76,78,98,2,20,22,3
passenger220,21,1,76,1255,1285,1179,30,1209,10
passenger221,21,1,76,1255,1285,1179,30,1209,10
passenger222,24,1,76,1576,1603,1500,27,1527,10
passenger223,16,1,77,81,125,4,44,48,2
passenger224,13,1,77,83,107,6,24,30,7
passenger225,5,1,77,81,87,4,6,10,4
passenger226,17,1,78,85,125,7,40,47,2
passenger227,15,1,78,78,125,0,47,47,2
passenger228,14,1,78,80,127,2,47,49,0
passenger229,18,1,78,88,125,10,37,47,2
passenger230,22,1,78,1333,1362,1255,29,1284,2
passenger231,5,1,79,80,134,1,54,55,9
passenger232,12,1,79,79,92,0,13,13,13
passenger233,19,1,80,91,125,11,34,45,2
passenger234,21,1,80,1278,1308,1198,30,1228,2
passenger235,20,1,81,1148,1179,1067,31,1098,10
passenger236,21,1,81,1255,1285,1174,30,1204,10
passenger237,22,1,81,1362,1391,1281,29,1310,10
passenger238,25,1,82,1550,1576,1468,26,1494,2
passenger239,16,1,82,82,125,0,43,43,2
passenger240,7,1,82,84,98,2,14,16,3
passenger241,15,1,82,83,120,1,37,38,5
passenger242,19,1,82,91,125,9,34,43,2
passenger243,4,1,82,85,94,3,9,12,8
passenger244,20,1,83,1200,1231,1117,31,1148,10
passenger245,15,1,83,83,127,0,44,44,0
passenger246,24,1,83,1495,1522,1412,27,1439,2
passenger247,7,1,83,84,98,1,14,15,3
passenger248,23,1,83,1440,1470,1357,30,1387,2
passenger249,12,1,84,89,134,5,45,50,9
passenger250,15,1,84,84,120,0,36,36,5
passenger251,17,1,84,85,125,1,40,41,2
passenger252,15,1,85,85,127,0,42,42,6
passenger253,23,1,85,1440,1470,1355,30,1385,2
passenger254,6,1,86,89,98,3,9,12,3
passenger255,19,1,86,1093,1125,1007,32,1039,10
passenger256,25,1,86,1550,1576,1464,26,1490,2
passenger257,7,1,86,86,98,0,12,12,3
passenger258,8,1,86,90,107,4,17,21,7
passenger259,13,1,87,92,134,5,42,47,9
passenger260,19,1,87,89,127,2,38,40,0
passenger261,25,1,87,1307,1333,1220,26,1246,0
passenger262,21,1,87,93,127,6,34,40,0
passenger263,21,1,88,93,127,5,34,39,0
passenger264,12,1,88,89,134,1,45,46,9
passenger265,17,1,88,681,715,593,34,627,10
passenger266,7,1,89,95,107,6,12,18,7
passenger267,13,1,89,92,134,3,42,45,9
passenger268,6,1,89,89,98,0,9,9,3
passenger269,2,1,89,89,94,0,5,5,8
passenger270,22,1,89,96,127,7,31,38,0
passenger271,21,1,90,92,120,2,28,30,5
passenger272,14,1,90,131,170,41,39,80,10
passenger273,2,1,91,91,94,0,3,3,8
passenger274,4,1,91,93,98,2,5,7,3
passenger275,4,1,92,103,108,11,5,16,3
passenger276,19,1,92,92,127,0,35,35,6
passenger277,6,1,92,98,107,6,9,15,7
passenger278,8,1,92,92,107,0,15,15,7
passenger279,22,1,92,95,120,3,25,28,5
passenger280,23,1,93,1196,1224,1103,28,1131,5
passenger281,20,1,93,95,127,2,32,34,6
passenger282,9,1,94,118,170,24,52,76,10
passenger283,15,1,94,534,570,440,36,476,9
passenger284,6,1,94,98,107,4,9,13,7
passenger285,22,1,95,95,120,0,25,25,5
passenger286,4,1,95,103,108,8,5,13,3
passenger287,19,1,95,1071,1103,976,32,1008,9
passenger288,14,1,95,95,134,0,39,39,9
passenger289,20,1,95,95,127,0,32,32,6
passenger290,12,1,95,108,123,13,15,28,4
passenger291,5,1,95,101,107,6,6,12,7
passenger292,20,1,96,96,127,0,31,31,6
passenger293,17,1,96,847,881,751,34,785,9
passenger294,13,1,96,233,277,137,44,181,1
passenger295,10,1,96,111,152,15,41,56,1
passenger296,10,1,97,111,152,14,41,55,1
passenger297,13,1,97,233,277,136,44,180,1
passenger298,8,1,98,105,152,7,47,54,1
passenger299,8,1,98,105,152,7,47,54,1
passenger300,8,1,98,105,152,7,47,54,1
passenger301,2,1,98,99,102,1,3,4,8
passenger302,24,1,99,1252,1279,1153,27,1180,0
passenger303,7,1,99,100,152,1,52,53,1
passenger304,5,1,99,99,123,0,24,24,4
passenger305,5,1,100,112,170,12,58,70,10
passenger306,25,1,100,1550,1576,1450,26,1476,2
passenger307,13,1,100,233,277,133,44,177,1
passenger308,9,1,100,108,152,8,44,52,1
passenger309,11,1,101,172,214,71,42,113,1
passenger310,4,1,101,109,170,8,61,69,10
passenger311,9,1,101,108,152,7,44,51,1
passenger312,7,1,102,102,152,0,50,50,1
passenger313,21,1,103,1278,1308,1175,30,1205,2
passenger314,3,1,104,111,115,7,4,11,7
passenger315,12,1,104,108,123,4,15,19,4
passenger316,20,1,104,1223,1254,1119,31,1150,2
passenger317,22,1,104,1333,1362,1229,29,1258,2
passenger318,14,1,106,437,474,331,37,368,5
passenger319,7,1,107,113,121,6,8,14,8
passenger320,10,1,107,168,214,61,46,107,1
passenger321,7,1,107,113,121,6,8,14,11
passenger322,17,1,108,1058,1092,950,34,984,2
passenger323,9,1,108,108,152,0,44,44,1
passenger324,17,1,108,1058,1092,950,34,984,2
passenger325,17,1,108,1058,1092,950,34,984,2
passenger326,24,1,108,1292,1319,1184,27,1211,9
passenger327,10,1,109,321,362,212,41,253,5
passenger328,25,1,110,1345,1371,1235,26,1261,9
passenger329,11,1,110,376,418,266,42,308,5
passenger330,18,1,110,163,194,53,31,84,6
passenger331,17,1,110,160,194,50,34,84,6
passenger332,21,1,111,1179,1209,1068,30,1098,9
passenger333,13,1,111,149,187,38,38,76,2
passenger334,21,1,112,1179,1209,1067,30,1097,9
passenger335,10,1,112,112,123,0,11,11,4
passenger336,13,1,112,149,187,37,38,75,2
passenger337,13,1,113,149,187,36,38,74,2
passenger338,18,1,114,964,997,850,33,883,9
passenger339,16,1,114,655,690,541,35,576,9
passenger340,3,1,114,116,120,2,4,6,3
passenger341,21,1,115,1082,1112,967,30,997,1
passenger342,20,1,115,1126,1157,1011,31,1042,9
passenger343,4,1,115,125,179,10,54,64,5
passenger344,25,1,115,1302,1328,1187,26,1213,1
passenger345,17,1,116,847,881,731,34,765,9
passenger346,4,1,116,125,179,9,54,63,5
passenger347,13,1,116,233,277,117,44,161,1
passenger348,22,1,117,1137,1166,1020,29,1049,1
passenger349,8,1,117,142,187,25,45,70,2
passenger350,24,1,117,1247,1274,1130,27,1157,1
passenger351,12,1,117,125,170,8,45,53,10
passenger352,7,1,118,139,187,21,48,69,2
passenger353,10,1,118,142,191,24,49,73,0
passenger354,14,1,118,352,389,234,37,271,9
passenger355,18,1,119,536,569,417,33,450,1
passenger356,24,1,120,1247,1274,1127,27,1154,1
passenger357,6,1,120,136,187,16,51,67,2
passenger358,25,1,120,1302,1328,1182,26,1208,1
passenger359,14,1,120,473,510,353,37,390,9
passenger360,5,1,121,133,187,12,54,66,2
passenger361,24,1,121,1247,1274,1126,27,1153,1
passenger362,10,1,121,121,170,0,49,49,10
passenger363,16,1,123,497,532,374,35,409,10
passenger364,18,1,123,986,1019,863,33,896,10
passenger365,2,1,124,128,187,4,59,63,2
passenger366,7,1,124,146,198,22,52,74,9
passenger367,18,1,124,986,1019,862,33,895,10
passenger368,9,1,124,156,198,32,42,74,9
passenger369,2,1,124,128,187,4,59,63,2
passenger370,2,1,125,126,129,1,3,4,3
passenger371,21,1,125,1255,1285,1130,30,1160,10
passenger372,5,1,125,129,179,4,50,54,5
passenger373,4,1,125,125,179,0,54,54,5
passenger374,15,1,126,134,170,8,36,44,10
passenger375,4,1,126,126,179,0,53,53,5
passenger376,17,1,126,681,715,555,34,589,10
passenger377,15,1,126,436,472,310,36,346,10
passenger378,17,1,126,681,715,555,34,589,10
passenger379,13,1,126,128,170,2,42,44,10
passenger380,20,1,126,1200,1231,1074,31,1105,10
passenger381,17,1,127,744,778,617,34,651,10
passenger382,11,1,127,376,418,249,42,291,5
passenger383,2,1,128,129,132,1,3,4,4
passenger384,8,1,128,136,179,8,43,51,5
passenger385,5,1,129,129,179,0,50,50,5
passenger386,2,1,129,130,133,1,3,4,7
passenger387,8,1,130,136,179,6,43,49,5
passenger388,6,1,130,132,179,2,47,49,5
passenger389,3,1,131,131,194,0,63,63,6
passenger390,9,1,131,318,362,187,44,231,5
passenger391,14,1,131,131,170,0,39,39,10
passenger392,6,1,132,132,179,0,47,47,5
passenger393,8,1,132,196,239,64,43,107,5
passenger394,2,1,133,137,198,4,61,65,9
passenger395,3,1,133,133,194,0,61,61,6
passenger396,5,1,133,133,191,0,58,58,0
passenger397,12,1,133,379,418,246,39,285,5
passenger398,17,1,133,533,569,400,36,436,1
passenger399,20,1,133,1079,1112,946,33,979,1
passenger400,17,1,134,533,569,399,36,435,1
passenger401,16,1,135,476,511,341,35,376,1
passenger402,24,1,135,1628,1655,1493,27,1520,10
passenger403,8,1,136,196,239,60,43,103,5
passenger404,21,1,136,1307,1337,1171,30,1201,10
passenger405,24,1,136,1628,1655,1492,27,1519,10
passenger406,15,1,136,436,472,300,36,336,10
passenger407,22,1,136,1362,1391,1226,29,1255,10
passenger408,5,1,136,137,194,1,57,58,6
passenger409,23,1,137,1469,1497,1332,28,1360,10
passenger410,15,1,137,473,511,336,38,374,1
passenger411,7,1,138,139,187,1,48,49,2
passenger412,3,1,138,140,145,2,5,7,3
passenger413,19,1,138,1093,1125,955,32,987,10
passenger414,12,1,139,175,214,36,39,75,1
passenger415,9,1,139,139,191,0,52,52,0
passenger416,11,1,140,376,418,236,42,278,5
passenger417,25,1,140,1735,1761,1595,26,1621,10
passenger418,12,1,141,229,277,88,48,136,1
passenger419,3,1,141,141,145,0,4,4,3
passenger420,8,1,142,142,194,0,52,52,6
passenger421,5,1,142,142,198,0,56,56,9
passenger422,18,1,142,739,772,597,33,630,5
passenger423,21,1,142,1307,1337,1165,30,1195,10
passenger424,22,1,142,1362,1391,1220,29,1249,10
passenger425,17,1,143,682,716,539,34,573,5
passenger426,20,1,144,1031,1062,887,31,918,5
passenger427,12,1,144,146,191,2,45,47,0
passenger428,17,1,144,682,716,538,34,572,5
passenger429,4,1,144,147,152,3,5,8,4
passenger430,14,1,144,437,474,293,37,330,5
passenger431,15,1,145,564,600,419,36,455,5
passenger432,2,1,145,146,149,1,3,4,7
passenger433,15,1,145,564,600,419,36,455,5
passenger434,19,1,145,976,1008,831,32,863,5
passenger435,10,1,145,146,194,1,48,49,6
passenger436,15,1,146,151,191,5,40,45,0
passenger437,8,1,146,149,198,3,49,52,9
passenger438,8,1,147,149,198,2,49,51,9
passenger439,5,1,147,158,214,11,56,67,1
passenger440,9,1,147,156,198,9,42,51,9
passenger441,21,1,148,1307,1337,1159,30,1189,10
passenger442,24,1,149,1301,1330,1152,29,1181,5
passenger443,17,1,149,157,191,8,34,42,0
passenger444,16,1,149,154,191,5,37,42,0
passenger445,16,1,149,154,191,5,37,42,0
passenger446,13,1,150,211,249,61,38,99,2
passenger447,12,1,150,150,194,0,44,44,6
passenger448,16,1,150,154,191,4,37,41,0
passenger449,20,1,150,1031,1062,881,31,912,5
passenger450,11,1,150,216,261,66,45,111,9
passenger451,15,1,151,151,191,0,40,40,0
passenger452,13,1,151,211,249,60,38,98,2
passenger453,8,1,151,151,198,0,47,47,9
passenger454,8,1,151,151,198,0,47,47,9
passenger455,3,1,151,153,160,2,7,9,3
passenger456,12,1,151,151,194,0,43,43,6
passenger457,19,1,152,1093,1125,941,32,973,10
passenger458,18,1,152,986,1019,834,33,867,10
passenger459,25,1,152,1304,1330,1152,26,1178,5
passenger460,2,1,152,153,156,1,3,4,7
passenger461,20,1,152,1086,1117,934,31,965,0
passenger462,21,1,152,1139,1169,987,30,1017,0
passenger463,12,1,153,153,194,0,41,41,6
passenger464,8,1,153,153,198,0,45,45,9
passenger465,10,1,153,213,261,60,48,108,9
passenger466,18,1,155,1113,1146,958,33,991,2
passenger467,22,1,155,1385,1416,1230,31,1261,2
passenger468,17,1,155,1058,1092,903,34,937,2
passenger469,14,1,155,319,356,164,37,201,10
passenger470,17,1,155,1058,1092,903,34,937,2
passenger471,3,1,155,155,160,0,5,5,3
passenger472,16,1,155,497,532,342,35,377,10
passenger473,3,1,156,156,160,0,4,4,3
passenger474,25,1,156,1550,1576,1394,26,1420,2
passenger475,23,1,156,1196,1224,1040,28,1068,5
passenger476,14,1,156,319,356,163,37,200,10
passenger477,10,1,157,213,261,56,48,104,9
passenger478,19,1,158,1031,1063,873,32,905,0
passenger479,17,1,158,540,574,382,34,416,0
passenger480,18,1,158,976,1009,818,33,851,0
passenger481,14,1,159,473,510,314,37,351,9
passenger482,7,1,159,162,214,3,52,55,1
passenger483,3,1,159,161,165,2,4,6,4
passenger484,8,1,160,185,232,25,47,72,10
passenger485,14,1,160,473,510,313,37,350,9
passenger486,12,1,160,219,261,59,42,101,9
passenger487,14,1,161,531,570,370,39,409,9
passenger488,8,1,161,185,232,24,47,71,10
passenger489,24,1,162,1495,1522,1333,27,1360,2
passenger490,10,1,162,168,214,6,46,52,1
passenger491,22,1,162,1194,1225,1032,31,1063,0
passenger492,11,1,162,172,214,10,42,52,1
passenger493,12,1,163,379,418,216,39,255,5
passenger494,16,1,163,623,658,460,35,495,5
passenger495,8,1,163,185,232,22,47,69,10
passenger496,7,1,163,163,214,0,51,51,1
passenger497,11,1,164,172,214,8,42,50,1
passenger498,21,1,164,1278,1308,1114,30,1144,2
passenger499,5,1,165,176,232,11,56,67,10
passenger500,12,1,166,379,418,213,39,252,5
passenger501,18,1,166,1016,1049,850,33,883,9
passenger502,18,1,166,1016,1049,850,33,883,9
passenger503,12,1,166,431,474,265,43,308,5
passenger504,3,1,166,168,172,2,4,6,3
passenger505,2,1,167,168,171,1,3,4,7
passenger506,13,1,167,434,474,267,40,307,5
passenger507,21,1,167,1278,1308,1111,30,1141,2
passenger508,2,1,167,168,171,1,3,4,8
passenger509,23,1,167,1291,1319,1124,28,1152,6
passenger510,18,1,167,1016,1049,849,33,882,9
passenger511,2,1,168,169,172,1,3,4,4
passenger512,10,1,169,169,214,0,45,45,1
passenger513,7,1,171,193,239,22,46,68,5
passenger514,24,1,171,1344,1373,1173,29,1202,6
passenger515,15,1,171,523,559,352,36,388,2
passenger516,9,1,172,199,249,27,50,77,2
passenger517,8,1,172,196,239,24,43,67,5
passenger518,15,1,172,523,559,351,36,387,2
passenger519,2,1,172,173,176,1,3,4,11
passenger520,8,1,172,313,362,141,49,190,5
passenger521,5,1,173,189,239,16,50,66,5
passenger522,16,1,173,537,574,364,37,401,0
passenger523,18,1,173,976,1009,803,33,836,0
passenger524,13,1,173,211,249,38,38,76,2
passenger525,5,1,173,189,239,16,50,66,5
passenger526,10,1,174,202,249,28,47,75,2
passenger527,22,1,174,1137,1166,963,29,992,1
passenger528,6,1,175,181,232,6,51,57,10
passenger529,5,1,175,189,239,14,50,64,5
passenger530,4,1,176,186,239,10,53,63,5
passenger531,21,1,176,1179,1209,1003,30,1033,9
passenger532,4,1,176,186,239,10,53,63,5
passenger533,15,1,176,288,324,112,36,148,0
passenger534,25,1,176,1302,1328,1126,26,1152,1
passenger535,17,1,176,1015,1051,839,36,875,6
passenger536,11,1,177,205,249,28,44,72,2
passenger537,6,1,177,181,232,4,51,55,10
passenger538,2,1,177,178,181,1,3,4,3
passenger539,5,1,177,177,232,0,55,55,10
passenger540,24,1,177,1247,1274,1070,27,1097,1
passenger541,5,1,178,178,232,0,54,54,10
passenger542,2,1,178,182,239,4,57,61,5
passenger543,21,1,178,1179,1209,1001,30,1031,9
passenger544,12,1,178,279,324,101,45,146,0
passenger545,10,1,179,214,255,35,41,76,0
passenger546,19,1,179,1071,1103,892,32,924,9
passenger547,14,1,180,220,255,40,35,75,6
passenger548,23,1,181,1192,1220,1011,28,1039,1
passenger549,13,1,181,217,255,36,38,74,6
passenger550,19,1,181,974,1006,793,32,825,1
passenger551,23,1,182,1192,1220,1010,28,1038,1
passenger552,13,1,183,223,261,40,38,78,9
passenger553,8,1,184,208,255,24,47,71,0
passenger554,25,1,184,1302,1328,1118,26,1144,1
passenger555,7,1,185,205,255,20,50,70,0
passenger556,2,1,186,190,249,4,59,63,2
passenger557,15,1,186,436,472,250,36,286,10
passenger558,25,1,187,1302,1328,1115,26,1141,1
passenger559,4,1,187,196,255,9,59,68,0
passenger560,22,1,187,1137,1166,950,29,979,1
passenger561,21,1,188,1307,1337,1119,30,1149,10
passenger562,24,1,188,1247,1274,1059,27,1086,1
passenger563,12,1,188,191,232,3,41,44,10
passenger564,8,1,188,209,261,21,52,73,9
passenger565,14,1,189,381,418,192,37,229,10
passenger566,5,1,189,200,255,11,55,66,6
passenger567,22,1,189,1362,1391,1173,29,1202,10
passenger568,17,1,190,744,778,554,34,588,10
passenger569,13,1,191,194,232,3,38,41,10
passenger570,14,1,191,381,418,190,37,227,10
passenger571,19,1,193,1026,1058,833,32,865,1
passenger572,14,1,193,433,472,240,39,279,10
passenger573,22,1,194,1414,1443,1220,29,1249,10
passenger574,24,1,195,1628,1655,1433,27,1460,10
passenger575,24,1,195,1628,1655,1433,27,1460,10
passenger576,16,1,196,476,511,280,35,315,1
passenger577,19,1,196,1026,1058,830,32,862,1
passenger578,9,1,196,318,362,122,44,166,5
passenger579,2,1,197,201,261,4,60,64,9
passenger580,11,1,197,376,418,179,42,221,5
passenger581,22,1,197,1414,1443,1217,29,1246,10
passenger582,5,1,197,199,255,2,56,58,0
passenger583,15,1,197,436,472,239,36,275,10
passenger584,6,1,198,202,255,4,53,57,0
passenger585,12,1,198,208,249,10,41,51,2
passenger586,5,1,198,199,255,1,56,57,0
passenger587,19,1,198,1093,1125,895,32,927,10
passenger588,21,1,198,1307,1337,1109,30,1139,10
passenger589,20,1,198,1200,1231,1002,31,1033,10
passenger590,18,1,199,1038,1071,839,33,872,10
passenger591,7,1,199,205,255,6,50,56,0
passenger592,14,1,199,236,277,37,41,78,1
passenger593,4,1,200,203,212,3,9,12,3
passenger594,10,1,202,202,249,0,47,47,2
passenger595,14,1,203,437,474,234,37,271,5
passenger596,18,1,203,739,772,536,33,569,5
passenger597,4,1,203,203,212,0,9,9,3
passenger598,21,1,203,1307,1337,1104,30,1134,10
passenger599,13,1,204,211,249,7,38,45,2
passenger600,23,1,204,1469,1497,1265,28,1293,10
passenger601,14,1,204,503,540,299,37,336,5
passenger602,15,1,205,564,600,359,36,395,5
passenger603,18,1,205,739,772,534,33,567,5
passenger604,21,1,205,1086,1116,881,30,911,5
passenger605,5,1,205,206,212,1,6,7,3
passenger606,14,1,207,520,559,313,39,352,2
passenger607,2,1,207,208,211,1,3,4,4
passenger608,13,1,207,461,499,254,38,292,2
passenger609,21,1,207,1086,1116,879,30,909,5
passenger610,22,1,207,1141,1170,934,29,963,5
passenger611,8,1,208,208,255,0,47,47,0
passenger612,11,1,208,208,255,0,47,47,6
passenger613,15,1,209,523,559,314,36,350,2
passenger614,11,1,209,209,255,0,46,46,6
passenger615,6,1,209,221,277,12,56,68,1
passenger616,9,1,209,211,255,2,44,46,0
passenger617,11,1,210,210,255,0,45,45,6
passenger618,14,1,210,520,559,310,39,349,2
passenger619,24,1,210,1301,1330,1091,29,1120,5
passenger620,15,1,211,648,684,437,36,473,2
passenger621,11,1,211,211,255,0,44,44,6
passenger622,17,1,211,1058,1092,847,34,881,2
passenger623,20,1,211,1200,1231,989,31,1020,10
passenger624,12,1,211,214,255,3,41,44,6
passenger625,13,1,212,461,499,249,38,287,2
passenger626,7,1,212,224,235,12,11,23,7
passenger627,22,1,212,1141,1170,929,29,958,5
passenger628,22,1,212,1141,1170,929,29,958,5
passenger629,6,1,213,220,240,7,20,27,8
passenger630,10,1,213,213,261,0,48,48,9
passenger631,8,1,213,224,240,11,16,27,11
passenger632,24,1,214,1301,1330,1087,29,1116,5
passenger633,3,1,214,214,235,0,21,21,7
passenger634,6,1,214,221,235,7,14,21,7
passenger635,9,1,215,227,240,12,13,25,8
passenger636,15,1,215,648,684,433,36,469,2
passenger637,7,1,216,221,240,5,19,24,11
passenger638,14,1,216,220,255,4,35,39,6
passenger639,19,1,216,1168,1200,952,32,984,2
passenger640,21,1,216,1086,1116,870,30,900,5
passenger641,4,1,216,216,240,0,24,24,8
passenger642,5,1,216,217,240,1,23,24,11
passenger643,4,1,217,217,235,0,18,18,7
passenger644,23,1,217,1196,1224,979,28,1007,5
passenger645,17,1,217,1058,1092,841,34,875,2
passenger646,14,1,217,220,255,3,35,38,6
passenger647,20,1,217,1031,1062,814,31,845,5
passenger648,16,1,218,718,753,500,35,535,6
passenger649,7,1,218,221,240,3,19,22,11
passenger650,14,1,218,433,472,215,39,254,10
passenger651,18,1,218,1113,1146,895,33,928,2
passenger652,2,1,219,220,223,1,3,4,3
passenger653,16,1,220,718,753,498,35,533,6
passenger654,13,1,220,254,293,34,39,73,10
passenger655,3,1,220,222,232,2,10,12,4
passenger656,8,1,220,224,240,4,16,20,8
passenger657,12,1,220,220,261,0,41,41,9
passenger658,10,1,221,245,293,24,48,72,10
passenger659,8,1,221,224,240,3,16,19,11
passenger660,17,1,221,682,716,461,34,495,5
passenger661,11,1,221,248,293,27,45,72,10
passenger662,13,1,221,223,261,2,38,40,9
passenger663,21,1,222,1139,1169,917,30,947,0
passenger664,4,1,222,227,232,5,5,10,4
passenger665,10,1,223,245,293,22,48,70,10
passenger666,3,1,224,224,232,0,8,8,4
passenger667,24,1,224,1495,1522,1271,27,1298,2
passenger668,6,1,224,239,293,15,54,69,10
passenger669,21,1,224,1139,1169,915,30,945,0
passenger670,6,1,225,239,293,14,54,68,10
passenger671,9,1,225,227,240,2,13,15,8
passenger672,16,1,225,718,753,493,35,528,9
passenger673,21,1,226,1139,1169,913,30,943,0
passenger674,6,1,226,239,293,13,54,67,10
passenger675,7,1,227,227,240,0,13,13,11
passenger676,23,1,228,1197,1225,969,28,997,0
passenger677,9,1,228,228,240,0,12,12,8
passenger678,7,1,228,228,240,0,12,12,11
passenger679,19,1,228,1168,1200,940,32,972,2
passenger680,4,1,229,229,235,0,6,6,7
passenger681,22,1,229,1236,1265,1007,29,1036,6
passenger682,23,1,229,1249,1279,1020,30,1050,0
passenger683,22,1,229,1236,1265,1007,29,1036,6
passenger684,9,1,230,230,240,0,10,10,8
passenger685,4,1,230,230,235,0,5,5,7
passenger686,12,1,230,230,277,0,47,47,1
passenger687,10,1,230,321,362,91,41,132,5
passenger688,25,1,231,1307,1333,1076,26,1102,0
passenger689,17,1,231,1058,1092,827,34,861,2
passenger690,24,1,232,1252,1279,1020,27,1047,0
passenger691,20,1,232,1126,1157,894,31,925,9
passenger692,19,1,232,1031,1063,799,32,831,0
passenger693,4,1,233,233,240,0,7,7,11
passenger694,3,1,234,236,240,2,4,6,11
passenger695,3,1,234,236,240,2,4,6,11
passenger696,16,1,234,1005,1040,771,35,806,2
passenger697,6,1,234,252,302,18,50,68,5
passenger698,25,1,235,1345,1371,1110,26,1136,9
passenger699,5,1,235,249,302,14,53,67,5
passenger700,24,1,235,1292,1319,1057,27,1084,9
passenger701,18,1,236,1018,1051,782,33,815,6
passenger702,4,1,236,246,302,10,56,66,5
passenger703,3,1,236,244,248,8,4,12,11
passenger704,11,1,237,272,314,35,42,77,2
passenger705,10,1,237,269,314,32,45,77,2
passenger706,9,1,238,266,314,28,48,76,2
passenger707,14,1,238,238,277,0,39,39,1
passenger708,5,1,239,245,261,6,16,22,3
passenger709,5,1,239,243,252,4,9,13,4
passenger710,18,1,239,601,634,362,33,395,1
passenger711,25,1,239,1302,1328,1063,26,1089,1
passenger712,8,1,239,262,314,23,52,75,2
passenger713,24,1,240,1247,1274,1007,27,1034,1
passenger714,10,1,241,272,314,31,42,73,6
passenger715,10,1,241,272,314,31,42,73,6
passenger716,4,1,241,242,261,1,19,20,3
passenger717,12,1,241,276,314,35,38,73,6
passenger718,13,1,241,336,376,95,40,135,6
passenger719,17,1,241,533,569,292,36,328,1
passenger720,5,1,242,243,252,1,9,10,4
passenger721,6,1,242,258,314,16,56,72,2
passenger722,12,1,243,276,314,33,38,71,6
passenger723,3,1,243,243,302,0,59,59,5
passenger724,5,1,243,243,252,0,9,9,4
passenger725,17,1,243,909,943,666,34,700,9
passenger726,24,1,244,1247,1274,1003,27,1030,1
passenger727,15,1,244,588,626,344,38,382,9
passenger728,5,1,245,255,314,10,59,69,2
passenger729,25,1,245,1302,1328,1057,26,1083,1
passenger730,14,1,246,531,570,285,39,324,9
passenger731,19,1,246,1026,1058,780,32,812,1
passenger732,6,1,246,248,261,2,13,15,3
passenger733,15,1,246,588,626,342,38,380,9
passenger734,3,1,247,247,252,0,5,5,4
passenger735,17,1,247,871,905,624,34,658,10
passenger736,6,1,247,248,261,1,13,14,3
passenger737,23,1,247,1192,1220,945,28,973,1
passenger738,3,1,248,248,252,0,4,4,4
passenger739,17,1,248,871,905,623,34,657,10
passenger740,5,1,249,249,302,0,53,53,5
passenger741,18,1,249,1038,1071,789,33,822,10
passenger742,13,1,249,349,389,100,40,140,9
passenger743,25,1,249,1354,1380,1105,26,1131,1
passenger744,17,1,249,931,965,682,34,716,10
passenger745,10,1,250,342,389,92,47,139,9
passenger746,4,1,250,260,314,10,54,64,6
passenger747,16,1,250,497,532,247,35,282,10
passenger748,12,1,251,251,293,0,42,42,10
passenger749,3,1,251,253,257,2,4,6,7
passenger750,15,1,252,436,472,184,36,220,10
passenger751,7,1,252,255,302,3,47,50,5
passenger752,7,1,253,255,302,2,47,49,5
passenger753,2,1,253,254,257,1,3,4,8
passenger754,10,1,253,321,362,68,41,109,5
passenger755,7,1,253,255,302,2,47,49,5
passenger756,3,1,253,253,261,0,8,8,3
passenger757,12,1,254,431,474,177,43,220,5
passenger758,7,1,254,277,325,23,48,71,9
passenger759,5,1,254,255,314,1,59,60,2
passenger760,13,1,254,254,293,0,39,39,10
passenger761,3,1,254,254,261,0,7,7,3
passenger762,25,1,255,1735,1761,1480,26,1506,10
passenger763,13,1,255,255,293,0,38,38,10
passenger764,25,1,256,1735,1761,1479,26,1505,10
passenger765,23,1,256,1469,1497,1213,28,1241,10
passenger766,25,1,256,1735,1761,1479,26,1505,10
passenger767,15,1,256,494,532,238,38,276,10
passenger768,12,1,256,431,474,175,43,218,5
passenger769,19,1,256,1026,1058,770,32,802,1
passenger770,3,1,257,259,263,2,4,6,4
passenger771,22,1,257,1414,1443,1157,29,1186,10
passenger772,9,1,257,318,362,61,44,105,5
passenger773,2,1,257,257,261,0,4,4,3
passenger774,7,1,257,257,302,0,45,45,5
passenger775,7,1,258,258,302,0,44,44,5
passenger776,2,1,258,258,261,0,3,3,3
passenger777,18,1,258,601,634,343,33,376,1
passenger778,4,1,258,266,325,8,59,67,9
passenger779,22,1,259,1414,1443,1155,29,1184,10
passenger780,12,1,259,431,474,172,43,215,5
passenger781,19,1,260,1093,1125,833,32,865,10
passenger782,10,1,260,321,362,61,41,102,5
passenger783,5,1,261,261,324,0,63,63,0
passenger784,6,1,262,264,324,2,60,62,0
passenger785,17,1,262,682,716,420,34,454,5
passenger786,19,1,262,1093,1125,831,32,863,10
passenger787,8,1,263,263,314,0,51,51,2
passenger788,10,1,263,373,418,110,45,155,5
passenger789,24,1,264,1628,1655,1364,27,1391,10
passenger790,22,1,265,1414,1443,1149,29,1178,10
passenger791,11,1,265,298,340,33,42,75,1
passenger792,7,1,265,265,314,0,49,49,6
passenger793,9,1,266,266,314,0,48,48,2
passenger794,14,1,266,503,540,237,37,274,5
passenger795,15,1,266,620,658,354,38,392,5
passenger796,6,1,266,266,324,0,58,58,0
passenger797,3,1,266,268,278,2,10,12,3
passenger798,13,1,267,461,499,194,38,232,2
passenger799,21,1,267,1086,1116,819,30,849,5
passenger800,5,1,267,269,325,2,56,58,9
passenger801,11,1,267,298,340,31,42,73,1
passenger802,5,1,268,269,325,1,56,57,9
passenger803,7,1,268,269,324,1,55,56,0
passenger804,16,1,268,623,658,355,35,390,5
passenger805,8,1,268,268,314,0,46,46,6
passenger806,8,1,268,268,314,0,46,46,6
passenger807,25,1,268,1735,1761,1467,26,1493,10
passenger808,6,1,269,272,325,3,53,56,9
passenger809,6,1,269,272,325,3,53,56,9
passenger810,24,1,269,1301,1330,1032,29,1061,5
passenger811,15,1,269,648,684,379,36,415,2
passenger812,3,1,270,270,278,0,8,8,3
passenger813,12,1,270,402,441,132,39,171,2
passenger814,15,1,270,648,684,378,36,414,2
passenger815,8,1,270,288,340,18,52,70,1
passenger816,15,1,270,773,809,503,36,539,2
passenger817,17,1,270,682,716,412,34,446,5
passenger818,8,1,270,288,340,18,52,70,1
passenger819,21,1,270,1307,1337,1037,30,1067,10
passenger820,12,1,270,402,441,132,39,171,2
passenger821,25,1,271,1304,1330,1033,26,1059,5
passenger822,4,1,271,273,278,2,5,7,3
passenger823,9,1,272,273,324,1,51,52,0
passenger824,19,1,272,976,1008,704,32,736,5
passenger825,23,1,272,1196,1224,924,28,952,5
passenger826,7,1,273,277,325,4,48,52,9
passenger827,25,1,273,1304,1330,1031,26,1057,5
passenger828,6,1,274,274,325,0,51,51,9
passenger829,11,1,274,274,314,0,40,40,2
passenger830,9,1,274,274,324,0,50,50,0
passenger831,12,1,275,276,314,1,38,39,6
passenger832,23,1,275,1196,1224,921,28,949,5
passenger833,19,1,276,1073,1105,797,32,829,6
passenger834,21,1,276,1183,1213,907,30,937,6
passenger835,8,1,277,280,325,3,45,48,9
passenger836,24,1,277,1301,1330,1024,29,1053,5
passenger837,12,1,277,277,314,0,37,37,6
passenger838,17,1,277,931,965,654,34,688,10
passenger839,18,1,278,1113,1146,835,33,868,2
passenger840,17,1,278,1058,1092,780,34,814,2
passenger841,16,1,279,1005,1040,726,35,761,2
passenger842,13,1,279,336,376,57,40,97,6
passenger843,17,1,279,1058,1092,779,34,813,2
passenger844,23,1,279,1196,1224,917,28,945,5
passenger845,11,1,280,312,356,32,44,76,10
passenger846,14,1,280,433,472,153,39,192,10
passenger847,6,1,280,291,321,11,30,41,4
passenger848,10,1,280,342,389,62,47,109,9
passenger849,20,1,280,1031,1062,751,31,782,5
passenger850,17,1,280,1110,1146,830,36,866,2
passenger851,7,1,280,286,294,6,8,14,7
passenger852,15,1,281,404,440,123,36,159,6
passenger853,21,1,281,1138,1170,857,32,889,5
passenger854,4,1,281,282,340,1,58,59,1
passenger855,3,1,282,282,321,0,39,39,4
passenger856,11,1,282,312,356,30,44,74,10
passenger857,17,1,283,1015,1051,732,36,768,6
passenger858,9,1,283,283,325,0,42,42,9
passenger859,21,1,283,1330,1362,1047,32,1079,2
passenger860,22,1,283,1385,1416,1102,31,1133,2
passenger861,14,1,283,283,324,0,41,41,0
passenger862,11,1,283,312,356,29,44,73,10
passenger863,3,1,284,284,321,0,37,37,4
passenger864,21,1,284,1330,1362,1046,32,1078,2
passenger865,23,1,284,1440,1470,1156,30,1186,2
passenger866,12,1,284,346,389,62,43,105,9
passenger867,14,1,285,285,324,0,39,39,0
passenger868,20,1,285,1223,1254,938,31,969,2
passenger869,18,1,286,976,1009,690,33,723,0
passenger870,5,1,287,288,321,1,33,34,4
passenger871,18,1,288,976,1009,688,33,721,0
passenger872,24,1,288,1495,1522,1207,27,1234,2
passenger873,20,1,289,1086,1117,797,31,828,0
passenger874,13,1,289,349,389,60,40,100,9
passenger875,14,1,289,561,600,272,39,311,5
passenger876,8,1,290,290,340,0,50,50,1
passenger877,17,1,290,606,640,316,34,350,0
passenger878,7,1,290,299,321,9,22,31,4
passenger879,10,1,290,295,340,5,45,50,1
passenger880,8,1,291,291,340,0,49,49,1
passenger881,10,1,291,373,418,82,45,127,5
passenger882,10,1,291,373,418,82,45,127,5
passenger883,3,1,291,297,356,6,59,65,10
passenger884,19,1,292,1031,1063,739,32,771,0
passenger885,12,1,292,301,340,9,39,48,1
passenger886,24,1,292,1304,1333,1012,29,1041,0
passenger887,6,1,293,293,321,0,28,28,4
passenger888,18,1,293,976,1009,683,33,716,0
passenger889,6,1,294,294,321,0,27,27,4
passenger890,15,1,295,404,440,109,36,145,6
passenger891,13,1,295,359,397,64,38,102,1
passenger892,12,1,295,355,397,60,42,102,1
passenger893,17,1,295,1015,1051,720,36,756,6
passenger894,21,1,296,1139,1169,843,30,873,0
passenger895,9,1,296,339,361,43,22,65,4
passenger896,22,1,296,1194,1225,898,31,929,0
passenger897,6,1,296,296,321,0,25,25,4
passenger898,9,1,296,339,361,43,22,65,4
passenger899,9,1,296,339,361,43,22,65,4
passenger900,24,1,297,1304,1333,1007,29,1036,0
passenger901,4,1,297,307,362,10,55,65,5
passenger902,11,1,298,298,340,0,42,42,1
passenger903,12,1,298,355,397,57,42,99,1
passenger904,21,1,298,1082,1112,784,30,814,1
passenger905,13,1,298,359,397,61,38,99,1
passenger906,25,1,298,1307,1333,1009,26,1035,0
passenger907,19,1,300,1026,1058,726,32,758,1
passenger908,18,1,300,601,634,301,33,334,1
passenger909,20,1,300,1079,1112,779,33,812,1
passenger910,5,1,301,301,356,0,55,55,10
passenger911,12,1,301,355,397,54,42,96,1
passenger912,16,1,301,476,511,175,35,210,1
passenger913,7,1,301,301,321,0,20,20,4
passenger914,4,1,302,305,310,3,5,8,3
passenger915,5,1,302,302,356,0,54,54,10
passenger916,20,1,302,1086,1117,784,31,815,0
passenger917,17,1,302,795,829,493,34,527,0
passenger918,8,1,304,304,321,0,17,17,4
passenger919,19,1,304,1031,1063,727,32,759,0
passenger920,18,1,304,976,1009,672,33,705,0
passenger921,21,1,305,1179,1209,874,30,904,9
passenger922,23,1,305,1192,1220,887,28,915,1
passenger923,23,1,305,1192,1220,887,28,915,1
passenger924,6,1,305,305,356,0,51,51,10
passenger925,20,1,306,1126,1157,820,31,851,9
passenger926,11,1,306,343,361,37,18,55,4
passenger927,11,1,307,376,418,69,42,111,4
passenger928,17,1,307,795,829,488,34,522,0
passenger929,16,1,308,537,574,229,37,266,0
passenger930,12,1,308,379,418,71,39,110,4
passenger931,25,1,309,1354,1380,1045,26,1071,1
passenger932,6,1,309,327,376,18,49,67,6
passenger933,4,1,310,319,376,9,57,66,6
passenger934,2,1,311,312,315,1,3,4,7
passenger935,21,1,311,1082,1112,771,30,801,1
passenger936,11,1,311,376,418,65,42,107,4
passenger937,12,1,312,346,385,34,39,73,0
passenger938,17,1,312,931,965,619,34,653,10
passenger939,12,1,312,468,511,156,43,199,0
passenger940,15,1,313,494,532,181,38,219,10
passenger941,3,1,313,315,325,2,10,12,3
passenger942,5,1,314,329,361,15,32,47,4
passenger943,24,1,314,1299,1328,985,29,1014,1
passenger944,12,1,314,346,389,32,43,75,9
passenger945,6,1,314,332,361,18,29,47,4
passenger946,10,1,314,340,385,26,45,71,0
passenger947,10,1,315,340,385,25,45,70,0
passenger948,8,1,315,315,362,0,47,47,5
passenger949,9,1,315,336,385,21,49,70,0
passenger950,19,1,315,1145,1179,830,34,864,10
passenger951,4,1,315,318,325,3,7,10,3
passenger952,9,1,316,336,385,20,49,69,0
passenger953,13,1,316,316,356,0,40,40,10
passenger954,14,1,316,433,472,117,39,156,10
passenger955,23,1,316,1469,1497,1153,28,1181,10
passenger956,24,1,316,1628,1655,1312,27,1339,10
passenger957,9,1,317,339,389,22,50,72,9
passenger958,14,1,317,433,472,116,39,155,10
passenger959,2,1,318,319,322,1,3,4,7
passenger960,16,1,319,618,653,299,35,334,10
passenger961,5,1,319,330,385,11,55,66,0
passenger962,3,1,319,325,361,6,36,42,4
passenger963,18,1,319,728,761,409,33,442,1
passenger964,6,1,320,334,389,14,55,69,9
passenger965,13,1,320,434,474,114,40,154,5
passenger966,4,1,320,320,325,0,5,5,3
passenger967,19,1,320,1026,1058,706,32,738,1
passenger968,20,1,320,1079,1112,759,33,792,1
passenger969,15,1,321,494,532,173,38,211,10
passenger970,22,1,321,1414,1443,1093,29,1122,10
passenger971,12,1,321,431,474,110,43,153,5
passenger972,6,1,321,321,375,0,54,54,2
passenger973,5,1,322,322,376,0,54,54,6
passenger974,7,1,322,326,375,4,49,53,2
passenger975,6,1,323,323,375,0,52,52,2
passenger976,9,1,323,330,375,7,45,52,2
passenger977,7,1,324,326,375,2,49,51,2
passenger978,16,1,324,476,511,152,35,187,1
passenger979,5,1,324,324,376,0,52,52,6
passenger980,16,1,325,476,511,151,35,186,1
passenger981,10,1,325,333,375,8,42,50,2
passenger982,18,1,325,1038,1071,713,33,746,10
passenger983,14,1,325,470,511,145,41,186,1
passenger984,23,1,326,1521,1549,1195,28,1223,10
passenger985,12,1,326,355,397,29,42,71,1
passenger986,9,1,326,330,375,4,45,49,2
passenger987,16,1,326,623,658,297,35,332,5
passenger988,17,1,328,682,716,354,34,388,5
passenger989,12,1,328,355,397,27,42,69,1
passenger990,15,1,329,834,870,505,36,541,2
passenger991,13,1,329,461,499,132,38,170,2
passenger992,9,1,329,330,375,1,45,46,2
passenger993,9,1,329,330,375,1,45,46,2
passenger994,23,1,330,1521,1549,1191,28,1219,10
passenger995,18,1,330,923,956,593,33,626,5
passenger996,4,1,330,330,389,0,59,59,9
passenger997,25,1,330,1735,1761,1405,26,1431,10
passenger998,19,1,331,976,1008,645,32,677,5
passenger999,3,1,332,334,338,2,4,6,3
passenger1000,19,1,332,976,1008,644,32,676,5
passenger1001,16,1,332,718,753,386,35,421,6
passenger1002,23,1,332,1248,1276,916,28,944,5
passenger1003,13,1,332,336,376,4,40,44,6
passenger1004,14,1,332,341,376,9,35,44,6
passenger1005,9,1,333,339,361,6,22,28,4
passenger1006,9,1,333,339,361,6,22,28,4
passenger1007,16,1,333,962,997,629,35,664,6
passenger1008,21,1,334,1138,1170,804,32,836,5
passenger1009,23,1,334,1521,1549,1187,28,1215,10
passenger1010,20,1,334,1200,1231,866,31,897,10
passenger1011,16,1,334,962,997,628,35,663,6
passenger1012,14,1,334,341,376,7,35,42,6
passenger1013,10,1,334,334,375,0,41,41,2
passenger1014,20,1,335,1200,1231,865,31,896,10
passenger1015,9,1,336,336,385,0,49,49,0
passenger1016,8,1,336,336,361,0,25,25,4
passenger1017,22,1,336,1236,1265,900,29,929,6
passenger1018,16,1,336,962,997,626,35,661,6
passenger1019,10,1,336,394,441,58,47,105,2
passenger1020,22,1,337,1236,1265,899,29,928,6
passenger1021,25,1,337,1356,1382,1019,26,1045,5
passenger1022,9,1,337,337,385,0,48,48,0
passenger1023,14,1,338,401,440,63,39,102,6
passenger1024,13,1,338,338,376,0,38,38,6
passenger1025,18,1,338,1038,1071,700,33,733,10
passenger1026,24,1,339,1301,1330,962,29,991,5
passenger1027,15,1,339,466,502,127,36,163,6
passenger1028,21,1,339,1138,1170,799,32,831,5
passenger1029,16,1,340,618,653,278,35,313,10
passenger1030,23,1,340,1248,1276,908,28,936,5
passenger1031,11,1,341,343,385,2,42,44,0
passenger1032,11,1,341,343,385,2,42,44,0
passenger1033,12,1,341,468,511,127,43,170,0
passenger1034,25,1,341,1550,1576,1209,26,1235,2
passenger1035,16,1,342,1005,1040,663,35,698,2
passenger1036,5,1,342,346,357,4,11,15,3
passenger1037,2,1,342,343,346,1,3,4,7
passenger1038,14,1,342,401,440,59,39,98,6
passenger1039,21,1,342,1138,1170,796,32,828,5
passenger1040,13,1,343,378,418,35,40,75,10
passenger1041,15,1,343,466,502,123,36,159,6
passenger1042,21,1,343,1330,1362,987,32,1019,2
passenger1043,14,1,344,385,418,41,33,74,4
passenger1044,23,1,344,1440,1470,1096,30,1126,2
passenger1045,17,1,344,682,716,338,34,372,5
passenger1046,19,1,345,1168,1200,823,32,855,2
passenger1047,20,1,345,1223,1254,878,31,909,2
passenger1048,17,1,345,736,772,391,36,427,5
passenger1049,3,1,346,348,357,2,9,11,8
passenger1050,12,1,346,379,418,33,39,72,4
passenger1051,5,1,346,346,357,0,11,11,3
passenger1052,14,1,346,435,482,89,47,136,4
passenger1053,5,1,347,347,357,0,10,10,3
passenger1054,14,1,347,435,482,88,47,135,4
passenger1055,10,1,348,351,397,3,46,49,1
passenger1056,2,1,348,349,352,1,3,4,11
passenger1057,4,1,348,352,357,4,5,9,8
passenger1058,14,1,349,561,600,212,39,251,5
passenger1059,3,1,349,349,357,0,8,8,8
passenger1060,22,1,349,1236,1265,887,29,916,6
passenger1061,20,1,349,1128,1159,779,31,810,6
passenger1062,19,1,350,1031,1063,681,32,713,0
passenger1063,6,1,350,369,418,19,49,68,10
passenger1064,21,1,350,1183,1213,833,30,863,6
passenger1065,17,1,350,859,893,509,34,543,0
passenger1066,11,1,350,376,418,26,42,68,4
passenger1067,2,1,351,352,355,1,3,4,7
passenger1068,14,1,351,531,570,180,39,219,9
passenger1069,21,1,351,1139,1169,788,30,818,0
passenger1070,2,1,351,352,355,1,3,4,12
passenger1071,3,1,351,351,357,0,6,6,3
passenger1072,11,1,351,376,418,25,42,67,4
passenger1073,14,1,352,531,570,179,39,218,9
passenger1074,13,1,352,417,455,65,38,103,1
passenger1075,12,1,353,355,397,2,42,44,1
passenger1076,8,1,353,370,418,17,48,65,4
passenger1077,3,1,354,360,418,6,58,64,10
passenger1078,2,1,354,354,357,0,3,3,3
passenger1079,4,1,355,358,417,3,59,62,11
passenger1080,18,1,356,1113,1146,757,33,790,2
passenger1081,20,1,356,1223,1254,867,31,898,2
passenger1082,12,1,356,356,397,0,41,41,1
passenger1083,3,1,356,358,362,2,4,6,13
passenger1084,11,1,356,399,441,43,42,85,2
passenger1085,25,1,358,1307,1333,949,26,975,0
passenger1086,7,1,359,363,417,4,54,58,11
passenger1087,13,1,359,417,455,58,38,96,1
passenger1088,14,1,359,470,511,111,41,152,1
passenger1089,9,1,359,369,417,10,48,58,11
passenger1090,12,1,360,458,499,98,41,139,2
passenger1091,13,1,360,417,455,57,38,95,1
passenger1092,13,1,360,417,455,57,38,95,1
passenger1093,19,1,360,1026,1058,666,32,698,1
passenger1094,15,1,360,950,986,590,36,626,2
passenger1095,3,1,361,361,418,0,57,57,10
passenger1096,2,1,362,363,366,1,3,4,3
passenger1097,11,1,362,399,441,37,42,79,2
passenger1098,23,1,362,1249,1279,887,30,917,0
passenger1099,2,1,362,363,366,1,3,4,7
passenger1100,3,1,362,362,418,0,56,56,10
passenger1101,18,1,363,728,761,365,33,398,1
passenger1102,12,1,363,458,499,95,41,136,2
passenger1103,7,1,363,363,417,0,54,54,11
passenger1104,6,1,363,369,418,6,49,55,10
passenger1105,17,1,364,533,569,169,36,205,1
passenger1106,14,1,364,440,485,76,45,121,11
passenger1107,17,1,364,533,569,169,36,205,1
passenger1108,8,1,365,366,417,1,51,52,11
passenger1109,14,1,365,474,511,109,37,146,0
passenger1110,22,1,366,1234,1265,868,31,899,9
passenger1111,9,1,366,391,441,25,50,75,2
passenger1112,11,1,366,392,440,26,48,74,6
passenger1113,5,1,366,366,418,0,52,52,10
passenger1114,17,1,366,859,893,493,34,527,0
passenger1115,2,1,367,368,371,1,3,4,8
passenger1116,7,1,368,387,441,19,54,73,2
passenger1117,19,1,368,1071,1103,703,32,735,9
passenger1118,2,1,369,370,373,1,3,4,3
passenger1119,25,1,369,1354,1380,985,26,1011,1
passenger1120,11,1,369,377,417,8,40,48,11
passenger1121,11,1,369,377,417,8,40,48,11
passenger1122,14,1,370,474,511,104,37,141,0
passenger1123,17,1,370,909,943,539,34,573,9
passenger1124,13,1,370,471,511,101,40,141,0
passenger1125,23,1,370,1192,1220,822,28,850,1
passenger1126,25,1,370,1354,1380,984,26,1010,1
passenger1127,6,1,370,384,441,14,57,71,2
passenger1128,18,1,370,1016,1049,646,33,679,9
passenger1129,9,1,371,371,417,0,46,46,11
passenger1130,25,1,371,1354,1380,983,26,1009,1
passenger1131,8,1,371,371,418,0,47,47,4
passenger1132,9,1,371,371,417,0,46,46,11
passenger1133,19,1,371,1071,1103,700,32,732,9
passenger1134,20,1,371,516,547,145,31,176,11
passenger1135,5,1,372,382,440,10,58,68,6
passenger1136,15,1,372,588,626,216,38,254,9
passenger1137,10,1,372,374,417,2,43,45,11
passenger1138,16,1,372,718,753,346,35,381,9
passenger1139,15,1,373,588,626,215,38,253,9
passenger1140,25,1,373,1354,1380,981,26,1007,1
passenger1141,24,1,373,1301,1330,928,29,957,5
passenger1142,17,1,373,909,943,536,34,570,9
passenger1143,18,1,374,971,1006,597,35,632,1
passenger1144,23,1,374,1192,1220,818,28,846,1
passenger1145,6,1,375,380,387,5,7,12,7
passenger1146,19,1,375,1026,1058,651,32,683,1
passenger1147,20,1,376,1079,1112,703,33,736,1
passenger1148,5,1,376,380,386,4,6,10,3
passenger1149,23,1,376,1122,1152,746,30,776,4
passenger1150,18,1,376,971,1006,595,35,630,1
passenger1151,10,1,377,463,510,86,47,133,9
passenger1152,13,1,377,470,510,93,40,133,9
passenger1153,13,1,378,378,418,0,40,40,10
passenger1154,24,1,379,1628,1655,1249,27,1276,10
passenger1155,25,1,379,1735,1761,1356,26,1382,10
passenger1156,21,1,380,1307,1337,927,30,957,10
passenger1157,17,1,380,533,569,153,36,189,1
passenger1158,4,1,380,380,441,0,61,61,2
passenger1159,23,1,380,1521,1549,1141,28,1169,10
passenger1160,5,1,380,380,386,0,6,6,3
passenger1161,6,1,380,394,451,14,57,71,0
passenger1162,3,1,381,383,387,2,4,6,8
passenger1163,24,1,381,1628,1655,1247,27,1274,10
passenger1164,13,1,382,382,418,0,36,36,4
passenger1165,7,1,382,406,450,24,44,68,9
passenger1166,3,1,382,389,451,7,62,69,0
passenger1167,11,1,383,413,455,30,42,72,1
passenger1168,19,1,384,513,547,129,34,163,11
passenger1169,25,1,384,1177,1203,793,26,819,11
passenger1170,15,1,385,438,482,53,44,97,4
passenger1171,16,1,385,623,658,238,35,273,5
passenger1172,22,1,385,1064,1093,679,29,708,11
passenger1173,23,1,385,1119,1149,734,30,764,11
passenger1174,8,1,385,387,440,2,53,55,6
passenger1175,25,1,386,1177,1203,791,26,817,11
passenger1176,14,1,386,435,482,49,47,96,4
passenger1177,24,1,386,1122,1149,736,27,763,11
passenger1178,4,1,386,396,450,10,54,64,9
passenger1179,4,1,386,396,450,10,54,64,9
passenger1180,23,1,386,1119,1149,733,30,763,11
passenger1181,18,1,388,443,482,55,39,94,4
passenger1182,6,1,388,404,455,16,51,67,1
passenger1183,23,1,388,1119,1149,731,30,761,11
passenger1184,4,1,388,393,400,5,7,12,12
passenger1185,18,1,389,443,482,54,39,93,4
passenger1186,6,1,389,404,455,15,51,66,1
passenger1187,3,1,390,390,400,0,10,10,12
passenger1188,21,1,390,1138,1170,748,32,780,5
passenger1189,22,1,390,1064,1093,674,29,703,11
passenger1190,4,1,390,393,400,3,7,10,12
passenger1191,4,1,390,393,400,3,7,10,12
passenger1192,16,1,390,962,997,572,35,607,6
passenger1193,2,1,390,391,394,1,3,4,3
passenger1194,19,1,391,446,482,55,36,91,4
passenger1195,23,1,391,1119,1149,728,30,758,11
passenger1196,20,1,391,449,482,58,33,91,4
passenger1197,7,1,391,407,455,16,48,64,1
passenger1198,6,1,392,404,455,12,51,63,1
passenger1199,18,1,393,1018,1051,625,33,658,6
passenger1200,3,1,393,393,450,0,57,57,9
passenger1201,14,1,394,401,440,7,39,46,6
passenger1202,12,1,394,395,440,1,45,46,6
passenger1203,19,1,394,513,547,119,34,153,11
passenger1204,6,1,395,395,451,0,56,56,0
passenger1205,20,1,395,516,547,121,31,152,11
passenger1206,18,1,395,452,485,57,33,90,11
passenger1207,7,1,396,398,451,2,53,55,0
passenger1208,10,1,396,396,441,0,45,45,2
passenger1209,3,1,396,396,400,0,4,4,12
passenger1210,12,1,397,397,440,0,43,43,6
passenger1211,8,1,397,401,451,4,50,54,0
passenger1212,4,1,397,397,450,0,53,53,9
passenger1213,15,1,398,532,568,134,36,170,6
passenger1214,15,1,398,661,697,263,36,299,6
passenger1215,4,1,398,398,450,0,52,52,9
passenger1216,6,1,398,402,450,4,48,52,9
passenger1217,3,1,399,401,407,2,6,8,3
passenger1218,18,1,400,510,547,110,37,147,11
passenger1219,10,1,400,408,451,8,43,51,0
passenger1220,3,1,401,401,407,0,6,6,3
passenger1221,6,1,401,402,450,1,48,49,9
passenger1222,25,1,401,1347,1373,946,26,972,6
passenger1223,8,1,402,402,451,0,49,49,0
passenger1224,18,1,402,1018,1051,616,33,649,6
passenger1225,13,1,402,461,499,59,38,97,2
passenger1226,6,1,403,403,450,0,47,47,9
passenger1227,9,1,403,405,451,2,46,48,0
passenger1228,2,1,404,404,407,0,3,3,3
passenger1229,19,1,404,1073,1105,669,32,701,6
passenger1230,10,1,404,408,451,4,43,47,0
passenger1231,13,1,404,437,485,33,48,81,11
passenger1232,5,1,404,408,420,4,12,16,7
passenger1233,21,1,404,1183,1213,779,30,809,6
passenger1234,7,1,404,406,450,2,44,46,9
passenger1235,15,1,405,715,753,310,38,348,6
passenger1236,22,1,405,1236,1265,831,29,860,6
passenger1237,19,1,405,1073,1105,668,32,700,6
passenger1238,16,1,406,962,997,556,35,591,6
passenger1239,23,1,407,1291,1319,884,28,912,6
passenger1240,6,1,407,411,420,4,9,13,7
passenger1241,25,1,407,1347,1373,940,26,966,6
passenger1242,15,1,407,950,986,543,36,579,2
passenger1243,11,1,407,433,485,26,52,78,11
passenger1244,8,1,408,428,485,20,57,77,11
passenger1245,19,1,408,1073,1105,665,32,697,6
passenger1246,25,1,409,1347,1373,938,26,964,6
passenger1247,18,1,409,1018,1051,609,33,642,6
passenger1248,2,1,409,410,413,1,3,4,8
passenger1249,13,1,409,471,511,62,40,102,0
passenger1250,19,1,411,1168,1200,757,32,789,2
passenger1251,11,1,411,411,451,0,40,40,0
passenger1252,20,1,411,1128,1159,717,31,748,6
passenger1253,18,1,412,976,1009,564,33,597,0
passenger1254,3,1,412,414,418,2,4,6,3
passenger1255,15,1,412,534,574,122,40,162,0
passenger1256,6,1,412,424,485,12,61,73,11
passenger1257,13,1,413,470,510,57,40,97,9
passenger1258,11,1,413,465,511,52,46,98,0
passenger1259,21,1,413,1330,1362,917,32,949,2
passenger1260,22,1,413,1236,1265,823,29,852,6
passenger1261,13,1,414,470,510,56,40,96,9
passenger1262,14,1,414,531,570,117,39,156,9
passenger1263,17,1,414,909,943,495,34,529,9
passenger1264,17,1,414,961,997,547,36,583,9
passenger1265,17,1,414,961,997,547,36,583,9
passenger1266,20,1,414,1126,1157,712,31,743,9
passenger1267,25,1,414,1399,1425,985,26,1011,6
passenger1268,21,1,414,1179,1209,765,30,795,9
passenger1269,5,1,414,414,420,0,6,6,7
passenger1270,13,1,415,471,511,56,40,96,0
passenger1271,13,1,416,417,455,1,38,39,1
passenger1272,14,1,416,474,511,58,37,95,0
passenger1273,14,1,416,530,574,114,44,158,0
passenger1274,19,1,416,1071,1103,655,32,687,9
passenger1275,12,1,417,434,450,17,16,33,8
passenger1276,8,1,417,426,439,9,13,22,12
passenger1277,12,1,417,430,467,13,37,50,13
passenger1278,22,1,417,1236,1265,819,29,848,6
passenger1279,9,1,417,427,443,10,16,26,14
passenger1280,2,1,418,419,433,1,14,15,15
passenger1281,25,1,418,1345,1371,927,26,953,9
passenger1282,6,1,418,424,450,6,26,32,8
passenger1283,16,1,418,537,574,119,37,156,0
passenger1284,21,1,418,1183,1213,765,30,795,6
passenger1285,8,1,418,426,439,8,13,21,12
passenger1286,10,1,418,426,467,8,41,49,13
passenger1287,8,1,418,424,443,6,19,25,14
passenger1288,5,1,418,427,433,9,6,15,15
passenger1289,5,1,419,421,450,2,29,31,8
passenger1290,6,1,419,422,439,3,17,20,12
passenger1291,12,1,419,430,467,11,37,48,13
passenger1292,14,1,419,470,511,51,41,92,1
passenger1293,2,1,420,420,433,0,13,13,15
passenger1294,22,1,420,1385,1416,965,31,996,2
passenger1295,18,1,420,976,1009,556,33,589,0
passenger1296,3,1,420,423,433,3,10,13,15
passenger1297,22,1,420,1385,1416,965,31,996,2
passenger1298,2,1,421,422,425,1,3,4,3
passenger1299,15,1,421,473,511,52,38,90,1
passenger1300,13,1,422,460,502,38,42,80,6
passenger1301,14,1,422,463,502,41,39,80,6
passenger1302,24,1,422,1292,1319,870,27,897,9
passenger1303,24,1,423,1292,1319,869,27,896,9
passenger1304,8,1,424,424,443,0,19,19,14
passenger1305,15,1,425,715,753,290,38,328,6
passenger1306,25,1,425,1345,1371,920,26,946,9
passenger1307,19,1,426,445,467,19,22,41,13
passenger1308,23,1,426,1192,1220,766,28,794,1
passenger1309,12,1,426,430,467,4,37,41,13
passenger1310,8,1,426,426,439,0,13,13,12
passenger1311,14,1,426,463,502,37,39,76,6
passenger1312,21,1,427,1082,1112,655,30,685,1
passenger1313,24,1,427,1292,1319,865,27,892,9
passenger1314,18,1,427,1016,1049,589,33,622,9
passenger1315,18,1,429,1016,1049,587,33,620,9
passenger1316,14,1,429,436,467,7,31,38,13
passenger1317,9,1,429,429,450,0,21,21,8
passenger1318,12,1,429,457,502,28,45,73,6
passenger1319,13,1,429,517,559,88,42,130,2
passenger1320,21,1,429,1179,1209,750,30,780,9
passenger1321,15,1,430,439,467,9,28,37,13
passenger1322,21,1,430,1179,1209,749,30,779,9
passenger1323,2,1,430,431,434,1,3,4,3
passenger1324,20,1,430,1126,1157,696,31,727,9
passenger1325,14,1,431,436,467,5,31,36,13
passenger1326,25,1,431,1354,1380,923,26,949,1
passenger1327,13,1,431,433,467,2,34,36,13
passenger1328,13,1,431,432,482,1,50,51,4
passenger1329,5,1,431,431,439,0,8,8,12
passenger1330,21,1,432,1134,1166,702,32,734,1
passenger1331,18,1,433,1016,1049,583,33,616,9
passenger1332,22,1,434,1137,1166,703,29,732,1
passenger1333,4,1,434,434,443,0,9,9,14
passenger1334,7,1,435,451,499,16,48,64,2
passenger1335,23,1,435,1122,1152,687,30,717,4
passenger1336,3,1,435,435,439,0,4,4,12
passenger1337,14,1,436,436,467,0,31,31,13
passenger1338,11,1,436,466,510,30,44,74,9
passenger1339,24,1,436,1628,1655,1192,27,1219,10
passenger1340,22,1,436,1414,1443,978,29,1007,10
passenger1341,23,1,436,1521,1549,1085,28,1113,10
passenger1342,8,1,436,448,494,12,46,58,7
passenger1343,16,1,437,618,653,181,35,216,10
passenger1344,18,1,437,971,1006,534,35,569,1
passenger1345,25,1,437,1735,1761,1298,26,1324,10
passenger1346,2,1,438,438,443,0,5,5,14
passenger1347,25,1,439,1735,1761,1296,26,1322,10
passenger1348,10,1,439,463,510,24,47,71,9
passenger1349,5,1,439,440,494,1,54,55,7
passenger1350,16,1,439,530,569,91,39,130,1
passenger1351,20,1,440,1200,1231,760,31,791,10
passenger1352,5,1,440,440,494,0,54,54,7
passenger1353,2,1,440,440,443,0,3,3,14
passenger1354,23,1,441,1521,1549,1080,28,1108,10
passenger1355,24,1,441,1628,1655,1187,27,1214,10
passenger1356,5,1,441,441,494,0,53,53,7
passenger1357,23,1,442,1521,1549,1079,28,1107,10
passenger1358,23,1,442,1521,1549,1079,28,1107,10
passenger1359,25,1,442,1735,1761,1293,26,1319,10
passenger1360,7,1,442,458,510,16,52,68,9
passenger1361,15,1,443,443,485,0,42,42,11
passenger1362,25,1,443,1787,1813,1344,26,1370,10
passenger1363,23,1,443,1521,1549,1078,28,1106,10
passenger1364,16,1,444,446,485,2,39,41,11
passenger1365,6,1,444,444,494,0,50,50,7
passenger1366,4,1,445,445,502,0,57,57,6
passenger1367,8,1,445,448,494,3,46,49,7
passenger1368,3,1,445,445,450,0,5,5,8
passenger1369,6,1,446,458,511,12,53,65,0
passenger1370,3,1,446,446,450,0,4,4,8
passenger1371,20,1,446,1101,1132,655,31,686,13
passenger1372,16,1,446,446,485,0,39,39,11
passenger1373,14,1,446,573,610,127,37,164,7
passenger1374,21,1,446,1138,1170,692,32,724,5
passenger1375,11,1,447,512,552,65,40,105,7
passenger1376,11,1,447,512,552,65,40,105,7
passenger1377,6,1,447,448,499,1,51,52,2
passenger1378,12,1,447,515,552,68,37,105,7
passenger1379,6,1,448,448,499,0,51,51,2
passenger1380,16,1,448,448,485,0,37,37,11
passenger1381,25,1,448,1787,1813,1339,26,1365,10
passenger1382,14,1,448,573,610,125,37,162,7
passenger1383,9,1,448,451,494,3,43,46,7
passenger1384,18,1,448,510,547,62,37,99,11
passenger1385,21,1,449,452,482,3,30,33,4
passenger1386,13,1,450,485,536,35,51,86,13
passenger1387,8,1,451,451,502,0,51,51,6
passenger1388,19,1,451,513,547,62,34,96,11
passenger1389,6,1,451,458,473,7,15,22,3
passenger1390,25,1,452,1180,1206,728,26,754,4
passenger1391,9,1,452,452,494,0,42,42,7
passenger1392,10,1,452,455,494,3,39,42,7
passenger1393,19,1,453,1145,1179,692,34,726,10
passenger1394,2,1,453,454,457,1,3,4,8
passenger1395,6,1,453,458,473,5,15,20,3
passenger1396,5,1,453,455,473,2,18,20,3
passenger1397,11,1,454,481,536,27,55,82,13
passenger1398,15,1,454,494,532,40,38,78,10
passenger1399,6,1,454,458,473,4,15,19,3
passenger1400,10,1,454,455,494,1,39,40,7
passenger1401,20,1,454,1031,1062,577,31,608,5
passenger1402,24,1,454,1125,1152,671,27,698,4
passenger1403,2,1,455,456,459,1,3,4,12
passenger1404,17,1,455,931,965,476,34,510,10
passenger1405,2,1,456,457,462,1,5,6,14
passenger1406,14,1,456,491,532,35,41,76,10
passenger1407,23,1,456,1122,1152,666,30,696,4
passenger1408,21,1,456,1009,1039,553,30,583,11
passenger1409,7,1,456,461,473,5,12,17,3
passenger1410,8,1,456,464,473,8,9,17,3
passenger1411,20,1,456,1006,1039,550,33,583,11
passenger1412,21,1,457,1061,1093,604,32,636,11
passenger1413,8,1,457,476,536,19,60,79,13
passenger1414,2,1,457,458,461,1,3,4,15
passenger1415,12,1,457,457,502,0,45,45,6
passenger1416,16,1,457,618,653,161,35,196,10
passenger1417,12,1,457,457,502,0,45,45,6
passenger1418,24,1,457,1125,1152,668,27,695,4
passenger1419,21,1,458,1183,1213,725,30,755,6
passenger1420,20,1,458,1128,1159,670,31,701,6
passenger1421,2,1,459,459,462,0,3,3,14
passenger1422,22,1,459,1067,1096,608,29,637,4
passenger1423,20,1,459,1061,1096,602,35,637,4
passenger1424,11,1,459,486,532,27,46,73,10
passenger1425,16,1,459,623,658,164,35,199,5
passenger1426,21,1,460,1064,1096,604,32,636,4
passenger1427,23,1,461,1015,1043,554,28,582,7
passenger1428,15,1,461,576,610,115,34,149,7
passenger1429,2,1,461,462,465,1,3,4,8
passenger1430,16,1,462,639,674,177,35,212,7
passenger1431,18,1,462,1003,1038,541,35,576,4
passenger1432,3,1,463,465,491,2,26,28,12
passenger1433,21,1,463,1061,1093,598,32,630,11
passenger1434,6,1,464,479,532,15,53,68,10
passenger1435,23,1,465,1015,1043,550,28,578,7
passenger1436,15,1,467,575,611,108,36,144,4
passenger1437,9,1,467,477,491,10,14,24,12
passenger1438,3,1,467,467,491,0,24,24,12
passenger1439,2,1,468,469,472,1,3,4,8
passenger1440,19,1,469,1220,1254,751,34,785,2
passenger1441,11,1,469,506,552,37,46,83,4
passenger1442,22,1,470,1385,1416,915,31,946,2
passenger1443,7,1,470,473,491,3,18,21,12
passenger1444,24,1,470,1068,1097,598,29,627,7
passenger1445,24,1,471,1068,1097,597,29,626,7
passenger1446,4,1,471,481,540,10,59,69,5
passenger1447,17,1,471,533,569,62,36,98,1
passenger1448,24,1,471,1068,1097,597,29,626,7
passenger1449,9,1,471,502,552,31,50,81,4
passenger1450,3,1,472,478,540,6,62,68,5
passenger1451,23,1,472,1015,1043,543,28,571,7
passenger1452,13,1,472,499,547,27,48,75,11
passenger1453,2,1,474,475,478,1,3,4,14
passenger1454,22,1,474,1236,1265,762,29,791,6
passenger1455,18,1,475,767,802,292,35,327,7
passenger1456,3,1,475,479,487,4,8,12,8
passenger1457,8,1,475,497,552,22,55,77,4
passenger1458,2,1,475,476,479,1,3,4,15
passenger1459,24,1,475,1344,1373,869,29,898,6
passenger1460,2,1,475,476,487,1,11,12,8
passenger1461,21,1,476,1330,1362,854,32,886,2
passenger1462,14,1,476,530,574,54,44,98,0
passenger1463,15,1,476,588,626,112,38,150,9
passenger1464,21,1,477,1330,1362,853,32,885,2
passenger1465,23,1,477,1440,1470,963,30,993,2
passenger1466,5,1,478,490,552,12,62,74,4
passenger1467,2,1,478,479,482,1,3,4,3
passenger1468,4,1,478,487,552,9,65,74,4
passenger1469,18,1,479,1016,1049,537,33,570,9
passenger1470,15,1,480,576,610,96,34,130,7
passenger1471,4,1,480,482,487,2,5,7,8
passenger1472,7,1,481,481,491,0,10,10,12
passenger1473,14,1,481,573,610,92,37,129,7
passenger1474,19,1,481,1220,1254,739,34,773,2
passenger1475,10,1,481,509,552,28,43,71,7
passenger1476,24,1,481,1292,1319,811,27,838,9
passenger1477,25,1,482,1345,1371,863,26,889,9
passenger1478,20,1,482,1086,1117,604,31,635,0
passenger1479,12,1,482,515,552,33,37,70,7
passenger1480,23,1,482,1237,1265,755,28,783,9
passenger1481,19,1,482,1073,1105,591,32,623,6
passenger1482,14,1,483,520,559,37,39,76,2
passenger1483,12,1,483,515,552,32,37,69,7
passenger1484,21,1,484,1156,1186,672,30,702,13
passenger1485,15,1,484,950,986,466,36,502,2
passenger1486,6,1,484,484,491,0,7,7,12
passenger1487,25,1,484,1345,1371,861,26,887,9
passenger1488,3,1,484,486,490,2,4,6,14
passenger1489,18,1,485,1018,1051,533,33,566,6
passenger1490,17,1,485,1015,1051,530,36,566,6
passenger1491,16,1,486,962,997,476,35,511,6
passenger1492,3,1,486,486,490,0,4,4,14
passenger1493,13,1,486,486,536,0,50,50,13
passenger1494,23,1,486,1266,1296,780,30,810,13
passenger1495,7,1,486,486,540,0,54,54,5
passenger1496,18,1,487,503,536,16,33,49,13
passenger1497,22,1,487,1234,1265,747,31,778,9
passenger1498,24,1,487,1292,1319,805,27,832,9
passenger1499,14,1,487,491,536,4,45,49,13
passenger1500,9,1,488,490,540,2,50,52,5
passenger1501,18,1,488,1016,1049,528,33,561,9
passenger1502,13,1,488,488,536,0,48,48,13
passenger1503,17,1,489,500,536,11,36,47,13
passenger1504,19,1,489,1071,1103,582,32,614,9
passenger1505,19,1,490,1071,1103,581,32,613,9
passenger1506,7,1,490,494,552,4,58,62,4
passenger1507,20,1,490,1126,1157,636,31,667,9
passenger1508,15,1,491,494,536,3,42,45,13
passenger1509,24,1,491,1269,1296,778,27,805,13
passenger1510,17,1,491,961,997,470,36,506,9
passenger1511,23,1,491,1266,1296,775,30,805,13
passenger1512,25,1,491,1324,1350,833,26,859,13
passenger1513,25,1,491,1324,1350,833,26,859,13
passenger1514,19,1,492,1071,1103,579,32,611,9
passenger1515,16,1,492,497,536,5,39,44,13
passenger1516,4,1,492,495,502,3,7,10,3
passenger1517,11,1,493,494,540,1,46,47,5
passenger1518,13,1,494,500,540,6,40,46,5
passenger1519,20,1,495,1101,1132,606,31,637,13
passenger1520,16,1,495,718,753,223,35,258,9
passenger1521,12,1,495,497,540,2,43,45,5
passenger1522,5,1,497,508,568,11,60,71,6
passenger1523,19,1,497,1046,1078,549,32,581,13
passenger1524,12,1,497,497,540,0,43,43,5
passenger1525,2,1,499,499,502,0,3,3,3
passenger1526,8,1,499,499,552,0,53,53,4
passenger1527,23,1,500,1266,1296,766,30,796,13
passenger1528,4,1,500,503,508,3,5,8,8
passenger1529,11,1,500,526,570,26,44,70,9
passenger1530,14,1,500,502,547,2,45,47,11
passenger1531,4,1,501,504,509,3,5,8,12
passenger1532,5,1,501,505,513,4,8,12,14
passenger1533,24,1,501,1680,1709,1179,29,1208,10
passenger1534,16,1,502,506,547,4,41,45,11
passenger1535,7,1,502,502,552,0,50,50,7
passenger1536,6,1,503,517,570,14,53,67,9
passenger1537,12,1,503,509,552,6,43,49,4
passenger1538,19,1,503,1046,1078,543,32,575,13
passenger1539,19,1,503,1046,1078,543,32,575,13
passenger1540,6,1,503,517,570,14,53,67,9
passenger1541,19,1,503,1046,1078,543,32,575,13
passenger1542,23,1,503,1521,1549,1018,28,1046,10
passenger1543,7,1,504,520,570,16,50,66,9
passenger1544,2,1,504,505,508,1,3,4,15
passenger1545,25,1,505,1787,1813,1282,26,1308,10
passenger1546,14,1,505,561,600,56,39,95,5
passenger1547,20,1,506,1101,1132,595,31,626,13
passenger1548,9,1,506,506,552,0,46,46,7
passenger1549,9,1,506,506,552,0,46,46,7
passenger1550,7,1,506,507,559,1,52,53,2
passenger1551,7,1,506,507,559,1,52,53,2
passenger1552,13,1,507,512,552,5,40,45,4
passenger1553,4,1,508,508,513,0,5,5,14
passenger1554,22,1,508,1211,1240,703,29,732,13
passenger1555,14,1,508,515,552,7,37,44,4
passenger1556,23,1,509,1573,1603,1064,30,1094,10
passenger1557,14,1,509,572,611,63,39,102,4
passenger1558,9,1,509,511,559,2,48,50,2
passenger1559,14,1,509,572,611,63,39,102,4
passenger1560,5,1,510,510,568,0,58,58,6
passenger1561,21,1,510,1307,1337,797,30,827,10
passenger1562,19,1,510,976,1008,466,32,498,5
passenger1563,5,1,510,510,568,0,58,58,6
passenger1564,15,1,511,575,611,64,36,100,4
passenger1565,14,1,511,572,611,61,39,100,4
passenger1566,6,1,511,513,568,2,55,57,6
passenger1567,4,1,512,517,522,5,5,10,3
passenger1568,20,1,513,1200,1231,687,31,718,10
passenger1569,8,1,513,521,568,8,47,55,6
passenger1570,14,1,513,572,611,59,39,98,4
passenger1571,7,1,514,518,568,4,50,54,6
passenger1572,17,1,514,931,965,417,34,451,10
passenger1573,3,1,514,514,522,0,8,8,3
passenger1574,10,1,515,525,568,10,43,53,6
passenger1575,15,1,515,575,611,60,36,96,4
passenger1576,12,1,515,515,552,0,37,37,7
passenger1577,16,1,515,618,653,103,35,138,10
passenger1578,6,1,515,515,568,0,53,53,6
passenger1579,12,1,516,569,610,53,41,94,7
passenger1580,20,1,516,1006,1039,490,33,523,11
passenger1581,10,1,517,525,568,8,43,51,6
passenger1582,5,1,517,517,574,0,57,57,0
passenger1583,22,1,518,1193,1224,675,31,706,5
passenger1584,20,1,518,1006,1039,488,33,521,11
passenger1585,18,1,518,632,665,114,33,147,13
passenger1586,21,1,518,1061,1093,543,32,575,11
passenger1587,20,1,519,1031,1062,512,31,543,5
passenger1588,19,1,519,976,1008,457,32,489,5
passenger1589,14,1,519,614,653,95,39,134,10
passenger1590,2,1,519,520,523,1,3,4,8
passenger1591,16,1,520,568,603,48,35,83,13
passenger1592,8,1,520,520,569,0,49,49,1
passenger1593,20,1,521,1083,1116,562,33,595,5
passenger1594,13,1,522,563,603,41,40,81,13
passenger1595,23,1,522,1122,1152,600,30,630,4
passenger1596,16,1,523,623,658,100,35,135,5
passenger1597,15,1,524,950,986,426,36,462,2
passenger1598,24,1,525,1177,1206,652,29,681,4
passenger1599,13,1,525,527,574,2,47,49,0
passenger1600,11,1,526,557,603,31,46,77,13
passenger1601,10,1,526,554,603,28,49,77,13
passenger1602,23,1,527,1015,1043,488,28,516,7
passenger1603,20,1,528,1006,1039,478,33,511,11
passenger1604,5,1,528,540,595,12,55,67,10
passenger1605,13,1,528,558,600,30,42,72,5
passenger1606,10,1,528,553,600,25,47,72,5
passenger1607,17,1,528,637,671,109,34,143,11
passenger1608,3,1,529,536,595,7,59,66,10
passenger1609,19,1,529,951,983,422,32,454,11
passenger1610,19,1,529,951,983,422,32,454,11
passenger1611,7,1,529,546,603,17,57,74,13
passenger1612,5,1,529,542,603,13,61,74,13
passenger1613,17,1,529,637,671,108,34,142,11
passenger1614,8,1,530,549,600,19,51,70,5
passenger1615,24,1,530,1495,1522,965,27,992,2
passenger1616,20,1,530,1223,1254,693,31,724,2
passenger1617,24,1,531,1495,1522,964,27,991,2
passenger1618,14,1,531,531,574,0,43,43,0
passenger1619,24,1,531,1495,1522,964,27,991,2
passenger1620,2,1,533,534,537,1,3,4,3
passenger1621,8,1,533,549,600,16,51,67,5
passenger1622,2,1,533,534,537,1,3,4,8
passenger1623,18,1,533,767,802,234,35,269,7
passenger1624,14,1,534,632,671,98,39,137,11
passenger1625,8,1,534,562,607,28,45,73,11
passenger1626,9,1,535,565,607,30,42,72,11
passenger1627,17,1,535,707,741,172,34,206,7
passenger1628,6,1,536,543,595,7,52,59,10
passenger1629,14,1,536,573,610,37,37,74,7
passenger1630,16,1,536,639,674,103,35,138,7
passenger1631,7,1,536,559,607,23,48,71,11
passenger1632,7,1,537,559,607,22,48,70,11
passenger1633,10,1,537,622,671,85,49,134,11
passenger1634,16,1,537,705,740,168,35,203,4
passenger1635,8,1,538,562,607,24,45,69,11
passenger1636,11,1,538,566,610,28,44,72,7
passenger1637,15,1,539,950,986,411,36,447,2
passenger1638,6,1,539,556,607,17,51,68,11
passenger1639,15,1,539,950,986,411,36,447,2
passenger1640,5,1,540,540,595,0,55,55,10
passenger1641,5,1,540,540,595,0,55,55,10
passenger1642,7,1,540,559,607,19,48,67,11
passenger1643,8,1,540,562,607,22,45,67,11
passenger1644,2,1,540,541,544,1,3,4,3
passenger1645,25,1,541,1399,1425,858,26,884,6
passenger1646,9,1,541,562,611,21,49,70,4
passenger1647,21,1,541,1134,1166,593,32,625,1
passenger1648,23,1,542,1291,1319,749,28,777,6
passenger1649,21,1,542,1179,1209,637,30,667,9
passenger1650,21,1,542,1179,1209,637,30,667,9
passenger1651,4,1,543,552,607,9,55,64,11
passenger1652,10,1,544,552,595,8,43,51,10
passenger1653,19,1,544,1031,1063,487,32,519,0
passenger1654,15,1,545,950,986,405,36,441,2
passenger1655,2,1,545,546,549,1,3,4,8
passenger1656,15,1,546,715,753,169,38,207,6
passenger1657,21,1,546,1139,1169,593,30,623,0
passenger1658,21,1,546,1139,1169,593,30,623,0
passenger1659,11,1,546,576,622,30,46,76,2
passenger1660,7,1,547,547,603,0,56,56,13
passenger1661,9,1,547,548,595,1,47,48,10
passenger1662,9,1,548,548,595,0,47,47,10
passenger1663,10,1,548,572,622,24,50,74,2
passenger1664,9,1,549,549,595,0,46,46,10
passenger1665,12,1,549,556,595,7,39,46,10
passenger1666,2,1,549,550,553,1,3,4,3
passenger1667,8,1,550,550,603,0,53,53,13
passenger1668,9,1,550,569,622,19,53,72,2
passenger1669,5,1,550,554,576,4,22,26,12
passenger1670,23,1,551,1249,1279,698,30,728,0
passenger1671,18,1,551,1070,1105,519,35,554,6
passenger1672,23,1,551,1249,1279,698,30,728,0
passenger1673,15,1,552,715,753,163,38,201,6
passenger1674,4,1,552,552,607,0,55,55,11
passenger1675,23,1,552,1249,1279,697,30,727,0
passenger1676,12,1,554,560,603,6,43,49,13
passenger1677,18,1,554,976,1009,422,33,455,0
passenger1678,11,1,554,557,603,3,46,49,13
passenger1679,13,1,555,592,630,37,38,75,6
passenger1680,13,1,555,655,697,100,42,142,6
passenger1681,8,1,555,563,576,8,13,21,12
passenger1682,15,1,555,596,634,41,38,79,1
passenger1683,19,1,556,1083,1117,527,34,561,0
passenger1684,2,1,556,557,560,1,3,4,3
passenger1685,5,1,556,556,576,0,20,20,12
passenger1686,22,1,557,1193,1224,636,31,667,5
passenger1687,15,1,557,600,640,43,40,83,0
passenger1688,25,1,558,1356,1382,798,26,824,5
passenger1689,16,1,558,603,640,45,37,82,0
passenger1690,17,1,559,736,772,177,36,213,5
passenger1691,23,1,559,1248,1276,689,28,717,5
passenger1692,17,1,559,736,772,177,36,213,5
passenger1693,9,1,559,586,630,27,44,71,6
passenger1694,14,1,560,597,640,37,43,80,0
passenger1695,7,1,560,560,576,0,16,16,12
passenger1696,10,1,560,588,634,28,46,74,1
passenger1697,18,1,560,1038,1071,478,33,511,10
passenger1698,5,1,560,564,570,4,6,10,8
passenger1699,18,1,561,1038,1071,477,33,510,10
passenger1700,16,1,561,618,653,57,35,92,10
passenger1701,9,1,561,585,634,24,49,73,1
passenger1702,3,1,561,563,567,2,4,6,14
passenger1703,18,1,562,1038,1071,476,33,509,10
passenger1704,21,1,562,1307,1337,745,30,775,10
passenger1705,19,1,562,1145,1179,583,34,617,10
passenger1706,12,1,563,591,640,28,49,77,0
passenger1707,17,1,563,931,965,368,34,402,10
passenger1708,11,1,563,588,640,25,52,77,0
passenger1709,10,1,563,563,610,0,47,47,7
passenger1710,9,1,563,563,611,0,48,48,4
passenger1711,7,1,563,581,634,18,53,71,1
passenger1712,25,1,563,1787,1813,1224,26,1250,10
passenger1713,17,1,564,736,772,172,36,208,5
passenger1714,6,1,564,578,634,14,56,70,1
passenger1715,22,1,564,1414,1443,850,29,879,10
passenger1716,5,1,564,576,630,12,54,66,6
passenger1717,16,1,565,623,658,58,35,93,5
passenger1718,5,1,565,575,634,10,59,69,1
passenger1719,10,1,566,566,611,0,45,45,4
passenger1720,17,1,567,736,772,169,36,205,5
passenger1721,25,1,567,1787,1813,1220,26,1246,10
passenger1722,25,1,567,1787,1813,1220,26,1246,10
passenger1723,23,1,568,1573,1603,1005,30,1035,10
passenger1724,7,1,568,582,640,14,58,72,0
passenger1725,4,1,568,569,576,1,7,8,12
passenger1726,23,1,568,1573,1603,1005,30,1035,10
passenger1727,24,1,570,1680,1709,1110,29,1139,10
passenger1728,8,1,572,583,630,11,47,58,6
passenger1729,2,1,572,573,576,1,3,4,3
passenger1730,17,1,572,948,982,376,34,410,4
passenger1731,3,1,572,572,576,0,4,4,12
passenger1732,2,1,572,573,576,1,3,4,14
passenger1733,24,1,572,1680,1709,1108,29,1137,10
passenger1734,13,1,573,582,622,9,40,49,2
passenger1735,4,1,573,573,630,0,57,57,6
passenger1736,17,1,573,637,671,64,34,98,11
passenger1737,10,1,573,573,622,0,49,49,2
passenger1738,14,1,573,573,610,0,37,37,7
passenger1739,23,1,574,1248,1276,674,28,702,5
passenger1740,7,1,574,580,630,6,50,56,6
passenger1741,17,1,575,637,671,62,34,96,11
passenger1742,21,1,575,1359,1391,784,32,816,10
passenger1743,12,1,576,579,622,3,43,46,2
passenger1744,25,1,576,1356,1382,780,26,806,5
passenger1745,12,1,577,579,622,2,43,45,2
passenger1746,13,1,578,582,622,4,40,44,2
passenger1747,23,1,579,1119,1149,540,30,570,11
passenger1748,17,1,579,983,1019,404,36,440,10
passenger1749,22,1,580,1064,1093,484,29,513,11
passenger1750,20,1,580,1083,1116,503,33,536,5
passenger1751,19,1,580,1006,1038,426,32,458,4
passenger1752,7,1,580,580,630,0,50,50,6
passenger1753,11,1,580,582,626,2,44,46,9
passenger1754,22,1,581,1211,1240,630,29,659,13
passenger1755,16,1,581,679,716,98,37,135,5
passenger1756,8,1,581,583,630,2,47,49,6
passenger1757,9,1,581,586,630,5,44,49,6
passenger1758,20,1,581,1083,1116,502,33,535,5
passenger1759,6,1,582,587,609,5,22,27,3
passenger1760,4,1,583,586,592,3,6,9,8
passenger1761,20,1,583,834,865,251,31,282,7
passenger1762,8,1,583,583,630,0,47,47,6
passenger1763,20,1,584,1101,1132,517,31,548,13
passenger1764,14,1,584,585,622,1,37,38,2
passenger1765,25,1,584,1180,1206,596,26,622,4
passenger1766,14,1,585,585,622,0,37,37,2
passenger1767,22,1,586,1064,1093,478,29,507,11
passenger1768,22,1,586,1064,1093,478,29,507,11
passenger1769,7,1,586,590,609,4,19,23,3
passenger1770,25,1,587,1180,1206,593,26,619,4
passenger1771,19,1,587,951,983,364,32,396,11
passenger1772,4,1,587,587,592,0,5,5,8
passenger1773,2,1,588,589,592,1,3,4,12
passenger1774,8,1,589,593,609,4,16,20,3
passenger1775,2,1,589,590,595,1,5,6,14
passenger1776,10,1,589,589,634,0,45,45,1
passenger1777,25,1,589,1550,1576,961,26,987,2
passenger1778,13,1,589,621,665,32,44,76,13
passenger1779,2,1,590,591,594,1,3,4,15
passenger1780,13,1,590,621,665,31,44,75,13
passenger1781,7,1,590,590,609,0,19,19,3
passenger1782,22,1,591,1385,1416,794,31,825,2
passenger1783,4,1,591,600,653,9,53,62,10
passenger1784,20,1,592,1061,1096,469,35,504,4
passenger1785,12,1,592,616,665,24,49,73,13
passenger1786,2,1,592,592,595,0,3,3,14
passenger1787,18,1,593,767,802,174,35,209,7
passenger1788,12,1,593,593,640,0,47,47,0
passenger1789,20,1,593,1275,1308,682,33,715,2
passenger1790,16,1,596,945,982,349,37,386,4
passenger1791,20,1,596,1126,1157,530,31,561,9
passenger1792,13,1,597,630,674,33,44,77,7
passenger1793,2,1,597,598,601,1,3,4,8
passenger1794,5,1,598,598,609,0,11,11,3
passenger1795,13,1,598,630,674,32,44,76,7
passenger1796,11,1,599,626,674,27,48,75,7
passenger1797,21,1,599,1330,1362,731,32,763,2
passenger1798,11,1,599,626,674,27,48,75,7
passenger1799,22,1,600,1385,1416,785,31,816,2
passenger1800,6,1,600,614,671,14,57,71,11
passenger1801,11,1,601,637,677,36,40,76,4
passenger1802,20,1,601,1128,1159,527,31,558,6
passenger1803,4,1,601,601,609,0,8,8,3
passenger1804,9,1,601,620,674,19,54,73,7
passenger1805,20,1,601,1128,1159,527,31,558,6
passenger1806,16,1,601,603,640,2,37,39,0
passenger1807,20,1,602,1275,1308,673,33,706,2
passenger1808,14,1,602,645,684,43,39,82,2
passenger1809,22,1,602,1236,1265,634,29,663,6
passenger1810,23,1,602,1291,1319,689,28,717,6
passenger1811,25,1,602,1345,1371,743,26,769,9
passenger1812,4,1,603,603,609,0,6,6,3
passenger1813,16,1,603,603,640,0,37,37,0
passenger1814,4,1,604,604,609,0,5,5,3
passenger1815,7,1,605,627,677,22,50,72,4
passenger1816,9,1,605,607,653,2,46,48,10
passenger1817,17,1,606,1110,1146,504,36,540,2
passenger1818,12,1,606,641,684,35,43,78,2
passenger1819,22,1,606,1137,1166,531,29,560,1
passenger1820,9,1,607,607,653,0,46,46,10
passenger1821,16,1,608,718,753,110,35,145,9
passenger1822,20,1,608,1128,1159,520,31,551,6
passenger1823,25,1,608,1354,1380,746,26,772,1
passenger1824,7,1,608,608,658,0,50,50,5
passenger1825,19,1,608,1123,1157,515,34,549,9
passenger1826,4,1,608,618,677,10,59,69,4
passenger1827,15,1,609,652,690,43,38,81,9
passenger1828,11,1,609,638,684,29,46,75,2
passenger1829,25,1,609,1354,1380,745,26,771,1
passenger1830,20,1,609,1128,1159,519,31,550,6
passenger1831,24,1,609,1299,1328,690,29,719,1
passenger1832,22,1,609,1288,1319,679,31,710,6
passenger1833,11,1,610,638,684,28,46,74,2
passenger1834,19,1,610,1083,1117,473,34,507,0
passenger1835,2,1,610,614,677,4,63,67,4
passenger1836,15,1,612,652,690,40,38,78,9
passenger1837,3,1,612,614,626,2,12,14,3
passenger1838,19,1,612,1073,1105,461,32,493,6
passenger1839,25,1,612,1307,1333,695,26,721,0
passenger1840,18,1,612,1070,1105,458,35,493,6
passenger1841,22,1,613,1137,1166,524,29,553,1
passenger1842,7,1,613,617,671,4,54,58,11
passenger1843,25,1,613,1307,1333,694,26,720,0
passenger1844,15,1,613,715,753,102,38,140,6
passenger1845,18,1,614,971,1006,357,35,392,1
passenger1846,20,1,614,1079,1112,465,33,498,1
passenger1847,17,1,614,1015,1051,401,36,437,6
passenger1848,9,1,614,634,684,20,50,70,2
passenger1849,16,1,615,962,997,347,35,382,6
passenger1850,17,1,615,725,761,110,36,146,1
passenger1851,22,1,615,1414,1443,799,29,828,10
passenger1852,13,1,615,616,658,1,42,43,5
passenger1853,14,1,616,658,697,42,39,81,6
passenger1854,14,1,616,658,697,42,39,81,6
passenger1855,4,1,616,617,626,1,9,10,3
passenger1856,4,1,616,617,626,1,9,10,3
passenger1857,2,1,616,617,620,1,3,4,8
passenger1858,17,1,617,725,761,108,36,144,1
passenger1859,12,1,618,618,665,0,47,47,13
passenger1860,22,1,619,1194,1225,575,31,606,0
passenger1861,18,1,619,1038,1071,419,33,452,10
passenger1862,5,1,619,620,626,1,6,7,3
passenger1863,4,1,620,620,677,0,57,57,4
passenger1864,10,1,621,650,697,29,47,76,6
passenger1865,24,1,621,1680,1709,1059,29,1088,10
passenger1866,3,1,621,623,627,2,4,6,12
passenger1867,6,1,621,633,690,12,57,69,9
passenger1868,2,1,622,623,626,1,3,4,14
passenger1869,11,1,622,625,671,3,46,49,11
passenger1870,25,1,622,1787,1813,1165,26,1191,10
passenger1871,18,1,623,976,1009,353,33,386,0
passenger1872,13,1,623,623,665,0,42,42,13
passenger1873,5,1,623,623,677,0,54,54,4
passenger1874,10,1,623,623,674,0,51,51,7
passenger1875,14,1,623,626,665,3,39,42,13
passenger1876,8,1,624,651,697,27,46,73,1
passenger1877,18,1,625,923,956,298,33,331,5
passenger1878,25,1,625,1787,1813,1162,26,1188,10
passenger1879,6,1,625,641,697,16,56,72,6
passenger1880,8,1,625,651,697,26,46,72,1
passenger1881,5,1,626,638,697,12,59,71,6
passenger1882,19,1,626,976,1008,350,32,382,5
passenger1883,13,1,626,670,708,44,38,82,0
passenger1884,8,1,626,651,697,25,46,71,1
passenger1885,7,1,626,627,677,1,50,51,4
passenger1886,3,1,626,626,684,0,58,58,2
passenger1887,13,1,627,726,764,99,38,137,0
passenger1888,18,1,628,632,665,4,33,37,13
passenger1889,7,1,628,648,697,20,49,69,1
passenger1890,2,1,629,633,697,4,64,68,6
passenger1891,13,1,629,629,671,0,42,42,11
passenger1892,18,1,630,632,665,2,33,35,13
passenger1893,10,1,630,663,708,33,45,78,0
passenger1894,8,1,630,630,677,0,47,47,4
passenger1895,5,1,630,644,697,14,53,67,1
passenger1896,19,1,631,1046,1078,415,32,447,13
passenger1897,22,1,631,1193,1224,562,31,593,5
passenger1898,20,1,631,1200,1231,569,31,600,10
passenger1899,14,1,631,633,674,2,41,43,7
passenger1900,19,1,631,1098,1132,467,34,501,13
passenger1901,11,1,631,637,677,6,40,46,4
passenger1902,2,1,631,632,635,1,3,4,3
passenger1903,10,1,632,634,677,2,43,45,4
passenger1904,18,1,632,632,665,0,33,33,13
passenger1905,17,1,632,893,927,261,34,295,11
passenger1906,25,1,632,1356,1382,724,26,750,5
passenger1907,25,1,633,1356,1382,723,26,749,5
passenger1908,7,1,633,652,708,19,56,75,0
passenger1909,2,1,633,637,697,4,60,64,1
passenger1910,8,1,634,637,690,3,53,56,9
passenger1911,23,1,634,1266,1296,632,30,662,13
passenger1912,21,1,635,1156,1186,521,30,551,13
passenger1913,4,1,635,645,708,10,63,73,0
passenger1914,5,1,635,648,708,13,60,73,0
passenger1915,15,1,636,636,674,0,38,38,7
passenger1916,17,1,636,983,1019,347,36,383,10
passenger1917,25,1,636,1324,1350,688,26,714,13
passenger1918,20,1,636,1101,1132,465,31,496,13
passenger1919,7,1,637,645,697,8,52,60,6
passenger1920,2,1,638,639,642,1,3,4,3
passenger1921,17,1,638,945,983,307,38,345,11
passenger1922,15,1,639,677,715,38,38,76,10
passenger1923,24,1,639,1269,1296,630,27,657,13
passenger1924,15,1,639,677,715,38,38,76,10
passenger1925,14,1,639,674,715,35,41,76,10
passenger1926,9,1,639,640,690,1,50,51,9
passenger1927,4,1,641,641,697,0,56,56,1
passenger1928,23,1,641,1119,1149,478,30,508,11
passenger1929,21,1,641,1061,1093,420,32,452,11
passenger1930,5,1,642,644,697,2,53,55,1
passenger1931,18,1,642,767,802,125,35,160,7
passenger1932,10,1,642,643,690,1,47,48,9
passenger1933,12,1,642,670,715,28,45,73,10
passenger1934,22,1,642,1211,1240,569,29,598,13
passenger1935,22,1,642,1211,1240,569,29,598,13
passenger1936,6,1,642,642,697,0,55,55,6
passenger1937,9,1,643,665,715,22,50,72,10
passenger1938,21,1,644,1156,1186,512,30,542,13
passenger1939,24,1,644,1174,1203,530,29,559,11
passenger1940,3,1,646,648,652,2,4,6,3
passenger1941,22,1,646,960,989,314,29,343,7
passenger1942,13,1,647,648,690,1,42,43,9
passenger1943,16,1,647,985,1022,338,37,375,13
passenger1944,3,1,647,649,653,2,4,6,8
passenger1945,18,1,647,1043,1078,396,35,431,13
passenger1946,18,1,647,1043,1078,396,35,431,13
passenger1947,17,1,648,988,1022,340,34,374,13
passenger1948,20,1,648,1061,1096,413,35,448,4
passenger1949,24,1,649,1068,1097,419,29,448,7
passenger1950,22,1,649,1064,1093,415,29,444,11
passenger1951,19,1,649,951,983,302,32,334,11
passenger1952,25,1,649,1071,1097,422,26,448,7
passenger1953,18,1,649,1165,1200,516,35,551,2
passenger1954,18,1,650,948,983,298,35,333,11
passenger1955,15,1,651,930,966,279,36,315,13
passenger1956,20,1,651,1006,1039,355,33,388,11
passenger1957,3,1,652,654,668,2,14,16,12
passenger1958,14,1,652,927,966,275,39,314,13
passenger1959,12,1,652,690,729,38,39,77,13
passenger1960,23,1,652,1015,1043,363,28,391,7
passenger1961,3,1,652,654,667,2,13,15,14
passenger1962,17,1,652,1110,1146,458,36,494,2
passenger1963,6,1,653,665,716,12,51,63,5
passenger1964,23,1,653,1440,1470,787,30,817,2
passenger1965,22,1,653,960,989,307,29,336,7
passenger1966,7,1,653,653,708,0,55,55,0
passenger1967,22,1,653,960,989,307,29,336,7
passenger1968,13,1,653,872,912,219,40,259,13
passenger1969,25,1,653,1180,1206,527,26,553,4
passenger1970,19,1,654,1220,1254,566,34,600,2
passenger1971,2,1,654,655,658,1,3,4,15
passenger1972,6,1,654,659,668,5,9,14,12
passenger1973,11,1,654,687,729,33,42,75,13
passenger1974,7,1,655,655,708,0,53,53,0
passenger1975,5,1,655,658,667,3,9,12,14
passenger1976,25,1,656,1550,1576,894,26,920,2
passenger1977,22,1,656,1119,1152,463,33,496,4
passenger1978,12,1,656,657,697,1,40,41,1
passenger1979,7,1,656,656,708,0,52,52,0
passenger1980,6,1,656,659,668,3,9,12,12
passenger1981,23,1,657,1440,1470,783,30,813,2
passenger1982,9,1,657,679,729,22,50,72,13
passenger1983,2,1,658,659,662,1,3,4,3
passenger1984,11,1,658,756,800,98,44,142,11
passenger1985,12,1,658,658,697,0,39,39,1
passenger1986,16,1,658,704,741,46,37,83,7
passenger1987,10,1,658,695,736,37,41,78,11
passenger1988,24,1,658,1495,1522,837,27,864,2
passenger1989,17,1,658,707,741,49,34,83,7
passenger1990,25,1,659,1550,1576,891,26,917,2
passenger1991,10,1,659,695,736,36,41,77,11
passenger1992,17,1,659,948,982,289,34,323,4
passenger1993,10,1,659,753,800,94,47,141,11
passenger1994,18,1,659,1003,1038,344,35,379,4
passenger1995,19,1,659,1006,1038,347,32,379,4
passenger1996,9,1,659,660,708,1,48,49,0
passenger1997,24,1,659,1495,1522,836,27,863,2
passenger1998,22,1,660,1234,1265,574,31,605,9
passenger1999,23,1,660,1237,1265,577,28,605,9
passenger2000,7,1,661,661,715,0,54,54,10
passenger2001,19,1,661,1073,1105,412,32,444,6
passenger2002,4,1,661,661,667,0,6,6,14
passenger2003,4,1,662,662,667,0,5,5,14
passenger2004,25,1,662,1345,1371,683,26,709,9
passenger2005,5,1,662,662,668,0,6,6,12
passenger2006,22,1,663,1385,1416,722,31,753,2
passenger2007,12,1,663,698,741,35,43,78,7
passenger2008,9,1,663,692,736,29,44,73,11
passenger2009,3,1,663,669,729,6,60,66,13
passenger2010,18,1,664,971,1006,307,35,342,1
passenger2011,19,1,664,1220,1254,556,34,590,2
passenger2012,13,1,664,700,740,36,40,76,4
passenger2013,21,1,664,1330,1362,666,32,698,2
passenger2014,9,1,664,693,741,29,48,77,7
passenger2015,15,1,665,950,986,285,36,321,2
passenger2016,8,1,665,690,741,25,51,76,7
passenger2017,15,1,665,950,986,285,36,321,2
passenger2018,5,1,666,677,736,11,59,70,11
passenger2019,13,1,666,726,764,60,38,98,0
passenger2020,15,1,666,950,986,284,36,320,2
passenger2021,15,1,667,1002,1040,335,38,373,2
passenger2022,12,1,667,667,708,0,41,41,0
passenger2023,17,1,667,1110,1146,443,36,479,2
passenger2024,14,1,667,786,829,119,43,162,0
passenger2025,8,1,668,688,740,20,52,72,4
passenger2026,7,1,668,687,741,19,54,73,7
passenger2027,17,1,668,1110,1146,442,36,478,2
passenger2028,24,1,668,1299,1328,631,29,660,1
passenger2029,20,1,668,1079,1112,411,33,444,1
passenger2030,17,1,669,961,997,292,36,328,9
passenger2031,24,1,669,1344,1373,675,29,704,6
passenger2032,23,1,669,1244,1274,575,30,605,1
passenger2033,14,1,669,770,809,101,39,140,2
passenger2034,4,1,670,681,741,11,60,71,7
passenger2035,17,1,670,961,997,291,36,327,9
passenger2036,16,1,670,792,829,122,37,159,0
passenger2037,8,1,670,688,740,18,52,70,4
passenger2038,22,1,670,1288,1319,618,31,649,6
passenger2039,22,1,671,1194,1225,523,31,554,0
passenger2040,9,1,671,700,747,29,47,76,2
passenger2041,13,1,671,726,764,55,38,93,0
passenger2042,6,1,672,684,740,12,56,68,4
passenger2043,6,1,672,684,740,12,56,68,4
passenger2044,8,1,673,676,729,3,53,56,13
passenger2045,10,1,673,703,747,30,44,74,2
passenger2046,8,1,674,676,729,2,53,55,13
passenger2047,5,1,674,678,687,4,9,13,3
passenger2048,12,1,674,712,753,38,41,79,9
passenger2049,16,1,674,844,881,170,37,207,9
passenger2050,9,1,675,700,747,25,47,72,2
passenger2051,14,1,675,675,716,0,41,41,5
passenger2052,8,1,675,676,729,1,53,54,13
passenger2053,18,1,676,1028,1063,352,35,387,0
passenger2054,17,1,676,859,893,183,34,217,0
passenger2055,25,1,677,1359,1385,682,26,708,0
passenger2056,3,1,677,679,683,2,4,6,8
passenger2057,22,1,677,1194,1225,517,31,548,0
passenger2058,10,1,678,682,729,4,47,51,13
passenger2059,3,1,678,678,741,0,63,63,7
passenger2060,18,1,679,971,1006,292,35,327,1
passenger2061,6,1,679,693,747,14,54,68,2
passenger2062,6,1,680,680,736,0,56,56,11
passenger2063,25,1,680,1359,1385,679,26,705,0
passenger2064,7,1,680,684,736,4,52,56,11
passenger2065,15,1,681,715,753,34,38,72,6
passenger2066,6,1,681,681,736,0,55,55,11
passenger2067,4,1,682,682,741,0,59,59,7
passenger2068,2,1,683,683,687,0,4,4,3
passenger2069,2,1,683,683,687,0,4,4,3
passenger2070,13,1,683,718,761,35,43,78,1
passenger2071,12,1,684,710,753,26,43,69,6
passenger2072,2,1,684,684,687,0,3,3,3
passenger2073,10,1,684,684,729,0,45,45,13
passenger2074,8,1,684,689,736,5,47,52,11
passenger2075,15,1,684,930,966,246,36,282,13
passenger2076,25,1,684,1359,1385,675,26,701,0
passenger2077,18,1,684,1038,1071,354,33,387,10
passenger2078,24,1,684,1680,1709,996,29,1025,10
passenger2079,6,1,685,699,753,14,54,68,9
passenger2080,7,1,686,686,736,0,50,50,11
passenger2081,20,1,686,1200,1231,514,31,545,10
passenger2082,9,1,686,692,736,6,44,50,11
passenger2083,22,1,686,1194,1225,508,31,539,0
passenger2084,13,1,686,872,912,186,40,226,13
passenger2085,6,1,687,696,703,9,7,16,8
passenger2086,22,1,687,1194,1225,507,31,538,0
passenger2087,15,1,688,930,966,242,36,278,13
passenger2088,21,1,688,1139,1169,451,30,481,0
passenger2089,12,1,688,690,729,2,39,41,13
passenger2090,5,1,688,690,747,2,57,59,2
passenger2091,18,1,689,1028,1063,339,35,374,0
passenger2092,4,1,690,690,703,0,13,13,8
passenger2093,17,1,690,859,893,169,34,203,0
passenger2094,12,1,691,869,912,178,43,221,13
passenger2095,20,1,691,1101,1132,410,31,441,13
passenger2096,22,1,691,1211,1240,520,29,549,13
passenger2097,11,1,691,693,740,2,47,49,4
passenger2098,23,1,691,1266,1296,575,30,605,13
passenger2099,4,1,692,692,703,0,11,11,8
passenger2100,4,1,692,692,703,0,11,11,8
passenger2101,25,1,693,1324,1350,631,26,657,13
passenger2102,15,1,693,789,829,96,40,136,0
passenger2103,12,1,693,697,740,4,43,47,4
passenger2104,5,1,693,703,761,10,58,68,1
passenger2105,8,1,693,697,747,4,50,54,2
passenger2106,18,1,693,1038,1071,345,33,378,10
passenger2107,21,1,693,1359,1391,666,32,698,10
passenger2108,23,1,693,1573,1603,880,30,910,10
passenger2109,11,1,694,694,740,0,46,46,4
passenger2110,12,1,695,697,740,2,43,45,4
passenger2111,5,1,696,696,753,0,57,57,9
passenger2112,3,1,696,698,714,2,16,18,3
passenger2113,12,1,697,723,764,26,41,67,0
passenger2114,15,1,698,738,778,40,40,80,10
passenger2115,4,1,698,701,714,3,13,16,3
passenger2116,11,1,700,706,747,6,41,47,2
passenger2117,17,1,700,736,772,36,36,72,5
passenger2118,21,1,700,1156,1186,456,30,486,13
passenger2119,24,1,701,1321,1350,620,29,649,13
passenger2120,10,1,701,703,747,2,44,46,2
passenger2121,11,1,701,706,747,5,41,46,2
passenger2122,22,1,702,1211,1240,509,29,538,13
passenger2123,18,1,702,948,983,246,35,281,11
passenger2124,8,1,702,703,753,1,50,51,9
passenger2125,18,1,702,948,983,246,35,281,11
passenger2126,5,1,702,704,714,2,10,12,3
passenger2127,12,1,702,733,778,31,45,76,10
passenger2128,9,1,703,707,753,4,46,50,9
passenger2129,25,1,703,1324,1350,621,26,647,13
passenger2130,2,1,704,705,708,1,3,4,12
passenger2131,22,1,704,1116,1149,412,33,445,11
passenger2132,8,1,704,704,753,0,49,49,9
passenger2133,2,1,704,705,708,1,3,4,14
passenger2134,17,1,704,945,983,241,38,279,11
passenger2135,18,1,706,767,802,61,35,96,7
passenger2136,5,1,706,706,714,0,8,8,3
passenger2137,2,1,706,707,710,1,3,4,8
passenger2138,4,1,707,713,732,6,19,25,15
passenger2139,11,1,707,707,747,0,40,40,2
passenger2140,5,1,708,708,714,0,6,6,3
passenger2141,18,1,709,1003,1038,294,35,329,4
passenger2142,3,1,709,709,732,0,23,23,15
passenger2143,20,1,709,1101,1132,392,31,423,13
passenger2144,22,1,709,1116,1149,407,33,440,11
passenger2145,19,1,710,1006,1038,296,32,328,4
passenger2146,24,1,710,1174,1203,464,29,493,11
passenger2147,24,1,710,1174,1203,464,29,493,11
passenger2148,3,1,710,710,732,0,22,22,15
passenger2149,10,1,710,710,761,0,51,51,1
passenger2150,20,1,710,1153,1186,443,33,476,13
passenger2151,10,1,711,711,761,0,50,50,1
passenger2152,19,1,711,1098,1132,387,34,421,13
passenger2153,20,1,712,834,865,122,31,153,7
passenger2154,25,1,712,1177,1203,465,26,491,11
passenger2155,9,1,713,720,732,7,12,19,15
passenger2156,10,1,713,713,761,0,48,48,1
passenger2157,2,1,714,718,778,4,60,64,10
passenger2158,8,1,714,717,764,3,47,50,0
passenger2159,8,1,715,717,764,2,47,49,0
passenger2160,12,1,716,869,912,153,43,196,13
passenger2161,12,1,716,869,912,153,43,196,13
passenger2162,22,1,717,1119,1152,402,33,435,4
passenger2163,20,1,718,1275,1308,557,33,590,2
passenger2164,19,1,719,1006,1038,287,32,319,4
passenger2165,2,1,719,720,723,1,3,4,3
passenger2166,13,1,719,719,761,0,42,42,1
passenger2167,19,1,721,1058,1096,337,38,375,4
passenger2168,7,1,721,741,794,20,53,73,13
passenger2169,12,1,722,723,764,1,41,42,0
passenger2170,19,1,722,1058,1096,336,38,374,4
passenger2171,21,1,722,1183,1213,461,30,491,6
passenger2172,22,1,722,1288,1319,566,31,597,6
passenger2173,12,1,722,723,764,1,41,42,0
passenger2174,11,1,723,756,800,33,44,77,11
passenger2175,11,1,723,756,800,33,44,77,11
passenger2176,18,1,723,1003,1038,280,35,315,4
passenger2177,12,1,723,723,764,0,41,41,0
passenger2178,11,1,724,756,800,32,44,76,11
passenger2179,6,1,724,736,794,12,58,70,13
passenger2180,13,1,724,762,800,38,38,76,11
passenger2181,7,1,724,724,732,0,8,8,15
passenger2182,14,1,725,826,863,101,37,138,4
passenger2183,23,1,725,1440,1470,715,30,745,2
passenger2184,20,1,725,1275,1308,550,33,583,2
passenger2185,13,1,726,726,764,0,38,38,0
passenger2186,25,1,726,1399,1425,673,26,699,6
passenger2187,25,1,726,1399,1425,673,26,699,6
passenger2188,12,1,727,820,863,93,43,136,4
passenger2189,20,1,727,1275,1308,548,33,581,2
passenger2190,10,1,728,728,778,0,50,50,10
passenger2191,23,1,729,1244,1274,515,30,545,1
passenger2192,10,1,729,729,778,0,49,49,10
passenger2193,8,1,730,756,803,26,47,73,4
passenger2194,5,1,730,746,800,16,54,70,11
passenger2195,22,1,731,1288,1319,557,31,588,6
passenger2196,9,1,731,759,803,28,44,72,4
passenger2197,21,1,731,1183,1213,452,30,482,6
passenger2198,4,1,731,743,800,12,57,69,11
passenger2199,14,1,731,731,772,0,41,41,5
passenger2200,12,1,732,733,778,1,45,46,10
passenger2201,12,1,732,733,778,1,45,46,10
passenger2202,6,1,732,751,803,19,52,71,4
passenger2203,3,1,732,734,738,2,4,6,3
passenger2204,10,1,733,762,809,29,47,76,2
passenger2205,13,1,734,767,809,33,42,75,2
passenger2206,21,1,735,1139,1169,404,30,434,0
passenger2207,13,1,735,767,809,32,42,74,2
passenger2208,7,1,735,749,802,14,53,67,7
passenger2209,8,1,736,744,794,8,50,58,13
passenger2210,16,1,736,962,997,226,35,261,6
passenger2211,12,1,737,777,816,40,39,79,6
passenger2212,23,1,737,1249,1279,512,30,542,0
passenger2213,12,1,737,777,816,40,39,79,6
passenger2214,15,1,737,959,997,222,38,260,6
passenger2215,3,1,737,744,803,7,59,66,4
passenger2216,6,1,738,738,794,0,56,56,13
passenger2217,22,1,738,1137,1166,399,29,428,1
passenger2218,10,1,738,762,809,24,47,71,2
passenger2219,12,1,740,777,816,37,39,76,6
passenger2220,16,1,740,741,778,1,37,38,10
passenger2221,3,1,740,740,800,0,60,60,11
passenger2222,14,1,740,840,877,100,37,137,6
passenger2223,10,1,741,773,816,32,43,75,6
passenger2224,5,1,741,753,809,12,56,68,2
passenger2225,12,1,741,776,817,35,41,76,9
passenger2226,12,1,742,836,877,94,41,135,6
passenger2227,6,1,742,756,809,14,53,67,2
passenger2228,15,1,743,790,826,47,36,83,1
passenger2229,19,1,743,1026,1058,283,32,315,1
passenger2230,8,1,744,744,794,0,50,50,13
passenger2231,25,1,744,1356,1382,612,26,638,5
passenger2232,16,1,744,967,1006,223,39,262,1
passenger2233,20,1,744,1086,1117,342,31,373,0
passenger2234,3,1,744,744,803,0,59,59,4
passenger2235,20,1,744,1086,1117,342,31,373,0
passenger2236,10,1,744,770,817,26,47,73,9
passenger2237,19,1,744,1083,1117,339,34,373,0
passenger2238,21,1,745,1359,1391,614,32,646,10
passenger2239,8,1,745,745,794,0,49,49,13
passenger2240,8,1,746,767,816,21,49,70,6
passenger2241,3,1,747,749,753,2,4,6,3
passenger2242,16,1,747,792,829,45,37,82,0
passenger2243,20,1,747,1252,1285,505,33,538,10
passenger2244,11,1,748,754,794,6,40,46,13
passenger2245,5,1,748,748,803,0,55,55,4
passenger2246,9,1,748,748,794,0,46,46,13
passenger2247,11,1,748,754,794,6,40,46,13
passenger2248,23,1,749,1248,1276,499,28,527,5
passenger2249,4,1,749,758,817,9,59,68,9
passenger2250,10,1,749,751,794,2,43,45,13
passenger2251,17,1,750,864,898,114,34,148,5
passenger2252,7,1,750,750,802,0,52,52,7
passenger2253,23,1,750,1248,1276,498,28,526,5
passenger2254,23,1,750,1248,1276,498,28,526,5
passenger2255,11,1,751,781,826,30,45,75,1
passenger2256,19,1,751,976,1008,225,32,257,5
passenger2257,20,1,751,1083,1116,332,33,365,5
passenger2258,18,1,752,923,956,171,33,204,5
passenger2259,6,1,752,752,803,0,51,51,4
passenger2260,3,1,752,754,760,2,6,8,8
passenger2261,10,1,752,778,826,26,48,74,1
passenger2262,5,1,752,753,809,1,56,57,2
passenger2263,9,1,753,775,826,22,51,73,1
passenger2264,17,1,753,864,898,111,34,145,5
passenger2265,16,1,753,802,837,49,35,84,5
passenger2266,7,1,754,771,826,17,55,72,1
passenger2267,2,1,754,755,758,1,3,4,12
passenger2268,7,1,754,771,826,17,55,72,1
passenger2269,12,1,755,869,912,114,43,157,13
passenger2270,20,1,755,1252,1285,497,33,530,10
passenger2271,10,1,756,762,803,6,41,47,4
passenger2272,8,1,756,756,803,0,47,47,4
passenger2273,15,1,756,798,837,42,39,81,5
passenger2274,3,1,756,756,760,0,4,4,8
passenger2275,7,1,757,772,829,15,57,72,0
passenger2276,2,1,758,759,762,1,3,4,3
passenger2277,14,1,758,795,837,37,42,79,5
passenger2278,12,1,758,759,800,1,41,42,11
passenger2279,15,1,758,798,837,40,39,79,5
passenger2280,16,1,759,761,802,2,41,43,7
passenger2281,11,1,759,817,863,58,46,104,4
passenger2282,22,1,760,960,989,200,29,229,7
passenger2283,24,1,760,1068,1097,308,29,337,7
passenger2284,4,1,760,760,817,0,57,57,9
passenger2285,24,1,760,1068,1097,308,29,337,7
passenger2286,6,1,760,760,816,0,56,56,6
passenger2287,7,1,760,764,816,4,52,56,6
passenger2288,14,1,760,888,927,128,39,167,11
passenger2289,2,1,760,764,826,4,62,66,1
passenger2290,10,1,761,762,803,1,41,42,4
passenger2291,6,1,761,761,816,0,55,55,6
passenger2292,13,1,761,826,864,65,38,103,11
passenger2293,21,1,762,1156,1186,394,30,424,13
passenger2294,24,1,762,1321,1350,559,29,588,13
passenger2295,7,1,762,764,816,2,52,54,6
passenger2296,15,1,763,806,842,43,36,79,10
passenger2297,13,1,763,826,864,63,38,101,11
passenger2298,11,1,764,817,863,53,46,99,4
passenger2299,17,1,764,764,802,0,38,38,7
passenger2300,25,1,764,1324,1350,560,26,586,13
passenger2301,11,1,765,817,863,52,46,98,4
passenger2302,3,1,765,767,771,2,4,6,3
passenger2303,23,1,766,1266,1296,500,30,530,13
passenger2304,24,1,766,1321,1350,555,29,584,13
passenger2305,9,1,767,767,817,0,50,50,9
passenger2306,14,1,767,826,863,59,37,96,4
passenger2307,22,1,767,1211,1240,444,29,473,13
passenger2308,14,1,767,826,863,59,37,96,4
passenger2309,13,1,767,823,863,56,40,96,4
passenger2310,24,1,767,1321,1350,554,29,583,13
passenger2311,21,1,767,957,989,190,32,222,7
passenger2312,14,1,767,889,926,122,37,159,4
passenger2313,5,1,768,780,837,12,57,69,5
passenger2314,12,1,769,776,817,7,41,48,9
passenger2315,18,1,769,769,802,0,33,33,7
passenger2316,8,1,769,769,816,0,47,47,6
passenger2317,14,1,769,770,809,1,39,40,2
passenger2318,17,1,770,948,982,178,34,212,4
passenger2319,4,1,770,773,778,3,5,8,8
passenger2320,15,1,770,1002,1040,232,38,270,2
passenger2321,19,1,770,1003,1039,233,36,269,11
passenger2322,7,1,770,771,826,1,55,56,1
passenger2323,15,1,770,1002,1040,232,38,270,2
passenger2324,19,1,770,1003,1039,233,36,269,11
passenger2325,3,1,770,776,837,6,61,67,5
passenger2326,17,1,771,948,982,177,34,211,4
passenger2327,8,1,772,775,829,3,54,57,0
passenger2328,11,1,773,773,817,0,44,44,9
passenger2329,17,1,773,1110,1146,337,36,373,2
passenger2330,2,1,773,774,777,1,3,4,12
passenger2331,2,1,773,774,777,1,3,4,14
passenger2332,12,1,773,776,817,3,41,44,9
passenger2333,24,1,773,1174,1203,401,29,430,11
passenger2334,2,1,774,775,778,1,3,4,3
passenger2335,20,1,774,1061,1096,287,35,322,4
passenger2336,3,1,774,776,780,2,4,6,15
passenger2337,13,1,775,779,817,4,38,42,9
passenger2338,12,1,775,776,817,1,41,42,9
passenger2339,13,1,775,835,881,60,46,106,9
passenger2340,3,1,775,782,842,7,60,67,10
passenger2341,20,1,776,1275,1308,499,33,532,2
passenger2342,8,1,776,776,829,0,53,53,0
passenger2343,20,1,777,1006,1039,229,33,262,11
passenger2344,17,1,778,988,1022,210,34,244,13
passenger2345,15,1,778,930,966,152,36,188,13
passenger2346,9,1,778,779,829,1,50,51,0
passenger2347,17,1,779,945,983,166,38,204,11
passenger2348,25,1,779,1180,1206,401,26,427,4
passenger2349,24,1,780,1177,1206,397,29,426,4
passenger2350,23,1,780,1015,1043,235,28,263,7
passenger2351,7,1,780,784,837,4,53,57,5
passenger2352,16,1,780,962,997,182,35,217,6
passenger2353,11,1,782,782,826,0,44,44,1
passenger2354,25,1,782,1550,1576,768,26,794,2
passenger2355,24,1,782,1495,1522,713,27,740,2
passenger2356,22,1,783,1288,1319,505,31,536,6
passenger2357,5,1,783,786,842,3,56,59,10
passenger2358,9,1,783,806,854,23,48,71,13
passenger2359,19,1,784,830,865,46,35,81,7
passenger2360,19,1,784,830,865,46,35,81,7
passenger2361,10,1,784,809,854,25,45,70,13
passenger2362,5,1,785,786,842,1,56,57,10
passenger2363,5,1,785,786,842,1,56,57,10
passenger2364,18,1,785,827,865,42,38,80,7
passenger2365,12,1,785,785,826,0,41,41,1
passenger2366,13,1,786,826,864,40,38,78,11
passenger2367,21,1,786,1183,1213,397,30,427,6
passenger2368,2,1,787,788,791,1,3,4,3
passenger2369,20,1,787,1128,1159,341,31,372,6
passenger2370,8,1,788,793,842,5,49,54,10
passenger2371,24,1,788,1344,1373,556,29,585,6
passenger2372,24,1,789,1344,1373,555,29,584,6
passenger2373,14,1,789,819,865,30,46,76,7
passenger2374,9,1,789,820,864,31,44,75,11
passenger2375,7,1,789,790,842,1,52,53,10
passenger2376,6,1,789,801,854,12,53,65,13
passenger2377,25,1,790,1399,1425,609,26,635,6
passenger2378,6,1,791,811,864,20,53,73,11
passenger2379,12,1,792,820,863,28,43,71,4
passenger2380,13,1,792,792,837,0,45,45,5
passenger2381,18,1,792,1165,1200,373,35,408,2
passenger2382,22,1,792,1194,1225,402,31,433,0
passenger2383,15,1,792,912,948,120,36,156,1
passenger2384,20,1,793,1180,1213,387,33,420,6
passenger2385,15,1,793,1002,1040,209,38,247,2
passenger2386,12,1,794,826,870,32,44,76,2
passenger2387,5,1,794,808,864,14,56,70,11
passenger2388,7,1,794,816,864,22,48,70,11
passenger2389,12,1,794,826,870,32,44,76,2
passenger2390,3,1,795,797,801,2,4,6,3
passenger2391,9,1,796,796,842,0,46,46,10
passenger2392,13,1,796,830,870,34,40,74,2
passenger2393,13,1,796,830,870,34,40,74,2
passenger2394,21,1,797,1231,1265,434,34,468,9
passenger2395,25,1,798,1354,1380,556,26,582,1
passenger2396,19,1,798,1125,1159,327,34,361,6
passenger2397,3,1,798,804,864,6,60,66,11
passenger2398,11,1,798,823,870,25,47,72,2
passenger2399,19,1,798,1125,1159,327,34,361,6
passenger2400,16,1,799,802,837,3,35,38,5
passenger2401,12,1,799,801,842,2,41,43,10
passenger2402,12,1,799,801,842,2,41,43,10
passenger2403,11,1,799,823,870,24,47,71,2
passenger2404,15,1,799,799,837,0,38,38,5
passenger2405,6,1,799,801,854,2,53,55,13
passenger2406,14,1,799,840,877,41,37,78,6
passenger2407,6,1,801,801,854,0,53,53,13
passenger2408,18,1,802,923,956,121,33,154,5
passenger2409,22,1,803,1189,1220,386,31,417,1
passenger2410,14,1,803,906,943,103,37,140,6
passenger2411,11,1,803,833,877,30,44,74,6
passenger2412,24,1,804,1304,1333,500,29,529,0
passenger2413,17,1,804,920,956,116,36,152,5
passenger2414,12,1,805,836,877,31,41,72,6
passenger2415,2,1,805,806,809,1,3,4,3
passenger2416,2,1,806,807,810,1,3,4,8
passenger2417,7,1,806,824,877,18,53,71,6
passenger2418,7,1,806,824,877,18,53,71,6
passenger2419,19,1,806,976,1008,170,32,202,5
passenger2420,14,1,807,927,966,120,39,159,13
passenger2421,25,1,807,1356,1382,549,26,575,5
passenger2422,14,1,807,927,966,120,39,159,13
passenger2423,23,1,808,1248,1276,440,28,468,5
passenger2424,15,1,809,912,948,103,36,139,1
passenger2425,10,1,809,809,854,0,45,45,13
passenger2426,19,1,810,1083,1117,273,34,307,0
passenger2427,12,1,810,869,912,59,43,102,13
passenger2428,8,1,811,811,865,0,54,54,7
passenger2429,13,1,811,851,889,40,38,78,1
passenger2430,17,1,811,923,957,112,34,146,0
passenger2431,11,1,811,812,854,1,42,43,13
passenger2432,18,1,811,1028,1063,217,35,252,0
passenger2433,25,1,812,1356,1382,544,26,570,5
passenger2434,11,1,812,812,854,0,42,42,13
passenger2435,9,1,813,813,863,0,50,50,4
passenger2436,11,1,813,813,854,0,41,41,13
passenger2437,22,1,813,1414,1443,601,29,630,10
passenger2438,6,1,813,813,864,0,51,51,11
passenger2439,25,1,813,1356,1382,543,26,569,5
passenger2440,11,1,814,814,854,0,40,40,13
passenger2441,22,1,815,1193,1224,378,31,409,5
passenger2442,20,1,815,1083,1116,268,33,301,5
passenger2443,20,1,816,1083,1116,267,33,300,5
passenger2444,23,1,817,1015,1043,198,28,226,7
passenger2445,6,1,817,837,889,20,52,72,1
passenger2446,16,1,818,823,865,5,42,47,7
passenger2447,4,1,818,821,826,3,5,8,3
passenger2448,9,1,819,819,870,0,51,51,2
passenger2449,2,1,819,820,823,1,3,4,8
passenger2450,18,1,819,923,956,104,33,137,5
passenger2451,16,1,820,985,1022,165,37,202,13
passenger2452,19,1,820,1145,1179,325,34,359,10
passenger2453,6,1,820,837,889,17,52,69,1
passenger2454,9,1,820,820,864,0,44,44,11
passenger2455,18,1,820,923,956,103,33,136,5
passenger2456,21,1,820,1359,1391,539,32,571,10
passenger2457,23,1,820,1573,1603,753,30,783,10
passenger2458,3,1,821,821,881,0,60,60,9
passenger2459,11,1,822,823,870,1,47,48,2
passenger2460,2,1,823,824,827,1,3,4,12
passenger2461,21,1,824,1156,1186,332,30,362,13
passenger2462,4,1,824,824,881,0,57,57,9
passenger2463,21,1,824,1156,1186,332,30,362,13
passenger2464,5,1,825,839,893,14,54,68,0
passenger2465,2,1,826,827,830,1,3,4,8
passenger2466,23,1,826,1266,1296,440,30,470,13
passenger2467,12,1,826,857,898,31,41,72,5
passenger2468,12,1,826,857,898,31,41,72,5
passenger2469,17,1,827,948,982,121,34,155,4
passenger2470,8,1,827,827,877,0,50,50,6
passenger2471,18,1,827,827,865,0,38,38,7
passenger2472,12,1,827,827,870,0,43,43,2
passenger2473,8,1,828,828,877,0,49,49,6
passenger2474,11,1,828,833,877,5,44,49,6
passenger2475,2,1,828,832,893,4,61,65,0
passenger2476,9,1,828,851,898,23,47,70,5
passenger2477,16,1,828,945,982,117,37,154,4
passenger2478,5,1,829,833,841,4,8,12,3
passenger2479,4,1,830,831,889,1,58,59,1
passenger2480,17,1,831,1000,1038,169,38,207,4
passenger2481,12,1,831,862,905,31,43,74,10
passenger2482,5,1,831,834,889,3,55,58,1
passenger2483,19,1,831,831,865,0,34,34,7
passenger2484,20,1,831,954,989,123,35,158,7
passenger2485,2,1,832,833,836,1,3,4,12
passenger2486,6,1,832,846,898,14,52,66,5
passenger2487,10,1,833,858,905,25,47,72,10
passenger2488,19,1,834,1003,1039,169,36,205,11
passenger2489,3,1,834,841,898,7,57,64,5
passenger2490,21,1,834,1208,1240,374,32,406,13
passenger2491,9,1,834,855,905,21,50,71,10
passenger2492,5,1,834,834,841,0,7,7,3
passenger2493,22,1,834,960,989,126,29,155,7
passenger2494,4,1,835,836,893,1,57,58,0
passenger2495,5,1,835,835,841,0,6,6,3
passenger2496,24,1,835,1177,1206,342,29,371,4
passenger2497,14,1,837,840,881,3,41,44,9
passenger2498,13,1,837,837,881,0,44,44,9
passenger2499,18,1,838,1165,1200,327,35,362,2
passenger2500,17,1,838,988,1022,150,34,184,13
passenger2501,16,1,838,985,1022,147,37,184,13
passenger2502,2,1,838,839,842,1,3,4,8
passenger2503,15,1,839,930,966,91,36,127,13
passenger2504,8,1,839,841,889,2,48,50,1
passenger2505,21,1,840,1064,1096,224,32,256,4
passenger2506,14,1,840,840,881,0,41,41,9
passenger2507,4,1,840,843,849,3,6,9,12
passenger2508,23,1,840,1122,1152,282,30,312,4
passenger2509,8,1,840,841,889,1,48,49,1
passenger2510,8,1,842,842,889,0,47,47,1
passenger2511,24,1,843,1547,1576,704,29,733,2
passenger2512,20,1,843,1061,1096,218,35,253,4
passenger2513,22,1,843,1116,1149,273,33,306,11
passenger2514,17,1,844,961,997,117,36,153,9
passenger2515,23,1,844,1440,1470,596,30,626,2
passenger2516,4,1,844,844,849,0,5,5,12
passenger2517,16,1,844,844,881,0,37,37,9
passenger2518,9,1,845,845,893,0,48,48,0
passenger2519,11,1,845,851,893,6,42,48,0
passenger2520,7,1,845,862,912,17,50,67,13
passenger2521,6,1,846,846,898,0,52,52,5
passenger2522,12,1,846,848,889,2,41,43,1
passenger2523,24,1,846,1344,1373,498,29,527,6
passenger2524,17,1,847,1000,1038,153,38,191,4
passenger2525,10,1,848,848,893,0,45,45,0
passenger2526,12,1,848,848,889,0,41,41,1
passenger2527,14,1,848,889,926,41,37,78,4
passenger2528,7,1,850,850,905,0,55,55,10
passenger2529,14,1,850,941,982,91,41,132,4
passenger2530,18,1,850,1016,1049,166,33,199,9
passenger2531,7,1,850,850,905,0,55,55,10
passenger2532,16,1,850,888,927,38,39,77,7
passenger2533,19,1,850,1123,1157,273,34,307,9
passenger2534,14,1,850,941,982,91,41,132,4
passenger2535,9,1,851,851,898,0,47,47,5
passenger2536,15,1,851,885,927,34,42,76,7
passenger2537,21,1,851,1231,1265,380,34,414,9
passenger2538,7,1,851,851,905,0,54,54,10
passenger2539,15,1,852,964,1006,112,42,154,1
passenger2540,18,1,852,1165,1200,313,35,348,2
passenger2541,9,1,852,852,898,0,46,46,5
passenger2542,11,1,853,884,926,31,42,73,4
passenger2543,23,1,853,1289,1319,436,30,466,9
passenger2544,10,1,853,878,926,25,48,73,4
passenger2545,16,1,854,1005,1040,151,35,186,2
passenger2546,5,1,854,858,864,4,6,10,3
passenger2547,24,1,855,1292,1319,437,27,464,9
passenger2548,16,1,855,1005,1040,150,35,185,2
passenger2549,20,1,855,1180,1213,325,33,358,6
passenger2550,16,1,855,1005,1040,150,35,185,2
passenger2551,10,1,855,875,927,20,52,72,11
passenger2552,10,1,855,875,927,20,52,72,11
passenger2553,18,1,856,971,1006,115,35,150,1
passenger2554,22,1,856,1288,1319,432,31,463,6
passenger2555,5,1,857,858,864,1,6,7,3
passenger2556,22,1,857,1189,1220,332,31,363,1
passenger2557,21,1,858,1231,1265,373,34,407,9
passenger2558,4,1,858,868,926,10,58,68,4
passenger2559,4,1,859,868,926,9,58,67,4
passenger2560,18,1,860,1070,1105,210,35,245,6
passenger2561,22,1,860,1234,1265,374,31,405,9
passenger2562,11,1,860,892,934,32,42,74,2
passenger2563,17,1,860,923,957,63,34,97,0
passenger2564,25,1,860,1406,1432,546,26,572,1
passenger2565,9,1,861,888,934,27,46,73,2
passenger2566,7,1,862,862,912,0,50,50,13
passenger2567,25,1,862,1406,1432,544,26,570,1
passenger2568,8,1,862,885,934,23,49,72,2
passenger2569,13,1,862,865,905,3,40,43,10
passenger2570,12,1,862,862,905,0,43,43,10
passenger2571,14,1,862,906,943,44,37,81,6
passenger2572,8,1,862,885,934,23,49,72,2
passenger2573,18,1,863,1068,1103,205,35,240,9
passenger2574,18,1,863,1068,1103,205,35,240,9
passenger2575,6,1,863,877,934,14,57,71,2
passenger2576,13,1,864,903,943,39,40,79,6
passenger2577,3,1,864,866,894,2,28,30,8
passenger2578,7,1,866,874,894,8,20,28,8
passenger2579,25,1,866,1359,1385,493,26,519,0
passenger2580,14,1,866,902,943,36,41,77,9
passenger2581,16,1,866,906,943,40,37,77,9
passenger2582,23,1,866,1244,1274,378,30,408,1
passenger2583,19,1,867,976,1008,109,32,141,5
passenger2584,21,1,867,1134,1166,267,32,299,1
passenger2585,19,1,867,1028,1062,161,34,195,5
passenger2586,13,1,869,899,943,30,44,74,9
passenger2587,17,1,869,983,1019,114,36,150,10
passenger2588,8,1,869,892,943,23,51,74,6
passenger2589,23,1,869,1248,1276,379,28,407,5
passenger2590,6,1,870,871,894,1,23,24,8
passenger2591,23,1,870,1249,1279,379,30,409,0
passenger2592,23,1,870,1249,1279,379,30,409,0
passenger2593,5,1,871,871,927,0,56,56,7
passenger2594,19,1,871,1026,1058,155,32,187,1
passenger2595,25,1,871,1356,1382,485,26,511,5
passenger2596,15,1,871,982,1022,111,40,151,13
passenger2597,10,1,872,894,943,22,49,71,9
passenger2598,23,1,872,1248,1276,376,28,404,5
passenger2599,14,1,872,927,966,55,39,94,13
passenger2600,4,1,872,884,943,12,59,71,6
passenger2601,7,1,873,873,926,0,53,53,4
passenger2602,18,1,873,1090,1125,217,35,252,10
passenger2603,12,1,873,882,927,9,45,54,11
passenger2604,7,1,873,873,926,0,53,53,4
passenger2605,21,1,873,1191,1225,318,34,352,0
passenger2606,4,1,873,884,943,11,59,70,6
passenger2607,7,1,874,874,894,0,20,20,8
passenger2608,13,1,874,874,912,0,38,38,13
passenger2609,2,1,874,875,878,1,3,4,3
passenger2610,11,1,874,879,927,5,48,53,11
passenger2611,23,1,874,1573,1603,699,30,729,10
passenger2612,24,1,874,1680,1709,806,29,835,10
passenger2613,22,1,874,1466,1497,592,31,623,10
passenger2614,9,1,875,878,894,3,16,19,8
passenger2615,3,1,875,881,943,6,62,68,6
passenger2616,21,1,875,1138,1170,263,32,295,5
passenger2617,10,1,876,876,927,0,51,51,11
passenger2618,19,1,876,1028,1062,152,34,186,5
passenger2619,4,1,876,886,943,10,57,67,9
passenger2620,18,1,876,1028,1063,152,35,187,0
passenger2621,16,1,877,920,957,43,37,80,0
passenger2622,24,1,877,1680,1709,803,29,832,10
passenger2623,4,1,877,886,943,9,57,66,9
passenger2624,11,1,877,879,927,2,48,50,11
passenger2625,25,1,877,1787,1813,910,26,936,10
passenger2626,11,1,878,906,948,28,42,70,1
passenger2627,17,1,878,1040,1078,162,38,200,13
passenger2628,5,1,878,882,888,4,6,10,12
passenger2629,19,1,878,1028,1062,150,34,184,5
passenger2630,8,1,878,885,934,7,49,56,2
passenger2631,15,1,878,982,1022,104,40,144,13
passenger2632,23,1,879,1573,1603,694,30,724,10
passenger2633,17,1,879,1040,1078,161,38,199,13
passenger2634,13,1,879,915,957,36,42,78,0
passenger2635,6,1,879,879,934,0,55,55,2
passenger2636,10,1,879,879,926,0,47,47,4
passenger2637,22,1,879,1263,1296,384,33,417,13
passenger2638,7,1,879,882,934,3,52,55,2
passenger2639,17,1,880,1040,1078,160,38,198,13
passenger2640,13,1,880,915,957,35,42,77,0
passenger2641,9,1,880,880,894,0,14,14,8
passenger2642,19,1,880,1028,1062,148,34,182,5
passenger2643,10,1,881,881,926,0,45,45,4
passenger2644,8,1,881,901,948,20,47,67,1
passenger2645,14,1,881,882,927,1,45,46,7
passenger2646,20,1,882,1153,1186,271,33,304,13
passenger2647,22,1,882,1466,1497,584,31,615,10
passenger2648,17,1,882,920,956,38,36,74,5
passenger2649,17,1,884,892,927,8,35,43,7
passenger2650,20,1,884,1252,1285,368,33,401,10
passenger2651,8,1,884,908,957,24,49,73,0
passenger2652,8,1,885,908,957,23,49,72,0
passenger2653,13,1,885,885,927,0,42,42,11
passenger2654,17,1,886,892,927,6,35,41,7
passenger2655,17,1,886,892,927,6,35,41,7
passenger2656,5,1,886,886,894,0,8,8,8
passenger2657,20,1,886,1252,1285,366,33,399,10
passenger2658,10,1,887,909,956,22,47,69,5
passenger2659,23,1,887,1015,1043,128,28,156,7
passenger2660,19,1,887,1145,1179,258,34,292,10
passenger2661,25,1,887,1376,1402,489,26,515,13
passenger2662,17,1,888,983,1019,95,36,131,10
passenger2663,14,1,888,888,927,0,39,39,11
passenger2664,6,1,888,904,957,16,53,69,0
passenger2665,11,1,888,912,956,24,44,68,5
passenger2666,22,1,888,1012,1043,124,31,155,7
passenger2667,11,1,889,892,934,3,42,45,2
passenger2668,3,1,889,890,894,1,4,5,8
passenger2669,7,1,889,889,943,0,54,54,6
passenger2670,16,1,889,889,927,0,38,38,7
passenger2671,17,1,889,983,1019,94,36,130,10
passenger2672,25,1,889,1071,1097,182,26,208,7
passenger2673,24,1,890,1068,1097,178,29,207,7
passenger2674,14,1,890,941,982,51,41,92,4
passenger2675,15,1,890,925,965,35,40,75,10
passenger2676,21,1,890,1208,1240,318,32,350,13
passenger2677,3,1,890,890,894,0,4,4,8
passenger2678,16,1,890,928,965,38,37,75,10
passenger2679,13,1,891,921,965,30,44,74,10
passenger2680,20,1,891,1153,1186,262,33,295,13
passenger2681,21,1,892,1208,1240,316,32,348,13
passenger2682,17,1,892,892,927,0,35,35,7
passenger2683,17,1,893,893,927,0,34,34,7
passenger2684,18,1,893,948,989,55,41,96,7
passenger2685,15,1,893,982,1022,89,40,129,13
passenger2686,7,1,893,897,948,4,51,55,1
passenger2687,8,1,894,894,943,0,49,49,6
passenger2688,19,1,894,1098,1132,204,34,238,13
passenger2689,16,1,894,985,1022,91,37,128,13
passenger2690,7,1,894,897,948,3,51,54,1
passenger2691,23,1,894,1015,1043,121,28,149,7
passenger2692,25,1,894,1071,1097,177,26,203,7
passenger2693,17,1,894,945,989,51,44,95,7
passenger2694,7,1,895,897,948,2,51,53,1
passenger2695,24,1,895,1177,1206,282,29,311,4
passenger2696,7,1,895,897,948,2,51,53,1
passenger2697,12,1,895,895,934,0,39,39,2
passenger2698,22,1,896,1119,1152,223,33,256,4
passenger2699,14,1,897,927,966,30,39,69,13
passenger2700,7,1,897,897,948,0,51,51,1
passenger2701,3,1,897,897,957,0,60,60,0
passenger2702,10,1,897,898,943,1,45,46,6
passenger2703,18,1,897,1165,1200,268,35,303,2
passenger2704,19,1,897,951,989,54,38,92,7
passenger2705,7,1,898,898,948,0,50,50,1
passenger2706,5,1,898,901,957,3,56,59,0
passenger2707,18,1,898,1165,1200,267,35,302,2
passenger2708,5,1,899,911,965,12,54,66,10
